user_id,country,industry,company_size,plan_type,monthly_revenue,is_churned,total_usage_events,avg_session_duration,total_tickets,avg_resolution_time,avg_satisfaction,total_campaign_engagements,email_open_rate,click_rate
1,USA,SaaS,Enterprise,Pro,150,0,54,33.648148148148145,0,,,15,0.6666666666666666,0.5333333333333333
2,India,Healthcare,Small,Basic,50,1,7,4.714285714285714,3,69.33333333333333,4.333333333333333,2,0.0,0.5
3,UK,SaaS,Enterprise,Basic,50,1,13,5.230769230769231,6,60.833333333333336,3.6666666666666665,1,1.0,0.0
4,Canada,SaaS,Enterprise,Basic,50,0,99,34.74747474747475,0,,,8,0.75,0.75
5,Germany,SaaS,Small,Basic,50,0,117,33.51282051282051,4,16.25,7.25,11,0.5454545454545454,0.5454545454545454
6,USA,Healthcare,Small,Pro,150,0,91,37.68131868131868,1,22.0,6.0,14,0.7857142857142857,0.6428571428571429
7,Canada,Education,Small,Basic,50,1,9,4.888888888888889,3,97.0,2.6666666666666665,1,0.0,0.0
8,Canada,Healthcare,Enterprise,Pro,150,0,111,34.36036036036036,4,27.5,7.25,9,1.0,0.5555555555555556
9,Canada,Retail,Small,Basic,50,0,68,35.94117647058823,2,8.0,7.0,10,0.8,0.5
10,Germany,Education,Medium,Basic,50,1,18,5.222222222222222,9,68.88888888888889,2.888888888888889,3,0.0,0.0
11,USA,Healthcare,Enterprise,Enterprise,500,0,108,34.675925925925924,2,38.0,8.0,5,0.6,0.4
12,Germany,Finance,Medium,Pro,150,0,99,32.707070707070706,2,4.0,7.0,6,0.6666666666666666,0.8333333333333334
13,UK,Healthcare,Medium,Pro,150,0,83,33.33734939759036,3,29.666666666666668,8.0,15,0.9333333333333333,0.4666666666666667
14,USA,SaaS,Medium,Pro,150,0,104,36.26923076923077,0,,,13,0.6923076923076923,0.46153846153846156
15,USA,Finance,Medium,Basic,50,0,93,31.27956989247312,4,30.25,7.5,13,0.8461538461538461,0.6153846153846154
16,Canada,Finance,Small,Basic,50,1,12,5.916666666666667,6,81.66666666666667,4.166666666666667,3,0.6666666666666666,0.0
17,Germany,Education,Small,Pro,150,0,60,34.35,0,,,6,0.8333333333333334,0.6666666666666666
18,Germany,SaaS,Enterprise,Pro,150,1,14,5.142857142857143,6,79.66666666666667,2.8333333333333335,2,1.0,0.5
19,India,Education,Medium,Basic,50,0,55,35.25454545454546,1,44.0,9.0,5,1.0,0.6
20,Canada,Healthcare,Enterprise,Basic,50,0,90,35.44444444444444,2,17.5,8.0,10,0.7,0.5
21,USA,SaaS,Enterprise,Basic,50,0,54,32.81481481481482,2,26.0,8.5,7,0.8571428571428571,0.42857142857142855
22,UK,Finance,Small,Enterprise,500,0,113,36.849557522123895,0,,,11,0.7272727272727273,0.45454545454545453
23,UK,SaaS,Medium,Pro,150,0,95,35.05263157894737,4,29.5,7.75,8,0.75,0.75
24,India,Retail,Enterprise,Enterprise,500,0,83,36.204819277108435,1,7.0,6.0,5,0.8,0.8
25,India,Healthcare,Medium,Basic,50,1,18,6.277777777777778,10,65.2,3.1,3,0.3333333333333333,0.3333333333333333
26,India,Healthcare,Enterprise,Pro,150,0,58,37.51724137931034,0,,,9,0.6666666666666666,0.5555555555555556
27,India,SaaS,Enterprise,Basic,50,1,9,4.0,8,79.125,3.75,4,0.5,0.25
28,UK,Education,Enterprise,Enterprise,500,0,50,33.86,3,14.0,8.666666666666666,10,0.9,0.7
29,UK,Healthcare,Medium,Basic,50,0,76,32.98684210526316,1,2.0,7.0,8,0.625,0.75
30,Germany,Finance,Enterprise,Basic,50,1,12,5.333333333333333,5,53.6,3.2,2,0.0,0.0
31,Canada,Healthcare,Enterprise,Basic,50,0,118,34.50847457627118,4,31.75,6.5,13,0.6153846153846154,0.6923076923076923
32,India,SaaS,Small,Enterprise,500,0,99,33.94949494949495,1,13.0,6.0,7,0.5714285714285714,0.8571428571428571
33,USA,Finance,Medium,Enterprise,500,0,57,38.666666666666664,4,18.25,7.25,13,0.9230769230769231,0.6923076923076923
34,India,SaaS,Small,Pro,150,0,66,34.72727272727273,1,42.0,9.0,12,0.9166666666666666,0.5833333333333334
35,Canada,Finance,Small,Basic,50,0,46,31.32608695652174,1,24.0,8.0,6,0.8333333333333334,0.6666666666666666
36,Germany,Retail,Enterprise,Enterprise,500,0,57,36.45614035087719,3,22.666666666666668,7.333333333333333,6,0.8333333333333334,0.8333333333333334
37,Germany,Healthcare,Medium,Basic,50,0,57,33.70175438596491,3,26.333333333333332,6.333333333333333,8,0.75,0.625
38,UK,Healthcare,Enterprise,Pro,150,0,94,34.680851063829785,2,9.5,7.5,6,0.8333333333333334,0.6666666666666666
39,Canada,Education,Medium,Pro,150,0,93,32.13978494623656,0,,,13,0.38461538461538464,0.3076923076923077
40,Canada,Retail,Enterprise,Basic,50,0,103,31.689320388349515,4,21.0,6.75,14,0.7142857142857143,0.5714285714285714
41,Germany,Finance,Small,Pro,150,1,11,3.090909090909091,7,62.42857142857143,3.5714285714285716,2,0.0,0.0
42,UK,Education,Medium,Basic,50,0,82,34.19512195121951,4,15.0,8.0,15,0.7333333333333333,0.4666666666666667
43,USA,SaaS,Small,Basic,50,1,14,5.571428571428571,7,54.285714285714285,3.142857142857143,5,0.0,0.2
44,UK,Healthcare,Enterprise,Basic,50,0,120,35.775,4,26.5,7.0,7,0.8571428571428571,0.5714285714285714
45,Germany,Education,Small,Pro,150,0,52,31.596153846153847,3,17.666666666666668,7.0,7,0.5714285714285714,0.5714285714285714
46,Germany,Retail,Enterprise,Basic,50,0,89,37.03370786516854,2,24.5,7.5,15,0.7333333333333333,0.8666666666666667
47,Germany,Education,Medium,Pro,150,0,78,34.717948717948715,1,9.0,6.0,9,0.8888888888888888,0.6666666666666666
48,Canada,SaaS,Enterprise,Pro,150,0,56,33.75,0,,,9,0.5555555555555556,0.8888888888888888
49,USA,Education,Medium,Pro,150,0,78,33.82051282051282,0,,,10,0.7,0.7
50,India,SaaS,Medium,Pro,150,0,76,33.776315789473685,3,23.666666666666668,8.333333333333334,5,0.8,0.8
51,Germany,Healthcare,Medium,Basic,50,0,45,35.08888888888889,1,33.0,9.0,11,0.8181818181818182,0.5454545454545454
52,USA,Finance,Enterprise,Basic,50,0,87,34.206896551724135,3,19.0,8.0,13,0.6153846153846154,0.7692307692307693
53,UK,Education,Small,Enterprise,500,0,90,36.78888888888889,4,26.25,7.5,11,0.7272727272727273,0.6363636363636364
54,India,Education,Enterprise,Pro,150,0,116,34.939655172413794,1,18.0,9.0,13,0.6923076923076923,0.38461538461538464
55,UK,Healthcare,Medium,Basic,50,0,48,37.0,2,24.0,7.0,12,0.8333333333333334,0.5
56,UK,Education,Enterprise,Basic,50,0,82,36.81707317073171,2,38.0,9.0,5,0.8,0.6
57,USA,Education,Medium,Basic,50,1,9,5.777777777777778,10,64.0,3.4,4,0.25,0.25
58,Germany,SaaS,Small,Basic,50,1,7,2.7142857142857144,6,64.16666666666667,2.1666666666666665,4,0.0,0.25
59,India,Finance,Small,Enterprise,500,0,51,36.588235294117645,0,,,6,0.6666666666666666,0.6666666666666666
60,USA,Healthcare,Enterprise,Enterprise,500,0,83,31.433734939759034,0,,,13,0.7692307692307693,0.46153846153846156
61,USA,SaaS,Enterprise,Basic,50,1,12,5.0,8,72.875,3.875,5,0.2,0.0
62,Germany,SaaS,Enterprise,Enterprise,500,0,106,35.04716981132076,1,21.0,9.0,8,0.875,0.875
63,UK,Healthcare,Enterprise,Enterprise,500,0,66,34.71212121212121,4,21.5,7.25,8,0.875,0.625
64,Germany,Education,Small,Pro,150,0,108,36.0462962962963,3,27.0,8.666666666666666,11,0.7272727272727273,0.6363636363636364
65,India,Education,Enterprise,Pro,150,0,101,35.28712871287129,3,17.0,7.666666666666667,11,1.0,0.6363636363636364
66,Germany,Healthcare,Enterprise,Basic,50,1,14,5.285714285714286,10,52.5,2.7,5,0.4,0.2
67,UK,Finance,Medium,Enterprise,500,0,55,32.345454545454544,0,,,9,1.0,0.4444444444444444
68,India,Retail,Enterprise,Basic,50,1,14,5.0,6,67.83333333333333,3.1666666666666665,5,0.4,0.4
69,Germany,SaaS,Small,Basic,50,1,14,5.142857142857143,5,75.4,2.6,1,1.0,0.0
70,UK,SaaS,Medium,Enterprise,500,1,9,6.888888888888889,4,42.75,4.5,4,0.0,0.0
71,USA,Education,Enterprise,Enterprise,500,0,111,34.909909909909906,0,,,9,0.7777777777777778,0.6666666666666666
72,UK,Education,Small,Basic,50,1,7,5.428571428571429,6,74.33333333333333,3.6666666666666665,3,0.3333333333333333,0.0
73,USA,SaaS,Enterprise,Basic,50,1,11,4.7272727272727275,3,102.0,3.0,5,0.6,0.0
74,USA,Healthcare,Small,Basic,50,0,51,29.862745098039216,3,11.0,8.0,5,0.8,0.6
75,USA,Finance,Small,Pro,150,0,58,33.3448275862069,3,20.0,8.666666666666666,8,0.75,0.625
76,Canada,Healthcare,Medium,Basic,50,1,18,4.666666666666667,10,75.7,3.6,2,0.5,0.5
77,Germany,Healthcare,Enterprise,Pro,150,0,62,38.91935483870968,2,21.0,8.0,6,0.5,0.8333333333333334
78,UK,Education,Enterprise,Basic,50,0,86,34.95348837209303,4,27.5,6.75,14,0.7857142857142857,0.5714285714285714
79,Germany,Healthcare,Medium,Pro,150,0,68,35.86764705882353,0,,,11,1.0,0.5454545454545454
80,Germany,Healthcare,Small,Pro,150,0,40,36.3,4,20.0,8.0,7,0.5714285714285714,0.7142857142857143
81,USA,Retail,Medium,Basic,50,0,69,33.971014492753625,0,,,12,0.8333333333333334,0.5833333333333334
82,Germany,Retail,Medium,Basic,50,0,84,34.98809523809524,1,19.0,7.0,15,0.6,0.6666666666666666
83,USA,SaaS,Small,Enterprise,500,0,45,32.666666666666664,0,,,5,0.8,0.4
84,Germany,Finance,Small,Basic,50,0,100,34.52,4,16.25,7.5,12,0.75,0.75
85,UK,Healthcare,Small,Pro,150,0,86,34.627906976744185,4,20.5,8.0,15,0.9333333333333333,0.6666666666666666
86,Canada,Retail,Small,Basic,50,0,77,36.57142857142857,4,30.75,7.0,6,0.8333333333333334,0.3333333333333333
87,Germany,Healthcare,Medium,Basic,50,0,88,34.31818181818182,2,6.5,7.0,8,0.625,0.625
88,Germany,Healthcare,Small,Basic,50,0,110,34.481818181818184,3,37.333333333333336,7.333333333333333,9,0.7777777777777778,0.5555555555555556
89,Germany,Education,Small,Basic,50,0,80,36.675,2,29.0,7.5,5,0.8,1.0
90,USA,Education,Small,Basic,50,0,46,34.30434782608695,0,,,5,0.8,0.6
91,USA,Healthcare,Small,Pro,150,0,118,34.57627118644068,0,,,10,0.8,0.9
92,Germany,Retail,Medium,Basic,50,0,68,35.3235294117647,3,20.0,7.0,15,1.0,0.6
93,UK,Retail,Small,Basic,50,0,57,33.175438596491226,0,,,11,0.8181818181818182,0.6363636363636364
94,UK,Retail,Small,Pro,150,0,96,34.770833333333336,4,31.75,7.5,8,0.875,0.625
95,Germany,Finance,Medium,Basic,50,0,58,33.86206896551724,2,24.5,7.5,7,0.7142857142857143,0.42857142857142855
96,India,Retail,Enterprise,Basic,50,0,107,34.80373831775701,2,32.5,7.5,8,0.875,0.75
97,Canada,Retail,Small,Basic,50,0,51,31.470588235294116,3,31.333333333333332,6.333333333333333,11,0.9090909090909091,0.5454545454545454
98,UK,Finance,Small,Basic,50,0,41,35.34146341463415,4,32.5,7.75,14,0.6428571428571429,0.6428571428571429
99,USA,Education,Enterprise,Basic,50,1,7,4.142857142857143,7,75.42857142857143,3.142857142857143,4,0.25,0.0
100,Canada,SaaS,Enterprise,Basic,50,1,14,5.857142857142857,5,52.6,4.0,1,0.0,0.0
101,India,SaaS,Small,Pro,150,0,43,31.27906976744186,2,16.5,7.5,15,0.6666666666666666,0.7333333333333333
102,Canada,Retail,Enterprise,Pro,150,0,49,37.02040816326531,2,26.0,8.5,6,0.8333333333333334,0.6666666666666666
103,Canada,Healthcare,Small,Pro,150,0,56,36.55357142857143,2,16.5,7.5,7,0.7142857142857143,0.8571428571428571
104,Canada,SaaS,Small,Basic,50,0,68,36.4264705882353,3,34.666666666666664,7.333333333333333,12,0.6666666666666666,0.75
105,USA,Education,Small,Basic,50,0,102,33.59803921568628,2,35.0,7.0,8,0.625,0.625
106,UK,Retail,Small,Basic,50,1,6,5.833333333333333,7,71.71428571428571,3.2857142857142856,5,0.2,0.2
107,Canada,Healthcare,Enterprise,Basic,50,1,8,4.625,3,48.333333333333336,2.0,1,1.0,0.0
108,Canada,SaaS,Enterprise,Enterprise,500,0,63,36.07936507936508,1,2.0,6.0,8,0.875,0.75
109,USA,Retail,Enterprise,Pro,150,1,12,5.0,3,48.0,4.333333333333333,1,0.0,0.0
110,Canada,Education,Enterprise,Basic,50,0,86,38.44186046511628,1,1.0,7.0,6,0.6666666666666666,0.5
111,India,Finance,Small,Basic,50,1,6,7.0,5,61.0,3.2,4,0.25,0.0
112,India,Healthcare,Medium,Basic,50,0,58,35.93103448275862,1,39.0,8.0,7,0.8571428571428571,0.7142857142857143
113,Germany,Healthcare,Enterprise,Basic,50,1,13,5.846153846153846,6,76.66666666666667,3.5,4,0.0,0.0
114,India,Retail,Medium,Basic,50,1,18,5.388888888888889,5,67.4,2.4,3,0.0,0.0
115,USA,SaaS,Medium,Basic,50,0,114,33.280701754385966,1,38.0,6.0,15,0.8,0.4666666666666667
116,Canada,Education,Small,Pro,150,0,120,35.13333333333333,2,25.0,6.5,11,0.7272727272727273,0.5454545454545454
117,USA,Education,Small,Pro,150,0,46,32.630434782608695,1,32.0,6.0,13,0.7692307692307693,0.7692307692307693
118,Canada,Finance,Small,Basic,50,0,82,35.08536585365854,1,47.0,6.0,9,0.6666666666666666,0.8888888888888888
119,India,SaaS,Small,Pro,150,0,40,32.875,0,,,13,1.0,0.38461538461538464
120,India,Finance,Small,Basic,50,0,86,32.69767441860465,3,24.666666666666668,8.0,5,1.0,0.4
121,Germany,Education,Enterprise,Pro,150,0,43,36.74418604651163,1,35.0,8.0,10,0.9,0.6
122,India,Education,Enterprise,Enterprise,500,0,84,34.88095238095238,2,19.0,7.0,14,0.7142857142857143,0.7142857142857143
123,Canada,SaaS,Enterprise,Pro,150,0,83,32.46987951807229,1,41.0,6.0,15,0.8,0.5333333333333333
124,Canada,Finance,Enterprise,Pro,150,0,109,31.605504587155963,1,14.0,8.0,8,0.625,0.75
125,USA,Healthcare,Medium,Pro,150,0,109,33.88990825688074,2,17.0,7.5,9,0.7777777777777778,0.4444444444444444
126,USA,SaaS,Enterprise,Pro,150,0,115,35.74782608695652,2,17.0,7.5,8,0.75,0.75
127,Canada,Healthcare,Medium,Pro,150,1,9,5.222222222222222,9,76.44444444444444,3.2222222222222223,1,0.0,0.0
128,India,Education,Small,Pro,150,0,103,35.77669902912621,0,,,10,0.7,0.8
129,India,Healthcare,Enterprise,Basic,50,0,69,34.927536231884055,0,,,13,0.7692307692307693,0.7692307692307693
130,India,Education,Medium,Basic,50,0,47,29.93617021276596,4,24.5,6.75,13,0.7692307692307693,0.6923076923076923
131,India,SaaS,Small,Basic,50,0,105,34.67619047619048,3,27.0,7.0,6,0.5,0.8333333333333334
132,Germany,Finance,Small,Basic,50,0,42,30.071428571428573,3,13.333333333333334,8.0,14,0.8571428571428571,0.5
133,USA,Finance,Small,Pro,150,0,74,32.67567567567568,0,,,13,0.7692307692307693,0.7692307692307693
134,India,Healthcare,Enterprise,Enterprise,500,0,117,35.46153846153846,3,36.0,6.666666666666667,9,0.8888888888888888,0.6666666666666666
135,Germany,Education,Enterprise,Basic,50,1,13,4.076923076923077,6,74.83333333333333,2.1666666666666665,5,0.8,0.0
136,Germany,Education,Small,Basic,50,1,19,5.842105263157895,8,71.5,4.375,1,0.0,0.0
137,USA,SaaS,Enterprise,Basic,50,1,8,6.25,8,75.0,2.125,1,0.0,0.0
138,UK,Education,Small,Pro,150,0,94,33.276595744680854,3,16.333333333333332,7.0,15,0.8,0.6
139,India,Education,Enterprise,Basic,50,0,51,32.529411764705884,4,34.5,7.5,7,0.8571428571428571,0.8571428571428571
140,UK,Retail,Small,Basic,50,0,63,35.666666666666664,0,,,7,0.8571428571428571,0.42857142857142855
141,USA,Finance,Medium,Basic,50,0,71,35.183098591549296,2,18.0,6.5,10,0.8,0.2
142,USA,Finance,Small,Basic,50,1,10,5.5,9,78.11111111111111,2.4444444444444446,4,0.0,0.0
143,UK,SaaS,Medium,Pro,150,1,8,5.5,10,67.0,3.1,4,0.5,0.0
144,Canada,Retail,Enterprise,Basic,50,0,99,35.94949494949495,0,,,15,0.8,0.3333333333333333
145,UK,Healthcare,Small,Basic,50,1,8,5.375,6,57.5,2.8333333333333335,2,0.5,0.0
146,UK,Retail,Small,Pro,150,1,19,6.052631578947368,3,74.33333333333333,4.0,3,0.3333333333333333,0.0
147,UK,Finance,Medium,Pro,150,0,47,32.51063829787234,0,,,10,0.9,0.8
148,UK,Finance,Small,Basic,50,0,56,32.517857142857146,3,23.333333333333332,6.0,15,0.9333333333333333,0.4666666666666667
149,USA,Retail,Small,Basic,50,0,70,34.4,1,5.0,6.0,10,0.7,0.6
150,Germany,Healthcare,Small,Basic,50,1,14,5.642857142857143,9,78.77777777777777,2.4444444444444446,5,0.4,0.0
151,Germany,Finance,Medium,Basic,50,1,10,4.1,6,57.333333333333336,2.0,1,1.0,0.0
152,UK,Healthcare,Small,Basic,50,0,107,35.11214953271028,1,7.0,8.0,10,0.9,0.5
153,UK,Retail,Medium,Basic,50,1,18,4.555555555555555,10,55.3,2.1,2,0.0,0.0
154,India,SaaS,Medium,Basic,50,0,108,32.907407407407405,4,24.75,7.25,6,0.6666666666666666,1.0
155,India,Education,Medium,Pro,150,1,17,5.0588235294117645,10,66.4,3.4,2,0.5,0.0
156,Canada,Finance,Small,Basic,50,0,49,37.40816326530612,3,7.0,7.0,14,0.9285714285714286,0.7142857142857143
157,USA,Finance,Small,Basic,50,1,13,5.846153846153846,6,71.5,3.1666666666666665,5,0.0,0.2
158,Canada,Finance,Small,Basic,50,1,14,4.714285714285714,5,84.8,2.0,5,0.2,0.4
159,USA,Education,Medium,Pro,150,0,43,36.06976744186046,1,45.0,9.0,7,0.8571428571428571,0.7142857142857143
160,India,Finance,Medium,Basic,50,0,92,34.96739130434783,3,11.666666666666666,7.333333333333333,7,0.5714285714285714,0.5714285714285714
161,Canada,Education,Small,Basic,50,1,7,7.714285714285714,10,56.6,2.5,4,0.25,0.0
162,Germany,Education,Small,Basic,50,1,10,5.0,10,74.4,2.7,2,0.5,1.0
163,India,SaaS,Enterprise,Basic,50,0,86,37.45348837209303,1,11.0,6.0,10,0.8,1.0
164,Germany,SaaS,Enterprise,Basic,50,0,51,35.431372549019606,1,34.0,9.0,14,0.7857142857142857,0.35714285714285715
165,Canada,Healthcare,Medium,Basic,50,0,65,36.98461538461538,3,19.333333333333332,8.666666666666666,7,0.7142857142857143,0.7142857142857143
166,Germany,SaaS,Enterprise,Basic,50,1,16,5.375,8,74.25,3.625,4,0.75,0.0
167,India,Education,Medium,Basic,50,1,17,5.294117647058823,3,72.66666666666667,3.0,1,1.0,0.0
168,USA,Finance,Enterprise,Basic,50,1,7,6.428571428571429,3,51.666666666666664,1.0,5,0.2,0.0
169,India,Retail,Medium,Basic,50,1,12,4.75,5,76.2,3.2,1,1.0,0.0
170,Germany,Finance,Enterprise,Enterprise,500,0,72,31.01388888888889,2,22.0,7.0,5,1.0,0.8
171,UK,Healthcare,Medium,Basic,50,1,20,5.35,8,71.125,2.875,1,0.0,0.0
172,Germany,Healthcare,Enterprise,Basic,50,1,20,5.65,3,81.33333333333333,4.333333333333333,1,1.0,0.0
173,Canada,Finance,Medium,Basic,50,1,19,5.421052631578948,4,51.75,4.25,4,0.5,0.0
174,Canada,SaaS,Medium,Enterprise,500,0,46,31.717391304347824,1,31.0,8.0,11,0.6363636363636364,0.7272727272727273
175,India,Healthcare,Medium,Basic,50,0,52,34.03846153846154,4,27.25,7.75,10,0.6,0.4
176,Canada,Education,Enterprise,Pro,150,0,113,33.92035398230089,0,,,15,0.8,0.6
177,India,Retail,Medium,Basic,50,0,112,32.517857142857146,4,25.75,7.75,12,0.75,0.5
178,Germany,Healthcare,Enterprise,Basic,50,0,50,33.64,2,29.0,7.5,10,0.8,0.5
179,Germany,Healthcare,Enterprise,Pro,150,0,104,34.30769230769231,4,26.0,8.0,5,0.8,0.8
180,USA,Finance,Enterprise,Pro,150,0,86,33.27906976744186,2,43.5,9.0,12,0.9166666666666666,0.4166666666666667
181,Canada,Finance,Small,Pro,150,0,77,34.33766233766234,0,,,12,0.9166666666666666,0.3333333333333333
182,UK,Finance,Small,Pro,150,0,90,32.733333333333334,2,20.5,7.5,15,0.8,0.6
183,UK,Healthcare,Small,Basic,50,0,116,35.25,3,26.333333333333332,7.0,9,0.7777777777777778,0.6666666666666666
184,USA,Healthcare,Medium,Basic,50,0,96,35.4375,0,,,15,0.8666666666666667,0.5333333333333333
185,Canada,SaaS,Medium,Pro,150,0,52,32.71153846153846,4,28.5,6.75,7,0.8571428571428571,0.7142857142857143
186,Germany,Education,Small,Basic,50,0,60,35.88333333333333,2,33.5,6.5,15,0.9333333333333333,0.8
187,Germany,Retail,Medium,Basic,50,0,63,35.12698412698413,0,,,12,0.6666666666666666,0.5833333333333334
188,UK,Healthcare,Enterprise,Basic,50,1,10,4.5,3,48.666666666666664,3.0,4,0.0,0.0
189,USA,SaaS,Medium,Pro,150,0,118,33.04237288135593,2,28.0,6.5,11,0.8181818181818182,0.36363636363636365
190,UK,Healthcare,Enterprise,Pro,150,0,61,36.540983606557376,2,30.5,7.0,6,0.6666666666666666,0.6666666666666666
191,Canada,Retail,Small,Pro,150,1,5,6.2,10,84.2,2.3,2,0.0,0.5
192,Canada,Healthcare,Small,Basic,50,1,8,2.875,7,80.42857142857143,2.142857142857143,2,0.5,0.0
193,Germany,Healthcare,Medium,Pro,150,0,86,32.174418604651166,2,21.0,8.0,5,1.0,0.4
194,Canada,Education,Enterprise,Basic,50,0,117,33.52136752136752,0,,,8,0.75,0.625
195,India,Retail,Enterprise,Basic,50,1,5,6.6,7,90.0,3.857142857142857,2,0.5,0.0
196,Canada,Retail,Enterprise,Pro,150,0,81,33.592592592592595,2,22.5,8.0,9,0.7777777777777778,0.7777777777777778
197,Germany,Healthcare,Enterprise,Pro,150,0,91,34.0,2,10.0,7.0,8,0.75,0.625
198,Germany,Retail,Medium,Enterprise,500,0,101,33.53465346534654,1,47.0,7.0,9,0.7777777777777778,0.4444444444444444
199,UK,Finance,Enterprise,Basic,50,1,16,5.6875,7,78.0,3.4285714285714284,5,0.6,0.0
200,Germany,Healthcare,Medium,Enterprise,500,0,77,37.298701298701296,4,28.5,7.5,7,1.0,0.7142857142857143
201,Germany,SaaS,Enterprise,Basic,50,0,92,35.90217391304348,3,11.333333333333334,7.666666666666667,11,0.7272727272727273,0.36363636363636365
202,India,Healthcare,Medium,Pro,150,0,61,35.50819672131148,3,19.333333333333332,7.0,11,0.9090909090909091,0.6363636363636364
203,India,Finance,Enterprise,Enterprise,500,0,100,33.02,3,38.0,8.666666666666666,14,0.5,0.6428571428571429
204,USA,Healthcare,Small,Pro,150,0,103,32.33980582524272,1,32.0,9.0,9,0.8888888888888888,0.5555555555555556
205,UK,Retail,Enterprise,Pro,150,0,69,30.014492753623188,1,14.0,9.0,12,1.0,0.4166666666666667
206,UK,Healthcare,Small,Pro,150,1,13,5.153846153846154,8,44.125,3.375,4,0.5,0.0
207,Germany,Retail,Medium,Enterprise,500,0,96,34.270833333333336,2,24.0,9.0,12,0.9166666666666666,0.5833333333333334
208,Canada,Retail,Medium,Basic,50,0,69,34.01449275362319,2,9.5,7.5,6,1.0,0.5
209,USA,Healthcare,Medium,Pro,150,0,50,33.78,1,5.0,9.0,11,0.8181818181818182,0.6363636363636364
210,Germany,Education,Enterprise,Pro,150,1,9,4.666666666666667,6,58.0,3.1666666666666665,4,0.75,0.0
211,USA,Education,Medium,Pro,150,0,104,34.53846153846154,1,35.0,9.0,7,0.8571428571428571,0.42857142857142855
212,Germany,SaaS,Medium,Pro,150,1,8,5.25,10,73.1,2.3,3,0.6666666666666666,0.0
213,India,Retail,Medium,Basic,50,0,43,36.83720930232558,2,34.0,6.5,14,0.6428571428571429,0.7142857142857143
214,Canada,Education,Enterprise,Basic,50,0,52,35.17307692307692,0,,,6,0.8333333333333334,0.6666666666666666
215,UK,Retail,Small,Basic,50,0,101,33.64356435643565,4,21.5,7.25,6,0.8333333333333334,0.3333333333333333
216,India,Retail,Medium,Basic,50,1,12,5.083333333333333,7,65.85714285714286,3.2857142857142856,4,0.5,0.0
217,USA,Retail,Medium,Pro,150,0,42,37.023809523809526,2,26.0,6.5,12,1.0,0.8333333333333334
218,Germany,Healthcare,Medium,Basic,50,1,19,5.894736842105263,10,71.1,3.0,3,0.3333333333333333,0.0
219,UK,Education,Enterprise,Enterprise,500,0,115,33.21739130434783,4,37.5,7.5,8,0.875,0.625
220,USA,Retail,Enterprise,Pro,150,0,64,30.78125,1,34.0,8.0,12,0.6666666666666666,0.8333333333333334
221,Canada,SaaS,Small,Basic,50,0,79,36.848101265822784,2,34.5,7.5,6,0.8333333333333334,0.6666666666666666
222,Germany,Healthcare,Medium,Basic,50,0,80,32.1,0,,,10,0.8,0.5
223,UK,SaaS,Medium,Basic,50,0,73,36.61643835616438,4,31.0,8.0,7,0.8571428571428571,0.42857142857142855
224,Germany,Finance,Small,Pro,150,0,87,36.0,1,43.0,6.0,9,0.6666666666666666,0.5555555555555556
225,Germany,Finance,Medium,Pro,150,0,86,35.46511627906977,3,35.0,7.0,6,0.6666666666666666,1.0
226,Germany,Finance,Medium,Basic,50,1,16,5.4375,9,67.11111111111111,1.8888888888888888,5,0.6,0.2
227,India,SaaS,Medium,Pro,150,0,81,35.48148148148148,1,12.0,8.0,6,0.8333333333333334,0.6666666666666666
228,USA,Education,Small,Basic,50,1,8,6.125,4,64.75,2.75,5,0.2,0.0
229,India,Healthcare,Enterprise,Basic,50,0,117,34.085470085470085,0,,,12,0.8333333333333334,0.4166666666666667
230,USA,SaaS,Small,Pro,150,0,92,34.91304347826087,1,47.0,9.0,10,0.8,0.5
231,UK,Healthcare,Small,Pro,150,0,83,34.08433734939759,3,22.0,8.0,6,0.8333333333333334,0.3333333333333333
232,Canada,Healthcare,Small,Basic,50,0,65,34.784615384615385,3,23.333333333333332,7.333333333333333,8,0.75,0.625
233,UK,Retail,Enterprise,Basic,50,0,95,36.78947368421053,2,13.0,6.0,7,0.8571428571428571,0.14285714285714285
234,USA,Education,Small,Basic,50,0,92,33.05434782608695,3,27.666666666666668,7.0,12,0.9166666666666666,0.5
235,Germany,Finance,Medium,Basic,50,0,92,35.52173913043478,2,28.5,9.0,5,0.8,0.4
236,UK,Education,Enterprise,Basic,50,0,94,35.734042553191486,1,7.0,6.0,9,0.6666666666666666,0.7777777777777778
237,USA,Healthcare,Medium,Enterprise,500,0,43,34.604651162790695,0,,,5,0.8,0.6
238,USA,Education,Small,Basic,50,1,9,4.666666666666667,6,61.166666666666664,2.8333333333333335,3,0.3333333333333333,0.3333333333333333
239,India,Education,Enterprise,Pro,150,0,56,35.92857142857143,1,18.0,8.0,11,0.7272727272727273,0.5454545454545454
240,Germany,Retail,Enterprise,Enterprise,500,0,55,33.58181818181818,4,32.25,8.25,10,0.7,0.7
241,UK,SaaS,Enterprise,Pro,150,0,107,34.21495327102804,0,,,5,0.8,0.8
242,UK,SaaS,Enterprise,Basic,50,0,82,33.170731707317074,3,27.666666666666668,8.333333333333334,7,0.8571428571428571,0.7142857142857143
243,India,Education,Small,Basic,50,1,12,3.6666666666666665,9,60.333333333333336,3.3333333333333335,4,0.25,0.0
244,Canada,SaaS,Medium,Basic,50,1,20,4.7,8,57.875,3.125,5,0.6,0.0
245,Canada,Retail,Enterprise,Basic,50,0,49,32.38775510204081,0,,,12,0.9166666666666666,0.6666666666666666
246,India,SaaS,Enterprise,Enterprise,500,0,106,32.056603773584904,2,36.5,6.5,14,0.7142857142857143,0.5714285714285714
247,India,SaaS,Medium,Basic,50,0,100,32.97,1,16.0,9.0,5,0.8,1.0
248,Germany,SaaS,Medium,Pro,150,1,20,5.8,10,62.9,2.4,2,0.5,0.0
249,India,Retail,Enterprise,Basic,50,0,91,36.120879120879124,2,18.0,8.5,14,0.8571428571428571,0.35714285714285715
250,UK,Retail,Small,Basic,50,1,5,4.2,4,76.0,4.25,3,0.0,0.0
251,Canada,Finance,Enterprise,Enterprise,500,0,49,38.53061224489796,3,15.0,7.666666666666667,14,0.42857142857142855,0.5714285714285714
252,Canada,Retail,Medium,Basic,50,0,66,34.878787878787875,4,23.0,8.0,13,0.7692307692307693,0.6923076923076923
253,Germany,Education,Medium,Basic,50,0,89,33.640449438202246,2,30.0,6.0,10,0.8,0.3
254,India,Healthcare,Small,Basic,50,0,74,34.689189189189186,3,4.666666666666667,7.333333333333333,6,1.0,0.3333333333333333
255,India,Retail,Small,Basic,50,0,113,34.78761061946903,4,29.5,7.75,8,0.75,0.625
256,Germany,Education,Enterprise,Basic,50,0,57,36.19298245614035,4,18.25,8.0,5,1.0,0.6
257,Germany,Finance,Small,Basic,50,1,13,4.384615384615385,10,67.8,2.8,2,1.0,0.0
258,Germany,Finance,Small,Basic,50,1,7,4.285714285714286,3,73.66666666666667,3.0,3,1.0,0.3333333333333333
259,Germany,Healthcare,Medium,Basic,50,0,80,32.4875,1,15.0,7.0,8,0.875,0.625
260,India,Finance,Medium,Basic,50,0,41,33.41463414634146,4,11.25,7.5,7,0.8571428571428571,0.2857142857142857
261,Canada,Finance,Enterprise,Basic,50,0,70,35.285714285714285,1,13.0,9.0,10,0.9,0.5
262,USA,Education,Small,Basic,50,0,120,37.00833333333333,3,20.666666666666668,6.333333333333333,6,0.6666666666666666,0.6666666666666666
263,USA,Healthcare,Enterprise,Basic,50,0,67,35.73134328358209,3,21.333333333333332,8.0,10,1.0,0.5
264,Germany,Retail,Enterprise,Pro,150,0,71,35.54929577464789,2,40.0,7.5,11,0.7272727272727273,0.5454545454545454
265,UK,Retail,Enterprise,Pro,150,0,74,36.58108108108108,3,23.333333333333332,7.0,9,0.8888888888888888,0.5555555555555556
266,Germany,Retail,Small,Basic,50,1,5,5.8,5,72.0,2.4,1,0.0,0.0
267,USA,Finance,Small,Basic,50,0,102,33.26470588235294,1,42.0,9.0,9,0.6666666666666666,0.6666666666666666
268,Germany,Healthcare,Medium,Basic,50,1,8,3.375,7,58.285714285714285,3.0,2,0.0,0.5
269,Canada,Finance,Medium,Pro,150,1,10,5.9,7,73.42857142857143,3.7142857142857144,2,0.0,0.0
270,Canada,Education,Medium,Basic,50,0,102,35.372549019607845,3,23.666666666666668,8.333333333333334,10,0.8,0.7
271,Germany,Education,Medium,Enterprise,500,0,80,32.675,4,21.25,7.25,13,0.7692307692307693,0.6153846153846154
272,India,Retail,Medium,Basic,50,1,9,4.222222222222222,6,60.166666666666664,3.0,5,0.2,0.0
273,India,Finance,Small,Basic,50,0,72,32.208333333333336,3,12.333333333333334,7.666666666666667,6,0.8333333333333334,0.6666666666666666
274,USA,Healthcare,Medium,Pro,150,0,93,33.623655913978496,1,18.0,7.0,11,0.7272727272727273,0.5454545454545454
275,USA,Education,Enterprise,Enterprise,500,0,96,34.697916666666664,0,,,14,0.7857142857142857,0.7857142857142857
276,UK,Healthcare,Small,Basic,50,1,18,6.388888888888889,5,68.8,4.0,4,0.0,0.0
277,Germany,Finance,Enterprise,Basic,50,0,117,34.18803418803419,0,,,11,1.0,0.7272727272727273
278,Canada,Education,Enterprise,Basic,50,1,16,5.25,10,66.7,2.7,1,0.0,0.0
279,India,SaaS,Small,Pro,150,0,82,30.878048780487806,4,20.25,7.0,9,0.5555555555555556,0.6666666666666666
280,India,Healthcare,Medium,Pro,150,0,98,36.01020408163265,2,36.0,7.5,7,0.42857142857142855,0.5714285714285714
281,UK,Finance,Small,Basic,50,1,6,3.3333333333333335,9,57.44444444444444,3.111111111111111,2,0.5,0.0
282,Canada,Healthcare,Medium,Basic,50,0,86,34.372093023255815,2,18.5,8.0,6,0.6666666666666666,0.3333333333333333
283,USA,SaaS,Enterprise,Basic,50,1,10,5.4,4,76.25,3.0,1,0.0,0.0
284,India,Healthcare,Enterprise,Basic,50,0,99,37.292929292929294,0,,,12,0.75,0.5833333333333334
285,Germany,SaaS,Small,Basic,50,0,93,32.655913978494624,3,17.333333333333332,7.0,15,0.8666666666666667,0.6
286,Canada,Finance,Medium,Pro,150,0,67,32.417910447761194,0,,,12,0.75,0.5833333333333334
287,Germany,Retail,Medium,Pro,150,0,79,32.962025316455694,0,,,12,0.9166666666666666,0.6666666666666666
288,UK,SaaS,Medium,Enterprise,500,0,40,37.625,2,18.0,8.5,11,0.8181818181818182,0.6363636363636364
289,Germany,SaaS,Small,Pro,150,0,55,37.03636363636364,2,34.0,7.5,9,0.6666666666666666,0.6666666666666666
290,Germany,Retail,Small,Basic,50,0,92,35.20652173913044,1,3.0,9.0,12,0.8333333333333334,0.6666666666666666
291,Canada,SaaS,Small,Pro,150,0,83,36.53012048192771,4,25.5,7.5,8,1.0,0.5
292,UK,Education,Medium,Pro,150,0,69,34.53623188405797,1,44.0,9.0,9,0.8888888888888888,0.3333333333333333
293,USA,Healthcare,Small,Pro,150,1,17,3.9411764705882355,4,56.75,3.5,3,0.0,0.0
294,Canada,Retail,Enterprise,Enterprise,500,0,63,32.38095238095238,1,17.0,9.0,8,0.75,0.875
295,Canada,Education,Small,Basic,50,0,43,37.06976744186046,4,29.0,7.75,7,0.8571428571428571,0.7142857142857143
296,Canada,Retail,Medium,Pro,150,0,83,36.265060240963855,2,24.5,7.5,13,0.7692307692307693,0.7692307692307693
297,Germany,Finance,Enterprise,Pro,150,0,78,32.794871794871796,0,,,15,0.8,0.5333333333333333
298,Germany,Finance,Enterprise,Basic,50,0,53,34.320754716981135,3,23.666666666666668,6.666666666666667,10,1.0,0.7
299,Canada,SaaS,Enterprise,Basic,50,0,71,35.563380281690144,1,22.0,8.0,5,0.8,0.4
300,USA,Healthcare,Enterprise,Basic,50,0,95,31.105263157894736,3,29.0,8.0,5,1.0,0.4
301,UK,Finance,Enterprise,Basic,50,0,119,34.36974789915966,3,19.0,8.0,13,0.7692307692307693,0.6923076923076923
302,USA,Healthcare,Small,Basic,50,0,79,30.936708860759495,2,21.0,8.0,14,0.6428571428571429,0.35714285714285715
303,UK,Education,Small,Basic,50,1,7,7.0,10,66.3,2.1,1,0.0,0.0
304,UK,SaaS,Medium,Basic,50,1,11,3.8181818181818183,9,78.0,2.4444444444444446,4,0.5,0.0
305,Germany,Education,Medium,Basic,50,0,91,33.956043956043956,2,14.0,7.0,5,0.4,1.0
306,India,SaaS,Small,Enterprise,500,1,12,5.083333333333333,8,63.375,2.75,1,1.0,0.0
307,India,Finance,Enterprise,Basic,50,0,103,32.50485436893204,1,45.0,9.0,15,0.8666666666666667,0.26666666666666666
308,Germany,SaaS,Enterprise,Basic,50,0,109,32.669724770642205,0,,,8,0.75,0.375
309,UK,Finance,Enterprise,Basic,50,0,53,34.79245283018868,0,,,10,0.9,0.6
310,Canada,Healthcare,Medium,Pro,150,0,67,36.37313432835821,2,30.5,8.0,10,0.4,0.5
311,USA,Education,Small,Basic,50,0,83,33.93975903614458,4,26.5,7.5,15,0.8666666666666667,0.4666666666666667
312,UK,Finance,Small,Enterprise,500,0,64,34.9375,2,22.0,8.5,6,1.0,0.6666666666666666
313,USA,SaaS,Small,Basic,50,0,62,31.967741935483872,3,24.666666666666668,7.0,6,1.0,0.8333333333333334
314,India,Education,Enterprise,Enterprise,500,0,97,35.350515463917525,4,20.75,7.0,13,0.7692307692307693,0.6153846153846154
315,Canada,Finance,Medium,Basic,50,0,93,35.46236559139785,1,24.0,9.0,9,0.7777777777777778,0.7777777777777778
316,USA,Retail,Enterprise,Basic,50,1,9,6.222222222222222,10,74.4,2.9,2,1.0,0.0
317,India,Retail,Medium,Basic,50,1,11,4.7272727272727275,9,59.111111111111114,3.4444444444444446,3,0.3333333333333333,0.0
318,Canada,Education,Medium,Basic,50,0,73,33.178082191780824,2,43.0,6.5,6,0.6666666666666666,0.6666666666666666
319,Germany,SaaS,Enterprise,Basic,50,0,40,32.175,2,29.5,7.0,6,0.8333333333333334,0.5
320,USA,Retail,Enterprise,Basic,50,0,45,37.22222222222222,2,21.0,7.0,8,0.75,1.0
321,India,Education,Medium,Pro,150,0,91,33.81318681318681,1,28.0,7.0,11,0.9090909090909091,0.2727272727272727
322,USA,SaaS,Small,Pro,150,0,74,34.972972972972975,0,,,10,0.7,0.3
323,Canada,Education,Small,Basic,50,1,19,5.157894736842105,8,60.25,3.0,4,0.25,0.0
324,India,Education,Small,Basic,50,1,7,5.0,9,69.66666666666667,2.888888888888889,5,0.4,0.2
325,UK,Retail,Enterprise,Basic,50,0,103,33.76699029126213,4,32.75,8.0,8,0.875,0.75
326,Germany,Finance,Small,Basic,50,1,7,4.428571428571429,9,71.77777777777777,3.2222222222222223,3,0.0,0.0
327,Canada,Retail,Enterprise,Basic,50,0,67,35.059701492537314,3,36.333333333333336,8.0,6,1.0,0.5
328,Germany,SaaS,Medium,Pro,150,1,7,5.0,8,64.0,2.875,5,0.2,0.0
329,India,Retail,Medium,Basic,50,0,119,33.80672268907563,4,16.5,6.75,14,0.7142857142857143,0.6428571428571429
330,India,SaaS,Small,Enterprise,500,0,91,32.142857142857146,2,28.0,7.0,9,1.0,0.5555555555555556
331,India,Retail,Enterprise,Basic,50,0,89,34.438202247191015,3,18.0,7.0,11,0.9090909090909091,0.5454545454545454
332,Germany,Finance,Enterprise,Basic,50,0,105,35.57142857142857,4,23.25,8.0,6,0.8333333333333334,0.6666666666666666
333,Germany,Education,Small,Basic,50,0,55,35.10909090909091,1,46.0,9.0,13,0.8461538461538461,0.8461538461538461
334,Germany,SaaS,Medium,Enterprise,500,0,40,35.8,1,33.0,6.0,15,0.7333333333333333,0.4666666666666667
335,India,Finance,Small,Basic,50,1,20,4.25,6,76.33333333333333,3.0,4,0.25,0.0
336,Germany,Education,Small,Pro,150,0,60,35.43333333333333,0,,,12,0.9166666666666666,0.75
337,Canada,Retail,Medium,Basic,50,1,19,4.684210526315789,7,90.14285714285714,3.5714285714285716,3,0.0,0.0
338,USA,Healthcare,Enterprise,Pro,150,0,91,34.505494505494504,0,,,6,0.8333333333333334,0.5
339,India,Education,Medium,Basic,50,0,99,33.35353535353536,1,41.0,8.0,14,0.7857142857142857,0.6428571428571429
340,Germany,SaaS,Small,Basic,50,1,14,4.214285714285714,8,96.75,2.5,1,0.0,0.0
341,India,Education,Small,Basic,50,1,15,4.866666666666666,9,77.55555555555556,2.5555555555555554,3,0.0,0.0
342,India,Retail,Enterprise,Basic,50,1,10,7.0,4,65.75,3.25,2,0.5,0.0
343,Germany,SaaS,Small,Basic,50,1,6,5.833333333333333,3,70.33333333333333,3.0,4,0.0,0.25
344,Canada,Healthcare,Enterprise,Enterprise,500,0,52,37.26923076923077,2,43.5,7.0,11,0.8181818181818182,0.7272727272727273
345,UK,Finance,Enterprise,Pro,150,1,14,5.714285714285714,3,61.666666666666664,3.0,4,0.25,0.0
346,USA,Education,Medium,Pro,150,0,69,35.56521739130435,3,24.0,7.666666666666667,12,0.75,0.5833333333333334
347,USA,Healthcare,Small,Basic,50,0,74,37.945945945945944,3,20.0,8.0,6,0.8333333333333334,0.3333333333333333
348,Germany,SaaS,Enterprise,Basic,50,0,40,37.425,4,27.75,8.25,8,0.875,0.375
349,UK,Retail,Enterprise,Basic,50,1,8,5.375,8,74.375,2.625,1,0.0,0.0
350,India,Education,Enterprise,Basic,50,0,95,36.27368421052632,0,,,6,0.8333333333333334,0.6666666666666666
351,India,Retail,Medium,Basic,50,1,9,6.444444444444445,4,66.75,3.5,5,0.0,0.2
352,Germany,Healthcare,Medium,Basic,50,0,56,34.857142857142854,1,44.0,9.0,5,1.0,0.6
353,Canada,Healthcare,Medium,Basic,50,0,75,35.64,3,35.0,7.666666666666667,6,0.6666666666666666,0.8333333333333334
354,UK,Education,Enterprise,Basic,50,0,59,32.644067796610166,3,23.666666666666668,6.666666666666667,7,0.8571428571428571,0.42857142857142855
355,UK,SaaS,Medium,Pro,150,0,82,34.792682926829265,0,,,13,0.6153846153846154,0.6153846153846154
356,Germany,Finance,Enterprise,Basic,50,0,43,35.2093023255814,2,20.5,6.5,5,1.0,0.6
357,India,SaaS,Medium,Basic,50,0,95,34.63157894736842,2,33.0,8.0,10,0.9,0.6
358,India,Education,Enterprise,Basic,50,0,104,34.29807692307692,3,29.0,8.666666666666666,15,0.7333333333333333,0.8
359,Germany,Healthcare,Medium,Basic,50,0,91,35.747252747252745,0,,,11,0.5454545454545454,0.45454545454545453
360,Canada,Retail,Medium,Basic,50,0,96,33.125,3,33.0,8.0,14,0.7857142857142857,0.6428571428571429
361,India,Education,Enterprise,Basic,50,0,50,35.92,2,22.0,8.0,7,0.8571428571428571,0.2857142857142857
362,Germany,Retail,Medium,Basic,50,0,49,37.91836734693877,0,,,10,0.8,0.5
363,UK,Healthcare,Enterprise,Basic,50,1,10,5.2,8,76.625,2.625,4,0.5,0.25
364,Germany,Healthcare,Medium,Basic,50,0,120,35.75833333333333,2,19.5,6.5,13,0.46153846153846156,0.5384615384615384
365,USA,Finance,Enterprise,Pro,150,0,108,33.98148148148148,2,28.0,7.5,6,0.6666666666666666,0.8333333333333334
366,Germany,Retail,Medium,Pro,150,0,89,34.674157303370784,4,19.25,7.5,15,0.8666666666666667,0.6
367,UK,Retail,Small,Basic,50,0,88,34.46590909090909,1,46.0,8.0,6,0.8333333333333334,0.5
368,UK,Education,Enterprise,Enterprise,500,0,115,33.22608695652174,2,21.0,7.0,11,0.8181818181818182,0.7272727272727273
369,India,SaaS,Medium,Enterprise,500,0,72,36.25,0,,,5,0.6,0.6
370,USA,Education,Medium,Basic,50,0,95,31.652631578947368,2,38.5,7.5,8,0.875,0.75
371,USA,Healthcare,Medium,Basic,50,1,16,4.1875,9,63.666666666666664,3.5555555555555554,4,0.25,0.0
372,UK,SaaS,Medium,Enterprise,500,0,112,34.25,2,8.0,7.0,10,0.6,0.9
373,India,Finance,Enterprise,Pro,150,0,101,31.594059405940595,2,23.5,6.5,5,1.0,0.4
374,Germany,SaaS,Medium,Basic,50,1,15,4.8,8,75.625,3.0,1,1.0,0.0
375,Canada,Retail,Medium,Basic,50,1,12,4.916666666666667,5,89.8,2.6,4,0.0,0.25
376,Germany,Education,Small,Basic,50,0,57,35.10526315789474,4,16.25,8.25,11,0.8181818181818182,0.6363636363636364
377,Canada,SaaS,Small,Basic,50,0,86,32.66279069767442,2,36.5,8.0,8,0.75,0.75
378,India,Healthcare,Enterprise,Pro,150,0,52,32.92307692307692,2,22.5,8.0,8,0.875,0.625
379,USA,Retail,Small,Basic,50,0,83,34.53012048192771,4,33.5,7.0,5,0.8,0.4
380,USA,Retail,Small,Basic,50,0,71,32.225352112676056,1,22.0,7.0,5,0.6,0.6
381,India,SaaS,Small,Basic,50,1,9,4.888888888888889,3,65.0,3.0,3,0.0,0.3333333333333333
382,India,SaaS,Medium,Enterprise,500,1,11,5.0,10,83.2,2.1,3,1.0,0.0
383,India,Finance,Medium,Enterprise,500,0,71,34.774647887323944,2,18.5,7.5,11,0.7272727272727273,0.6363636363636364
384,UK,Healthcare,Enterprise,Pro,150,1,13,4.923076923076923,7,65.71428571428571,2.857142857142857,4,0.0,0.0
385,Germany,Education,Enterprise,Basic,50,1,9,4.555555555555555,3,44.333333333333336,2.6666666666666665,3,0.3333333333333333,0.3333333333333333
386,UK,Healthcare,Small,Basic,50,0,74,34.5945945945946,0,,,8,0.875,0.625
387,USA,Education,Medium,Basic,50,0,72,34.90277777777778,0,,,11,0.8181818181818182,0.2727272727272727
388,Canada,Healthcare,Medium,Enterprise,500,0,62,33.66129032258065,1,27.0,7.0,6,0.8333333333333334,0.8333333333333334
389,Canada,Healthcare,Small,Basic,50,0,71,35.49295774647887,1,35.0,7.0,8,0.75,0.5
390,Germany,Finance,Medium,Basic,50,1,13,6.6923076923076925,7,77.28571428571429,2.857142857142857,1,0.0,0.0
391,India,SaaS,Medium,Basic,50,0,68,35.661764705882355,1,3.0,8.0,12,0.8333333333333334,0.6666666666666666
392,India,Education,Small,Enterprise,500,0,56,30.125,3,33.333333333333336,7.333333333333333,8,0.75,0.625
393,USA,Retail,Medium,Pro,150,0,77,35.532467532467535,4,21.25,7.75,10,0.6,0.5
394,Canada,Finance,Enterprise,Basic,50,0,59,35.16949152542373,3,19.0,8.666666666666666,12,0.6666666666666666,0.6666666666666666
395,Germany,Finance,Medium,Basic,50,0,69,31.797101449275363,0,,,6,0.5,0.5
396,India,Healthcare,Medium,Enterprise,500,0,94,34.3936170212766,3,12.666666666666666,8.0,5,0.6,0.4
397,Germany,SaaS,Small,Enterprise,500,0,88,31.693181818181817,3,18.0,8.333333333333334,10,0.7,0.6
398,Germany,Education,Medium,Basic,50,0,47,36.723404255319146,3,23.333333333333332,7.666666666666667,6,0.8333333333333334,0.3333333333333333
399,Canada,Finance,Enterprise,Basic,50,1,15,4.266666666666667,3,66.66666666666667,1.6666666666666667,4,0.5,0.0
400,India,SaaS,Enterprise,Basic,50,0,99,35.09090909090909,3,17.666666666666668,7.333333333333333,12,0.75,0.6666666666666666
401,Germany,Finance,Small,Pro,150,0,76,36.75,3,27.0,8.0,6,0.8333333333333334,0.5
402,Canada,SaaS,Enterprise,Basic,50,0,112,35.089285714285715,4,23.25,8.0,9,0.6666666666666666,0.7777777777777778
403,Germany,Finance,Small,Pro,150,0,106,34.471698113207545,2,33.0,8.5,6,1.0,0.6666666666666666
404,Canada,Finance,Small,Pro,150,0,41,38.46341463414634,1,36.0,9.0,8,0.875,0.5
405,UK,Education,Medium,Basic,50,0,75,32.74666666666667,1,38.0,8.0,6,1.0,0.6666666666666666
406,UK,SaaS,Enterprise,Basic,50,0,45,32.8,4,30.25,8.25,5,0.8,0.4
407,USA,Finance,Medium,Basic,50,0,82,32.76829268292683,1,7.0,6.0,11,0.8181818181818182,0.6363636363636364
408,USA,Education,Medium,Basic,50,0,87,38.160919540229884,2,12.0,6.5,7,0.5714285714285714,1.0
409,UK,SaaS,Medium,Enterprise,500,1,12,4.666666666666667,5,79.8,4.4,4,0.0,0.0
410,India,Retail,Small,Basic,50,0,99,32.717171717171716,1,21.0,7.0,9,0.8888888888888888,0.6666666666666666
411,UK,Healthcare,Enterprise,Basic,50,0,50,36.16,1,45.0,6.0,10,0.8,0.7
412,India,Education,Enterprise,Basic,50,1,18,5.5,4,82.75,3.0,1,0.0,1.0
413,India,Healthcare,Medium,Basic,50,0,65,30.676923076923078,4,17.25,8.0,14,0.7857142857142857,0.6428571428571429
414,Germany,Finance,Enterprise,Pro,150,0,113,35.415929203539825,4,33.75,7.0,13,0.7692307692307693,0.5384615384615384
415,India,SaaS,Medium,Basic,50,0,83,36.46987951807229,3,33.333333333333336,8.0,10,1.0,0.5
416,USA,Healthcare,Small,Enterprise,500,1,5,4.6,7,56.42857142857143,2.857142857142857,1,0.0,0.0
417,Germany,Education,Medium,Basic,50,0,105,33.647619047619045,3,15.0,7.666666666666667,5,1.0,0.2
418,USA,Retail,Small,Basic,50,0,45,35.13333333333333,2,34.0,8.5,12,0.8333333333333334,0.5833333333333334
419,India,Education,Small,Basic,50,0,54,35.05555555555556,0,,,7,0.7142857142857143,0.5714285714285714
420,Germany,Finance,Enterprise,Pro,150,1,13,5.846153846153846,9,65.44444444444444,3.4444444444444446,1,0.0,0.0
421,India,Education,Medium,Pro,150,1,15,4.333333333333333,8,45.0,3.25,3,0.0,0.0
422,India,SaaS,Enterprise,Basic,50,0,71,36.7887323943662,0,,,11,0.8181818181818182,0.5454545454545454
423,UK,Retail,Small,Basic,50,0,110,35.28181818181818,4,32.25,8.0,9,0.6666666666666666,0.6666666666666666
424,Canada,Education,Medium,Basic,50,1,5,4.6,10,74.2,2.3,3,0.3333333333333333,0.0
425,Canada,Healthcare,Enterprise,Basic,50,1,19,5.052631578947368,8,56.625,2.75,1,0.0,0.0
426,USA,Retail,Enterprise,Pro,150,0,80,34.55,0,,,7,0.8571428571428571,0.5714285714285714
427,India,Retail,Small,Basic,50,1,13,4.538461538461538,9,64.0,2.5555555555555554,3,0.3333333333333333,0.0
428,UK,SaaS,Small,Enterprise,500,0,109,34.11926605504587,1,47.0,7.0,8,0.625,0.625
429,India,Retail,Small,Basic,50,0,52,39.23076923076923,2,21.0,6.5,12,0.9166666666666666,0.8333333333333334
430,USA,Healthcare,Enterprise,Basic,50,0,89,36.550561797752806,3,18.333333333333332,7.333333333333333,7,0.7142857142857143,0.5714285714285714
431,UK,Retail,Medium,Basic,50,0,84,32.38095238095238,0,,,6,0.6666666666666666,0.6666666666666666
432,India,Education,Medium,Pro,150,0,52,33.82692307692308,2,27.5,9.0,13,1.0,0.3076923076923077
433,Canada,Healthcare,Medium,Pro,150,0,64,33.484375,2,32.5,6.5,10,0.8,0.6
434,USA,Retail,Enterprise,Basic,50,0,108,33.71296296296296,4,24.5,7.0,5,1.0,0.4
435,Germany,Finance,Small,Basic,50,0,104,33.19230769230769,4,24.0,8.25,5,0.6,0.4
436,India,Healthcare,Medium,Pro,150,1,9,5.666666666666667,5,67.4,3.8,5,0.2,0.2
437,Germany,Healthcare,Medium,Basic,50,0,77,35.103896103896105,1,23.0,6.0,7,0.7142857142857143,0.42857142857142855
438,USA,Finance,Enterprise,Basic,50,1,19,5.526315789473684,4,53.25,3.0,4,0.5,0.0
439,India,SaaS,Medium,Basic,50,0,73,34.3013698630137,4,21.5,7.5,7,1.0,0.5714285714285714
440,India,Healthcare,Small,Basic,50,1,5,3.8,5,71.4,2.8,4,0.5,0.0
441,Germany,SaaS,Enterprise,Enterprise,500,0,85,31.823529411764707,4,24.75,7.25,14,0.7857142857142857,0.6428571428571429
442,UK,Education,Small,Pro,150,0,119,34.42016806722689,3,22.666666666666668,7.0,13,0.7692307692307693,0.46153846153846156
443,USA,Finance,Small,Pro,150,0,42,34.38095238095238,1,16.0,8.0,7,0.7142857142857143,0.5714285714285714
444,UK,Education,Small,Basic,50,0,58,34.758620689655174,4,15.0,7.75,5,1.0,0.2
445,USA,Education,Small,Basic,50,1,11,5.909090909090909,6,66.16666666666667,3.6666666666666665,5,0.6,0.0
446,Canada,Healthcare,Small,Basic,50,0,46,34.47826086956522,3,23.0,8.666666666666666,13,0.8461538461538461,0.6153846153846154
447,India,Healthcare,Enterprise,Pro,150,0,104,36.72115384615385,4,18.25,8.5,7,1.0,0.5714285714285714
448,USA,Finance,Small,Basic,50,0,94,34.06382978723404,4,23.0,7.0,6,1.0,0.5
449,UK,Education,Medium,Basic,50,0,60,34.733333333333334,3,37.666666666666664,8.666666666666666,15,0.9333333333333333,0.4666666666666667
450,UK,SaaS,Enterprise,Pro,150,0,48,33.541666666666664,4,29.5,7.75,8,0.625,0.75
451,USA,Healthcare,Small,Pro,150,1,6,2.8333333333333335,7,81.28571428571429,2.857142857142857,3,0.6666666666666666,0.0
452,India,Healthcare,Enterprise,Pro,150,0,56,35.482142857142854,2,31.0,6.5,7,0.7142857142857143,0.42857142857142855
453,India,SaaS,Small,Basic,50,0,106,33.64150943396226,0,,,8,1.0,0.375
454,India,SaaS,Small,Pro,150,0,93,35.43010752688172,3,22.0,8.0,7,0.8571428571428571,0.7142857142857143
455,Germany,Education,Small,Pro,150,0,100,35.28,3,22.333333333333332,7.333333333333333,5,1.0,0.8
456,USA,Retail,Medium,Basic,50,1,8,3.625,3,65.33333333333333,3.3333333333333335,1,0.0,0.0
457,India,Education,Enterprise,Pro,150,1,18,5.333333333333333,8,82.875,3.5,1,1.0,0.0
458,USA,Retail,Enterprise,Pro,150,0,60,33.36666666666667,3,15.333333333333334,7.333333333333333,8,1.0,0.625
459,UK,Education,Small,Enterprise,500,0,60,31.883333333333333,0,,,10,0.7,0.7
460,Canada,Finance,Medium,Basic,50,0,110,36.28181818181818,0,,,9,0.8888888888888888,0.5555555555555556
461,USA,SaaS,Medium,Basic,50,0,62,34.096774193548384,2,5.0,7.0,15,0.8,0.5333333333333333
462,Germany,Retail,Enterprise,Basic,50,1,14,3.9285714285714284,9,64.44444444444444,2.2222222222222223,3,0.0,0.0
463,USA,Retail,Enterprise,Basic,50,0,98,33.04081632653061,4,33.0,7.75,10,1.0,0.5
464,Germany,SaaS,Small,Pro,150,1,20,4.8,3,66.0,2.6666666666666665,1,0.0,0.0
465,India,Education,Small,Basic,50,1,10,5.6,6,94.5,4.0,3,0.3333333333333333,0.0
466,USA,Healthcare,Medium,Pro,150,0,54,37.75925925925926,2,18.5,7.5,9,0.8888888888888888,0.7777777777777778
467,Canada,Education,Enterprise,Basic,50,0,51,32.78431372549019,3,18.0,7.666666666666667,15,0.9333333333333333,0.6
468,India,Retail,Enterprise,Pro,150,1,12,6.333333333333333,4,77.75,3.0,4,0.25,0.25
469,Canada,Finance,Medium,Basic,50,0,47,36.40425531914894,4,21.5,7.25,8,0.625,0.625
470,Canada,Education,Medium,Pro,150,0,118,35.347457627118644,3,27.0,7.666666666666667,15,0.8,0.6666666666666666
471,USA,SaaS,Enterprise,Basic,50,0,75,35.78666666666667,3,19.0,6.666666666666667,11,0.8181818181818182,0.45454545454545453
472,Canada,Healthcare,Medium,Basic,50,0,72,37.083333333333336,0,,,14,0.5714285714285714,0.7142857142857143
473,Germany,Healthcare,Medium,Pro,150,1,13,4.076923076923077,8,74.25,2.0,4,0.0,0.25
474,India,Retail,Medium,Basic,50,1,10,5.1,8,75.5,2.875,2,0.0,0.0
475,Germany,SaaS,Medium,Enterprise,500,0,117,33.81196581196581,3,29.333333333333332,8.666666666666666,10,0.8,0.6
476,Germany,Finance,Enterprise,Pro,150,0,114,36.01754385964912,1,26.0,8.0,12,0.75,0.8333333333333334
477,India,Finance,Small,Pro,150,0,65,36.38461538461539,0,,,8,0.625,0.5
478,Germany,SaaS,Small,Pro,150,0,51,37.01960784313726,3,22.0,7.0,8,0.75,0.625
479,USA,SaaS,Medium,Basic,50,1,16,4.9375,3,93.33333333333333,3.0,2,0.0,0.5
480,USA,Finance,Small,Pro,150,0,89,35.07865168539326,2,15.0,6.5,9,0.6666666666666666,0.7777777777777778
481,Canada,SaaS,Enterprise,Enterprise,500,0,46,36.369565217391305,4,31.0,7.75,12,0.6666666666666666,0.4166666666666667
482,Canada,Education,Medium,Enterprise,500,1,14,4.071428571428571,6,55.333333333333336,3.0,2,0.0,0.0
483,USA,Retail,Medium,Pro,150,0,53,37.509433962264154,0,,,15,1.0,0.4666666666666667
484,Germany,SaaS,Medium,Basic,50,0,114,34.41228070175438,2,18.0,7.5,6,0.8333333333333334,0.6666666666666666
485,Canada,Finance,Medium,Pro,150,1,9,5.333333333333333,10,66.9,2.9,3,0.0,0.0
486,USA,Education,Enterprise,Basic,50,1,12,6.416666666666667,9,55.44444444444444,3.2222222222222223,3,0.0,0.3333333333333333
487,UK,Healthcare,Enterprise,Enterprise,500,0,103,35.640776699029125,2,29.5,7.5,11,0.9090909090909091,0.6363636363636364
488,Germany,Healthcare,Small,Enterprise,500,0,43,32.86046511627907,2,26.0,7.0,9,0.6666666666666666,0.3333333333333333
489,India,Education,Medium,Basic,50,1,16,4.9375,9,71.44444444444444,2.888888888888889,2,1.0,0.0
490,USA,Finance,Enterprise,Pro,150,0,64,36.15625,3,33.0,7.333333333333333,8,0.75,0.875
491,UK,Retail,Enterprise,Pro,150,0,113,32.610619469026545,0,,,13,0.6923076923076923,0.6153846153846154
492,Canada,Education,Enterprise,Basic,50,0,50,34.72,3,19.0,8.333333333333334,10,0.8,0.4
493,Canada,SaaS,Enterprise,Basic,50,0,103,34.37864077669903,1,21.0,9.0,12,0.9166666666666666,0.9166666666666666
494,India,SaaS,Small,Basic,50,1,19,6.368421052631579,5,86.0,2.2,4,0.0,0.0
495,India,Finance,Medium,Basic,50,0,114,33.333333333333336,0,,,5,0.6,0.6
496,India,SaaS,Small,Basic,50,0,75,34.22666666666667,1,11.0,6.0,14,0.8571428571428571,0.7857142857142857
497,UK,Education,Enterprise,Basic,50,0,92,34.22826086956522,2,22.5,7.5,6,0.6666666666666666,0.8333333333333334
498,Germany,SaaS,Small,Basic,50,0,83,32.80722891566265,4,16.5,7.5,8,0.75,0.5
499,USA,SaaS,Enterprise,Basic,50,1,18,4.388888888888889,10,59.0,3.4,3,0.0,0.6666666666666666
500,Canada,Healthcare,Medium,Pro,150,0,41,30.341463414634145,2,30.0,9.0,14,0.7142857142857143,0.5714285714285714
501,Germany,Retail,Medium,Pro,150,1,7,4.571428571428571,3,87.0,1.3333333333333333,5,0.0,0.0
502,UK,Finance,Medium,Basic,50,1,5,4.2,9,80.88888888888889,2.4444444444444446,1,0.0,0.0
503,India,Education,Enterprise,Pro,150,0,103,33.271844660194176,3,13.666666666666666,6.666666666666667,12,0.9166666666666666,0.5
504,USA,SaaS,Small,Basic,50,1,17,4.705882352941177,4,49.5,3.5,1,1.0,0.0
505,UK,Education,Small,Basic,50,0,87,32.59770114942529,0,,,13,0.7692307692307693,0.38461538461538464
506,USA,Finance,Medium,Pro,150,1,20,5.95,8,69.625,1.875,4,0.0,0.25
507,Germany,Retail,Enterprise,Basic,50,0,113,31.893805309734514,1,4.0,8.0,12,0.9166666666666666,0.75
508,Germany,Retail,Medium,Basic,50,0,85,34.45882352941177,1,4.0,9.0,6,0.6666666666666666,0.6666666666666666
509,UK,Education,Small,Basic,50,1,12,5.083333333333333,6,72.0,2.6666666666666665,3,0.0,0.0
510,India,Retail,Small,Enterprise,500,0,120,33.275,2,33.5,7.5,6,0.5,0.3333333333333333
511,India,Education,Medium,Enterprise,500,0,64,33.8125,2,20.5,6.0,11,0.7272727272727273,0.7272727272727273
512,Canada,Finance,Small,Basic,50,0,106,34.72641509433962,1,3.0,9.0,5,1.0,0.8
513,UK,Retail,Enterprise,Basic,50,0,79,35.734177215189874,0,,,7,0.5714285714285714,0.5714285714285714
514,USA,SaaS,Small,Pro,150,0,45,32.91111111111111,0,,,10,0.8,0.5
515,India,Healthcare,Small,Pro,150,0,68,34.01470588235294,2,21.0,6.0,7,1.0,0.42857142857142855
516,India,Finance,Medium,Basic,50,0,85,35.423529411764704,3,26.0,8.0,13,0.7692307692307693,0.5384615384615384
517,USA,SaaS,Medium,Enterprise,500,0,75,35.0,4,25.75,7.25,13,0.8461538461538461,0.5384615384615384
518,Germany,Healthcare,Small,Pro,150,0,44,33.04545454545455,0,,,5,1.0,0.2
519,Germany,Education,Enterprise,Basic,50,0,113,34.80530973451327,3,33.333333333333336,7.666666666666667,15,0.9333333333333333,0.7333333333333333
520,UK,Education,Enterprise,Pro,150,0,74,33.83783783783784,2,27.5,8.0,8,0.875,0.25
521,India,SaaS,Medium,Basic,50,0,91,34.89010989010989,4,27.75,7.75,5,1.0,0.2
522,USA,Retail,Small,Basic,50,1,16,4.125,3,63.333333333333336,4.0,2,0.5,0.0
523,Germany,SaaS,Medium,Basic,50,1,12,4.666666666666667,7,84.71428571428571,2.2857142857142856,5,0.2,0.0
524,Canada,Retail,Enterprise,Enterprise,500,0,61,37.14754098360656,2,16.5,8.0,7,0.7142857142857143,0.8571428571428571
525,Germany,Retail,Medium,Basic,50,0,112,35.044642857142854,1,19.0,9.0,11,0.8181818181818182,0.6363636363636364
526,USA,Retail,Small,Enterprise,500,0,53,33.39622641509434,4,30.0,7.25,5,0.6,0.6
527,India,Healthcare,Enterprise,Pro,150,0,90,36.022222222222226,4,35.5,6.75,15,0.8666666666666667,0.4666666666666667
528,Germany,Finance,Small,Basic,50,0,84,35.154761904761905,1,8.0,8.0,13,0.6923076923076923,0.38461538461538464
529,Germany,SaaS,Small,Pro,150,1,14,5.0,5,67.4,3.4,4,0.25,0.25
530,Germany,Education,Medium,Pro,150,0,84,31.36904761904762,2,32.5,6.0,12,0.6666666666666666,0.3333333333333333
531,Canada,SaaS,Medium,Pro,150,0,64,33.34375,0,,,5,0.8,0.6
532,India,Finance,Small,Basic,50,1,12,4.5,4,71.25,3.0,4,0.25,0.0
533,India,Healthcare,Small,Enterprise,500,1,19,5.7368421052631575,6,56.333333333333336,4.333333333333333,5,0.4,0.0
534,Canada,SaaS,Enterprise,Basic,50,0,93,33.666666666666664,4,23.0,7.5,5,0.8,1.0
535,Canada,Healthcare,Medium,Basic,50,1,14,5.071428571428571,6,75.16666666666667,3.1666666666666665,2,0.0,0.5
536,India,Healthcare,Small,Basic,50,0,41,32.90243902439025,0,,,15,0.8,0.4666666666666667
537,USA,Healthcare,Medium,Pro,150,0,59,36.728813559322035,1,30.0,6.0,9,0.5555555555555556,0.4444444444444444
538,UK,Healthcare,Enterprise,Pro,150,0,113,35.424778761061944,3,40.0,8.0,13,0.6923076923076923,0.8461538461538461
539,UK,SaaS,Small,Basic,50,1,10,5.4,8,77.375,2.625,3,0.6666666666666666,0.0
540,Germany,Retail,Enterprise,Pro,150,0,85,32.95294117647059,1,14.0,7.0,15,0.8,0.6
541,Canada,Retail,Enterprise,Pro,150,0,83,35.855421686746986,4,14.25,8.0,7,0.7142857142857143,0.5714285714285714
542,Canada,Education,Medium,Basic,50,0,82,35.073170731707314,3,18.666666666666668,7.0,13,0.9230769230769231,0.5384615384615384
543,India,Healthcare,Medium,Basic,50,0,106,34.72641509433962,1,40.0,7.0,8,0.75,0.375
544,USA,Retail,Medium,Pro,150,0,58,36.724137931034484,0,,,9,0.6666666666666666,0.5555555555555556
545,India,Finance,Enterprise,Basic,50,1,20,6.1,3,75.66666666666667,3.0,2,0.0,0.0
546,USA,Finance,Enterprise,Pro,150,0,60,30.35,3,27.666666666666668,6.333333333333333,14,0.9285714285714286,0.42857142857142855
547,USA,Finance,Medium,Basic,50,0,41,30.878048780487806,4,31.25,8.0,11,0.6363636363636364,0.7272727272727273
548,Germany,SaaS,Small,Pro,150,0,111,33.68468468468468,3,30.0,7.333333333333333,12,0.6666666666666666,0.6666666666666666
549,India,Finance,Small,Pro,150,0,59,37.186440677966104,2,34.0,8.0,8,0.75,0.625
550,USA,Education,Enterprise,Basic,50,0,92,35.90217391304348,0,,,11,0.9090909090909091,0.7272727272727273
551,Canada,Retail,Medium,Basic,50,0,69,36.072463768115945,3,26.333333333333332,8.0,8,0.875,0.5
552,Canada,Education,Enterprise,Basic,50,1,8,5.0,6,73.16666666666667,2.6666666666666665,3,0.0,0.0
553,USA,Retail,Enterprise,Basic,50,0,64,37.921875,4,22.25,7.25,14,1.0,0.6428571428571429
554,UK,Finance,Enterprise,Basic,50,0,46,30.695652173913043,4,20.5,8.0,8,0.75,0.5
555,Germany,Education,Small,Pro,150,0,101,33.43564356435643,2,37.0,7.5,11,0.9090909090909091,0.7272727272727273
556,USA,Retail,Small,Basic,50,0,42,32.523809523809526,3,18.0,8.0,14,0.7142857142857143,0.5714285714285714
557,India,SaaS,Enterprise,Enterprise,500,0,72,32.84722222222222,0,,,12,0.75,0.6666666666666666
558,UK,SaaS,Small,Pro,150,0,77,36.87012987012987,4,12.75,7.5,7,0.8571428571428571,0.7142857142857143
559,Germany,Retail,Enterprise,Pro,150,0,100,34.04,2,25.0,7.0,10,0.9,0.7
560,Canada,Education,Small,Pro,150,0,62,34.95161290322581,4,24.5,8.25,5,0.8,0.6
561,India,Finance,Medium,Basic,50,0,89,32.82022471910113,4,30.5,7.75,15,0.7333333333333333,0.4666666666666667
562,Germany,Retail,Medium,Pro,150,0,80,34.3,2,22.5,6.5,8,0.75,0.625
563,Canada,SaaS,Enterprise,Basic,50,0,81,34.358024691358025,2,37.0,7.0,7,0.5714285714285714,0.7142857142857143
564,India,SaaS,Medium,Basic,50,0,41,36.97560975609756,4,18.25,7.0,12,0.75,0.4166666666666667
565,USA,Education,Enterprise,Basic,50,1,11,6.454545454545454,3,58.0,4.666666666666667,4,0.5,0.0
566,Germany,Finance,Medium,Basic,50,0,43,33.86046511627907,2,27.0,9.0,12,0.8333333333333334,0.6666666666666666
567,Canada,Healthcare,Medium,Basic,50,0,100,36.02,3,19.666666666666668,6.333333333333333,15,0.8,0.4666666666666667
568,USA,Education,Enterprise,Enterprise,500,0,41,32.75609756097561,1,45.0,7.0,7,0.7142857142857143,0.8571428571428571
569,UK,Finance,Medium,Basic,50,0,106,36.216981132075475,4,26.25,8.0,11,0.8181818181818182,0.8181818181818182
570,Germany,Healthcare,Enterprise,Basic,50,1,6,4.166666666666667,7,52.285714285714285,3.857142857142857,3,0.0,0.3333333333333333
571,USA,Finance,Enterprise,Basic,50,0,119,33.554621848739494,4,20.25,7.5,7,0.7142857142857143,0.7142857142857143
572,Germany,Finance,Small,Basic,50,1,7,4.857142857142857,8,59.0,3.5,3,0.3333333333333333,0.3333333333333333
573,Canada,SaaS,Enterprise,Basic,50,0,46,31.717391304347824,0,,,8,0.875,0.75
574,Germany,Education,Medium,Pro,150,0,110,33.481818181818184,4,27.5,7.0,12,0.8333333333333334,0.6666666666666666
575,USA,Finance,Medium,Basic,50,1,20,6.05,6,67.66666666666667,2.1666666666666665,5,0.2,0.4
576,UK,Healthcare,Medium,Pro,150,0,111,34.31531531531532,4,15.0,8.5,7,0.8571428571428571,0.42857142857142855
577,Germany,Healthcare,Small,Basic,50,0,101,35.23762376237624,0,,,6,0.6666666666666666,0.5
578,UK,Healthcare,Small,Pro,150,0,75,35.626666666666665,4,34.0,8.0,5,0.8,1.0
579,India,SaaS,Enterprise,Basic,50,0,43,38.2093023255814,3,23.666666666666668,7.0,14,0.8571428571428571,0.42857142857142855
580,Canada,Education,Small,Enterprise,500,0,47,35.57446808510638,3,26.333333333333332,8.333333333333334,14,0.9285714285714286,0.7142857142857143
581,India,Education,Small,Pro,150,0,43,33.53488372093023,4,24.75,7.0,13,0.8461538461538461,0.7692307692307693
582,Canada,Retail,Small,Basic,50,0,59,35.94915254237288,0,,,12,1.0,0.75
583,UK,Healthcare,Enterprise,Pro,150,1,11,3.909090909090909,5,97.2,3.8,3,0.3333333333333333,0.0
584,Canada,Healthcare,Enterprise,Enterprise,500,0,54,34.48148148148148,3,18.666666666666668,6.666666666666667,13,0.7692307692307693,0.5384615384615384
585,Germany,SaaS,Medium,Basic,50,0,116,35.37931034482759,1,30.0,8.0,6,0.8333333333333334,0.6666666666666666
586,India,Healthcare,Medium,Basic,50,0,69,31.318840579710145,4,28.25,7.75,11,1.0,0.7272727272727273
587,Canada,Finance,Enterprise,Basic,50,1,11,5.2727272727272725,7,55.714285714285715,2.5714285714285716,5,0.4,0.4
588,Germany,Healthcare,Enterprise,Basic,50,0,69,35.927536231884055,1,35.0,7.0,14,0.8571428571428571,0.7142857142857143
589,UK,Finance,Medium,Pro,150,0,72,34.541666666666664,2,24.5,7.5,7,0.7142857142857143,0.2857142857142857
590,UK,Finance,Enterprise,Basic,50,1,15,6.133333333333334,10,74.9,3.2,1,0.0,0.0
591,Canada,Retail,Medium,Pro,150,0,66,36.65151515151515,4,19.5,6.75,10,0.8,0.3
592,India,Retail,Enterprise,Basic,50,0,120,36.40833333333333,2,40.5,8.0,8,1.0,0.75
593,Canada,Retail,Small,Basic,50,0,118,35.83898305084746,0,,,13,0.8461538461538461,0.5384615384615384
594,UK,Education,Small,Pro,150,0,93,32.81720430107527,2,13.0,8.0,6,1.0,0.6666666666666666
595,India,SaaS,Enterprise,Pro,150,0,51,36.333333333333336,2,28.0,7.5,9,0.6666666666666666,0.7777777777777778
596,Germany,Finance,Enterprise,Basic,50,0,51,34.588235294117645,1,39.0,6.0,8,1.0,0.625
597,USA,Education,Small,Pro,150,0,118,36.44915254237288,4,19.75,6.0,7,0.5714285714285714,0.42857142857142855
598,India,SaaS,Small,Basic,50,0,88,34.04545454545455,1,19.0,6.0,11,0.8181818181818182,0.5454545454545454
599,India,Retail,Enterprise,Enterprise,500,0,85,29.694117647058825,4,22.25,7.25,10,0.8,0.7
600,UK,Retail,Small,Pro,150,0,55,35.85454545454545,0,,,8,0.75,0.25
601,UK,Retail,Medium,Pro,150,0,106,32.84905660377358,4,24.5,8.0,13,0.9230769230769231,0.46153846153846156
602,USA,Retail,Small,Basic,50,0,91,35.989010989010985,0,,,9,0.7777777777777778,0.5555555555555556
603,Germany,Education,Medium,Basic,50,1,13,5.3076923076923075,9,93.66666666666667,1.8888888888888888,4,0.0,0.0
604,UK,Retail,Small,Basic,50,1,6,6.0,9,68.88888888888889,2.5555555555555554,5,0.2,0.2
605,India,Healthcare,Small,Pro,150,0,69,36.391304347826086,0,,,10,0.7,0.7
606,India,SaaS,Enterprise,Basic,50,0,60,34.166666666666664,0,,,14,0.6428571428571429,0.7142857142857143
607,India,Healthcare,Small,Basic,50,1,13,4.769230769230769,6,62.0,2.8333333333333335,1,0.0,0.0
608,USA,Finance,Medium,Basic,50,0,114,32.90350877192982,1,37.0,6.0,12,0.75,0.5
609,UK,Retail,Medium,Enterprise,500,0,73,34.013698630136986,3,26.333333333333332,6.333333333333333,9,0.7777777777777778,0.4444444444444444
610,Canada,SaaS,Small,Basic,50,0,65,33.07692307692308,2,16.5,7.0,5,0.6,0.6
611,USA,Finance,Small,Pro,150,0,76,33.68421052631579,2,17.0,7.0,9,1.0,0.4444444444444444
612,UK,Education,Enterprise,Enterprise,500,0,55,33.018181818181816,0,,,11,0.7272727272727273,0.5454545454545454
613,Canada,Education,Medium,Pro,150,0,96,36.354166666666664,2,38.5,8.5,11,0.9090909090909091,0.36363636363636365
614,USA,Finance,Small,Pro,150,0,77,33.72727272727273,4,28.75,7.5,5,1.0,0.4
615,India,SaaS,Small,Basic,50,0,82,35.30487804878049,3,24.333333333333332,6.666666666666667,9,1.0,0.7777777777777778
616,UK,Retail,Enterprise,Basic,50,0,55,33.63636363636363,2,38.0,8.0,11,0.7272727272727273,0.6363636363636364
617,Canada,Retail,Small,Pro,150,1,16,4.8125,10,66.7,2.2,3,0.6666666666666666,0.3333333333333333
618,USA,Retail,Enterprise,Pro,150,0,60,37.016666666666666,1,36.0,6.0,11,0.7272727272727273,0.5454545454545454
619,Canada,SaaS,Enterprise,Pro,150,0,95,32.705263157894734,4,21.25,7.5,12,0.8333333333333334,0.5
620,Canada,Education,Small,Pro,150,0,116,35.11206896551724,2,19.5,8.0,12,0.75,0.6666666666666666
621,UK,Finance,Medium,Basic,50,0,111,36.009009009009006,0,,,12,0.8333333333333334,0.8333333333333334
622,USA,Education,Medium,Basic,50,0,79,34.08860759493671,1,6.0,9.0,9,0.7777777777777778,0.6666666666666666
623,UK,Education,Medium,Basic,50,1,15,4.533333333333333,10,68.2,3.0,4,0.5,0.25
624,UK,SaaS,Enterprise,Basic,50,0,94,37.11702127659574,4,29.5,7.5,11,0.8181818181818182,0.6363636363636364
625,India,SaaS,Enterprise,Basic,50,0,114,33.5,2,20.5,7.5,10,0.8,0.6
626,Canada,Education,Enterprise,Enterprise,500,0,51,33.19607843137255,0,,,6,0.8333333333333334,0.3333333333333333
627,Canada,SaaS,Medium,Enterprise,500,1,6,6.5,4,72.0,2.0,5,0.4,0.0
628,Germany,SaaS,Enterprise,Enterprise,500,0,76,34.14473684210526,4,35.25,8.0,12,0.75,0.6666666666666666
629,Germany,Finance,Medium,Basic,50,0,102,35.80392156862745,2,39.0,7.0,10,0.9,0.5
630,USA,Finance,Small,Pro,150,0,65,34.707692307692305,1,7.0,9.0,12,0.8333333333333334,0.5
631,India,Healthcare,Enterprise,Basic,50,0,100,35.15,1,32.0,6.0,9,0.7777777777777778,0.7777777777777778
632,USA,Education,Enterprise,Pro,150,0,98,35.36734693877551,1,25.0,6.0,13,0.6153846153846154,0.46153846153846156
633,India,Healthcare,Small,Basic,50,1,8,6.875,8,60.875,2.75,5,0.6,0.2
634,India,Education,Medium,Basic,50,1,17,4.823529411764706,4,85.25,3.0,2,0.5,0.0
635,UK,Retail,Enterprise,Enterprise,500,0,83,35.855421686746986,2,29.0,6.5,10,1.0,0.6
636,Germany,Healthcare,Small,Basic,50,1,8,4.875,4,94.0,4.25,2,0.0,0.0
637,USA,Retail,Small,Basic,50,1,14,5.357142857142857,5,59.4,2.6,2,0.0,0.0
638,India,Healthcare,Small,Pro,150,0,54,33.592592592592595,1,17.0,8.0,14,0.7857142857142857,0.7142857142857143
639,UK,SaaS,Medium,Basic,50,0,81,36.864197530864196,4,17.25,7.5,6,1.0,0.5
640,India,Education,Medium,Basic,50,1,12,4.166666666666667,3,59.333333333333336,4.0,1,1.0,0.0
641,Canada,Retail,Medium,Enterprise,500,0,75,37.2,3,39.333333333333336,7.333333333333333,9,0.5555555555555556,0.5555555555555556
642,USA,Healthcare,Medium,Pro,150,0,113,35.097345132743364,4,43.25,8.25,8,0.625,0.75
643,India,SaaS,Enterprise,Pro,150,0,53,33.056603773584904,0,,,13,0.9230769230769231,0.46153846153846156
644,India,Finance,Small,Basic,50,0,117,32.75213675213675,3,24.0,7.666666666666667,10,0.9,0.5
645,India,Retail,Medium,Pro,150,0,80,34.65,1,33.0,7.0,15,0.6666666666666666,0.4666666666666667
646,Germany,Retail,Medium,Basic,50,1,17,5.470588235294118,4,43.0,3.75,1,0.0,0.0
647,UK,Retail,Enterprise,Basic,50,0,72,34.02777777777778,0,,,14,0.8571428571428571,0.42857142857142855
648,Germany,Finance,Enterprise,Basic,50,0,105,34.50476190476191,4,23.5,6.75,14,0.8571428571428571,0.5
649,India,SaaS,Enterprise,Pro,150,0,87,34.01149425287356,2,7.0,7.5,9,0.8888888888888888,0.4444444444444444
650,Germany,SaaS,Medium,Pro,150,0,114,36.30701754385965,1,45.0,8.0,12,0.8333333333333334,0.5833333333333334
651,Canada,Healthcare,Enterprise,Basic,50,0,69,32.289855072463766,3,24.0,7.0,11,0.7272727272727273,0.45454545454545453
652,India,Finance,Small,Pro,150,0,71,35.15492957746479,3,15.0,7.666666666666667,14,0.6428571428571429,0.7857142857142857
653,USA,Finance,Enterprise,Pro,150,0,49,36.06122448979592,4,22.25,8.25,9,0.8888888888888888,0.8888888888888888
654,India,Finance,Medium,Basic,50,1,8,5.5,5,59.0,2.8,4,0.75,0.25
655,Canada,Retail,Small,Basic,50,1,17,5.294117647058823,6,73.33333333333333,3.0,4,0.0,0.0
656,Germany,Finance,Medium,Basic,50,0,68,35.10294117647059,4,18.25,7.5,8,0.75,0.375
657,USA,Finance,Enterprise,Pro,150,0,106,36.04716981132076,1,10.0,9.0,8,0.625,0.625
658,Germany,Finance,Enterprise,Pro,150,1,6,3.6666666666666665,8,78.0,3.25,4,0.25,0.0
659,USA,SaaS,Enterprise,Pro,150,0,76,34.85526315789474,4,11.75,8.0,10,0.9,0.9
660,Germany,Finance,Enterprise,Pro,150,0,101,33.79207920792079,0,,,5,0.8,0.6
661,UK,SaaS,Small,Basic,50,0,71,35.71830985915493,4,13.75,6.75,6,1.0,0.5
662,Canada,Retail,Small,Basic,50,1,9,5.555555555555555,3,110.66666666666667,2.0,3,0.3333333333333333,0.3333333333333333
663,UK,SaaS,Small,Basic,50,1,9,4.222222222222222,9,72.44444444444444,3.4444444444444446,4,0.0,0.0
664,India,Finance,Medium,Basic,50,0,90,34.522222222222226,4,18.75,6.25,8,0.75,0.5
665,Canada,SaaS,Enterprise,Basic,50,0,46,31.717391304347824,2,37.0,7.5,15,0.9333333333333333,0.7333333333333333
666,UK,Retail,Medium,Basic,50,1,9,5.666666666666667,5,71.2,3.2,1,1.0,0.0
667,India,Retail,Small,Enterprise,500,0,76,36.9078947368421,2,7.0,7.5,15,0.7333333333333333,0.8
668,Canada,Healthcare,Enterprise,Basic,50,1,6,7.0,5,75.2,2.8,2,1.0,1.0
669,India,Retail,Medium,Basic,50,1,11,4.818181818181818,3,64.66666666666667,3.6666666666666665,4,0.0,0.25
670,India,Healthcare,Small,Pro,150,1,9,4.888888888888889,9,65.55555555555556,3.0,5,0.6,0.0
671,USA,Healthcare,Medium,Pro,150,0,70,33.44285714285714,4,15.5,7.25,5,0.6,0.6
672,Canada,Retail,Enterprise,Enterprise,500,0,48,34.395833333333336,1,7.0,8.0,13,0.8461538461538461,0.7692307692307693
673,USA,Finance,Medium,Enterprise,500,0,92,35.619565217391305,0,,,11,1.0,0.7272727272727273
674,Germany,Healthcare,Enterprise,Basic,50,1,18,5.888888888888889,9,79.66666666666667,3.4444444444444446,4,0.0,0.25
675,India,Retail,Small,Basic,50,1,10,5.2,4,66.25,3.25,5,0.6,0.0
676,USA,Healthcare,Small,Basic,50,1,18,5.722222222222222,6,70.66666666666667,3.1666666666666665,2,0.0,0.0
677,Germany,Healthcare,Enterprise,Pro,150,0,106,35.22641509433962,0,,,15,0.7333333333333333,0.5333333333333333
678,Germany,SaaS,Enterprise,Enterprise,500,0,113,34.19469026548673,0,,,12,0.8333333333333334,0.4166666666666667
679,India,Finance,Enterprise,Basic,50,1,17,5.823529411764706,6,83.33333333333333,2.5,5,0.4,0.0
680,USA,Education,Enterprise,Basic,50,0,76,37.328947368421055,1,47.0,6.0,10,0.7,0.9
681,India,Finance,Small,Basic,50,0,43,32.41860465116279,2,29.5,6.0,12,0.9166666666666666,0.5833333333333334
682,UK,Finance,Enterprise,Basic,50,1,14,5.071428571428571,6,84.66666666666667,2.0,1,1.0,0.0
683,UK,SaaS,Small,Enterprise,500,0,103,34.76699029126213,4,36.0,6.75,12,0.8333333333333334,0.25
684,UK,Healthcare,Medium,Basic,50,0,98,32.5,4,9.5,7.0,14,0.8571428571428571,0.7142857142857143
685,USA,Finance,Enterprise,Basic,50,1,13,3.923076923076923,8,85.25,2.75,1,0.0,0.0
686,Canada,Finance,Medium,Basic,50,1,5,6.8,10,68.7,3.1,4,0.5,0.0
687,Canada,Healthcare,Enterprise,Basic,50,0,87,31.942528735632184,0,,,12,0.6666666666666666,0.5833333333333334
688,USA,SaaS,Medium,Enterprise,500,0,105,32.838095238095235,2,17.5,8.5,15,0.7333333333333333,0.3333333333333333
689,Germany,Retail,Enterprise,Basic,50,0,120,35.9,4,35.75,8.25,14,0.8571428571428571,0.6428571428571429
690,Germany,Retail,Enterprise,Basic,50,0,100,35.31,1,2.0,9.0,13,0.7692307692307693,0.5384615384615384
691,USA,Healthcare,Medium,Basic,50,1,17,5.176470588235294,6,72.66666666666667,3.3333333333333335,1,0.0,0.0
692,USA,Retail,Medium,Basic,50,0,53,34.15094339622642,2,22.5,6.5,9,0.8888888888888888,0.6666666666666666
693,Canada,Finance,Small,Basic,50,0,72,32.44444444444444,3,18.333333333333332,7.333333333333333,9,0.8888888888888888,0.6666666666666666
694,Canada,Education,Small,Basic,50,0,86,33.75581395348837,2,30.5,6.5,8,0.875,0.5
695,UK,Retail,Enterprise,Basic,50,0,93,33.903225806451616,4,25.25,7.0,5,1.0,0.8
696,USA,SaaS,Enterprise,Pro,150,0,53,34.15094339622642,0,,,8,0.875,0.625
697,UK,Finance,Small,Basic,50,0,88,36.34090909090909,4,16.5,7.5,15,0.7333333333333333,0.5333333333333333
698,UK,Finance,Enterprise,Pro,150,0,87,35.632183908045974,0,,,7,0.7142857142857143,0.5714285714285714
699,UK,Finance,Enterprise,Basic,50,0,96,35.104166666666664,3,17.666666666666668,7.666666666666667,10,0.9,0.6
700,India,SaaS,Medium,Basic,50,0,108,33.74074074074074,0,,,10,0.9,0.7
701,UK,Education,Medium,Pro,150,1,19,4.368421052631579,5,66.6,3.2,1,1.0,0.0
702,UK,Finance,Enterprise,Basic,50,0,80,31.15,0,,,14,0.8571428571428571,0.7142857142857143
703,Canada,SaaS,Enterprise,Pro,150,0,41,34.073170731707314,4,14.25,7.5,15,0.8666666666666667,0.6
704,UK,Education,Enterprise,Enterprise,500,0,58,35.44827586206897,3,26.333333333333332,6.333333333333333,11,0.8181818181818182,0.6363636363636364
705,UK,Healthcare,Enterprise,Pro,150,0,113,34.94690265486726,4,19.0,6.75,9,0.7777777777777778,0.5555555555555556
706,Canada,Education,Medium,Pro,150,0,109,34.137614678899084,2,18.5,9.0,14,0.6428571428571429,0.8571428571428571
707,Canada,SaaS,Small,Basic,50,0,49,35.16326530612245,0,,,12,0.8333333333333334,0.5
708,USA,SaaS,Enterprise,Basic,50,0,75,34.053333333333335,4,31.75,7.5,10,0.9,0.3
709,Canada,Finance,Enterprise,Basic,50,0,82,33.109756097560975,0,,,11,0.7272727272727273,0.2727272727272727
710,UK,Education,Medium,Enterprise,500,0,118,34.652542372881356,0,,,10,1.0,0.5
711,Canada,SaaS,Medium,Enterprise,500,0,70,35.51428571428571,4,28.5,8.0,6,0.8333333333333334,0.6666666666666666
712,Canada,Finance,Enterprise,Basic,50,0,94,37.159574468085104,4,22.5,7.75,8,0.75,0.625
713,India,Retail,Small,Basic,50,0,74,33.310810810810814,0,,,15,0.8666666666666667,0.7333333333333333
714,Germany,Finance,Medium,Basic,50,0,53,34.43396226415094,2,9.0,7.5,6,0.8333333333333334,0.8333333333333334
715,USA,SaaS,Small,Basic,50,1,10,5.8,6,72.0,2.6666666666666665,3,0.3333333333333333,0.0
716,Germany,Retail,Medium,Basic,50,0,48,36.291666666666664,0,,,9,0.6666666666666666,0.4444444444444444
717,Germany,Healthcare,Medium,Pro,150,0,62,35.33870967741935,0,,,5,0.6,1.0
718,Canada,Healthcare,Medium,Basic,50,1,11,3.3636363636363638,9,69.66666666666667,2.7777777777777777,5,0.4,0.0
719,India,Finance,Medium,Basic,50,0,59,34.03389830508475,0,,,9,0.6666666666666666,0.3333333333333333
720,UK,Finance,Enterprise,Basic,50,0,45,30.822222222222223,3,11.666666666666666,7.0,5,0.6,0.6
721,Canada,SaaS,Medium,Basic,50,0,55,35.41818181818182,4,24.25,7.75,11,0.8181818181818182,0.7272727272727273
722,UK,Retail,Small,Basic,50,0,73,32.6986301369863,1,6.0,9.0,10,0.9,0.5
723,India,Retail,Small,Basic,50,1,17,5.235294117647059,10,80.1,2.4,3,0.3333333333333333,0.0
724,UK,SaaS,Small,Pro,150,0,105,34.10476190476191,2,42.0,6.5,8,0.875,0.75
725,India,Retail,Enterprise,Basic,50,1,10,5.4,5,68.8,2.6,4,0.5,0.25
726,Germany,Healthcare,Small,Basic,50,0,64,30.265625,4,20.25,7.5,6,0.6666666666666666,1.0
727,India,Education,Enterprise,Basic,50,1,17,4.705882352941177,8,85.75,2.75,5,0.4,0.0
728,India,Healthcare,Small,Pro,150,0,77,35.18181818181818,2,31.5,6.5,6,0.6666666666666666,0.5
729,Germany,Education,Medium,Basic,50,0,115,34.17391304347826,3,19.666666666666668,7.333333333333333,11,1.0,0.7272727272727273
730,Germany,Finance,Medium,Basic,50,1,9,6.444444444444445,9,69.66666666666667,2.888888888888889,2,0.0,0.0
731,USA,SaaS,Medium,Pro,150,0,100,33.86,3,15.333333333333334,8.333333333333334,11,0.6363636363636364,0.36363636363636365
732,Canada,Retail,Small,Enterprise,500,0,81,36.27160493827161,4,24.0,7.75,12,0.8333333333333334,0.75
733,UK,Education,Medium,Basic,50,0,64,35.828125,2,14.5,8.0,10,1.0,0.6
734,USA,SaaS,Medium,Pro,150,0,89,35.247191011235955,0,,,13,0.7692307692307693,0.5384615384615384
735,Germany,Education,Enterprise,Pro,150,0,78,33.743589743589745,0,,,6,0.5,0.6666666666666666
736,Germany,Finance,Enterprise,Pro,150,0,113,36.51327433628319,2,20.5,7.0,9,0.5555555555555556,0.7777777777777778
737,USA,SaaS,Medium,Basic,50,0,66,31.71212121212121,1,1.0,7.0,5,1.0,0.6
738,UK,Finance,Enterprise,Basic,50,0,54,35.907407407407405,3,25.666666666666668,7.0,11,0.9090909090909091,0.5454545454545454
739,India,Retail,Medium,Pro,150,0,56,35.69642857142857,0,,,10,0.7,0.4
740,USA,Retail,Small,Basic,50,1,14,6.214285714285714,3,69.33333333333333,3.0,4,0.5,0.0
741,Canada,Education,Small,Pro,150,1,9,3.5555555555555554,7,56.57142857142857,3.4285714285714284,4,0.5,0.0
742,India,Education,Medium,Pro,150,0,117,35.427350427350426,4,36.75,7.25,12,0.6666666666666666,0.3333333333333333
743,USA,Retail,Enterprise,Basic,50,0,60,32.6,0,,,12,0.75,0.5833333333333334
744,Germany,Education,Medium,Pro,150,0,72,32.56944444444444,2,39.0,6.5,6,1.0,0.6666666666666666
745,Canada,Education,Small,Basic,50,0,107,34.74766355140187,4,33.75,7.0,12,0.9166666666666666,0.5833333333333334
746,UK,SaaS,Medium,Basic,50,0,41,32.829268292682926,2,27.0,7.5,5,0.8,0.0
747,India,Finance,Enterprise,Basic,50,0,47,33.57446808510638,0,,,13,0.7692307692307693,0.7692307692307693
748,India,Healthcare,Small,Basic,50,1,18,4.777777777777778,6,76.83333333333333,1.5,1,0.0,0.0
749,Canada,Education,Medium,Basic,50,0,100,34.85,1,29.0,8.0,14,0.6428571428571429,0.5
750,Canada,SaaS,Small,Pro,150,0,86,34.883720930232556,2,25.0,8.5,7,0.8571428571428571,0.8571428571428571
751,USA,Healthcare,Enterprise,Basic,50,0,110,35.9,1,46.0,9.0,7,0.7142857142857143,0.5714285714285714
752,India,Retail,Enterprise,Basic,50,1,15,5.733333333333333,5,49.0,4.0,4,0.0,0.25
753,Germany,Healthcare,Enterprise,Basic,50,1,19,3.3684210526315788,4,60.5,2.25,1,0.0,0.0
754,Canada,Healthcare,Medium,Basic,50,1,15,5.333333333333333,10,64.8,2.4,5,0.6,0.2
755,Canada,Finance,Small,Pro,150,0,47,33.702127659574465,4,12.25,7.0,15,0.8666666666666667,0.6
756,Germany,Education,Enterprise,Basic,50,0,94,33.712765957446805,3,35.0,7.666666666666667,13,1.0,0.46153846153846156
757,India,Education,Medium,Basic,50,1,19,4.842105263157895,7,72.14285714285714,2.857142857142857,5,0.6,0.0
758,Canada,Education,Enterprise,Basic,50,0,97,36.49484536082474,3,15.0,8.0,14,0.6428571428571429,0.7857142857142857
759,Germany,Education,Medium,Basic,50,0,119,31.49579831932773,3,32.666666666666664,8.0,15,0.8,0.6
760,Germany,SaaS,Medium,Basic,50,1,12,6.166666666666667,9,88.88888888888889,2.0,3,0.0,0.6666666666666666
761,India,SaaS,Medium,Basic,50,0,97,35.78350515463917,4,33.5,7.5,14,0.6428571428571429,0.5714285714285714
762,Canada,Finance,Enterprise,Basic,50,1,20,4.1,6,87.16666666666667,2.8333333333333335,2,0.0,0.0
763,USA,Education,Medium,Basic,50,0,74,33.08108108108108,3,20.666666666666668,7.333333333333333,12,0.8333333333333334,0.6666666666666666
764,India,Education,Enterprise,Enterprise,500,0,90,36.58888888888889,1,29.0,8.0,10,0.9,0.8
765,UK,SaaS,Enterprise,Enterprise,500,0,42,35.595238095238095,1,42.0,6.0,7,0.7142857142857143,0.7142857142857143
766,Germany,Healthcare,Enterprise,Pro,150,0,104,33.16346153846154,3,6.666666666666667,8.0,15,0.6,0.5333333333333333
767,Canada,Retail,Small,Basic,50,1,5,4.6,10,72.3,3.1,4,0.25,0.25
768,UK,SaaS,Enterprise,Pro,150,0,113,33.876106194690266,4,20.5,7.5,14,0.9285714285714286,0.5
769,USA,Healthcare,Small,Pro,150,1,20,5.8,6,84.16666666666667,3.5,5,0.2,0.0
770,Germany,Finance,Medium,Pro,150,0,100,35.25,0,,,15,0.8,0.6666666666666666
771,UK,Retail,Enterprise,Enterprise,500,1,10,5.3,9,64.0,2.888888888888889,1,0.0,0.0
772,UK,Retail,Enterprise,Pro,150,0,120,32.041666666666664,4,26.75,7.5,12,0.8333333333333334,0.5833333333333334
773,Canada,Retail,Enterprise,Pro,150,0,78,33.32051282051282,1,2.0,7.0,13,0.7692307692307693,0.3076923076923077
774,USA,Healthcare,Enterprise,Pro,150,0,80,35.35,2,20.0,9.0,15,0.9333333333333333,0.6
775,UK,Education,Medium,Pro,150,0,51,39.705882352941174,4,16.25,7.25,15,0.7333333333333333,0.6666666666666666
776,Germany,Education,Medium,Basic,50,0,94,35.40425531914894,0,,,14,0.7142857142857143,0.5
777,India,Healthcare,Medium,Basic,50,1,5,6.0,10,74.3,2.8,5,0.4,0.0
778,Canada,Finance,Enterprise,Basic,50,0,56,35.089285714285715,3,19.333333333333332,7.666666666666667,7,1.0,0.14285714285714285
779,India,Finance,Enterprise,Enterprise,500,0,62,34.08064516129032,2,14.5,8.5,14,0.7857142857142857,0.7142857142857143
780,Germany,Healthcare,Small,Basic,50,1,12,5.416666666666667,10,74.0,3.0,3,0.3333333333333333,0.3333333333333333
781,India,Education,Medium,Pro,150,1,13,5.3076923076923075,8,53.125,3.75,2,0.0,0.0
782,UK,Finance,Medium,Basic,50,0,78,34.57692307692308,4,30.5,7.5,13,0.5384615384615384,0.5384615384615384
783,UK,Retail,Medium,Enterprise,500,0,92,34.59782608695652,3,21.0,8.0,11,1.0,0.6363636363636364
784,Germany,Finance,Enterprise,Pro,150,0,70,33.457142857142856,1,11.0,8.0,8,0.75,0.5
785,India,Finance,Small,Pro,150,0,52,31.51923076923077,3,22.333333333333332,7.333333333333333,12,0.9166666666666666,0.75
786,Canada,Education,Medium,Pro,150,0,117,32.00854700854701,4,29.0,8.5,5,0.6,0.6
787,Germany,Finance,Small,Basic,50,0,91,34.65934065934066,3,31.0,8.0,5,1.0,0.4
788,India,SaaS,Medium,Pro,150,0,102,34.245098039215684,1,16.0,6.0,12,0.8333333333333334,0.6666666666666666
789,USA,Finance,Medium,Basic,50,1,9,5.555555555555555,4,68.25,4.25,4,0.25,0.0
790,India,Retail,Small,Basic,50,1,7,5.428571428571429,8,76.75,3.125,4,0.25,0.0
791,UK,Education,Medium,Basic,50,0,85,35.54117647058823,2,13.0,8.5,7,1.0,0.5714285714285714
792,Canada,Finance,Small,Basic,50,0,55,33.96363636363636,4,24.5,7.5,12,0.75,0.6666666666666666
793,USA,Education,Enterprise,Basic,50,0,74,34.24324324324324,2,25.0,8.0,12,0.75,0.4166666666666667
794,Canada,Healthcare,Small,Basic,50,0,119,34.554621848739494,1,18.0,9.0,8,0.75,0.625
795,USA,Education,Small,Pro,150,0,60,36.61666666666667,2,22.0,8.5,9,0.6666666666666666,0.6666666666666666
796,UK,SaaS,Small,Basic,50,1,20,4.9,4,58.0,1.75,2,0.5,0.0
797,Germany,Finance,Enterprise,Basic,50,0,74,35.108108108108105,1,1.0,9.0,11,0.6363636363636364,0.6363636363636364
798,Germany,SaaS,Enterprise,Basic,50,1,18,4.5,4,74.25,2.75,4,0.25,0.25
799,UK,SaaS,Enterprise,Pro,150,0,96,33.395833333333336,4,24.0,7.25,11,0.7272727272727273,0.6363636363636364
800,UK,Retail,Enterprise,Basic,50,0,112,34.464285714285715,4,28.25,8.0,14,0.8571428571428571,0.5
801,Germany,Retail,Enterprise,Enterprise,500,0,84,34.035714285714285,4,17.25,7.0,5,1.0,0.6
802,UK,Finance,Medium,Enterprise,500,0,67,33.62686567164179,1,38.0,7.0,14,0.9285714285714286,0.6428571428571429
803,India,SaaS,Small,Basic,50,1,5,4.8,7,58.857142857142854,3.0,3,0.0,0.3333333333333333
804,Canada,Healthcare,Enterprise,Basic,50,0,57,33.0,0,,,6,0.8333333333333334,0.6666666666666666
805,USA,Healthcare,Medium,Basic,50,0,89,33.8876404494382,3,26.333333333333332,8.0,6,0.8333333333333334,0.8333333333333334
806,UK,SaaS,Medium,Basic,50,0,110,30.6,4,28.25,7.5,9,1.0,0.5555555555555556
807,Germany,Healthcare,Enterprise,Pro,150,0,61,33.868852459016395,3,23.666666666666668,6.666666666666667,13,0.7692307692307693,0.46153846153846156
808,India,SaaS,Small,Basic,50,1,10,6.4,10,81.4,3.1,1,0.0,0.0
809,India,Education,Enterprise,Pro,150,0,69,34.18840579710145,2,29.0,8.0,7,0.7142857142857143,0.5714285714285714
810,USA,Finance,Medium,Basic,50,1,8,3.875,10,68.9,3.7,4,0.25,0.5
811,Germany,Education,Enterprise,Basic,50,0,95,35.96842105263158,3,25.0,7.333333333333333,9,0.7777777777777778,0.4444444444444444
812,Germany,Healthcare,Enterprise,Basic,50,0,77,35.42857142857143,0,,,8,0.875,0.75
813,Germany,Finance,Small,Pro,150,0,84,30.345238095238095,1,4.0,8.0,15,0.7333333333333333,0.6666666666666666
814,USA,Finance,Small,Basic,50,1,15,5.266666666666667,3,91.33333333333333,3.3333333333333335,3,0.3333333333333333,0.0
815,Germany,Finance,Enterprise,Basic,50,1,10,6.0,4,75.5,2.5,3,0.6666666666666666,0.3333333333333333
816,UK,SaaS,Enterprise,Basic,50,0,41,31.024390243902438,4,29.0,7.0,14,0.8571428571428571,0.7857142857142857
817,India,Finance,Enterprise,Pro,150,0,95,35.189473684210526,3,27.0,7.0,9,0.7777777777777778,0.5555555555555556
818,UK,Healthcare,Enterprise,Basic,50,0,48,37.5,1,18.0,8.0,12,0.6666666666666666,0.5833333333333334
819,Germany,Retail,Enterprise,Basic,50,0,86,38.75581395348837,0,,,5,1.0,0.2
820,India,SaaS,Medium,Basic,50,1,11,5.545454545454546,8,82.875,2.375,3,0.6666666666666666,0.0
821,USA,Healthcare,Small,Pro,150,0,102,36.76470588235294,2,25.0,8.5,12,0.8333333333333334,0.3333333333333333
822,Germany,Finance,Small,Pro,150,0,60,34.85,4,24.75,8.25,12,0.75,0.75
823,USA,Finance,Medium,Basic,50,1,20,4.55,3,101.66666666666667,2.3333333333333335,1,0.0,0.0
824,UK,Retail,Medium,Basic,50,0,109,35.03669724770642,1,37.0,7.0,12,0.6666666666666666,0.8333333333333334
825,India,Finance,Enterprise,Basic,50,0,106,32.556603773584904,1,19.0,6.0,7,0.7142857142857143,0.5714285714285714
826,Canada,SaaS,Medium,Basic,50,1,13,5.923076923076923,8,74.75,3.125,3,0.3333333333333333,0.3333333333333333
827,India,Healthcare,Small,Pro,150,0,111,35.126126126126124,3,17.333333333333332,7.666666666666667,6,1.0,0.5
828,USA,Retail,Medium,Enterprise,500,0,86,33.03488372093023,0,,,11,0.5454545454545454,0.5454545454545454
829,UK,Retail,Enterprise,Basic,50,0,108,35.370370370370374,3,18.0,7.333333333333333,6,1.0,0.5
830,Canada,Finance,Enterprise,Pro,150,0,51,34.588235294117645,2,18.0,6.5,11,1.0,0.5454545454545454
831,USA,Finance,Medium,Basic,50,0,119,32.05042016806723,2,33.0,8.0,5,0.6,0.6
832,Canada,Healthcare,Small,Enterprise,500,0,87,34.47126436781609,0,,,12,0.9166666666666666,0.5
833,UK,Retail,Small,Basic,50,1,5,6.0,10,72.4,3.1,2,0.0,0.0
834,Germany,Education,Medium,Basic,50,1,20,4.7,10,83.7,2.9,3,0.6666666666666666,0.0
835,Germany,Education,Medium,Pro,150,0,63,34.142857142857146,0,,,10,0.7,0.6
836,Canada,Healthcare,Small,Basic,50,0,70,34.18571428571428,0,,,5,0.8,0.6
837,Canada,SaaS,Enterprise,Enterprise,500,0,42,33.214285714285715,0,,,10,0.7,0.4
838,Germany,Education,Enterprise,Basic,50,0,95,35.44210526315789,3,18.333333333333332,8.0,9,0.5555555555555556,0.6666666666666666
839,India,SaaS,Enterprise,Pro,150,0,82,32.78048780487805,3,17.0,8.0,13,0.9230769230769231,0.8461538461538461
840,USA,SaaS,Enterprise,Pro,150,0,67,37.8955223880597,1,10.0,9.0,9,0.8888888888888888,0.5555555555555556
841,Canada,Healthcare,Enterprise,Basic,50,0,101,33.504950495049506,1,31.0,6.0,8,0.75,0.5
842,Canada,Healthcare,Small,Basic,50,0,102,34.754901960784316,2,26.5,7.5,12,0.8333333333333334,0.6666666666666666
843,India,Education,Medium,Basic,50,0,43,33.395348837209305,0,,,10,0.8,0.7
844,USA,Healthcare,Enterprise,Basic,50,0,48,34.083333333333336,2,28.0,6.5,8,0.875,0.5
845,Canada,Retail,Small,Pro,150,0,73,34.35616438356164,2,27.5,7.5,5,1.0,0.6
846,Canada,Retail,Small,Basic,50,1,10,5.5,5,84.8,2.6,1,1.0,0.0
847,Germany,Healthcare,Enterprise,Basic,50,0,76,34.5921052631579,1,1.0,8.0,6,0.5,0.8333333333333334
848,Germany,Retail,Enterprise,Basic,50,1,19,5.105263157894737,4,68.0,2.25,1,1.0,0.0
849,USA,Education,Medium,Basic,50,1,10,5.9,10,73.8,2.9,2,0.5,0.0
850,India,SaaS,Medium,Basic,50,0,105,32.72380952380952,2,18.0,8.0,7,0.8571428571428571,0.5714285714285714
851,India,SaaS,Enterprise,Basic,50,0,115,34.573913043478264,1,38.0,9.0,10,0.6,0.6
852,UK,Education,Small,Basic,50,0,53,34.867924528301884,0,,,13,0.6923076923076923,0.6153846153846154
853,USA,Retail,Medium,Basic,50,0,84,35.57142857142857,1,2.0,7.0,12,0.9166666666666666,0.8333333333333334
854,USA,Education,Small,Basic,50,0,107,37.35514018691589,0,,,12,0.8333333333333334,0.5
855,USA,Retail,Small,Basic,50,0,70,35.614285714285714,0,,,11,1.0,0.45454545454545453
856,India,Retail,Small,Pro,150,0,100,33.41,0,,,6,0.8333333333333334,0.16666666666666666
857,UK,Retail,Medium,Pro,150,0,84,34.70238095238095,2,20.5,7.5,11,0.9090909090909091,0.5454545454545454
858,Germany,Retail,Medium,Enterprise,500,0,57,34.91228070175438,1,26.0,6.0,10,0.6,0.5
859,Germany,SaaS,Enterprise,Basic,50,0,53,32.20754716981132,1,43.0,9.0,14,0.7142857142857143,0.7142857142857143
860,Canada,Healthcare,Enterprise,Basic,50,1,5,5.8,5,75.0,3.0,3,0.6666666666666666,0.0
861,India,SaaS,Small,Basic,50,0,98,36.1530612244898,1,35.0,7.0,15,0.9333333333333333,0.4
862,Canada,Retail,Enterprise,Pro,150,0,118,33.80508474576271,2,34.0,7.5,6,0.8333333333333334,0.3333333333333333
863,UK,Healthcare,Small,Pro,150,0,51,38.15686274509804,1,42.0,7.0,15,0.8,0.6666666666666666
864,USA,Finance,Medium,Enterprise,500,0,84,33.30952380952381,4,20.0,7.75,11,1.0,0.5454545454545454
865,Canada,Retail,Enterprise,Pro,150,0,96,33.895833333333336,0,,,9,1.0,0.6666666666666666
866,Germany,Healthcare,Small,Basic,50,0,107,35.345794392523366,1,44.0,8.0,12,0.8333333333333334,0.3333333333333333
867,Germany,Finance,Small,Basic,50,0,120,34.766666666666666,4,15.25,8.25,10,0.6,0.7
868,India,Healthcare,Enterprise,Basic,50,0,68,34.05882352941177,2,19.5,7.0,11,0.9090909090909091,0.8181818181818182
869,USA,SaaS,Enterprise,Basic,50,0,54,31.925925925925927,2,29.0,7.5,14,0.5714285714285714,0.42857142857142855
870,Germany,Education,Small,Basic,50,0,65,36.261538461538464,1,42.0,6.0,11,0.9090909090909091,0.6363636363636364
871,UK,Healthcare,Small,Pro,150,0,84,32.86904761904762,4,27.25,7.5,6,0.8333333333333334,0.16666666666666666
872,USA,Education,Small,Pro,150,0,43,34.41860465116279,0,,,15,0.8,0.4666666666666667
873,Germany,Education,Enterprise,Basic,50,1,15,6.133333333333334,7,73.14285714285714,2.142857142857143,5,0.6,0.0
874,USA,Healthcare,Enterprise,Enterprise,500,0,51,35.64705882352941,2,21.5,9.0,6,0.6666666666666666,0.6666666666666666
875,USA,Retail,Medium,Pro,150,0,120,34.69166666666667,1,23.0,9.0,12,0.8333333333333334,0.5833333333333334
876,UK,Education,Small,Basic,50,0,117,34.05982905982906,3,18.666666666666668,7.333333333333333,11,0.9090909090909091,0.2727272727272727
877,USA,Healthcare,Enterprise,Pro,150,0,117,35.547008547008545,4,24.0,6.75,8,0.875,0.75
878,India,Healthcare,Enterprise,Basic,50,1,13,5.461538461538462,8,59.25,2.5,2,0.0,0.0
879,Canada,Finance,Enterprise,Basic,50,1,7,5.857142857142857,10,82.6,3.1,2,0.0,0.0
880,Canada,Finance,Small,Pro,150,0,42,31.166666666666668,4,25.0,8.0,15,0.7333333333333333,0.4666666666666667
881,India,Healthcare,Enterprise,Basic,50,0,60,36.13333333333333,3,15.333333333333334,7.333333333333333,6,0.8333333333333334,0.6666666666666666
882,Canada,Healthcare,Medium,Basic,50,0,42,34.80952380952381,0,,,12,0.75,0.75
883,India,Finance,Small,Pro,150,0,63,33.06349206349206,4,29.5,7.5,7,0.7142857142857143,0.7142857142857143
884,Canada,Education,Enterprise,Pro,150,0,46,34.65217391304348,0,,,9,0.7777777777777778,0.6666666666666666
885,UK,Retail,Enterprise,Pro,150,0,87,31.75862068965517,2,39.0,8.0,13,0.6923076923076923,0.5384615384615384
886,Germany,SaaS,Medium,Basic,50,0,99,36.19191919191919,1,25.0,9.0,11,0.9090909090909091,0.6363636363636364
887,Germany,Education,Medium,Basic,50,1,17,4.764705882352941,8,55.375,2.125,5,0.0,0.0
888,Germany,Retail,Small,Pro,150,1,19,4.7894736842105265,9,51.55555555555556,3.7777777777777777,3,0.3333333333333333,0.0
889,India,Retail,Small,Basic,50,0,45,32.93333333333333,4,21.25,6.5,15,0.6666666666666666,0.4
890,Canada,Retail,Small,Basic,50,1,18,5.222222222222222,5,68.0,3.6,3,0.0,0.0
891,UK,Finance,Enterprise,Enterprise,500,0,45,36.46666666666667,0,,,8,0.75,0.75
892,UK,Retail,Small,Basic,50,0,58,31.086206896551722,1,17.0,6.0,9,1.0,0.7777777777777778
893,Canada,Retail,Medium,Basic,50,0,50,34.72,2,13.5,7.5,12,0.5833333333333334,0.6666666666666666
894,Canada,Education,Small,Basic,50,1,8,3.5,7,63.0,2.857142857142857,3,0.0,0.0
895,Germany,Healthcare,Medium,Basic,50,0,91,34.15384615384615,0,,,15,0.8666666666666667,0.6
896,UK,Finance,Enterprise,Pro,150,0,67,35.23880597014925,2,28.5,8.5,14,0.8571428571428571,0.5714285714285714
897,USA,Retail,Medium,Enterprise,500,0,117,36.64102564102564,4,22.25,7.75,7,0.42857142857142855,0.8571428571428571
898,USA,Education,Enterprise,Pro,150,0,77,35.83116883116883,0,,,15,0.8,0.6
899,UK,SaaS,Medium,Pro,150,1,12,4.416666666666667,10,68.1,3.4,3,1.0,0.3333333333333333
900,Germany,Education,Enterprise,Pro,150,0,90,31.655555555555555,0,,,5,0.8,0.6
901,USA,SaaS,Small,Pro,150,1,18,5.055555555555555,4,58.0,2.75,2,0.5,0.0
902,Canada,Education,Small,Enterprise,500,0,117,33.41880341880342,0,,,9,0.8888888888888888,0.5555555555555556
903,Germany,Healthcare,Medium,Basic,50,0,117,32.22222222222222,0,,,15,0.8666666666666667,0.5333333333333333
904,India,SaaS,Small,Pro,150,0,81,33.2962962962963,1,38.0,7.0,6,1.0,0.6666666666666666
905,UK,SaaS,Enterprise,Pro,150,0,88,36.22727272727273,3,22.666666666666668,7.333333333333333,11,0.8181818181818182,0.7272727272727273
906,Germany,Healthcare,Enterprise,Pro,150,0,67,34.55223880597015,1,45.0,8.0,10,0.9,0.6
907,Canada,Healthcare,Medium,Basic,50,1,20,4.6,9,63.44444444444444,2.7777777777777777,3,0.6666666666666666,0.0
908,UK,Education,Medium,Basic,50,0,103,33.28155339805825,2,10.5,8.5,14,0.7857142857142857,0.9285714285714286
909,India,Retail,Medium,Basic,50,0,79,32.265822784810126,0,,,6,0.6666666666666666,0.3333333333333333
910,Canada,Finance,Medium,Basic,50,1,7,3.142857142857143,5,67.0,2.2,4,0.75,0.0
911,India,Finance,Enterprise,Enterprise,500,0,58,33.10344827586207,3,21.333333333333332,8.333333333333334,13,0.7692307692307693,0.38461538461538464
912,Germany,Retail,Small,Basic,50,1,14,5.285714285714286,4,85.5,2.25,2,0.0,0.0
913,Germany,Finance,Small,Pro,150,0,110,34.85454545454545,1,47.0,6.0,9,0.7777777777777778,0.6666666666666666
914,India,Finance,Medium,Pro,150,0,111,37.06306306306306,4,32.25,7.75,12,0.75,0.75
915,USA,Education,Small,Enterprise,500,0,50,35.88,3,33.0,6.333333333333333,9,0.8888888888888888,0.7777777777777778
916,UK,SaaS,Medium,Pro,150,0,43,36.55813953488372,1,46.0,7.0,6,0.8333333333333334,0.8333333333333334
917,Canada,Education,Enterprise,Basic,50,0,79,33.49367088607595,4,29.75,7.25,15,0.8666666666666667,0.5333333333333333
918,Germany,Finance,Small,Enterprise,500,0,84,34.476190476190474,0,,,10,0.9,0.8
919,UK,Finance,Small,Pro,150,0,67,33.19402985074627,1,35.0,8.0,5,1.0,0.6
920,Germany,Education,Small,Basic,50,0,51,36.64705882352941,2,16.0,6.5,11,0.6363636363636364,0.9090909090909091
921,Germany,Education,Enterprise,Pro,150,0,51,35.68627450980392,0,,,15,0.6666666666666666,0.5333333333333333
922,India,Finance,Medium,Basic,50,0,83,34.44578313253012,2,31.0,8.5,11,0.8181818181818182,0.6363636363636364
923,Germany,Retail,Small,Pro,150,1,16,4.6875,9,73.11111111111111,1.8888888888888888,4,0.25,0.25
924,India,Healthcare,Small,Basic,50,1,18,5.111111111111111,3,74.66666666666667,3.3333333333333335,4,0.0,0.25
925,Canada,Retail,Small,Basic,50,1,19,5.473684210526316,4,58.25,3.25,5,0.2,0.0
926,Canada,SaaS,Enterprise,Enterprise,500,0,72,36.44444444444444,2,26.5,7.5,12,0.9166666666666666,0.5833333333333334
927,USA,SaaS,Enterprise,Basic,50,0,92,33.5,0,,,5,1.0,0.6
928,USA,SaaS,Medium,Basic,50,1,6,4.5,4,66.25,4.5,1,1.0,0.0
929,UK,Healthcare,Small,Basic,50,0,54,34.111111111111114,0,,,15,0.7333333333333333,0.5333333333333333
930,UK,SaaS,Small,Basic,50,0,53,37.886792452830186,4,20.25,7.25,11,0.6363636363636364,0.8181818181818182
931,Canada,Retail,Medium,Pro,150,0,51,36.549019607843135,1,37.0,6.0,6,0.6666666666666666,1.0
932,USA,Education,Enterprise,Basic,50,1,18,5.166666666666667,7,56.57142857142857,4.285714285714286,1,0.0,0.0
933,Canada,Retail,Enterprise,Pro,150,0,72,34.666666666666664,3,17.333333333333332,7.333333333333333,6,0.16666666666666666,0.6666666666666666
934,Germany,SaaS,Small,Pro,150,0,54,33.592592592592595,1,36.0,7.0,12,0.8333333333333334,0.3333333333333333
935,Canada,Education,Medium,Basic,50,0,111,34.612612612612615,4,27.5,8.0,5,0.8,0.6
936,USA,SaaS,Enterprise,Pro,150,0,42,32.92857142857143,3,26.0,8.666666666666666,15,0.8,0.6
937,India,Education,Medium,Basic,50,0,91,30.835164835164836,0,,,12,0.9166666666666666,0.6666666666666666
938,USA,Education,Enterprise,Basic,50,1,12,5.75,8,64.125,2.625,1,0.0,0.0
939,Germany,Healthcare,Small,Basic,50,0,53,34.75471698113208,2,24.0,6.5,11,0.7272727272727273,0.36363636363636365
940,USA,Education,Small,Pro,150,0,119,34.403361344537814,4,14.25,7.5,14,0.8571428571428571,0.6428571428571429
941,UK,Healthcare,Enterprise,Basic,50,0,113,32.5929203539823,0,,,12,0.75,0.6666666666666666
942,Canada,Finance,Medium,Basic,50,0,81,35.04938271604938,1,42.0,7.0,13,0.6923076923076923,0.6153846153846154
943,India,Retail,Small,Basic,50,1,12,5.166666666666667,9,78.44444444444444,3.2222222222222223,2,0.0,0.0
944,India,Retail,Medium,Pro,150,0,114,37.078947368421055,4,29.5,7.5,15,0.8666666666666667,0.8666666666666667
945,Canada,Healthcare,Enterprise,Pro,150,0,87,34.701149425287355,3,18.666666666666668,7.666666666666667,5,1.0,0.4
946,UK,Finance,Enterprise,Basic,50,0,90,33.86666666666667,0,,,13,0.6923076923076923,0.6153846153846154
947,USA,SaaS,Small,Basic,50,1,15,4.866666666666666,3,95.0,2.3333333333333335,3,0.0,0.3333333333333333
948,Germany,Retail,Medium,Pro,150,0,94,32.62765957446808,3,20.666666666666668,8.333333333333334,7,0.8571428571428571,0.42857142857142855
949,Canada,Retail,Small,Basic,50,1,6,4.666666666666667,4,74.5,3.25,1,0.0,0.0
950,USA,Healthcare,Small,Basic,50,0,94,34.90425531914894,0,,,14,0.7142857142857143,0.6428571428571429
951,Germany,Retail,Enterprise,Basic,50,1,19,5.631578947368421,4,86.0,2.75,1,1.0,0.0
952,India,Education,Small,Basic,50,0,86,32.76744186046512,0,,,15,0.8666666666666667,0.6
953,Canada,SaaS,Small,Basic,50,1,16,4.75,8,61.125,2.875,3,0.3333333333333333,0.0
954,UK,Education,Medium,Basic,50,1,20,5.0,9,82.22222222222223,2.3333333333333335,2,0.0,0.0
955,India,SaaS,Small,Basic,50,0,57,32.0,2,10.5,9.0,11,1.0,0.45454545454545453
956,India,Education,Enterprise,Pro,150,0,108,32.53703703703704,1,26.0,6.0,5,1.0,0.2
957,USA,Healthcare,Medium,Pro,150,0,41,32.829268292682926,4,16.5,8.0,11,0.7272727272727273,0.6363636363636364
958,USA,Healthcare,Enterprise,Basic,50,0,46,35.608695652173914,2,31.5,8.0,11,1.0,0.5454545454545454
959,UK,Retail,Small,Pro,150,0,57,35.280701754385966,4,21.5,6.75,15,0.8,0.6666666666666666
960,India,Healthcare,Enterprise,Pro,150,0,44,36.75,3,29.333333333333332,8.333333333333334,13,0.6923076923076923,0.6153846153846154
961,UK,Education,Medium,Basic,50,0,116,34.16379310344828,4,35.25,7.5,14,0.8571428571428571,0.5714285714285714
962,Canada,Finance,Medium,Basic,50,0,80,36.2375,3,21.0,8.333333333333334,12,0.6666666666666666,0.5
963,UK,SaaS,Enterprise,Pro,150,0,75,34.06666666666667,4,24.75,7.75,9,1.0,0.7777777777777778
964,India,SaaS,Small,Basic,50,0,44,34.72727272727273,2,34.5,7.5,14,0.8571428571428571,0.5
965,Germany,Healthcare,Small,Pro,150,1,9,4.666666666666667,5,52.4,3.6,4,0.5,0.25
966,India,Education,Enterprise,Basic,50,1,11,5.909090909090909,7,69.85714285714286,3.4285714285714284,5,0.0,0.0
967,Canada,Retail,Medium,Pro,150,0,112,35.44642857142857,0,,,12,0.75,0.6666666666666666
968,USA,Finance,Medium,Pro,150,0,61,33.721311475409834,1,27.0,9.0,13,0.6923076923076923,0.7692307692307693
969,Germany,Healthcare,Medium,Basic,50,0,81,34.28395061728395,1,23.0,9.0,10,1.0,0.4
970,Canada,Retail,Medium,Basic,50,0,66,29.015151515151516,4,26.25,7.75,9,0.8888888888888888,0.5555555555555556
971,UK,Education,Enterprise,Basic,50,0,98,33.5,3,27.333333333333332,7.333333333333333,8,0.625,0.25
972,Germany,SaaS,Enterprise,Pro,150,0,82,32.40243902439025,1,20.0,8.0,11,0.6363636363636364,0.7272727272727273
973,India,Healthcare,Enterprise,Basic,50,0,42,37.07142857142857,2,17.0,6.5,13,0.6153846153846154,0.5384615384615384
974,USA,SaaS,Medium,Pro,150,1,11,5.363636363636363,8,82.0,2.625,5,0.4,0.0
975,UK,Retail,Enterprise,Pro,150,0,101,33.118811881188115,4,21.5,6.75,5,1.0,0.8
976,UK,Retail,Medium,Pro,150,0,80,36.3125,1,17.0,7.0,6,0.3333333333333333,0.8333333333333334
977,India,SaaS,Small,Pro,150,0,51,35.35294117647059,0,,,13,0.6923076923076923,0.46153846153846156
978,USA,Finance,Medium,Pro,150,1,17,5.117647058823529,4,61.25,3.5,1,0.0,0.0
979,India,Finance,Small,Pro,150,0,116,37.19827586206897,0,,,14,0.7857142857142857,0.2857142857142857
980,UK,SaaS,Small,Pro,150,0,74,38.513513513513516,4,29.75,8.25,9,0.7777777777777778,0.8888888888888888
981,Germany,Retail,Enterprise,Basic,50,1,13,5.461538461538462,6,72.33333333333333,3.3333333333333335,1,0.0,0.0
982,Canada,Education,Medium,Enterprise,500,0,106,33.367924528301884,0,,,9,0.8888888888888888,0.3333333333333333
983,USA,SaaS,Small,Pro,150,0,105,35.542857142857144,1,47.0,6.0,11,0.9090909090909091,0.5454545454545454
984,India,Education,Small,Basic,50,1,14,6.214285714285714,5,94.4,3.0,5,0.6,0.0
985,Canada,Education,Medium,Basic,50,1,12,6.416666666666667,9,59.333333333333336,3.0,4,0.5,0.0
986,Germany,SaaS,Medium,Basic,50,1,14,5.142857142857143,10,71.7,3.7,4,0.75,0.0
987,Germany,Retail,Small,Basic,50,0,80,33.25,4,18.25,7.25,5,0.8,0.4
988,Canada,Healthcare,Enterprise,Basic,50,1,6,6.0,7,61.142857142857146,2.7142857142857144,5,0.0,0.2
989,Canada,Healthcare,Enterprise,Basic,50,0,112,32.955357142857146,4,25.25,7.75,14,0.7857142857142857,0.8571428571428571
990,Germany,Healthcare,Small,Basic,50,0,107,34.271028037383175,4,28.0,7.25,5,1.0,0.8
991,India,Finance,Medium,Basic,50,1,16,5.25,10,74.2,2.3,1,1.0,0.0
992,Germany,Healthcare,Small,Basic,50,0,87,32.3448275862069,2,22.5,8.5,12,0.6666666666666666,0.3333333333333333
993,UK,Retail,Medium,Pro,150,0,56,36.05357142857143,2,38.5,6.0,14,1.0,0.5714285714285714
994,Germany,Finance,Medium,Basic,50,0,82,35.109756097560975,0,,,15,0.9333333333333333,0.5333333333333333
995,USA,Finance,Medium,Basic,50,1,10,4.5,8,59.375,3.125,1,1.0,0.0
996,UK,Retail,Enterprise,Pro,150,0,75,35.08,3,37.0,7.333333333333333,15,1.0,0.6
997,Canada,Healthcare,Medium,Enterprise,500,0,113,35.230088495575224,3,27.333333333333332,8.666666666666666,10,0.8,0.7
998,USA,Healthcare,Medium,Basic,50,0,110,37.72727272727273,0,,,5,1.0,0.6
999,USA,Retail,Medium,Basic,50,1,10,5.0,10,56.7,2.8,3,0.6666666666666666,0.3333333333333333
1000,Canada,Retail,Medium,Enterprise,500,0,93,33.204301075268816,2,26.0,7.0,10,0.8,0.6
1001,Germany,Finance,Medium,Basic,50,0,94,36.40425531914894,0,,,14,0.6428571428571429,0.6428571428571429
1002,Canada,Healthcare,Medium,Basic,50,0,88,33.42045454545455,2,25.0,8.0,9,0.6666666666666666,0.7777777777777778
1003,India,Education,Enterprise,Pro,150,0,102,33.088235294117645,1,24.0,7.0,15,0.8,0.7333333333333333
1004,UK,Retail,Medium,Basic,50,0,91,35.54945054945055,0,,,5,1.0,0.6
1005,UK,Retail,Medium,Pro,150,1,20,5.35,4,50.25,3.0,4,0.0,0.0
1006,India,Retail,Enterprise,Basic,50,0,90,36.31111111111111,0,,,10,0.8,0.6
1007,UK,Finance,Medium,Enterprise,500,0,91,36.75824175824176,3,17.333333333333332,7.0,9,0.5555555555555556,0.7777777777777778
1008,India,Retail,Medium,Basic,50,0,93,33.16129032258065,3,29.666666666666668,7.0,8,0.875,0.375
1009,USA,Education,Small,Basic,50,0,69,33.11594202898551,2,29.0,7.0,6,0.5,0.6666666666666666
1010,Canada,Education,Small,Pro,150,0,66,33.666666666666664,3,33.666666666666664,7.0,6,0.8333333333333334,0.5
1011,Canada,SaaS,Enterprise,Basic,50,0,54,33.18518518518518,4,24.0,8.0,7,0.8571428571428571,0.8571428571428571
1012,Germany,Healthcare,Medium,Pro,150,0,108,35.0462962962963,1,31.0,7.0,6,1.0,0.6666666666666666
1013,India,SaaS,Medium,Basic,50,0,62,33.11290322580645,0,,,6,1.0,0.8333333333333334
1014,Germany,Healthcare,Enterprise,Basic,50,1,7,5.857142857142857,9,78.88888888888889,2.7777777777777777,4,0.0,0.0
1015,India,Healthcare,Medium,Basic,50,0,114,31.228070175438596,2,27.0,7.0,14,0.6428571428571429,0.7142857142857143
1016,UK,Retail,Medium,Pro,150,0,120,35.15833333333333,4,32.25,6.5,8,0.75,0.625
1017,USA,Retail,Enterprise,Basic,50,1,20,4.8,6,51.333333333333336,3.3333333333333335,4,0.25,0.0
1018,Germany,Education,Medium,Pro,150,0,116,34.58620689655172,2,26.5,8.0,5,1.0,0.6
1019,Canada,Education,Enterprise,Pro,150,0,56,36.660714285714285,3,13.333333333333334,7.666666666666667,15,0.8666666666666667,0.7333333333333333
1020,Germany,Education,Small,Basic,50,0,42,33.23809523809524,4,22.5,8.25,15,0.7333333333333333,0.6666666666666666
1021,India,Education,Enterprise,Basic,50,1,5,2.8,8,80.5,2.375,4,0.5,0.0
1022,USA,SaaS,Small,Pro,150,0,56,33.232142857142854,2,18.5,6.5,10,0.6,0.8
1023,India,Healthcare,Enterprise,Basic,50,0,120,34.75833333333333,1,17.0,9.0,5,0.8,0.8
1024,Canada,SaaS,Enterprise,Basic,50,1,17,4.9411764705882355,4,45.75,2.5,2,0.0,0.5
1025,Germany,Finance,Medium,Basic,50,1,12,5.5,9,73.88888888888889,2.7777777777777777,4,0.0,0.0
1026,USA,SaaS,Small,Basic,50,0,80,33.975,3,22.0,7.333333333333333,10,0.7,0.7
1027,India,Healthcare,Enterprise,Basic,50,0,85,31.776470588235295,2,5.5,7.0,15,0.8666666666666667,0.4
1028,Canada,Education,Enterprise,Pro,150,0,113,36.0353982300885,0,,,8,0.875,0.5
1029,Canada,Healthcare,Medium,Pro,150,0,111,33.189189189189186,4,26.25,7.0,10,0.9,0.5
1030,India,Retail,Medium,Basic,50,1,5,4.4,5,83.0,3.0,1,0.0,0.0
1031,Canada,Education,Small,Pro,150,0,41,37.51219512195122,1,47.0,6.0,7,1.0,0.5714285714285714
1032,India,SaaS,Medium,Pro,150,0,52,36.30769230769231,0,,,14,0.9285714285714286,0.7857142857142857
1033,USA,Finance,Medium,Pro,150,0,105,34.857142857142854,3,24.0,7.666666666666667,13,0.7692307692307693,0.6923076923076923
1034,USA,SaaS,Enterprise,Enterprise,500,0,74,34.310810810810814,1,14.0,7.0,13,0.8461538461538461,0.6153846153846154
1035,UK,Finance,Medium,Basic,50,0,59,36.440677966101696,1,45.0,9.0,8,0.875,0.75
1036,India,Retail,Small,Pro,150,0,61,31.950819672131146,2,12.5,7.0,11,0.9090909090909091,0.36363636363636365
1037,Canada,Retail,Medium,Pro,150,0,107,34.504672897196265,0,,,10,0.9,0.8
1038,Germany,SaaS,Medium,Pro,150,1,10,6.6,4,91.0,3.75,4,0.25,0.0
1039,Germany,Finance,Small,Pro,150,0,88,35.95454545454545,2,30.5,8.0,9,0.7777777777777778,0.7777777777777778
1040,India,SaaS,Enterprise,Enterprise,500,0,118,35.26271186440678,3,35.666666666666664,7.666666666666667,9,0.7777777777777778,0.7777777777777778
1041,USA,SaaS,Medium,Basic,50,0,84,34.523809523809526,4,18.5,8.0,10,0.9,0.4
1042,USA,Healthcare,Enterprise,Basic,50,1,7,5.285714285714286,5,66.0,4.4,5,0.2,0.2
1043,UK,Education,Small,Pro,150,0,80,33.9,0,,,9,0.6666666666666666,0.4444444444444444
1044,Canada,Healthcare,Medium,Basic,50,0,95,35.36842105263158,4,18.0,7.25,8,0.75,0.625
1045,Canada,Retail,Medium,Basic,50,0,83,31.433734939759034,3,29.333333333333332,7.666666666666667,12,0.8333333333333334,0.6666666666666666
1046,UK,Retail,Enterprise,Basic,50,0,117,35.15384615384615,3,18.0,6.666666666666667,7,0.8571428571428571,0.5714285714285714
1047,UK,Healthcare,Enterprise,Basic,50,0,105,31.904761904761905,0,,,8,1.0,0.625
1048,Germany,Retail,Small,Pro,150,0,59,34.94915254237288,1,39.0,8.0,14,0.8571428571428571,0.6428571428571429
1049,Canada,Healthcare,Medium,Pro,150,0,50,38.2,3,31.666666666666668,7.0,11,1.0,0.45454545454545453
1050,Canada,Retail,Medium,Pro,150,1,19,5.157894736842105,9,83.88888888888889,3.5555555555555554,2,0.5,0.0
1051,USA,Healthcare,Small,Basic,50,1,12,4.5,8,77.75,2.25,4,0.25,0.25
1052,India,SaaS,Enterprise,Basic,50,0,111,33.648648648648646,0,,,11,0.8181818181818182,0.6363636363636364
1053,USA,Education,Small,Basic,50,1,7,5.285714285714286,6,62.833333333333336,3.1666666666666665,2,0.0,0.0
1054,India,Finance,Small,Pro,150,0,119,31.428571428571427,3,34.0,7.333333333333333,11,0.7272727272727273,0.6363636363636364
1055,Germany,SaaS,Medium,Pro,150,0,78,35.294871794871796,1,19.0,8.0,9,1.0,0.7777777777777778
1056,Germany,Education,Enterprise,Pro,150,0,66,34.84848484848485,1,19.0,6.0,15,0.8666666666666667,0.5333333333333333
1057,India,Education,Medium,Basic,50,0,106,31.80188679245283,3,22.333333333333332,7.0,12,0.5833333333333334,0.6666666666666666
1058,Canada,Retail,Enterprise,Basic,50,0,42,35.73809523809524,4,26.75,7.75,7,0.8571428571428571,0.5714285714285714
1059,USA,Finance,Medium,Basic,50,1,11,4.090909090909091,9,76.33333333333333,3.2222222222222223,4,0.0,0.0
1060,Germany,Education,Small,Pro,150,0,96,36.260416666666664,0,,,15,0.8,0.8
1061,India,Education,Enterprise,Basic,50,0,102,33.294117647058826,3,37.0,7.0,7,0.8571428571428571,0.42857142857142855
1062,USA,Healthcare,Medium,Pro,150,0,88,35.98863636363637,1,17.0,9.0,15,0.9333333333333333,0.7333333333333333
1063,USA,Healthcare,Medium,Basic,50,1,8,4.5,8,58.25,4.125,1,1.0,0.0
1064,USA,Healthcare,Medium,Basic,50,0,46,33.0,2,19.5,7.0,13,0.7692307692307693,0.6153846153846154
1065,UK,Education,Medium,Enterprise,500,0,74,35.58108108108108,3,22.0,8.0,13,0.7692307692307693,0.5384615384615384
1066,Germany,Education,Small,Pro,150,0,95,34.189473684210526,4,32.0,7.5,12,0.9166666666666666,0.4166666666666667
1067,Canada,Retail,Medium,Basic,50,0,91,34.69230769230769,0,,,8,1.0,0.75
1068,UK,Retail,Enterprise,Basic,50,1,6,5.833333333333333,7,74.57142857142857,3.4285714285714284,3,0.6666666666666666,0.3333333333333333
1069,Canada,Healthcare,Enterprise,Basic,50,0,43,33.72093023255814,1,5.0,8.0,6,0.6666666666666666,1.0
1070,UK,Retail,Medium,Basic,50,0,100,32.07,1,31.0,6.0,10,0.6,0.4
1071,UK,Healthcare,Medium,Basic,50,1,11,4.181818181818182,9,70.0,2.3333333333333335,2,1.0,0.5
1072,Germany,Education,Small,Basic,50,0,78,34.80769230769231,0,,,10,0.8,0.6
1073,India,SaaS,Medium,Basic,50,0,51,33.8235294117647,1,20.0,9.0,15,0.8666666666666667,0.26666666666666666
1074,UK,Healthcare,Medium,Basic,50,0,42,33.76190476190476,4,23.25,7.5,6,1.0,0.3333333333333333
1075,Canada,Education,Enterprise,Basic,50,0,50,34.3,2,20.0,7.5,15,0.8,0.8666666666666667
1076,Germany,Retail,Enterprise,Basic,50,0,40,33.275,2,14.5,8.5,5,0.8,0.8
1077,Germany,Retail,Enterprise,Enterprise,500,0,103,34.23300970873787,1,35.0,8.0,8,0.875,0.875
1078,Germany,Retail,Small,Basic,50,1,6,4.0,7,70.57142857142857,2.5714285714285716,2,0.0,0.0
1079,USA,Education,Small,Pro,150,0,114,35.79824561403509,4,22.0,7.25,15,0.8,0.6
1080,UK,Finance,Small,Basic,50,1,5,6.0,7,56.714285714285715,2.4285714285714284,3,0.0,0.0
1081,India,Healthcare,Enterprise,Basic,50,1,14,5.285714285714286,8,84.0,3.25,1,0.0,0.0
1082,India,Healthcare,Medium,Pro,150,0,62,31.806451612903224,4,21.5,7.75,15,0.6,0.5333333333333333
1083,Canada,Retail,Enterprise,Basic,50,0,48,36.229166666666664,2,24.0,8.0,7,1.0,1.0
1084,Canada,SaaS,Enterprise,Basic,50,1,16,4.5,3,52.333333333333336,3.3333333333333335,1,0.0,0.0
1085,USA,Finance,Enterprise,Basic,50,0,117,34.1965811965812,2,17.0,6.5,12,0.6666666666666666,0.8333333333333334
1086,India,Education,Small,Pro,150,1,16,4.9375,9,68.55555555555556,2.7777777777777777,2,0.5,0.5
1087,Germany,Education,Small,Basic,50,0,98,37.87755102040816,1,24.0,9.0,6,0.8333333333333334,0.6666666666666666
1088,Germany,SaaS,Enterprise,Pro,150,1,9,5.444444444444445,10,66.2,3.1,4,0.25,0.25
1089,UK,Finance,Small,Pro,150,0,72,31.76388888888889,3,20.333333333333332,6.666666666666667,12,0.75,0.5833333333333334
1090,Germany,Finance,Medium,Basic,50,1,10,5.2,5,75.4,4.0,4,0.25,0.0
1091,USA,Retail,Small,Pro,150,0,49,32.30612244897959,2,22.0,6.0,13,0.7692307692307693,0.6923076923076923
1092,UK,Healthcare,Enterprise,Enterprise,500,0,43,31.558139534883722,2,21.0,7.0,12,0.5833333333333334,0.4166666666666667
1093,Canada,Finance,Enterprise,Basic,50,0,72,38.15277777777778,2,40.0,7.5,11,0.8181818181818182,0.5454545454545454
1094,Canada,Retail,Small,Enterprise,500,0,47,30.19148936170213,2,9.0,8.0,11,1.0,0.6363636363636364
1095,Canada,Healthcare,Small,Pro,150,0,105,34.857142857142854,3,20.333333333333332,7.0,9,0.7777777777777778,0.4444444444444444
1096,UK,SaaS,Enterprise,Enterprise,500,0,56,33.589285714285715,4,20.0,7.25,14,0.7857142857142857,0.5714285714285714
1097,India,Education,Medium,Basic,50,1,11,5.090909090909091,4,66.0,2.0,1,0.0,0.0
1098,Canada,Education,Small,Basic,50,0,117,35.05128205128205,3,30.666666666666668,7.333333333333333,15,0.8,0.6
1099,India,Finance,Medium,Basic,50,1,6,4.666666666666667,6,52.5,3.1666666666666665,4,0.25,0.0
1100,Canada,Finance,Enterprise,Basic,50,0,85,32.11764705882353,1,32.0,6.0,10,0.7,0.5
1101,USA,Healthcare,Medium,Basic,50,0,66,34.57575757575758,3,35.0,8.0,7,0.7142857142857143,0.8571428571428571
1102,USA,Finance,Enterprise,Enterprise,500,0,108,35.96296296296296,2,11.0,7.0,15,0.8666666666666667,0.6
1103,UK,Healthcare,Small,Basic,50,0,96,32.979166666666664,0,,,12,0.8333333333333334,0.5
1104,UK,Finance,Small,Pro,150,0,48,33.6875,3,26.0,8.333333333333334,14,0.9285714285714286,0.7857142857142857
1105,Germany,Retail,Small,Pro,150,0,115,33.26086956521739,4,26.75,6.75,11,1.0,0.7272727272727273
1106,Canada,Finance,Enterprise,Pro,150,0,116,33.88793103448276,4,27.5,6.75,6,1.0,0.6666666666666666
1107,Germany,Retail,Medium,Pro,150,0,53,36.056603773584904,3,15.0,8.0,15,0.6666666666666666,0.9333333333333333
1108,USA,SaaS,Medium,Basic,50,0,62,32.95161290322581,0,,,14,0.6428571428571429,0.6428571428571429
1109,Canada,Finance,Enterprise,Basic,50,1,10,5.2,6,66.0,3.0,2,0.0,0.0
1110,India,Retail,Medium,Basic,50,0,79,35.74683544303797,0,,,9,0.8888888888888888,0.6666666666666666
1111,India,Education,Small,Basic,50,0,102,33.96078431372549,0,,,8,1.0,0.75
1112,USA,Retail,Enterprise,Pro,150,0,102,37.73529411764706,1,47.0,9.0,9,0.8888888888888888,0.5555555555555556
1113,India,SaaS,Enterprise,Basic,50,0,101,34.148514851485146,2,24.0,8.5,8,0.875,0.625
1114,Germany,Healthcare,Medium,Pro,150,0,76,37.35526315789474,0,,,8,0.625,0.375
1115,UK,Retail,Medium,Basic,50,0,70,36.05714285714286,3,18.333333333333332,7.333333333333333,14,0.7857142857142857,0.7142857142857143
1116,India,Finance,Medium,Basic,50,0,55,37.50909090909091,1,24.0,9.0,11,0.5454545454545454,0.45454545454545453
1117,Canada,Education,Small,Basic,50,0,79,36.74683544303797,0,,,13,0.5384615384615384,0.5384615384615384
1118,Canada,Retail,Medium,Basic,50,0,49,33.30612244897959,2,33.0,7.5,10,0.5,0.7
1119,USA,SaaS,Small,Basic,50,1,15,5.666666666666667,8,74.125,2.875,1,1.0,0.0
1120,Germany,SaaS,Small,Basic,50,0,49,35.51020408163265,3,18.666666666666668,7.0,7,0.5714285714285714,0.8571428571428571
1121,UK,Retail,Medium,Pro,150,1,5,3.6,5,70.0,3.6,2,0.0,0.0
1122,USA,Retail,Small,Pro,150,1,9,4.222222222222222,5,55.8,3.4,4,0.25,0.25
1123,UK,Finance,Small,Enterprise,500,0,120,34.36666666666667,3,9.0,9.0,11,0.9090909090909091,0.5454545454545454
1124,India,SaaS,Enterprise,Enterprise,500,0,95,30.642105263157895,4,29.25,7.25,14,0.7142857142857143,0.6428571428571429
1125,India,Finance,Small,Basic,50,1,16,4.5625,4,71.75,3.0,3,0.0,0.3333333333333333
1126,India,Healthcare,Small,Basic,50,0,109,31.779816513761467,0,,,11,0.7272727272727273,0.8181818181818182
1127,Germany,Finance,Enterprise,Basic,50,0,50,37.04,3,17.0,7.333333333333333,14,0.9285714285714286,0.7142857142857143
1128,UK,Retail,Enterprise,Basic,50,0,77,35.532467532467535,4,23.75,7.5,12,0.9166666666666666,0.4166666666666667
1129,USA,SaaS,Small,Pro,150,0,79,34.9873417721519,1,18.0,7.0,5,0.6,0.6
1130,UK,Retail,Small,Basic,50,1,20,6.9,3,71.33333333333333,2.3333333333333335,1,0.0,0.0
1131,UK,Education,Small,Pro,150,0,72,34.44444444444444,0,,,7,0.8571428571428571,0.5714285714285714
1132,Canada,Retail,Small,Pro,150,0,55,38.03636363636364,4,30.75,6.75,10,0.9,0.7
1133,USA,Finance,Small,Pro,150,0,60,34.166666666666664,1,5.0,6.0,6,0.8333333333333334,0.5
1134,Germany,Healthcare,Medium,Basic,50,1,10,5.9,4,69.75,3.25,2,0.0,0.0
1135,USA,Healthcare,Medium,Basic,50,1,17,6.764705882352941,7,64.0,2.5714285714285716,1,0.0,0.0
1136,USA,SaaS,Small,Basic,50,0,42,31.11904761904762,4,23.0,7.5,12,0.8333333333333334,0.4166666666666667
1137,India,Finance,Medium,Basic,50,1,18,4.111111111111111,7,76.71428571428571,2.7142857142857144,1,0.0,0.0
1138,UK,Retail,Small,Pro,150,1,6,5.5,8,71.875,2.625,3,0.3333333333333333,0.3333333333333333
1139,UK,SaaS,Enterprise,Basic,50,1,17,5.0,10,71.5,2.3,4,0.5,0.0
1140,Canada,SaaS,Enterprise,Basic,50,0,47,34.638297872340424,3,17.0,7.0,13,0.5384615384615384,0.8461538461538461
1141,UK,Retail,Medium,Basic,50,0,120,32.233333333333334,0,,,6,0.6666666666666666,0.5
1142,UK,Healthcare,Medium,Basic,50,0,78,35.69230769230769,0,,,8,0.625,0.625
1143,Canada,Retail,Small,Basic,50,0,82,33.28048780487805,1,11.0,6.0,14,0.9285714285714286,0.6428571428571429
1144,USA,SaaS,Small,Basic,50,0,75,33.986666666666665,2,25.0,8.0,8,0.875,0.875
1145,USA,Education,Enterprise,Basic,50,1,18,4.722222222222222,8,63.0,2.75,4,0.75,0.0
1146,Germany,Finance,Medium,Basic,50,0,67,36.23880597014925,1,20.0,9.0,5,0.6,1.0
1147,India,Healthcare,Small,Basic,50,0,64,32.46875,2,45.5,7.0,13,0.8461538461538461,0.6923076923076923
1148,India,SaaS,Small,Basic,50,1,15,5.0,7,69.71428571428571,2.7142857142857144,1,0.0,0.0
1149,Canada,Education,Enterprise,Basic,50,0,48,30.375,3,22.666666666666668,6.666666666666667,8,0.875,0.75
1150,Canada,Finance,Enterprise,Enterprise,500,1,10,5.4,10,58.8,2.7,1,1.0,0.0
1151,USA,Finance,Small,Basic,50,0,66,33.09090909090909,3,17.666666666666668,8.0,10,0.7,0.7
1152,Canada,Education,Enterprise,Enterprise,500,0,65,32.76923076923077,3,13.666666666666666,7.666666666666667,7,0.7142857142857143,0.42857142857142855
1153,UK,Retail,Medium,Basic,50,0,71,32.816901408450704,2,20.0,7.5,7,0.5714285714285714,0.42857142857142855
1154,USA,Healthcare,Medium,Basic,50,0,115,36.017391304347825,1,33.0,7.0,14,0.8571428571428571,0.7857142857142857
1155,Germany,SaaS,Small,Pro,150,1,14,3.7857142857142856,10,54.3,2.9,4,0.25,0.25
1156,Germany,Education,Small,Basic,50,1,6,5.166666666666667,6,58.666666666666664,3.3333333333333335,3,0.3333333333333333,0.3333333333333333
1157,Canada,SaaS,Medium,Basic,50,1,5,5.0,4,63.25,3.0,1,0.0,0.0
1158,India,Healthcare,Medium,Basic,50,0,40,34.2,3,28.666666666666668,8.0,8,0.875,0.25
1159,Canada,Retail,Medium,Pro,150,0,101,33.98019801980198,3,31.666666666666668,7.666666666666667,5,1.0,1.0
1160,Canada,Healthcare,Medium,Enterprise,500,0,55,36.0,0,,,13,0.7692307692307693,0.7692307692307693
1161,USA,SaaS,Enterprise,Basic,50,0,96,37.010416666666664,0,,,5,0.8,0.6
1162,USA,SaaS,Medium,Basic,50,1,9,4.0,5,67.2,3.8,2,0.0,0.0
1163,UK,SaaS,Small,Basic,50,0,66,35.21212121212121,3,25.666666666666668,6.666666666666667,7,0.7142857142857143,0.5714285714285714
1164,Germany,Education,Medium,Basic,50,0,96,34.416666666666664,2,10.0,8.5,10,0.8,0.9
1165,Canada,Retail,Medium,Pro,150,0,117,34.8974358974359,1,3.0,7.0,8,1.0,0.75
1166,Germany,SaaS,Enterprise,Basic,50,1,15,5.533333333333333,9,72.55555555555556,3.2222222222222223,5,0.2,0.2
1167,Canada,Education,Enterprise,Basic,50,0,101,33.43564356435643,3,34.0,7.333333333333333,12,0.8333333333333334,0.8333333333333334
1168,UK,Finance,Small,Basic,50,0,89,36.49438202247191,0,,,12,0.9166666666666666,0.5
1169,India,SaaS,Enterprise,Basic,50,1,11,4.363636363636363,4,54.5,2.5,4,0.5,0.0
1170,UK,Healthcare,Enterprise,Basic,50,0,42,34.214285714285715,4,34.0,7.25,11,0.8181818181818182,0.36363636363636365
1171,India,Retail,Enterprise,Pro,150,0,70,32.25714285714286,2,4.5,7.5,10,0.6,0.5
1172,USA,Finance,Enterprise,Enterprise,500,0,84,36.69047619047619,1,2.0,9.0,7,0.8571428571428571,0.5714285714285714
1173,Germany,Healthcare,Small,Basic,50,0,92,37.380434782608695,3,19.666666666666668,6.666666666666667,12,0.6666666666666666,0.5
1174,UK,SaaS,Medium,Basic,50,1,17,5.352941176470588,6,55.0,2.5,5,0.2,0.0
1175,USA,Retail,Enterprise,Pro,150,1,5,4.6,8,85.5,3.5,5,0.2,0.0
1176,Canada,SaaS,Medium,Pro,150,0,93,35.88172043010753,2,19.5,7.0,12,0.75,0.4166666666666667
1177,UK,SaaS,Small,Basic,50,0,55,34.74545454545454,4,33.0,7.25,15,0.9333333333333333,0.6666666666666666
1178,UK,SaaS,Small,Basic,50,0,53,35.698113207547166,0,,,9,0.5555555555555556,0.4444444444444444
1179,Germany,Finance,Enterprise,Basic,50,0,96,34.010416666666664,1,10.0,9.0,11,0.7272727272727273,0.5454545454545454
1180,Canada,Finance,Small,Basic,50,0,64,35.140625,1,8.0,6.0,9,0.7777777777777778,0.6666666666666666
1181,India,Healthcare,Enterprise,Pro,150,0,60,33.93333333333333,3,26.0,7.666666666666667,7,0.7142857142857143,0.5714285714285714
1182,India,SaaS,Small,Basic,50,0,96,32.208333333333336,1,18.0,9.0,9,0.8888888888888888,0.4444444444444444
1183,India,Retail,Medium,Basic,50,0,55,34.0,0,,,6,1.0,0.6666666666666666
1184,Canada,SaaS,Medium,Pro,150,0,56,33.392857142857146,3,34.0,7.666666666666667,10,0.7,0.5
1185,Canada,SaaS,Medium,Basic,50,0,91,30.835164835164836,2,26.0,8.0,6,0.6666666666666666,0.8333333333333334
1186,Germany,Education,Medium,Basic,50,0,118,34.69491525423729,0,,,8,0.875,0.875
1187,USA,Retail,Enterprise,Basic,50,0,66,39.04545454545455,4,32.5,7.25,8,1.0,0.625
1188,UK,Finance,Small,Basic,50,0,103,35.81553398058252,4,23.5,7.5,13,0.6923076923076923,0.7692307692307693
1189,India,SaaS,Enterprise,Basic,50,0,60,36.31666666666667,4,26.5,7.0,9,0.6666666666666666,0.8888888888888888
1190,USA,Healthcare,Enterprise,Pro,150,0,112,37.375,4,20.5,8.25,13,0.7692307692307693,0.6153846153846154
1191,Canada,SaaS,Small,Basic,50,1,7,4.857142857142857,5,63.8,2.2,2,0.0,0.0
1192,USA,Healthcare,Small,Pro,150,0,51,34.666666666666664,4,25.0,6.75,14,0.8571428571428571,0.7142857142857143
1193,Germany,Finance,Medium,Basic,50,1,10,4.0,9,60.22222222222222,2.888888888888889,1,0.0,0.0
1194,UK,Healthcare,Small,Basic,50,0,91,36.76923076923077,1,3.0,7.0,8,0.75,0.75
1195,Canada,Retail,Small,Basic,50,0,48,36.791666666666664,4,22.75,7.75,8,0.875,0.625
1196,India,Healthcare,Medium,Basic,50,1,10,4.2,8,68.5,4.25,5,0.2,0.0
1197,India,Finance,Small,Pro,150,0,114,35.10526315789474,2,12.0,6.5,10,0.7,0.4
1198,Canada,Finance,Small,Enterprise,500,0,110,35.14545454545455,1,46.0,7.0,6,0.8333333333333334,0.3333333333333333
1199,Canada,SaaS,Small,Pro,150,1,19,5.0,5,53.8,2.8,2,0.5,0.0
1200,UK,Education,Small,Enterprise,500,0,113,33.47787610619469,0,,,8,0.875,0.5
1201,Germany,SaaS,Medium,Enterprise,500,0,76,33.73684210526316,2,24.0,7.5,12,1.0,0.6666666666666666
1202,India,Finance,Medium,Pro,150,0,117,32.2991452991453,4,34.5,7.0,9,0.7777777777777778,0.5555555555555556
1203,USA,Education,Medium,Basic,50,0,76,33.55263157894737,4,20.75,7.5,8,0.875,0.375
1204,USA,Finance,Small,Basic,50,1,5,5.2,4,75.25,3.0,4,0.0,0.25
1205,India,Education,Medium,Basic,50,1,20,5.15,3,63.0,4.333333333333333,1,1.0,0.0
1206,Canada,Healthcare,Medium,Basic,50,0,112,32.339285714285715,2,34.5,6.5,8,0.875,0.625
1207,India,Education,Medium,Pro,150,1,14,5.0,5,83.2,2.2,3,0.3333333333333333,0.0
1208,UK,Education,Small,Basic,50,0,71,31.295774647887324,0,,,12,0.8333333333333334,0.4166666666666667
1209,UK,SaaS,Medium,Basic,50,0,62,35.064516129032256,2,9.0,7.0,6,0.6666666666666666,0.6666666666666666
1210,USA,Healthcare,Enterprise,Basic,50,1,10,6.4,6,65.66666666666667,3.5,5,0.2,0.0
1211,India,SaaS,Medium,Basic,50,1,6,4.5,7,68.71428571428571,3.2857142857142856,2,0.0,0.5
1212,USA,Retail,Enterprise,Basic,50,0,46,35.93478260869565,2,37.0,6.5,7,0.8571428571428571,0.7142857142857143
1213,India,SaaS,Small,Basic,50,0,115,33.55652173913043,0,,,6,0.6666666666666666,0.5
1214,Canada,Healthcare,Medium,Pro,150,1,17,4.529411764705882,7,72.28571428571429,2.857142857142857,3,0.0,0.0
1215,Germany,SaaS,Small,Pro,150,0,73,36.657534246575345,2,38.5,7.5,5,0.6,0.8
1216,India,SaaS,Small,Enterprise,500,0,80,35.1625,4,10.0,8.0,10,0.8,0.7
1217,UK,Education,Medium,Basic,50,0,97,32.25773195876289,3,28.666666666666668,8.333333333333334,12,0.75,0.5
1218,India,Retail,Enterprise,Enterprise,500,0,88,34.71590909090909,1,40.0,9.0,6,1.0,0.6666666666666666
1219,USA,Education,Small,Basic,50,0,51,31.686274509803923,4,35.0,7.0,7,0.8571428571428571,0.8571428571428571
1220,Canada,Healthcare,Enterprise,Basic,50,1,19,5.421052631578948,7,75.85714285714286,3.2857142857142856,4,0.5,0.25
1221,Germany,SaaS,Enterprise,Basic,50,0,49,36.06122448979592,2,24.0,8.0,11,0.8181818181818182,0.6363636363636364
1222,Canada,SaaS,Medium,Basic,50,0,75,33.8,1,23.0,7.0,14,0.8571428571428571,0.5
1223,UK,Healthcare,Medium,Basic,50,1,20,5.55,5,64.2,3.8,1,1.0,1.0
1224,India,Finance,Medium,Basic,50,0,104,32.64423076923077,2,32.0,7.0,10,1.0,0.5
1225,India,Finance,Medium,Basic,50,0,50,36.52,4,22.25,7.75,5,0.6,0.6
1226,India,Healthcare,Small,Basic,50,0,97,34.34020618556701,4,31.5,7.25,11,0.7272727272727273,0.8181818181818182
1227,UK,Healthcare,Enterprise,Basic,50,0,89,34.51685393258427,4,17.5,7.75,7,0.8571428571428571,0.2857142857142857
1228,USA,Healthcare,Small,Pro,150,0,112,36.00892857142857,3,17.666666666666668,7.333333333333333,7,0.7142857142857143,0.7142857142857143
1229,UK,Retail,Medium,Pro,150,0,104,35.69230769230769,1,21.0,9.0,12,0.75,0.4166666666666667
1230,India,Retail,Small,Basic,50,0,87,39.01149425287356,2,20.0,8.0,11,0.8181818181818182,0.7272727272727273
1231,Canada,Finance,Small,Pro,150,0,95,35.85263157894737,2,21.0,6.5,13,0.8461538461538461,0.6923076923076923
1232,Germany,Finance,Medium,Pro,150,0,64,35.9375,4,21.25,7.25,12,0.75,0.8333333333333334
1233,India,SaaS,Small,Enterprise,500,0,65,35.93846153846154,0,,,10,0.8,0.3
1234,UK,Finance,Enterprise,Basic,50,0,96,33.739583333333336,2,31.0,8.5,14,0.8571428571428571,0.35714285714285715
1235,Canada,SaaS,Small,Enterprise,500,0,60,36.516666666666666,4,27.25,7.5,5,0.6,0.6
1236,India,Healthcare,Small,Pro,150,0,96,35.78125,2,40.0,7.0,10,1.0,0.8
1237,UK,Finance,Medium,Basic,50,0,105,35.666666666666664,3,19.666666666666668,7.0,11,0.8181818181818182,0.9090909090909091
1238,Canada,SaaS,Enterprise,Pro,150,0,106,30.88679245283019,2,22.0,8.5,7,1.0,0.42857142857142855
1239,India,Finance,Small,Basic,50,1,11,5.818181818181818,8,68.5,2.875,2,0.5,0.0
1240,USA,Retail,Medium,Basic,50,0,101,36.78217821782178,2,31.0,8.5,14,0.8571428571428571,0.42857142857142855
1241,Canada,Education,Small,Enterprise,500,0,90,34.266666666666666,0,,,14,0.9285714285714286,0.5714285714285714
1242,USA,Retail,Small,Basic,50,0,112,34.651785714285715,1,3.0,6.0,7,0.8571428571428571,0.2857142857142857
1243,UK,SaaS,Small,Basic,50,0,44,34.38636363636363,4,38.5,7.5,6,0.6666666666666666,0.5
1244,USA,Healthcare,Small,Basic,50,1,12,5.25,6,102.83333333333333,2.5,4,0.25,0.25
1245,UK,Retail,Medium,Basic,50,1,8,5.0,9,66.0,2.3333333333333335,1,0.0,0.0
1246,USA,Education,Enterprise,Pro,150,0,43,35.44186046511628,0,,,9,1.0,0.4444444444444444
1247,India,SaaS,Small,Basic,50,1,16,6.0625,4,68.25,3.75,3,0.0,0.0
1248,USA,Healthcare,Enterprise,Pro,150,0,59,34.152542372881356,4,20.0,7.25,12,0.9166666666666666,0.4166666666666667
1249,Germany,Healthcare,Small,Basic,50,0,74,31.527027027027028,3,22.333333333333332,8.0,14,0.8571428571428571,0.5
1250,India,SaaS,Small,Enterprise,500,0,45,37.8,3,11.666666666666666,7.333333333333333,6,1.0,0.6666666666666666
1251,Germany,SaaS,Small,Basic,50,0,60,36.18333333333333,3,23.0,8.666666666666666,10,1.0,0.4
1252,Canada,Retail,Enterprise,Pro,150,0,52,37.0,0,,,7,0.8571428571428571,0.7142857142857143
1253,Germany,Retail,Small,Pro,150,0,92,32.18478260869565,4,31.75,7.5,11,0.9090909090909091,0.45454545454545453
1254,Germany,Retail,Small,Basic,50,0,51,34.92156862745098,0,,,15,0.8,0.7333333333333333
1255,India,Healthcare,Small,Basic,50,1,11,3.3636363636363638,8,79.875,2.25,1,0.0,0.0
1256,India,Finance,Medium,Basic,50,0,62,36.70967741935484,3,34.666666666666664,7.666666666666667,10,0.8,0.5
1257,UK,SaaS,Enterprise,Pro,150,0,103,32.980582524271846,0,,,10,1.0,0.7
1258,Canada,Education,Small,Basic,50,1,6,3.5,10,57.5,3.2,3,0.3333333333333333,0.0
1259,India,Retail,Medium,Basic,50,1,12,5.833333333333333,7,78.0,3.0,4,0.25,0.0
1260,Canada,Retail,Small,Basic,50,0,91,36.1978021978022,1,42.0,6.0,15,0.7333333333333333,0.6666666666666666
1261,USA,Finance,Medium,Enterprise,500,0,87,33.3448275862069,0,,,14,1.0,0.35714285714285715
1262,UK,Retail,Small,Basic,50,0,89,35.62921348314607,0,,,12,0.75,0.6666666666666666
1263,Canada,Healthcare,Enterprise,Basic,50,0,72,33.208333333333336,4,29.0,7.25,11,0.8181818181818182,0.7272727272727273
1264,Canada,SaaS,Medium,Basic,50,1,8,4.5,4,87.25,3.0,5,0.4,0.0
1265,India,Retail,Enterprise,Basic,50,0,101,34.76237623762376,2,36.5,7.5,14,0.7142857142857143,0.6428571428571429
1266,Germany,Finance,Enterprise,Pro,150,1,15,5.266666666666667,5,58.0,2.2,4,0.5,0.0
1267,Canada,Finance,Medium,Pro,150,0,69,36.82608695652174,1,3.0,6.0,12,0.8333333333333334,0.6666666666666666
1268,India,Healthcare,Small,Basic,50,0,108,33.5,1,12.0,6.0,9,1.0,0.7777777777777778
1269,India,Education,Small,Basic,50,1,11,4.454545454545454,3,63.333333333333336,3.3333333333333335,5,0.8,0.4
1270,USA,Finance,Small,Basic,50,0,49,36.816326530612244,4,11.25,7.75,11,0.5454545454545454,0.45454545454545453
1271,Germany,Education,Medium,Enterprise,500,0,97,34.04123711340206,2,18.5,6.0,7,0.8571428571428571,0.5714285714285714
1272,Canada,Healthcare,Small,Basic,50,0,56,33.517857142857146,4,20.5,7.5,7,1.0,0.42857142857142855
1273,USA,Healthcare,Enterprise,Basic,50,1,7,4.857142857142857,6,87.5,3.1666666666666665,3,0.3333333333333333,0.3333333333333333
1274,UK,Finance,Enterprise,Pro,150,0,116,34.64655172413793,3,37.333333333333336,7.333333333333333,5,1.0,0.6
1275,USA,Healthcare,Enterprise,Pro,150,0,92,35.82608695652174,2,7.5,9.0,14,0.7857142857142857,0.7142857142857143
1276,Germany,Finance,Small,Basic,50,1,5,2.4,5,84.8,3.2,2,0.5,0.0
1277,UK,Healthcare,Enterprise,Pro,150,0,90,35.1,1,20.0,8.0,15,1.0,0.6666666666666666
1278,India,Finance,Enterprise,Basic,50,1,16,5.5,8,62.5,3.375,2,0.5,0.0
1279,USA,Finance,Enterprise,Basic,50,0,93,30.903225806451612,1,11.0,7.0,12,0.75,0.5833333333333334
1280,Canada,Healthcare,Enterprise,Basic,50,0,118,34.059322033898304,2,8.5,6.5,11,0.8181818181818182,0.5454545454545454
1281,UK,Retail,Enterprise,Enterprise,500,0,104,35.00961538461539,3,17.666666666666668,7.333333333333333,10,0.9,0.5
1282,India,Healthcare,Medium,Pro,150,0,52,33.38461538461539,4,20.5,7.5,8,0.875,0.625
1283,USA,SaaS,Small,Basic,50,0,42,34.30952380952381,0,,,10,0.8,0.8
1284,UK,Education,Small,Basic,50,0,42,35.095238095238095,2,25.0,6.5,12,0.75,0.5833333333333334
1285,USA,Education,Medium,Pro,150,0,79,35.29113924050633,1,12.0,8.0,7,1.0,0.5714285714285714
1286,USA,Finance,Enterprise,Pro,150,0,112,36.88392857142857,0,,,7,1.0,0.5714285714285714
1287,UK,Healthcare,Medium,Pro,150,0,57,33.96491228070175,0,,,10,0.7,0.5
1288,UK,Finance,Small,Pro,150,0,46,33.21739130434783,0,,,12,1.0,0.5
1289,USA,Healthcare,Enterprise,Basic,50,0,68,34.338235294117645,4,28.25,7.0,6,0.8333333333333334,0.8333333333333334
1290,UK,SaaS,Enterprise,Basic,50,1,17,4.411764705882353,9,78.55555555555556,3.4444444444444446,1,0.0,0.0
1291,India,SaaS,Medium,Basic,50,0,89,36.258426966292134,1,31.0,9.0,15,0.8,0.4666666666666667
1292,Germany,Education,Small,Basic,50,0,90,32.03333333333333,3,32.0,7.666666666666667,6,0.6666666666666666,0.5
1293,India,Finance,Medium,Basic,50,0,107,35.1588785046729,2,19.5,6.5,6,1.0,0.6666666666666666
1294,UK,Healthcare,Enterprise,Pro,150,0,86,38.16279069767442,4,21.75,7.5,15,1.0,0.5333333333333333
1295,Germany,Retail,Enterprise,Basic,50,1,18,4.888888888888889,3,90.33333333333333,4.0,5,0.0,0.0
1296,India,Healthcare,Enterprise,Basic,50,0,70,32.77142857142857,1,20.0,9.0,5,0.8,0.8
1297,Canada,Education,Medium,Basic,50,0,84,36.30952380952381,1,27.0,7.0,9,1.0,0.4444444444444444
1298,UK,Education,Small,Pro,150,0,77,36.64935064935065,1,45.0,8.0,12,0.75,0.5833333333333334
1299,Germany,Finance,Enterprise,Pro,150,0,49,36.44897959183673,4,29.5,7.0,5,1.0,0.6
1300,India,Healthcare,Small,Basic,50,0,47,32.02127659574468,3,24.0,8.0,10,0.8,0.7
1301,USA,Education,Medium,Pro,150,0,56,35.785714285714285,3,22.0,8.666666666666666,8,0.875,0.375
1302,Canada,SaaS,Small,Basic,50,0,83,33.75903614457831,2,34.0,8.0,5,0.4,0.6
1303,Canada,Finance,Enterprise,Basic,50,1,10,5.0,6,58.166666666666664,2.6666666666666665,3,0.0,0.0
1304,UK,Education,Small,Enterprise,500,0,56,33.80357142857143,0,,,7,0.8571428571428571,0.5714285714285714
1305,Germany,Healthcare,Medium,Pro,150,0,79,36.0126582278481,2,14.5,8.0,14,0.8571428571428571,0.7142857142857143
1306,USA,Healthcare,Medium,Basic,50,1,8,4.75,7,62.57142857142857,2.7142857142857144,3,0.6666666666666666,0.0
1307,India,Healthcare,Enterprise,Basic,50,0,71,35.070422535211264,3,15.0,6.333333333333333,13,0.6923076923076923,0.23076923076923078
1308,USA,Finance,Medium,Pro,150,0,76,37.76315789473684,0,,,6,0.8333333333333334,0.8333333333333334
1309,USA,Finance,Small,Basic,50,1,17,4.588235294117647,7,70.28571428571429,2.4285714285714284,3,0.0,0.0
1310,UK,SaaS,Medium,Enterprise,500,0,119,36.42857142857143,3,42.333333333333336,7.333333333333333,6,0.8333333333333334,0.5
1311,India,SaaS,Enterprise,Basic,50,1,6,5.5,5,47.4,3.6,5,0.2,0.0
1312,USA,SaaS,Medium,Basic,50,1,15,4.133333333333334,7,72.14285714285714,2.7142857142857144,4,0.5,0.0
1313,Germany,Retail,Small,Basic,50,1,9,4.888888888888889,4,77.25,3.5,2,0.5,0.0
1314,Germany,Retail,Medium,Enterprise,500,0,55,39.14545454545455,0,,,6,0.8333333333333334,0.5
1315,India,Education,Medium,Basic,50,0,63,32.25396825396825,3,31.666666666666668,8.666666666666666,12,0.8333333333333334,0.8333333333333334
1316,USA,Retail,Enterprise,Basic,50,1,6,3.3333333333333335,6,75.16666666666667,3.5,5,0.4,0.0
1317,UK,Healthcare,Medium,Basic,50,0,120,34.71666666666667,0,,,9,0.8888888888888888,0.4444444444444444
1318,USA,SaaS,Medium,Basic,50,1,5,4.0,5,93.6,3.4,2,0.0,0.5
1319,USA,Finance,Medium,Basic,50,0,98,33.60204081632653,4,24.75,7.75,13,0.8461538461538461,0.5384615384615384
1320,USA,SaaS,Medium,Basic,50,1,18,5.0,5,51.2,1.6,3,1.0,0.0
1321,UK,Retail,Small,Enterprise,500,0,106,32.783018867924525,4,29.25,7.25,6,0.3333333333333333,0.6666666666666666
1322,USA,Education,Small,Pro,150,1,14,5.142857142857143,7,85.0,3.4285714285714284,1,0.0,0.0
1323,India,Education,Enterprise,Pro,150,1,15,5.333333333333333,6,75.0,3.0,3,0.3333333333333333,0.0
1324,Germany,SaaS,Medium,Basic,50,0,98,34.13265306122449,4,17.75,7.75,8,1.0,0.25
1325,UK,Education,Medium,Basic,50,0,108,34.324074074074076,2,38.0,9.0,14,0.7142857142857143,0.7142857142857143
1326,UK,SaaS,Small,Basic,50,1,5,5.0,4,73.75,1.25,3,0.0,0.0
1327,India,Healthcare,Small,Basic,50,1,12,4.416666666666667,4,79.25,2.5,1,1.0,1.0
1328,Germany,Education,Enterprise,Enterprise,500,0,88,33.20454545454545,3,32.666666666666664,7.666666666666667,15,0.8,0.5333333333333333
1329,Canada,Finance,Enterprise,Pro,150,0,41,40.09756097560975,1,39.0,8.0,13,0.46153846153846156,0.6153846153846154
1330,India,Finance,Small,Basic,50,0,77,30.38961038961039,4,22.5,7.5,9,0.8888888888888888,0.3333333333333333
1331,USA,SaaS,Medium,Basic,50,0,114,34.26315789473684,0,,,6,0.6666666666666666,0.3333333333333333
1332,Canada,Education,Medium,Basic,50,0,55,32.45454545454545,0,,,15,0.8666666666666667,0.6666666666666666
1333,UK,SaaS,Medium,Pro,150,0,43,35.395348837209305,3,17.333333333333332,8.666666666666666,12,0.6666666666666666,0.5
1334,USA,Retail,Small,Basic,50,0,100,34.7,4,25.0,8.25,14,0.8571428571428571,0.5714285714285714
1335,India,Education,Medium,Enterprise,500,1,7,4.714285714285714,9,74.55555555555556,2.888888888888889,2,0.5,0.0
1336,UK,SaaS,Small,Pro,150,1,13,4.923076923076923,4,58.5,2.25,5,0.4,0.0
1337,UK,Healthcare,Enterprise,Enterprise,500,0,44,35.36363636363637,1,44.0,8.0,6,0.8333333333333334,0.6666666666666666
1338,India,SaaS,Medium,Pro,150,1,10,4.6,7,76.14285714285714,2.857142857142857,5,0.2,0.2
1339,USA,Finance,Medium,Pro,150,0,47,31.829787234042552,0,,,11,0.8181818181818182,0.6363636363636364
1340,Germany,Retail,Enterprise,Basic,50,0,111,34.62162162162162,4,41.25,7.5,9,0.8888888888888888,0.5555555555555556
1341,India,SaaS,Enterprise,Basic,50,1,19,5.421052631578948,9,64.66666666666667,3.0,3,0.3333333333333333,0.6666666666666666
1342,Canada,Retail,Small,Pro,150,0,66,33.39393939393939,4,30.0,7.25,11,0.7272727272727273,0.5454545454545454
1343,India,Retail,Medium,Pro,150,1,13,5.461538461538462,8,60.25,2.75,2,0.5,0.0
1344,UK,Retail,Small,Basic,50,0,41,31.146341463414632,3,40.666666666666664,7.333333333333333,11,0.8181818181818182,0.8181818181818182
1345,India,Retail,Medium,Basic,50,1,19,5.105263157894737,10,67.7,3.2,4,0.5,0.0
1346,India,Healthcare,Medium,Basic,50,0,119,36.61344537815126,1,3.0,7.0,10,0.5,0.6
1347,Canada,SaaS,Small,Basic,50,0,111,35.630630630630634,1,12.0,6.0,13,0.8461538461538461,0.6153846153846154
1348,USA,SaaS,Enterprise,Enterprise,500,0,108,36.80555555555556,1,3.0,7.0,14,0.7857142857142857,0.7142857142857143
1349,India,Education,Medium,Basic,50,0,103,33.58252427184466,3,19.666666666666668,6.666666666666667,10,0.9,0.5
1350,Canada,Healthcare,Enterprise,Enterprise,500,1,15,5.533333333333333,3,77.33333333333333,3.0,1,0.0,0.0
1351,USA,Retail,Enterprise,Pro,150,1,10,5.1,3,55.666666666666664,3.3333333333333335,5,0.6,0.0
1352,Germany,Education,Enterprise,Basic,50,0,66,35.96969696969697,4,30.75,7.5,15,0.8,0.5333333333333333
1353,Germany,Education,Small,Basic,50,0,102,34.627450980392155,1,5.0,7.0,8,0.75,0.5
1354,Germany,Finance,Small,Basic,50,1,5,3.6,4,77.75,2.5,1,0.0,0.0
1355,Germany,SaaS,Enterprise,Basic,50,0,70,31.914285714285715,3,21.0,6.666666666666667,11,0.9090909090909091,0.9090909090909091
1356,Canada,Education,Enterprise,Pro,150,0,47,32.829787234042556,2,24.0,8.5,15,0.9333333333333333,0.6666666666666666
1357,Canada,Healthcare,Small,Basic,50,0,98,36.08163265306123,0,,,10,1.0,0.7
1358,Germany,Healthcare,Small,Basic,50,0,97,34.55670103092783,1,36.0,7.0,12,0.9166666666666666,0.75
1359,UK,Healthcare,Small,Basic,50,1,8,4.375,10,67.5,2.8,4,0.75,0.0
1360,USA,Retail,Small,Basic,50,0,52,34.67307692307692,4,20.5,8.25,10,1.0,0.5
1361,Germany,Healthcare,Enterprise,Pro,150,1,15,4.933333333333334,3,69.0,2.6666666666666665,3,0.3333333333333333,0.0
1362,UK,Education,Medium,Basic,50,1,14,5.142857142857143,3,74.0,3.3333333333333335,2,0.5,0.0
1363,India,SaaS,Small,Enterprise,500,0,93,34.32258064516129,3,29.666666666666668,7.666666666666667,11,0.9090909090909091,0.7272727272727273
1364,Germany,Education,Medium,Basic,50,1,16,4.6875,9,64.77777777777777,3.2222222222222223,3,0.0,0.0
1365,Canada,Finance,Medium,Enterprise,500,1,20,4.6,7,50.57142857142857,2.142857142857143,5,0.4,0.4
1366,Canada,Retail,Small,Basic,50,1,17,4.9411764705882355,6,86.5,2.5,2,1.0,0.0
1367,Canada,Education,Enterprise,Basic,50,1,6,4.833333333333333,9,59.22222222222222,3.111111111111111,1,1.0,0.0
1368,Germany,SaaS,Medium,Basic,50,0,63,34.76190476190476,2,23.5,7.5,15,0.9333333333333333,0.4
1369,UK,Healthcare,Enterprise,Basic,50,0,83,36.40963855421687,2,40.0,8.5,12,0.9166666666666666,0.6666666666666666
1370,Canada,Education,Small,Basic,50,0,114,35.42982456140351,3,14.333333333333334,8.0,8,1.0,0.5
1371,USA,Education,Small,Basic,50,1,7,5.285714285714286,8,99.875,3.75,5,0.0,0.0
1372,India,Education,Medium,Basic,50,0,55,34.30909090909091,0,,,8,0.75,0.625
1373,Germany,Finance,Medium,Enterprise,500,0,44,31.704545454545453,3,20.0,7.0,10,0.7,0.6
1374,Germany,Education,Enterprise,Basic,50,1,14,6.5,6,65.83333333333333,3.3333333333333335,5,0.8,0.0
1375,Germany,SaaS,Small,Basic,50,1,18,4.111111111111111,7,66.28571428571429,2.5714285714285716,4,0.5,0.0
1376,India,Retail,Small,Basic,50,0,54,40.03703703703704,0,,,13,0.8461538461538461,0.8461538461538461
1377,Canada,Education,Enterprise,Basic,50,1,19,5.0,5,76.0,3.2,4,0.75,0.0
1378,Germany,SaaS,Medium,Basic,50,0,68,37.161764705882355,2,16.5,7.5,6,0.8333333333333334,0.6666666666666666
1379,India,Healthcare,Small,Basic,50,1,8,6.375,6,57.666666666666664,3.3333333333333335,3,0.6666666666666666,0.0
1380,Germany,Finance,Medium,Basic,50,0,104,33.625,2,34.5,7.0,13,0.7692307692307693,0.7692307692307693
1381,USA,Finance,Medium,Basic,50,1,15,4.866666666666666,6,92.83333333333333,2.3333333333333335,2,1.0,0.0
1382,India,Finance,Medium,Pro,150,0,65,35.353846153846156,0,,,15,0.8666666666666667,0.6
1383,USA,Healthcare,Small,Pro,150,0,77,32.63636363636363,3,27.333333333333332,7.666666666666667,7,0.5714285714285714,0.8571428571428571
1384,India,Retail,Medium,Basic,50,1,15,3.6666666666666665,3,33.333333333333336,3.0,3,0.3333333333333333,0.0
1385,India,Retail,Enterprise,Basic,50,0,70,34.628571428571426,2,13.0,8.0,8,0.75,0.375
1386,USA,Healthcare,Medium,Enterprise,500,0,101,36.95049504950495,2,37.0,7.5,13,0.7692307692307693,0.6153846153846154
1387,UK,Retail,Enterprise,Basic,50,1,15,5.2,7,60.285714285714285,2.5714285714285716,3,0.3333333333333333,0.6666666666666666
1388,Germany,Education,Medium,Pro,150,0,93,33.806451612903224,3,26.333333333333332,8.0,11,0.9090909090909091,0.9090909090909091
1389,USA,Education,Small,Basic,50,1,12,3.8333333333333335,8,85.625,3.625,1,0.0,0.0
1390,USA,Finance,Enterprise,Pro,150,0,93,32.516129032258064,2,14.0,6.5,5,1.0,0.6
1391,Canada,Retail,Small,Pro,150,0,47,35.91489361702128,0,,,9,1.0,0.5555555555555556
1392,Canada,Education,Small,Basic,50,0,81,35.39506172839506,1,45.0,7.0,12,0.9166666666666666,0.5833333333333334
1393,UK,Healthcare,Small,Pro,150,0,106,36.64150943396226,4,35.25,7.75,13,0.9230769230769231,0.7692307692307693
1394,USA,Healthcare,Small,Basic,50,0,108,31.916666666666668,2,28.0,9.0,9,0.8888888888888888,0.7777777777777778
1395,Germany,SaaS,Medium,Pro,150,0,89,33.853932584269664,2,18.0,9.0,10,0.8,0.8
1396,UK,Finance,Medium,Enterprise,500,0,40,38.7,3,17.333333333333332,7.666666666666667,9,0.8888888888888888,0.7777777777777778
1397,Germany,Education,Medium,Basic,50,0,52,34.78846153846154,1,16.0,6.0,5,1.0,1.0
1398,USA,SaaS,Small,Pro,150,0,55,36.72727272727273,3,15.333333333333334,7.666666666666667,8,1.0,0.375
1399,India,Retail,Enterprise,Basic,50,1,15,5.6,8,62.375,2.375,3,0.0,0.0
1400,Germany,Healthcare,Medium,Pro,150,0,117,33.97435897435897,1,23.0,6.0,9,1.0,0.3333333333333333
1401,Canada,Education,Medium,Pro,150,0,116,32.98275862068966,2,28.5,6.0,13,0.7692307692307693,0.6153846153846154
1402,India,Healthcare,Medium,Basic,50,1,6,4.166666666666667,9,65.55555555555556,2.888888888888889,2,0.0,0.0
1403,USA,Finance,Small,Enterprise,500,0,78,33.282051282051285,3,19.666666666666668,7.333333333333333,15,0.8,0.6666666666666666
1404,Germany,SaaS,Small,Basic,50,0,108,34.851851851851855,4,18.25,7.75,5,0.6,0.4
1405,Canada,Healthcare,Small,Basic,50,0,64,32.75,2,16.0,8.5,7,0.8571428571428571,0.2857142857142857
1406,UK,Healthcare,Medium,Pro,150,0,109,36.65137614678899,0,,,10,0.9,0.3
1407,Germany,Education,Small,Basic,50,1,12,5.666666666666667,9,60.55555555555556,2.5555555555555554,3,1.0,0.3333333333333333
1408,USA,Retail,Small,Pro,150,0,65,33.92307692307692,3,20.0,6.333333333333333,9,0.7777777777777778,0.7777777777777778
1409,UK,Education,Small,Basic,50,1,8,5.5,8,77.125,3.0,2,0.5,0.5
1410,UK,Finance,Enterprise,Basic,50,0,115,33.73913043478261,2,25.0,9.0,7,1.0,0.5714285714285714
1411,India,Finance,Medium,Enterprise,500,1,19,5.052631578947368,6,72.5,3.1666666666666665,1,0.0,0.0
1412,Germany,Finance,Medium,Basic,50,1,12,6.166666666666667,7,79.85714285714286,3.4285714285714284,3,0.6666666666666666,0.3333333333333333
1413,India,Healthcare,Medium,Enterprise,500,0,111,31.234234234234233,0,,,5,0.8,0.8
1414,India,Education,Enterprise,Basic,50,0,62,35.53225806451613,3,33.333333333333336,7.666666666666667,13,0.6923076923076923,0.7692307692307693
1415,Germany,Education,Small,Pro,150,0,100,34.84,1,19.0,9.0,7,0.8571428571428571,0.42857142857142855
1416,USA,Education,Enterprise,Basic,50,0,44,33.93181818181818,2,29.0,7.0,12,0.8333333333333334,0.5833333333333334
1417,India,Education,Enterprise,Basic,50,0,77,34.38961038961039,4,38.25,7.25,8,0.875,0.875
1418,Canada,Education,Medium,Basic,50,0,69,34.34782608695652,1,20.0,8.0,5,0.8,0.2
1419,India,SaaS,Medium,Pro,150,0,104,35.23076923076923,1,4.0,7.0,14,0.7857142857142857,0.7857142857142857
1420,USA,Finance,Medium,Pro,150,0,107,33.2803738317757,2,32.0,8.0,9,0.7777777777777778,0.8888888888888888
1421,India,Finance,Medium,Basic,50,0,118,34.82203389830509,2,6.5,8.5,10,0.8,0.5
1422,India,Healthcare,Small,Basic,50,0,118,33.601694915254235,3,12.333333333333334,6.666666666666667,10,0.7,0.8
1423,Canada,Healthcare,Small,Basic,50,0,86,34.825581395348834,4,11.0,7.75,11,0.8181818181818182,0.45454545454545453
1424,Canada,Retail,Enterprise,Pro,150,0,51,34.03921568627451,1,44.0,9.0,13,0.7692307692307693,0.6153846153846154
1425,India,Healthcare,Enterprise,Basic,50,0,83,33.674698795180724,1,3.0,6.0,6,0.6666666666666666,0.6666666666666666
1426,USA,Retail,Medium,Basic,50,1,17,4.235294117647059,6,70.66666666666667,3.1666666666666665,2,0.0,0.5
1427,India,Retail,Medium,Basic,50,0,54,35.22222222222222,1,44.0,9.0,11,0.8181818181818182,0.36363636363636365
1428,Germany,SaaS,Enterprise,Pro,150,0,111,34.1981981981982,3,18.666666666666668,7.333333333333333,14,1.0,0.7142857142857143
1429,Canada,Healthcare,Medium,Basic,50,0,63,33.92063492063492,3,21.333333333333332,6.333333333333333,13,0.7692307692307693,0.38461538461538464
1430,UK,Education,Enterprise,Basic,50,0,66,33.18181818181818,3,14.333333333333334,7.333333333333333,9,0.6666666666666666,0.5555555555555556
1431,Germany,Finance,Enterprise,Basic,50,1,16,5.6875,7,64.0,3.5714285714285716,5,0.6,0.0
1432,India,Healthcare,Enterprise,Enterprise,500,0,75,34.36,1,14.0,9.0,10,0.9,0.7
1433,Canada,Healthcare,Medium,Basic,50,0,119,33.91596638655462,2,31.0,6.5,6,0.6666666666666666,0.5
1434,USA,Retail,Small,Enterprise,500,0,43,32.41860465116279,1,6.0,8.0,12,0.9166666666666666,0.5
1435,India,Education,Small,Basic,50,1,17,5.176470588235294,5,87.0,2.8,5,0.0,0.0
1436,India,SaaS,Small,Basic,50,0,117,35.58974358974359,3,24.333333333333332,8.0,13,0.8461538461538461,0.46153846153846156
1437,India,Healthcare,Enterprise,Basic,50,0,118,34.47457627118644,4,19.75,7.75,12,0.75,0.4166666666666667
1438,India,Retail,Medium,Pro,150,0,74,33.189189189189186,1,42.0,8.0,6,0.6666666666666666,0.5
1439,India,Finance,Enterprise,Pro,150,1,14,4.714285714285714,10,81.0,2.7,3,0.6666666666666666,0.0
1440,India,Retail,Small,Basic,50,0,77,35.285714285714285,2,37.0,8.5,10,0.9,0.5
1441,Germany,SaaS,Enterprise,Pro,150,0,54,37.24074074074074,1,39.0,7.0,7,0.5714285714285714,0.7142857142857143
1442,Canada,Education,Enterprise,Pro,150,0,42,34.04761904761905,3,30.333333333333332,8.0,12,0.75,0.8333333333333334
1443,USA,Retail,Small,Pro,150,0,98,33.61224489795919,2,43.0,8.0,13,0.6923076923076923,0.6153846153846154
1444,Canada,SaaS,Enterprise,Enterprise,500,0,103,33.38834951456311,0,,,15,0.7333333333333333,0.6
1445,Germany,Education,Medium,Basic,50,0,69,33.73913043478261,0,,,9,0.8888888888888888,0.7777777777777778
1446,Germany,SaaS,Small,Pro,150,0,74,35.972972972972975,4,28.0,8.25,15,0.7333333333333333,0.6666666666666666
1447,UK,Healthcare,Medium,Enterprise,500,0,98,34.642857142857146,4,20.25,8.0,5,0.6,0.8
1448,Germany,Education,Medium,Basic,50,1,12,6.0,7,60.285714285714285,3.142857142857143,4,0.5,0.0
1449,UK,Finance,Enterprise,Pro,150,0,107,35.2803738317757,2,19.5,8.5,5,1.0,0.6
1450,UK,SaaS,Medium,Basic,50,0,67,34.37313432835821,4,22.75,8.5,9,0.8888888888888888,0.6666666666666666
1451,India,Healthcare,Medium,Basic,50,0,62,36.95161290322581,3,17.0,7.333333333333333,14,0.7857142857142857,0.5714285714285714
1452,USA,SaaS,Medium,Basic,50,0,78,35.48717948717949,0,,,8,0.5,0.875
1453,India,Healthcare,Small,Basic,50,1,8,4.5,9,84.22222222222223,2.6666666666666665,2,0.5,0.5
1454,Canada,Healthcare,Medium,Basic,50,0,103,33.883495145631066,4,19.5,7.5,11,1.0,0.6363636363636364
1455,USA,Healthcare,Enterprise,Basic,50,0,46,36.69565217391305,1,8.0,6.0,5,1.0,0.6
1456,Germany,Retail,Medium,Pro,150,0,81,36.08641975308642,2,19.5,8.5,15,0.8,0.6
1457,Germany,Retail,Medium,Basic,50,1,15,5.133333333333334,10,56.3,3.1,5,0.4,0.2
1458,USA,SaaS,Enterprise,Basic,50,0,79,34.51898734177215,0,,,8,1.0,0.75
1459,UK,Finance,Small,Basic,50,0,61,33.32786885245902,4,27.0,8.0,12,0.8333333333333334,0.5833333333333334
1460,India,Education,Small,Basic,50,1,13,4.769230769230769,7,83.0,3.5714285714285716,3,0.3333333333333333,0.0
1461,USA,SaaS,Enterprise,Basic,50,0,84,35.88095238095238,1,9.0,6.0,13,0.8461538461538461,0.6923076923076923
1462,UK,Healthcare,Enterprise,Basic,50,1,8,3.875,10,71.8,2.4,2,0.0,0.0
1463,India,Finance,Small,Basic,50,0,110,34.263636363636365,0,,,12,0.8333333333333334,0.6666666666666666
1464,USA,Retail,Enterprise,Basic,50,0,53,35.22641509433962,1,12.0,7.0,8,1.0,0.375
1465,Canada,Finance,Small,Basic,50,0,89,36.70786516853933,2,25.0,7.0,5,1.0,0.8
1466,USA,SaaS,Medium,Pro,150,0,113,34.80530973451327,4,35.25,7.5,7,0.5714285714285714,0.42857142857142855
1467,India,Retail,Enterprise,Pro,150,0,81,33.19753086419753,3,23.0,7.0,8,0.875,0.125
1468,Canada,Education,Enterprise,Basic,50,0,109,33.41284403669725,1,31.0,7.0,12,0.75,0.6666666666666666
1469,India,Retail,Enterprise,Basic,50,0,42,36.54761904761905,3,21.0,8.333333333333334,7,1.0,0.5714285714285714
1470,UK,Finance,Medium,Basic,50,0,116,34.939655172413794,1,22.0,6.0,15,0.8666666666666667,0.8
1471,India,Healthcare,Small,Pro,150,0,111,31.063063063063062,0,,,10,0.8,0.5
1472,Germany,SaaS,Small,Pro,150,0,70,33.97142857142857,4,28.0,8.5,9,0.6666666666666666,0.6666666666666666
1473,UK,Healthcare,Small,Pro,150,0,60,34.18333333333333,2,23.0,8.0,10,0.9,0.6
1474,USA,Education,Enterprise,Pro,150,1,14,4.357142857142857,3,93.66666666666667,2.3333333333333335,5,0.0,0.4
1475,UK,SaaS,Medium,Basic,50,0,75,34.586666666666666,0,,,12,0.75,0.5
1476,USA,Retail,Enterprise,Basic,50,1,12,4.333333333333333,7,52.42857142857143,3.2857142857142856,5,0.2,0.2
1477,India,Education,Enterprise,Basic,50,0,104,32.38461538461539,1,9.0,8.0,13,0.9230769230769231,0.5384615384615384
1478,USA,Education,Small,Pro,150,0,118,32.88135593220339,1,8.0,9.0,13,0.7692307692307693,0.6923076923076923
1479,USA,SaaS,Small,Pro,150,0,112,34.910714285714285,3,20.0,6.666666666666667,8,0.75,0.75
1480,USA,Retail,Medium,Enterprise,500,0,56,37.107142857142854,2,37.0,6.5,6,0.6666666666666666,0.5
1481,Germany,SaaS,Enterprise,Basic,50,0,105,33.12380952380953,3,19.333333333333332,7.333333333333333,10,0.7,0.6
1482,India,Retail,Enterprise,Basic,50,0,82,33.926829268292686,4,28.75,8.0,9,0.6666666666666666,0.3333333333333333
1483,UK,Healthcare,Enterprise,Basic,50,0,54,39.25925925925926,1,45.0,8.0,11,0.7272727272727273,0.36363636363636365
1484,USA,Finance,Medium,Enterprise,500,0,60,38.25,0,,,12,0.75,0.75
1485,USA,Education,Medium,Basic,50,0,77,34.94805194805195,1,37.0,8.0,10,0.8,0.8
1486,Canada,Education,Enterprise,Basic,50,1,15,4.066666666666666,10,73.5,2.7,1,0.0,0.0
1487,UK,Retail,Small,Basic,50,0,113,33.54867256637168,4,27.0,7.5,9,0.6666666666666666,0.6666666666666666
1488,Canada,Education,Small,Basic,50,0,63,35.333333333333336,2,13.0,8.0,5,0.6,0.2
1489,India,SaaS,Small,Basic,50,1,20,5.0,8,77.0,2.5,4,0.75,0.25
1490,Germany,Healthcare,Enterprise,Basic,50,0,104,34.83653846153846,1,32.0,7.0,5,1.0,0.8
1491,UK,Finance,Enterprise,Basic,50,0,112,35.232142857142854,0,,,11,0.9090909090909091,0.8181818181818182
1492,UK,Finance,Enterprise,Basic,50,0,72,34.583333333333336,3,30.333333333333332,8.0,10,0.7,0.8
1493,Germany,Finance,Small,Basic,50,1,13,5.0,7,82.71428571428571,3.0,2,0.5,0.5
1494,USA,Education,Medium,Enterprise,500,0,46,38.76086956521739,2,17.0,8.0,9,0.7777777777777778,0.4444444444444444
1495,UK,Retail,Medium,Basic,50,0,40,35.375,3,37.0,7.0,7,1.0,0.8571428571428571
1496,UK,SaaS,Small,Basic,50,1,9,6.222222222222222,5,73.4,2.4,4,0.5,0.25
1497,USA,SaaS,Enterprise,Pro,150,0,79,32.35443037974684,2,20.5,8.5,6,0.8333333333333334,0.5
1498,Germany,Healthcare,Small,Enterprise,500,0,69,38.0,3,40.666666666666664,7.333333333333333,14,0.9285714285714286,0.6428571428571429
1499,Canada,SaaS,Enterprise,Basic,50,0,111,32.77477477477478,3,15.666666666666666,8.333333333333334,9,0.8888888888888888,0.4444444444444444
1500,USA,Finance,Enterprise,Basic,50,1,7,2.5714285714285716,8,69.625,3.25,2,0.0,0.0
1501,UK,Retail,Medium,Basic,50,0,98,33.09183673469388,1,21.0,9.0,9,0.8888888888888888,0.6666666666666666
1502,India,Retail,Small,Basic,50,0,79,35.48101265822785,3,18.666666666666668,7.333333333333333,12,0.8333333333333334,0.5
1503,USA,Healthcare,Small,Pro,150,0,65,30.4,2,7.0,9.0,10,0.6,0.7
1504,India,Finance,Enterprise,Pro,150,0,101,36.40594059405941,2,30.5,8.5,5,1.0,0.8
1505,India,Retail,Enterprise,Pro,150,0,54,33.68518518518518,4,17.25,7.0,12,0.8333333333333334,0.5833333333333334
1506,USA,SaaS,Small,Basic,50,1,9,3.3333333333333335,5,60.0,3.4,4,0.75,0.0
1507,USA,Healthcare,Enterprise,Basic,50,0,68,37.35294117647059,0,,,7,0.5714285714285714,0.7142857142857143
1508,UK,Finance,Medium,Enterprise,500,0,47,34.4468085106383,0,,,12,0.5833333333333334,0.4166666666666667
1509,Germany,Education,Medium,Basic,50,0,120,33.95,4,24.0,8.25,12,1.0,0.5833333333333334
1510,USA,Finance,Medium,Basic,50,0,83,36.7710843373494,4,20.0,7.75,5,0.6,0.6
1511,UK,SaaS,Medium,Enterprise,500,0,83,34.63855421686747,0,,,13,0.9230769230769231,0.6923076923076923
1512,Germany,Retail,Medium,Enterprise,500,0,57,34.24561403508772,2,28.0,7.5,12,0.6666666666666666,0.8333333333333334
1513,Germany,Retail,Medium,Basic,50,1,12,5.416666666666667,4,73.5,2.75,2,0.5,0.0
1514,UK,SaaS,Small,Enterprise,500,0,67,33.83582089552239,0,,,10,0.8,0.5
1515,USA,Healthcare,Small,Pro,150,0,106,31.933962264150942,3,10.0,7.333333333333333,15,0.8666666666666667,0.7333333333333333
1516,Germany,Education,Medium,Pro,150,0,93,36.61290322580645,4,15.75,7.0,6,1.0,0.8333333333333334
1517,Canada,Retail,Small,Basic,50,0,79,36.037974683544306,0,,,7,0.5714285714285714,0.5714285714285714
1518,Canada,Retail,Medium,Pro,150,0,67,37.0,4,22.5,7.25,14,0.7857142857142857,0.5
1519,Canada,SaaS,Enterprise,Enterprise,500,0,89,33.561797752808985,0,,,11,0.8181818181818182,0.9090909090909091
1520,UK,Retail,Medium,Basic,50,1,20,4.75,7,75.0,3.0,5,0.4,0.2
1521,USA,Retail,Medium,Basic,50,0,43,34.44186046511628,4,18.75,6.5,15,1.0,0.6
1522,USA,SaaS,Medium,Pro,150,0,57,32.280701754385966,1,7.0,6.0,11,1.0,0.36363636363636365
1523,India,SaaS,Enterprise,Basic,50,0,40,33.625,1,25.0,6.0,7,0.7142857142857143,0.5714285714285714
1524,Canada,Education,Enterprise,Basic,50,1,17,5.470588235294118,9,73.33333333333333,2.5555555555555554,5,0.2,0.2
1525,Canada,Healthcare,Enterprise,Basic,50,0,90,36.86666666666667,3,33.0,6.666666666666667,11,0.8181818181818182,0.7272727272727273
1526,India,Education,Enterprise,Basic,50,0,80,33.8125,4,22.5,6.5,9,1.0,0.7777777777777778
1527,Canada,SaaS,Medium,Basic,50,0,107,34.3177570093458,1,4.0,9.0,11,0.9090909090909091,0.45454545454545453
1528,UK,Retail,Medium,Basic,50,1,5,4.2,10,68.7,3.8,2,0.5,0.0
1529,Germany,Healthcare,Enterprise,Basic,50,0,114,34.14035087719298,4,20.0,7.0,13,0.7692307692307693,0.5384615384615384
1530,Canada,SaaS,Small,Basic,50,1,16,4.3125,9,84.33333333333333,3.4444444444444446,1,1.0,0.0
1531,UK,Education,Medium,Pro,150,1,10,4.8,3,88.0,1.6666666666666667,3,0.0,0.0
1532,Germany,Healthcare,Small,Pro,150,0,93,32.376344086021504,4,19.5,7.5,14,0.7857142857142857,0.35714285714285715
1533,Germany,Finance,Small,Basic,50,0,69,33.666666666666664,1,6.0,9.0,8,0.5,0.625
1534,India,Finance,Small,Basic,50,0,112,33.839285714285715,2,33.5,8.5,10,0.7,0.7
1535,Canada,Healthcare,Enterprise,Basic,50,0,67,33.059701492537314,2,34.0,7.0,11,0.6363636363636364,0.6363636363636364
1536,Germany,Retail,Small,Basic,50,0,106,33.594339622641506,4,14.5,6.25,12,0.8333333333333334,0.5
1537,USA,Retail,Medium,Basic,50,0,46,34.19565217391305,0,,,12,0.8333333333333334,0.5
1538,Canada,Retail,Small,Pro,150,0,74,36.310810810810814,3,15.666666666666666,8.0,10,0.8,0.5
1539,Germany,Retail,Medium,Basic,50,1,20,5.9,7,69.85714285714286,3.2857142857142856,1,1.0,0.0
1540,USA,Retail,Enterprise,Enterprise,500,1,19,4.2105263157894735,9,52.22222222222222,2.7777777777777777,1,0.0,0.0
1541,USA,SaaS,Medium,Basic,50,0,62,37.37096774193548,4,30.5,8.0,13,0.7692307692307693,0.7692307692307693
1542,Germany,SaaS,Enterprise,Pro,150,0,65,35.61538461538461,0,,,14,0.9285714285714286,0.35714285714285715
1543,Canada,SaaS,Small,Basic,50,1,13,5.076923076923077,9,85.88888888888889,2.3333333333333335,4,0.75,0.25
1544,Canada,Education,Enterprise,Basic,50,1,17,5.823529411764706,3,30.666666666666668,4.333333333333333,2,0.5,0.0
1545,India,Education,Enterprise,Basic,50,0,84,35.23809523809524,0,,,14,0.7857142857142857,0.7142857142857143
1546,UK,Retail,Medium,Basic,50,0,103,36.36893203883495,2,23.5,7.5,15,0.7333333333333333,0.6666666666666666
1547,India,SaaS,Small,Basic,50,1,18,4.5,8,75.0,3.375,1,0.0,1.0
1548,Germany,Finance,Enterprise,Pro,150,1,18,4.444444444444445,3,78.0,2.0,3,0.3333333333333333,0.3333333333333333
1549,Canada,Education,Medium,Basic,50,1,14,4.714285714285714,10,66.5,3.1,4,0.5,0.25
1550,India,Retail,Small,Pro,150,0,106,34.820754716981135,2,16.5,8.0,8,0.875,0.5
1551,USA,Healthcare,Small,Pro,150,0,43,34.27906976744186,4,31.25,7.0,14,0.9285714285714286,0.7142857142857143
1552,India,Finance,Enterprise,Basic,50,1,9,5.0,7,69.71428571428571,2.5714285714285716,5,0.0,0.0
1553,India,Education,Enterprise,Basic,50,0,65,35.96923076923077,3,21.333333333333332,7.333333333333333,8,1.0,0.875
1554,India,SaaS,Small,Basic,50,1,15,5.6,9,74.44444444444444,3.2222222222222223,2,0.5,0.0
1555,UK,Retail,Small,Pro,150,0,57,38.333333333333336,0,,,12,0.6666666666666666,0.75
1556,Germany,SaaS,Medium,Basic,50,0,49,33.857142857142854,2,26.5,7.5,12,0.9166666666666666,0.5833333333333334
1557,Canada,Healthcare,Small,Basic,50,1,18,4.944444444444445,4,51.75,5.0,5,0.4,0.0
1558,USA,Retail,Small,Basic,50,0,61,33.377049180327866,2,28.5,7.0,9,1.0,0.4444444444444444
1559,Germany,Healthcare,Enterprise,Pro,150,1,17,4.470588235294118,8,56.25,2.875,2,0.5,0.5
1560,India,SaaS,Medium,Basic,50,1,13,4.461538461538462,10,71.3,3.2,1,0.0,0.0
1561,USA,Education,Small,Basic,50,1,6,5.5,4,75.25,4.0,3,0.0,0.0
1562,Germany,Retail,Enterprise,Basic,50,1,5,6.0,5,71.2,3.6,2,0.0,0.0
1563,Canada,Education,Small,Basic,50,1,7,3.7142857142857144,7,63.285714285714285,3.0,3,0.0,0.3333333333333333
1564,Germany,SaaS,Enterprise,Basic,50,1,16,5.5625,6,66.83333333333333,3.5,4,0.25,0.25
1565,USA,Education,Medium,Basic,50,0,63,34.41269841269841,4,28.0,8.25,9,0.8888888888888888,0.4444444444444444
1566,Canada,Retail,Enterprise,Pro,150,0,119,34.445378151260506,0,,,7,1.0,0.8571428571428571
1567,UK,Education,Small,Pro,150,0,90,34.96666666666667,3,21.666666666666668,6.666666666666667,9,0.6666666666666666,0.6666666666666666
1568,UK,SaaS,Medium,Pro,150,0,90,35.94444444444444,0,,,7,0.8571428571428571,0.7142857142857143
1569,Canada,Education,Medium,Pro,150,0,91,34.84615384615385,2,30.0,7.5,14,0.8571428571428571,0.5714285714285714
1570,Canada,Retail,Medium,Basic,50,0,75,33.093333333333334,2,39.0,6.0,14,0.8571428571428571,0.5
1571,Canada,Healthcare,Medium,Basic,50,0,98,32.46938775510204,4,16.5,7.5,10,0.7,0.7
1572,Germany,Finance,Medium,Basic,50,1,17,4.470588235294118,3,36.0,3.0,4,0.0,0.25
1573,Germany,Healthcare,Small,Pro,150,0,115,35.643478260869564,2,18.5,8.0,8,0.875,0.5
1574,Germany,Education,Enterprise,Basic,50,0,103,33.786407766990294,2,17.0,7.5,9,0.8888888888888888,0.4444444444444444
1575,Canada,Finance,Enterprise,Enterprise,500,0,102,34.205882352941174,2,16.5,8.0,8,0.875,0.75
1576,Canada,Finance,Enterprise,Basic,50,1,19,4.7368421052631575,6,54.333333333333336,2.8333333333333335,3,0.0,0.0
1577,Canada,Healthcare,Small,Basic,50,1,16,4.0625,4,66.75,3.5,2,0.5,0.5
1578,UK,Education,Enterprise,Basic,50,0,75,33.13333333333333,4,27.75,7.75,13,0.8461538461538461,0.5384615384615384
1579,India,Finance,Enterprise,Basic,50,0,69,36.608695652173914,4,18.5,6.5,15,0.6,0.7333333333333333
1580,UK,Healthcare,Enterprise,Pro,150,0,74,37.62162162162162,1,9.0,7.0,14,0.7857142857142857,0.6428571428571429
1581,Canada,Finance,Enterprise,Basic,50,1,20,5.7,8,81.125,3.0,4,0.25,0.5
1582,USA,Finance,Enterprise,Pro,150,1,5,2.6,3,73.0,1.6666666666666667,5,0.4,0.2
1583,Germany,Education,Enterprise,Pro,150,0,84,34.07142857142857,0,,,10,0.7,0.6
1584,Germany,Education,Medium,Basic,50,1,20,5.35,7,74.42857142857143,2.857142857142857,5,0.4,0.2
1585,Germany,SaaS,Enterprise,Pro,150,1,7,4.714285714285714,9,71.0,2.888888888888889,4,0.0,0.0
1586,USA,SaaS,Medium,Basic,50,1,19,4.105263157894737,5,75.2,2.4,5,0.4,0.0
1587,UK,SaaS,Enterprise,Pro,150,0,69,31.652173913043477,4,26.25,7.25,9,0.8888888888888888,0.4444444444444444
1588,USA,Healthcare,Medium,Basic,50,1,20,4.4,6,63.833333333333336,3.1666666666666665,5,0.0,0.2
1589,UK,Finance,Enterprise,Basic,50,0,97,33.5360824742268,3,24.0,6.666666666666667,7,0.7142857142857143,0.7142857142857143
1590,India,Healthcare,Small,Basic,50,1,10,6.0,5,73.8,3.8,4,0.25,0.0
1591,India,Healthcare,Enterprise,Basic,50,1,11,5.909090909090909,4,64.75,3.75,3,1.0,0.0
1592,USA,Finance,Medium,Enterprise,500,0,63,36.36507936507937,0,,,10,0.9,0.6
1593,USA,Education,Enterprise,Enterprise,500,0,113,35.83185840707964,2,20.5,9.0,5,0.6,0.6
1594,Canada,Healthcare,Enterprise,Enterprise,500,0,42,30.976190476190474,2,8.5,7.0,5,0.8,0.4
1595,Canada,Retail,Small,Pro,150,0,102,36.11764705882353,2,10.5,7.5,5,1.0,0.8
1596,Canada,Finance,Enterprise,Basic,50,0,96,35.427083333333336,0,,,13,1.0,0.5384615384615384
1597,USA,Retail,Medium,Pro,150,0,44,33.29545454545455,1,13.0,9.0,12,1.0,0.5
1598,Germany,Finance,Enterprise,Basic,50,0,56,33.375,0,,,9,0.8888888888888888,0.5555555555555556
1599,USA,SaaS,Enterprise,Basic,50,1,7,5.428571428571429,7,87.28571428571429,3.2857142857142856,4,0.5,0.0
1600,India,Healthcare,Enterprise,Basic,50,0,48,33.354166666666664,0,,,14,0.7857142857142857,0.42857142857142855
1601,Germany,Healthcare,Enterprise,Basic,50,1,16,5.5625,8,79.125,3.125,1,0.0,0.0
1602,India,Education,Enterprise,Basic,50,0,77,33.64935064935065,2,5.5,7.5,10,0.9,0.7
1603,Canada,Healthcare,Enterprise,Enterprise,500,0,61,33.49180327868852,3,14.666666666666666,8.0,15,0.8,0.8
1604,UK,Finance,Medium,Pro,150,0,54,30.25925925925926,1,43.0,6.0,5,0.6,0.8
1605,UK,SaaS,Small,Basic,50,1,7,4.142857142857143,3,75.33333333333333,2.0,5,0.2,0.4
1606,UK,Education,Small,Basic,50,1,11,5.181818181818182,9,72.55555555555556,2.0,1,0.0,1.0
1607,Germany,SaaS,Medium,Basic,50,0,44,36.22727272727273,3,34.333333333333336,6.0,6,0.8333333333333334,0.3333333333333333
1608,India,Education,Medium,Basic,50,1,19,5.526315789473684,6,83.5,3.1666666666666665,5,0.4,0.0
1609,UK,Healthcare,Enterprise,Basic,50,0,119,35.57142857142857,2,14.0,7.0,9,0.5555555555555556,0.5555555555555556
1610,India,SaaS,Medium,Enterprise,500,0,82,35.926829268292686,4,18.0,8.0,13,0.8461538461538461,0.6153846153846154
1611,Germany,Healthcare,Small,Basic,50,0,102,32.0,0,,,7,0.7142857142857143,0.42857142857142855
1612,UK,Finance,Enterprise,Basic,50,1,11,4.181818181818182,4,95.25,2.75,5,0.4,0.2
1613,USA,Education,Enterprise,Basic,50,0,118,33.97457627118644,4,24.75,7.5,8,0.75,0.375
1614,India,Retail,Enterprise,Pro,150,0,54,35.7037037037037,4,18.75,7.5,13,0.8461538461538461,0.6153846153846154
1615,Canada,Finance,Small,Pro,150,0,97,34.618556701030926,1,36.0,6.0,10,0.7,0.4
1616,India,Education,Small,Basic,50,1,8,6.125,10,62.0,3.5,4,0.5,0.0
1617,UK,Education,Small,Basic,50,0,100,35.33,4,24.75,7.25,11,0.9090909090909091,0.2727272727272727
1618,Canada,Healthcare,Medium,Basic,50,0,82,30.902439024390244,0,,,12,0.8333333333333334,0.4166666666666667
1619,Canada,Education,Medium,Pro,150,0,41,34.97560975609756,4,22.75,7.25,6,0.8333333333333334,0.8333333333333334
1620,USA,Finance,Small,Pro,150,0,88,34.20454545454545,4,11.0,6.0,6,0.8333333333333334,0.8333333333333334
1621,UK,Finance,Medium,Basic,50,1,16,5.125,10,76.3,2.3,2,0.5,0.0
1622,India,Finance,Small,Basic,50,1,8,4.625,5,74.6,3.0,4,0.25,0.0
1623,Canada,Education,Medium,Basic,50,1,7,4.714285714285714,10,89.3,3.1,2,0.5,0.0
1624,Canada,SaaS,Small,Basic,50,0,53,33.301886792452834,3,26.0,7.666666666666667,14,0.5714285714285714,0.8571428571428571
1625,India,Retail,Small,Pro,150,0,40,35.825,1,17.0,8.0,7,0.7142857142857143,0.7142857142857143
1626,Canada,Education,Small,Basic,50,0,41,31.536585365853657,4,39.25,7.0,6,1.0,0.3333333333333333
1627,USA,Finance,Medium,Basic,50,1,12,6.416666666666667,5,80.2,3.2,3,0.0,0.0
1628,USA,Retail,Medium,Pro,150,0,96,34.427083333333336,3,24.0,7.333333333333333,5,1.0,0.6
1629,Canada,Finance,Small,Basic,50,1,16,5.0,4,77.75,3.75,2,0.0,0.0
1630,Canada,Finance,Enterprise,Pro,150,0,74,35.33783783783784,2,33.5,7.5,13,0.7692307692307693,0.6153846153846154
1631,Canada,Retail,Medium,Enterprise,500,1,15,5.733333333333333,10,89.4,2.7,4,0.25,0.0
1632,USA,Finance,Enterprise,Basic,50,0,99,35.90909090909091,3,9.666666666666666,7.0,7,0.8571428571428571,0.5714285714285714
1633,UK,Finance,Enterprise,Pro,150,0,85,35.588235294117645,4,25.25,8.0,10,0.8,0.4
1634,USA,SaaS,Small,Basic,50,0,117,35.376068376068375,2,33.5,7.5,13,0.9230769230769231,0.46153846153846156
1635,Canada,Education,Small,Pro,150,1,12,4.5,6,74.16666666666667,3.0,3,0.0,0.0
1636,USA,Healthcare,Enterprise,Basic,50,0,42,38.61904761904762,0,,,13,0.8461538461538461,0.6923076923076923
1637,UK,Retail,Small,Basic,50,1,7,6.571428571428571,5,88.6,2.8,2,0.0,0.0
1638,UK,Education,Enterprise,Pro,150,0,115,35.278260869565216,2,19.0,7.5,15,0.8,0.5333333333333333
1639,Germany,SaaS,Enterprise,Basic,50,1,6,4.833333333333333,4,90.25,3.25,4,0.25,0.25
1640,UK,SaaS,Medium,Basic,50,1,15,4.733333333333333,7,82.57142857142857,3.142857142857143,1,0.0,0.0
1641,India,SaaS,Small,Basic,50,0,86,35.81395348837209,1,45.0,6.0,15,0.8666666666666667,0.6666666666666666
1642,USA,SaaS,Small,Enterprise,500,0,42,36.07142857142857,4,29.25,7.5,11,0.6363636363636364,0.6363636363636364
1643,India,Education,Small,Basic,50,0,116,33.89655172413793,2,15.5,6.5,10,0.8,0.6
1644,Canada,Healthcare,Medium,Pro,150,0,90,35.55555555555556,0,,,7,0.7142857142857143,0.5714285714285714
1645,Germany,Retail,Medium,Pro,150,0,68,37.044117647058826,3,17.666666666666668,7.0,14,0.8571428571428571,0.5714285714285714
1646,Germany,Retail,Medium,Basic,50,0,98,36.265306122448976,3,14.666666666666666,6.666666666666667,8,0.875,0.5
1647,USA,Retail,Enterprise,Enterprise,500,1,15,5.066666666666666,7,67.42857142857143,2.7142857142857144,3,0.3333333333333333,0.0
1648,USA,Education,Small,Pro,150,0,46,35.34782608695652,4,31.75,8.25,12,0.8333333333333334,0.4166666666666667
1649,Canada,SaaS,Enterprise,Basic,50,1,19,5.684210526315789,4,61.25,2.25,1,1.0,1.0
1650,Canada,SaaS,Enterprise,Basic,50,0,82,38.75609756097561,2,27.0,7.0,11,0.9090909090909091,0.7272727272727273
1651,USA,Finance,Enterprise,Basic,50,1,15,4.533333333333333,8,69.25,3.0,2,1.0,0.0
1652,USA,Finance,Enterprise,Pro,150,0,72,33.736111111111114,3,23.333333333333332,7.666666666666667,8,0.875,0.5
1653,India,Education,Small,Pro,150,0,40,33.35,3,14.0,7.333333333333333,7,0.8571428571428571,0.5714285714285714
1654,India,Retail,Medium,Basic,50,0,53,35.56603773584906,1,2.0,9.0,6,0.5,0.16666666666666666
1655,Germany,SaaS,Medium,Pro,150,0,49,36.48979591836735,2,10.5,9.0,13,0.7692307692307693,0.8461538461538461
1656,UK,Education,Small,Pro,150,0,86,36.406976744186046,0,,,7,1.0,0.8571428571428571
1657,UK,Retail,Enterprise,Basic,50,0,92,34.40217391304348,0,,,14,0.9285714285714286,0.5714285714285714
1658,India,Healthcare,Medium,Basic,50,1,11,4.7272727272727275,10,64.7,2.5,3,0.3333333333333333,0.0
1659,India,SaaS,Enterprise,Pro,150,0,91,34.824175824175825,4,10.5,7.0,12,0.75,0.5
1660,Canada,Healthcare,Small,Pro,150,0,88,32.46590909090909,1,6.0,6.0,11,0.8181818181818182,0.5454545454545454
1661,USA,SaaS,Enterprise,Basic,50,1,18,4.444444444444445,7,84.14285714285714,2.5714285714285716,2,0.5,0.0
1662,Canada,Retail,Enterprise,Basic,50,0,100,34.63,0,,,15,0.9333333333333333,0.4666666666666667
1663,Canada,SaaS,Medium,Pro,150,0,47,33.638297872340424,0,,,7,1.0,0.5714285714285714
1664,UK,Finance,Small,Basic,50,1,15,6.4,8,64.75,3.375,3,0.0,0.0
1665,Germany,Education,Small,Basic,50,0,108,33.611111111111114,2,27.5,7.5,8,0.875,0.625
1666,UK,Healthcare,Small,Basic,50,1,17,4.764705882352941,10,59.9,2.1,5,0.2,0.0
1667,Canada,Finance,Small,Basic,50,1,15,5.066666666666666,10,75.6,2.5,4,0.5,0.0
1668,USA,Healthcare,Enterprise,Basic,50,1,18,4.833333333333333,3,72.66666666666667,2.6666666666666665,5,0.4,0.0
1669,Canada,SaaS,Enterprise,Pro,150,0,95,36.1578947368421,2,19.5,8.0,15,0.6666666666666666,0.4
1670,Germany,Education,Small,Pro,150,0,107,36.41121495327103,1,25.0,9.0,10,0.8,0.5
1671,India,SaaS,Medium,Pro,150,0,102,32.3921568627451,0,,,7,0.5714285714285714,0.8571428571428571
1672,USA,Healthcare,Enterprise,Basic,50,0,57,33.12280701754386,2,21.0,7.0,15,0.9333333333333333,0.4
1673,Canada,Retail,Medium,Basic,50,0,50,34.28,4,21.0,7.5,8,0.75,0.625
1674,India,Healthcare,Enterprise,Pro,150,0,110,34.627272727272725,1,32.0,6.0,8,0.75,0.625
1675,UK,SaaS,Medium,Pro,150,0,96,34.78125,0,,,8,0.875,0.625
1676,Canada,SaaS,Small,Basic,50,0,98,35.38775510204081,2,45.5,7.0,8,1.0,0.625
1677,India,Retail,Medium,Basic,50,0,86,35.18604651162791,0,,,10,0.8,0.7
1678,India,Education,Enterprise,Basic,50,1,9,5.888888888888889,7,92.85714285714286,3.4285714285714284,3,0.0,0.0
1679,India,Education,Small,Pro,150,0,46,33.67391304347826,1,43.0,9.0,7,1.0,1.0
1680,Canada,Education,Medium,Basic,50,0,118,33.90677966101695,2,36.5,6.0,8,1.0,0.75
1681,India,Retail,Small,Pro,150,0,116,36.51724137931034,2,25.5,9.0,14,0.9285714285714286,0.6428571428571429
1682,USA,Finance,Small,Basic,50,0,73,36.61643835616438,0,,,6,1.0,1.0
1683,UK,Retail,Medium,Enterprise,500,0,94,34.06382978723404,3,24.666666666666668,7.0,14,0.7857142857142857,0.5714285714285714
1684,India,Healthcare,Enterprise,Basic,50,0,93,35.655913978494624,4,35.25,7.0,7,0.5714285714285714,0.5714285714285714
1685,India,Retail,Medium,Basic,50,0,111,32.04504504504504,4,18.0,6.25,14,0.5714285714285714,0.5
1686,Germany,Finance,Medium,Basic,50,0,55,31.4,4,18.25,7.75,6,0.3333333333333333,0.5
1687,Germany,Education,Small,Pro,150,0,109,33.87155963302752,0,,,11,1.0,0.36363636363636365
1688,UK,Education,Small,Pro,150,1,10,5.3,10,72.9,2.5,4,0.5,0.25
1689,India,Healthcare,Enterprise,Basic,50,0,71,32.732394366197184,2,22.0,7.5,8,0.875,0.75
1690,UK,Finance,Enterprise,Pro,150,1,7,7.0,4,76.5,3.75,1,1.0,1.0
1691,USA,SaaS,Small,Basic,50,0,57,32.14035087719298,0,,,5,0.6,0.4
1692,Canada,SaaS,Enterprise,Pro,150,0,91,34.79120879120879,4,25.5,7.25,5,1.0,0.4
1693,Canada,Retail,Enterprise,Pro,150,1,11,4.090909090909091,6,77.5,3.0,3,0.0,0.3333333333333333
1694,UK,SaaS,Enterprise,Enterprise,500,0,118,35.78813559322034,0,,,10,1.0,0.6
1695,India,Education,Enterprise,Enterprise,500,1,10,4.6,7,71.14285714285714,3.0,2,0.5,0.0
1696,Germany,Healthcare,Medium,Pro,150,0,41,39.073170731707314,4,24.75,8.75,14,0.6428571428571429,0.5
1697,Germany,Healthcare,Enterprise,Basic,50,0,99,37.13131313131313,4,13.0,7.5,10,0.9,0.6
1698,India,Healthcare,Medium,Pro,150,0,77,32.77922077922078,2,35.0,7.0,10,0.8,0.6
1699,Canada,Education,Small,Basic,50,0,94,33.297872340425535,1,1.0,8.0,7,0.7142857142857143,0.5714285714285714
1700,Germany,Finance,Enterprise,Basic,50,0,63,35.23809523809524,2,37.5,7.0,12,0.75,0.6666666666666666
1701,USA,Healthcare,Enterprise,Basic,50,1,9,6.0,10,69.7,3.1,2,0.0,0.0
1702,UK,Education,Small,Pro,150,0,114,35.421052631578945,3,27.333333333333332,7.333333333333333,7,0.7142857142857143,0.7142857142857143
1703,Germany,Healthcare,Small,Pro,150,0,73,37.35616438356164,4,29.0,6.75,6,0.8333333333333334,0.8333333333333334
1704,Canada,Education,Enterprise,Basic,50,0,67,31.940298507462686,3,30.333333333333332,6.666666666666667,12,0.75,0.4166666666666667
1705,UK,Retail,Medium,Basic,50,0,104,35.74038461538461,2,20.5,7.0,14,0.8571428571428571,0.7142857142857143
1706,USA,Healthcare,Medium,Basic,50,0,41,33.8780487804878,4,13.75,7.5,13,0.8461538461538461,0.5384615384615384
1707,UK,SaaS,Medium,Basic,50,0,45,33.6,0,,,12,0.9166666666666666,0.5833333333333334
1708,India,Healthcare,Small,Basic,50,0,105,33.98095238095238,3,33.333333333333336,6.666666666666667,7,0.8571428571428571,0.7142857142857143
1709,UK,Education,Medium,Pro,150,0,99,35.01010101010101,3,15.666666666666666,8.333333333333334,14,0.6428571428571429,0.42857142857142855
1710,Germany,Retail,Medium,Basic,50,0,84,34.095238095238095,1,46.0,6.0,8,0.75,0.25
1711,USA,SaaS,Enterprise,Basic,50,0,49,35.142857142857146,2,11.5,9.0,15,0.8,0.5333333333333333
1712,India,SaaS,Enterprise,Basic,50,1,10,5.7,5,77.6,3.0,3,0.3333333333333333,0.3333333333333333
1713,Canada,Finance,Enterprise,Enterprise,500,0,58,36.6551724137931,3,25.666666666666668,7.666666666666667,6,0.8333333333333334,0.5
1714,India,Education,Enterprise,Basic,50,0,114,33.771929824561404,0,,,8,0.75,0.5
1715,Canada,Healthcare,Medium,Basic,50,1,9,4.888888888888889,8,79.0,3.5,1,1.0,0.0
1716,Germany,Finance,Enterprise,Pro,150,1,9,4.444444444444445,4,76.5,2.25,2,0.0,0.0
1717,USA,Education,Medium,Basic,50,0,120,36.24166666666667,4,22.25,7.25,8,0.75,0.25
1718,Germany,Healthcare,Enterprise,Pro,150,1,18,5.277777777777778,10,84.3,3.0,5,0.4,0.0
1719,Germany,Finance,Medium,Enterprise,500,0,85,34.8,0,,,5,0.6,0.4
1720,Germany,Retail,Enterprise,Basic,50,1,16,5.0625,8,54.125,2.875,4,0.5,0.0
1721,USA,Education,Small,Basic,50,0,100,33.29,1,8.0,7.0,7,0.7142857142857143,0.42857142857142855
1722,Germany,Healthcare,Small,Basic,50,0,61,31.75409836065574,0,,,15,0.7333333333333333,0.6666666666666666
1723,USA,Education,Enterprise,Pro,150,0,120,35.15,4,28.5,6.5,15,0.7333333333333333,0.6
1724,India,Healthcare,Small,Pro,150,1,16,4.8125,10,85.3,3.1,1,1.0,1.0
1725,UK,Healthcare,Medium,Pro,150,0,40,32.45,4,22.25,7.25,5,0.6,0.8
1726,Canada,SaaS,Enterprise,Enterprise,500,0,94,34.659574468085104,0,,,14,0.7857142857142857,0.8571428571428571
1727,UK,Retail,Medium,Pro,150,1,18,4.555555555555555,4,79.75,2.5,3,0.3333333333333333,0.0
1728,USA,Retail,Enterprise,Pro,150,0,87,36.0,0,,,12,0.5,0.5
1729,Germany,Retail,Small,Enterprise,500,0,73,34.73972602739726,1,38.0,9.0,9,1.0,0.5555555555555556
1730,Canada,Healthcare,Enterprise,Pro,150,0,41,34.75609756097561,1,22.0,7.0,8,0.875,0.375
1731,Germany,SaaS,Small,Pro,150,0,73,33.082191780821915,4,15.75,8.25,10,0.8,0.3
1732,USA,Healthcare,Enterprise,Enterprise,500,1,8,3.75,10,64.6,2.3,2,0.0,0.0
1733,Canada,Healthcare,Small,Basic,50,0,99,34.16161616161616,2,22.5,6.5,12,0.9166666666666666,0.75
1734,Canada,SaaS,Enterprise,Pro,150,0,67,35.47761194029851,0,,,14,0.9285714285714286,0.42857142857142855
1735,UK,SaaS,Small,Basic,50,1,11,5.909090909090909,9,73.22222222222223,3.0,4,0.25,0.0
1736,India,Healthcare,Enterprise,Pro,150,0,97,34.68041237113402,2,39.0,6.5,7,0.8571428571428571,0.7142857142857143
1737,Germany,Education,Enterprise,Pro,150,0,43,35.06976744186046,0,,,8,0.875,0.625
1738,USA,Finance,Small,Basic,50,1,18,4.666666666666667,6,55.333333333333336,2.6666666666666665,1,0.0,0.0
1739,UK,Retail,Enterprise,Pro,150,1,6,4.333333333333333,9,71.0,3.2222222222222223,1,0.0,0.0
1740,Germany,Retail,Small,Basic,50,0,70,34.614285714285714,1,9.0,6.0,5,0.8,0.6
1741,UK,Retail,Enterprise,Basic,50,0,77,34.4025974025974,3,24.666666666666668,8.0,7,0.7142857142857143,0.8571428571428571
1742,UK,Education,Small,Basic,50,0,71,34.74647887323944,2,39.5,6.5,12,0.5833333333333334,0.5833333333333334
1743,Canada,Education,Medium,Basic,50,0,42,36.333333333333336,1,3.0,6.0,13,0.8461538461538461,0.6153846153846154
1744,UK,Finance,Medium,Basic,50,0,111,36.01801801801802,0,,,7,0.5714285714285714,0.42857142857142855
1745,Canada,Education,Small,Pro,150,0,95,33.63157894736842,0,,,10,0.9,0.5
1746,UK,Retail,Medium,Pro,150,0,72,34.763888888888886,1,14.0,8.0,6,0.8333333333333334,0.5
1747,UK,SaaS,Small,Pro,150,0,110,33.154545454545456,3,32.666666666666664,7.0,15,0.8,0.6666666666666666
1748,UK,Education,Enterprise,Basic,50,1,6,3.3333333333333335,4,68.5,2.75,3,0.0,0.0
1749,Germany,Healthcare,Enterprise,Basic,50,1,15,5.133333333333334,9,92.77777777777777,2.4444444444444446,3,0.0,0.0
1750,USA,Healthcare,Medium,Pro,150,0,57,33.08771929824562,1,12.0,9.0,10,0.9,0.3
1751,Canada,Education,Small,Basic,50,1,14,4.785714285714286,9,59.77777777777778,3.111111111111111,4,0.25,0.5
1752,Canada,Education,Small,Basic,50,0,87,34.206896551724135,3,24.333333333333332,7.666666666666667,7,1.0,0.0
1753,USA,Retail,Enterprise,Pro,150,0,52,32.92307692307692,0,,,12,0.8333333333333334,0.4166666666666667
1754,UK,Education,Enterprise,Basic,50,0,63,31.80952380952381,0,,,10,0.9,0.4
1755,USA,Retail,Enterprise,Pro,150,0,71,34.225352112676056,4,33.75,7.75,13,0.8461538461538461,0.6153846153846154
1756,Germany,Finance,Small,Pro,150,1,8,3.625,10,87.4,2.5,1,0.0,0.0
1757,Canada,Retail,Small,Basic,50,0,87,35.96551724137931,4,27.5,7.75,5,0.8,0.8
1758,Germany,Retail,Medium,Enterprise,500,0,48,34.8125,0,,,15,0.7333333333333333,0.4666666666666667
1759,Canada,Education,Small,Basic,50,0,90,32.833333333333336,4,34.25,8.25,8,1.0,0.25
1760,Germany,Healthcare,Medium,Basic,50,1,10,5.0,8,94.5,3.25,4,0.0,0.25
1761,Germany,Healthcare,Small,Basic,50,0,48,33.416666666666664,2,30.0,7.5,15,0.9333333333333333,0.5333333333333333
1762,India,Education,Enterprise,Basic,50,0,116,36.3448275862069,2,20.5,7.5,6,0.8333333333333334,1.0
1763,Germany,Finance,Small,Basic,50,0,63,33.333333333333336,0,,,15,0.8666666666666667,0.4666666666666667
1764,USA,SaaS,Enterprise,Pro,150,0,86,33.2906976744186,4,11.0,7.25,7,0.5714285714285714,0.5714285714285714
1765,Canada,SaaS,Enterprise,Basic,50,0,113,32.796460176991154,2,29.5,7.5,11,0.7272727272727273,0.5454545454545454
1766,USA,Retail,Enterprise,Basic,50,0,55,34.58181818181818,3,30.333333333333332,7.666666666666667,10,0.7,0.4
1767,UK,Finance,Medium,Basic,50,0,61,33.83606557377049,0,,,8,0.75,0.5
1768,India,SaaS,Small,Enterprise,500,0,57,32.3859649122807,2,27.0,7.5,11,0.7272727272727273,0.7272727272727273
1769,Germany,Education,Medium,Basic,50,1,5,6.4,3,80.66666666666667,2.3333333333333335,2,0.0,0.0
1770,India,Education,Medium,Basic,50,0,102,33.549019607843135,1,16.0,8.0,5,0.6,0.6
1771,Canada,Finance,Enterprise,Pro,150,0,96,34.645833333333336,0,,,8,0.875,0.75
1772,India,Retail,Small,Basic,50,1,17,5.0588235294117645,7,83.71428571428571,3.0,1,1.0,0.0
1773,Germany,Education,Enterprise,Basic,50,1,8,4.625,4,65.25,2.25,4,0.25,0.25
1774,Germany,Healthcare,Medium,Pro,150,1,8,5.5,5,79.4,1.8,2,0.0,0.0
1775,Canada,Education,Medium,Basic,50,0,41,29.414634146341463,1,46.0,7.0,14,0.8571428571428571,0.5714285714285714
1776,India,Finance,Enterprise,Pro,150,0,92,35.70652173913044,1,25.0,6.0,8,1.0,0.75
1777,India,Retail,Enterprise,Pro,150,0,95,37.8,0,,,10,0.8,0.6
1778,UK,SaaS,Enterprise,Basic,50,1,8,6.375,8,69.75,3.25,3,0.3333333333333333,0.0
1779,UK,Retail,Enterprise,Basic,50,1,11,4.181818181818182,10,70.4,3.8,4,0.0,0.0
1780,UK,SaaS,Small,Basic,50,1,16,4.375,4,49.0,2.25,4,0.0,0.25
1781,Canada,Retail,Medium,Basic,50,0,45,39.355555555555554,3,24.0,7.666666666666667,10,0.9,0.5
1782,Canada,Education,Enterprise,Basic,50,0,112,34.38392857142857,4,26.75,7.75,8,0.625,0.5
1783,USA,Healthcare,Medium,Pro,150,0,54,38.31481481481482,3,22.0,7.0,10,0.7,0.5
1784,USA,SaaS,Small,Basic,50,1,18,5.333333333333333,9,72.11111111111111,3.0,5,0.4,0.0
1785,Germany,Education,Medium,Basic,50,0,112,37.25,0,,,9,1.0,0.3333333333333333
1786,USA,SaaS,Medium,Pro,150,0,105,32.72380952380952,4,32.75,7.5,14,0.8571428571428571,0.7142857142857143
1787,UK,Finance,Small,Basic,50,0,51,28.274509803921568,2,38.5,7.0,9,0.8888888888888888,0.8888888888888888
1788,Canada,SaaS,Enterprise,Pro,150,0,112,35.50892857142857,2,11.5,7.0,9,0.6666666666666666,0.5555555555555556
1789,Germany,Retail,Enterprise,Basic,50,1,19,4.684210526315789,9,81.11111111111111,2.5555555555555554,4,0.25,0.0
1790,Canada,Finance,Enterprise,Pro,150,0,89,33.82022471910113,2,24.0,7.5,7,1.0,0.5714285714285714
1791,Canada,SaaS,Small,Pro,150,0,82,33.792682926829265,1,43.0,7.0,8,1.0,0.875
1792,Germany,Retail,Small,Basic,50,0,103,34.213592233009706,4,26.5,6.25,6,1.0,0.5
1793,UK,Education,Medium,Enterprise,500,0,79,34.64556962025316,0,,,10,0.9,0.8
1794,UK,SaaS,Enterprise,Basic,50,0,69,34.2463768115942,3,28.666666666666668,8.0,15,0.8,0.6
1795,Canada,Education,Enterprise,Pro,150,1,10,5.3,10,76.7,3.2,2,0.0,0.0
1796,UK,Education,Small,Basic,50,0,81,34.91358024691358,0,,,10,0.9,0.7
1797,USA,Finance,Small,Pro,150,0,92,34.03260869565217,4,23.75,8.0,13,0.6153846153846154,0.6153846153846154
1798,USA,Healthcare,Small,Basic,50,1,6,4.333333333333333,4,56.75,3.25,5,0.0,0.2
1799,India,Retail,Medium,Basic,50,0,101,35.15841584158416,1,17.0,9.0,5,0.8,0.6
1800,Germany,Retail,Enterprise,Basic,50,1,10,5.5,5,70.6,3.4,3,0.3333333333333333,0.0
1801,UK,Education,Small,Enterprise,500,0,58,35.03448275862069,3,40.333333333333336,8.0,5,1.0,0.6
1802,USA,SaaS,Enterprise,Basic,50,0,95,33.463157894736845,3,37.333333333333336,7.0,13,0.8461538461538461,0.46153846153846156
1803,India,Education,Enterprise,Pro,150,0,74,34.58108108108108,2,16.5,8.5,10,0.9,0.6
1804,India,Finance,Medium,Basic,50,0,70,31.67142857142857,0,,,13,0.7692307692307693,0.6923076923076923
1805,UK,Education,Small,Basic,50,0,73,34.87671232876713,2,34.0,7.5,15,0.8666666666666667,0.5333333333333333
1806,Germany,Retail,Enterprise,Basic,50,0,45,29.733333333333334,3,28.666666666666668,6.666666666666667,14,0.7857142857142857,0.9285714285714286
1807,USA,Finance,Small,Pro,150,0,81,37.95061728395062,2,22.5,7.5,5,0.8,0.8
1808,Germany,Education,Small,Basic,50,1,5,4.0,4,87.25,2.75,4,0.0,0.0
1809,Canada,SaaS,Enterprise,Basic,50,0,89,32.68539325842696,1,7.0,6.0,7,0.7142857142857143,0.5714285714285714
1810,India,Finance,Small,Pro,150,0,117,34.64957264957265,3,28.0,6.333333333333333,14,0.6428571428571429,0.5714285714285714
1811,Canada,Finance,Enterprise,Enterprise,500,0,54,32.925925925925924,3,29.333333333333332,7.0,5,0.6,0.6
1812,Canada,Finance,Enterprise,Pro,150,1,20,4.3,4,68.75,2.5,1,0.0,1.0
1813,Germany,Retail,Enterprise,Pro,150,1,18,5.333333333333333,3,73.33333333333333,3.3333333333333335,4,0.0,0.0
1814,Germany,Healthcare,Medium,Basic,50,1,12,4.0,7,85.28571428571429,2.5714285714285716,3,0.3333333333333333,0.0
1815,Germany,Retail,Enterprise,Basic,50,1,15,4.266666666666667,3,62.333333333333336,3.0,2,0.0,0.5
1816,USA,Retail,Small,Basic,50,0,109,34.04587155963303,1,46.0,7.0,12,0.5833333333333334,0.5833333333333334
1817,India,SaaS,Medium,Enterprise,500,0,119,34.36974789915966,2,10.5,7.5,12,0.75,0.5833333333333334
1818,UK,Healthcare,Medium,Basic,50,0,73,34.84931506849315,0,,,7,1.0,0.5714285714285714
1819,Germany,Finance,Enterprise,Pro,150,0,120,35.583333333333336,4,32.5,8.25,8,0.75,0.75
1820,Canada,SaaS,Enterprise,Basic,50,0,55,38.41818181818182,3,28.333333333333332,8.0,14,0.7142857142857143,0.5
1821,India,Healthcare,Medium,Basic,50,1,8,5.0,6,83.5,4.0,3,0.0,0.3333333333333333
1822,USA,Retail,Enterprise,Pro,150,1,6,7.0,8,71.875,3.75,2,0.0,0.0
1823,India,SaaS,Enterprise,Basic,50,0,58,35.86206896551724,2,27.0,7.5,11,0.8181818181818182,0.7272727272727273
1824,UK,Retail,Medium,Enterprise,500,0,82,34.41463414634146,0,,,10,0.8,0.8
1825,India,Healthcare,Enterprise,Pro,150,1,16,4.3125,10,76.7,3.8,2,0.0,0.0
1826,India,Healthcare,Enterprise,Basic,50,0,74,34.310810810810814,3,18.333333333333332,7.333333333333333,13,0.6923076923076923,0.6923076923076923
1827,UK,Retail,Enterprise,Basic,50,0,71,36.61971830985915,2,25.0,8.0,13,0.7692307692307693,0.46153846153846156
1828,UK,Healthcare,Enterprise,Basic,50,0,87,35.59770114942529,3,18.0,7.0,10,0.6,0.6
1829,UK,Finance,Small,Enterprise,500,0,105,34.59047619047619,0,,,15,0.9333333333333333,0.6
1830,UK,Healthcare,Small,Basic,50,0,102,34.254901960784316,1,42.0,8.0,15,1.0,0.6666666666666666
1831,Canada,Finance,Small,Basic,50,0,73,35.6986301369863,4,24.5,7.5,10,0.8,0.7
1832,USA,SaaS,Small,Basic,50,1,19,4.368421052631579,7,52.714285714285715,2.857142857142857,5,0.0,0.2
1833,Germany,Education,Small,Basic,50,0,88,34.02272727272727,2,43.0,6.5,15,0.7333333333333333,0.4666666666666667
1834,Canada,SaaS,Medium,Basic,50,0,57,34.8421052631579,3,21.666666666666668,7.666666666666667,15,0.9333333333333333,0.8666666666666667
1835,India,Education,Medium,Pro,150,1,12,3.75,10,84.0,3.0,3,0.0,0.3333333333333333
1836,Germany,Education,Medium,Pro,150,0,92,34.52173913043478,3,11.333333333333334,7.666666666666667,5,0.8,0.6
1837,Germany,Healthcare,Enterprise,Basic,50,0,47,38.1063829787234,4,25.5,8.0,14,0.8571428571428571,0.6428571428571429
1838,India,Retail,Small,Basic,50,0,91,34.32967032967033,1,12.0,8.0,11,0.9090909090909091,0.7272727272727273
1839,Canada,Healthcare,Small,Basic,50,0,52,36.36538461538461,1,19.0,6.0,5,1.0,0.6
1840,Canada,Retail,Medium,Pro,150,0,54,37.148148148148145,0,,,15,0.7333333333333333,0.6
1841,Canada,SaaS,Enterprise,Basic,50,1,12,5.75,7,79.14285714285714,3.2857142857142856,5,0.6,0.2
1842,India,Retail,Enterprise,Enterprise,500,0,43,35.55813953488372,0,,,7,1.0,0.5714285714285714
1843,UK,Retail,Small,Pro,150,0,101,32.42574257425743,3,24.0,7.0,10,0.7,0.6
1844,Canada,Retail,Medium,Basic,50,0,76,33.76315789473684,0,,,11,0.9090909090909091,0.6363636363636364
1845,USA,SaaS,Enterprise,Basic,50,0,93,36.02150537634409,1,41.0,7.0,7,0.8571428571428571,0.42857142857142855
1846,UK,Retail,Enterprise,Pro,150,1,15,4.133333333333334,8,83.375,2.0,4,0.25,0.0
1847,USA,Finance,Medium,Basic,50,0,84,33.273809523809526,1,22.0,7.0,12,0.75,0.25
1848,Canada,Finance,Small,Basic,50,0,58,35.56896551724138,1,34.0,9.0,11,0.9090909090909091,0.36363636363636365
1849,Canada,Finance,Small,Basic,50,0,60,35.96666666666667,4,20.5,7.0,9,0.7777777777777778,0.6666666666666666
1850,India,Retail,Enterprise,Basic,50,0,103,36.57281553398058,2,13.0,8.0,8,0.75,0.5
1851,India,Finance,Small,Pro,150,0,58,33.46551724137931,1,36.0,6.0,13,0.9230769230769231,0.5384615384615384
1852,Germany,Retail,Small,Basic,50,0,98,34.683673469387756,2,24.5,8.5,5,0.8,0.6
1853,Germany,Finance,Medium,Basic,50,1,7,4.142857142857143,10,86.4,3.5,2,0.5,0.0
1854,Germany,Finance,Medium,Enterprise,500,0,62,36.46774193548387,3,21.0,7.666666666666667,12,0.5833333333333334,0.6666666666666666
1855,UK,Education,Small,Basic,50,0,110,33.10909090909091,1,43.0,9.0,12,0.75,0.5
1856,Canada,Healthcare,Small,Pro,150,0,64,36.421875,4,25.0,7.25,11,0.9090909090909091,0.5454545454545454
1857,India,Healthcare,Enterprise,Basic,50,0,64,35.0,1,14.0,7.0,11,0.9090909090909091,0.45454545454545453
1858,Germany,Retail,Small,Basic,50,0,58,33.98275862068966,1,16.0,7.0,13,0.7692307692307693,0.5384615384615384
1859,UK,Healthcare,Medium,Basic,50,0,97,36.50515463917526,2,30.0,7.0,14,0.9285714285714286,0.5714285714285714
1860,USA,Healthcare,Medium,Basic,50,0,70,35.82857142857143,3,26.666666666666668,7.333333333333333,9,0.6666666666666666,0.1111111111111111
1861,Germany,Healthcare,Enterprise,Pro,150,0,40,35.95,0,,,7,0.7142857142857143,0.14285714285714285
1862,Canada,Education,Enterprise,Pro,150,0,95,36.294736842105266,4,20.75,8.5,15,0.9333333333333333,0.3333333333333333
1863,India,Retail,Medium,Basic,50,0,40,29.425,0,,,6,0.8333333333333334,0.6666666666666666
1864,India,Education,Enterprise,Enterprise,500,0,82,31.134146341463413,2,21.5,6.0,9,0.6666666666666666,0.4444444444444444
1865,USA,Retail,Small,Basic,50,0,113,34.48672566371681,0,,,9,1.0,0.7777777777777778
1866,UK,SaaS,Small,Pro,150,0,75,35.346666666666664,4,34.75,7.25,6,0.6666666666666666,0.5
1867,India,Retail,Enterprise,Pro,150,0,69,33.36231884057971,0,,,6,1.0,0.3333333333333333
1868,USA,Retail,Enterprise,Enterprise,500,0,105,34.266666666666666,4,22.25,7.0,6,0.8333333333333334,0.3333333333333333
1869,India,Finance,Medium,Pro,150,0,74,34.16216216216216,3,11.666666666666666,6.0,6,0.8333333333333334,0.6666666666666666
1870,India,Education,Enterprise,Pro,150,1,20,5.35,7,56.42857142857143,2.4285714285714284,2,0.5,0.0
1871,India,Finance,Small,Basic,50,0,44,34.38636363636363,1,47.0,6.0,14,0.7857142857142857,0.6428571428571429
1872,Germany,SaaS,Medium,Pro,150,0,104,33.73076923076923,0,,,13,0.9230769230769231,0.6153846153846154
1873,Canada,Healthcare,Enterprise,Pro,150,0,86,34.31395348837209,0,,,8,0.75,0.75
1874,Canada,Education,Small,Basic,50,0,50,35.9,2,18.0,9.0,8,0.75,0.625
1875,India,Finance,Medium,Enterprise,500,0,94,36.97872340425532,3,25.0,8.0,6,1.0,0.8333333333333334
1876,Canada,Retail,Enterprise,Basic,50,1,9,4.777777777777778,10,75.0,2.6,5,0.4,0.0
1877,Germany,SaaS,Medium,Pro,150,1,9,5.222222222222222,4,65.75,2.25,4,0.75,0.0
1878,Canada,Finance,Medium,Basic,50,0,97,35.16494845360825,4,29.5,7.75,5,0.8,0.6
1879,UK,Healthcare,Enterprise,Basic,50,1,6,4.333333333333333,8,72.5,3.0,5,0.0,0.2
1880,India,Retail,Enterprise,Basic,50,0,84,35.44047619047619,1,29.0,9.0,15,0.8,0.6
1881,Canada,Education,Medium,Basic,50,1,5,6.6,6,79.66666666666667,2.5,1,1.0,0.0
1882,USA,SaaS,Small,Enterprise,500,0,61,34.18032786885246,1,1.0,8.0,8,0.625,0.625
1883,India,Healthcare,Medium,Pro,150,0,95,37.04210526315789,4,25.0,7.0,5,0.6,0.8
1884,India,Finance,Enterprise,Pro,150,1,10,5.8,5,48.4,3.4,4,0.25,0.25
1885,India,Education,Enterprise,Basic,50,0,73,33.6986301369863,2,38.0,7.0,10,0.8,0.6
1886,Germany,Finance,Medium,Pro,150,0,105,32.97142857142857,1,45.0,8.0,5,0.8,0.6
1887,India,Education,Enterprise,Enterprise,500,0,112,32.92857142857143,4,20.25,7.0,7,0.7142857142857143,0.7142857142857143
1888,Germany,Retail,Small,Basic,50,0,107,32.32710280373832,3,14.0,8.666666666666666,9,0.6666666666666666,0.4444444444444444
1889,UK,SaaS,Small,Basic,50,1,9,3.7777777777777777,8,79.625,3.75,3,0.3333333333333333,0.0
1890,UK,Finance,Enterprise,Enterprise,500,0,61,35.39344262295082,4,24.5,8.0,8,0.875,0.5
1891,USA,Healthcare,Small,Basic,50,0,112,35.598214285714285,3,31.333333333333332,7.333333333333333,11,0.7272727272727273,0.8181818181818182
1892,Germany,SaaS,Small,Pro,150,0,64,34.78125,3,35.333333333333336,7.666666666666667,6,0.8333333333333334,0.5
1893,USA,Retail,Enterprise,Enterprise,500,0,45,31.866666666666667,3,17.0,8.666666666666666,7,0.8571428571428571,0.8571428571428571
1894,USA,SaaS,Medium,Basic,50,0,49,33.57142857142857,2,25.0,8.5,13,0.9230769230769231,0.6153846153846154
1895,Canada,SaaS,Small,Enterprise,500,0,106,34.08490566037736,1,10.0,8.0,9,0.7777777777777778,0.5555555555555556
1896,India,Education,Small,Basic,50,0,69,32.30434782608695,1,12.0,9.0,6,0.8333333333333334,0.3333333333333333
1897,USA,Retail,Medium,Basic,50,0,45,34.4,0,,,12,0.75,0.3333333333333333
1898,UK,Healthcare,Enterprise,Basic,50,1,14,5.0,9,89.66666666666667,3.0,5,0.4,0.0
1899,India,Retail,Enterprise,Basic,50,1,7,3.5714285714285716,10,58.9,4.0,1,1.0,0.0
1900,UK,Healthcare,Enterprise,Pro,150,1,14,4.5,9,68.66666666666667,3.0,1,0.0,1.0
1901,UK,SaaS,Small,Enterprise,500,0,104,33.71153846153846,2,41.0,7.5,10,0.7,0.6
1902,India,Finance,Medium,Basic,50,0,56,28.964285714285715,3,17.666666666666668,8.333333333333334,12,0.8333333333333334,0.5
1903,Germany,Education,Medium,Enterprise,500,0,107,33.66355140186916,0,,,5,1.0,0.6
1904,Canada,Retail,Small,Basic,50,1,9,4.333333333333333,10,75.7,2.1,4,0.0,0.25
1905,Canada,Healthcare,Enterprise,Pro,150,0,67,38.701492537313435,0,,,7,0.8571428571428571,0.42857142857142855
1906,Canada,Retail,Enterprise,Pro,150,0,61,32.16393442622951,0,,,5,0.8,0.6
1907,Canada,Retail,Enterprise,Basic,50,0,82,34.23170731707317,3,31.666666666666668,6.0,14,0.5714285714285714,0.6428571428571429
1908,Canada,Finance,Medium,Basic,50,0,68,35.0735294117647,0,,,5,0.8,0.4
1909,Germany,Education,Small,Pro,150,0,64,33.109375,2,30.0,7.5,5,0.8,0.4
1910,USA,Retail,Medium,Pro,150,0,46,36.93478260869565,4,23.75,7.25,12,0.9166666666666666,0.5833333333333334
1911,India,Retail,Medium,Pro,150,1,12,5.75,4,71.0,2.75,1,1.0,0.0
1912,UK,Finance,Small,Basic,50,0,76,35.44736842105263,4,29.5,7.25,12,0.75,0.25
1913,USA,Education,Small,Basic,50,0,114,35.8859649122807,3,35.333333333333336,7.0,7,1.0,0.42857142857142855
1914,India,Finance,Medium,Basic,50,0,53,34.867924528301884,0,,,8,0.75,0.75
1915,Canada,SaaS,Enterprise,Pro,150,0,102,32.53921568627451,2,25.5,8.0,8,0.75,0.75
1916,Germany,Retail,Medium,Basic,50,0,68,34.0,4,27.5,7.75,6,1.0,0.8333333333333334
1917,USA,Retail,Medium,Basic,50,1,11,5.090909090909091,6,85.33333333333333,2.8333333333333335,4,0.5,0.0
1918,Canada,Healthcare,Small,Pro,150,0,67,36.32835820895522,3,23.0,7.333333333333333,15,0.7333333333333333,0.4666666666666667
1919,Canada,Finance,Small,Pro,150,0,76,37.078947368421055,1,4.0,7.0,15,0.8,0.5333333333333333
1920,Germany,Education,Medium,Basic,50,0,93,37.483870967741936,1,28.0,7.0,9,0.8888888888888888,0.3333333333333333
1921,Germany,Healthcare,Small,Basic,50,0,118,33.101694915254235,2,29.0,8.0,6,0.6666666666666666,0.8333333333333334
1922,Germany,Retail,Small,Pro,150,0,102,32.5,3,13.0,6.666666666666667,14,0.7142857142857143,0.6428571428571429
1923,India,SaaS,Medium,Pro,150,0,54,32.7037037037037,2,25.0,7.0,11,0.7272727272727273,0.9090909090909091
1924,UK,Education,Enterprise,Basic,50,1,9,5.666666666666667,10,68.1,3.6,2,0.5,0.5
1925,India,Finance,Enterprise,Basic,50,1,20,4.95,8,67.5,3.625,2,0.5,0.0
1926,Canada,Finance,Medium,Pro,150,0,57,34.75438596491228,1,45.0,6.0,14,0.9285714285714286,0.6428571428571429
1927,UK,SaaS,Small,Basic,50,0,111,32.55855855855856,0,,,11,0.9090909090909091,0.7272727272727273
1928,UK,Finance,Small,Enterprise,500,0,73,34.9041095890411,0,,,15,0.8666666666666667,0.4666666666666667
1929,Germany,Education,Medium,Basic,50,1,17,4.470588235294118,5,77.8,3.8,2,0.5,0.0
1930,India,Education,Medium,Pro,150,0,71,35.605633802816904,1,1.0,9.0,6,0.8333333333333334,0.6666666666666666
1931,UK,Finance,Small,Pro,150,1,18,4.166666666666667,3,86.66666666666667,2.6666666666666665,5,0.4,0.2
1932,UK,SaaS,Enterprise,Basic,50,0,82,33.329268292682926,4,31.0,8.0,9,1.0,0.7777777777777778
1933,USA,Healthcare,Small,Basic,50,1,7,5.857142857142857,10,78.5,3.0,3,0.0,0.0
1934,India,Finance,Small,Basic,50,1,5,6.0,8,84.875,2.875,3,0.0,0.0
1935,Germany,SaaS,Small,Basic,50,0,119,36.54621848739496,4,15.0,6.75,15,0.6,0.5333333333333333
1936,USA,Healthcare,Small,Pro,150,1,16,4.75,5,84.0,3.0,2,0.0,0.0
1937,Germany,Healthcare,Medium,Basic,50,1,11,5.0,8,67.5,3.0,2,0.5,0.0
1938,Germany,Finance,Medium,Enterprise,500,0,84,34.392857142857146,1,40.0,8.0,9,0.8888888888888888,0.5555555555555556
1939,India,Retail,Enterprise,Basic,50,0,74,34.7027027027027,4,31.75,7.25,14,0.7857142857142857,0.7142857142857143
1940,USA,Finance,Small,Pro,150,0,85,37.35294117647059,1,29.0,7.0,7,1.0,0.8571428571428571
1941,UK,SaaS,Medium,Basic,50,0,70,36.27142857142857,1,45.0,6.0,11,0.8181818181818182,0.2727272727272727
1942,Germany,SaaS,Enterprise,Basic,50,0,40,39.025,0,,,5,0.4,0.4
1943,Germany,Healthcare,Small,Basic,50,1,11,5.454545454545454,8,72.0,3.625,3,0.6666666666666666,0.3333333333333333
1944,India,Retail,Small,Pro,150,1,17,4.235294117647059,3,65.66666666666667,3.6666666666666665,1,0.0,0.0
1945,USA,Healthcare,Medium,Pro,150,0,59,32.220338983050844,1,24.0,6.0,15,0.8,0.6666666666666666
1946,Germany,Healthcare,Enterprise,Basic,50,1,17,6.352941176470588,10,68.9,3.4,5,0.2,0.4
1947,USA,Healthcare,Medium,Basic,50,0,51,34.431372549019606,2,41.5,7.5,8,0.75,0.5
1948,USA,Education,Enterprise,Basic,50,1,12,5.75,8,79.0,3.5,1,1.0,0.0
1949,UK,Retail,Medium,Pro,150,0,53,32.9622641509434,4,20.5,7.75,10,0.6,0.4
1950,India,Finance,Small,Pro,150,0,91,34.956043956043956,0,,,10,0.7,0.5
1951,USA,Education,Enterprise,Basic,50,1,20,5.75,10,63.5,3.0,3,0.3333333333333333,0.0
1952,USA,Finance,Medium,Pro,150,0,41,37.34146341463415,3,25.333333333333332,8.333333333333334,5,1.0,0.8
1953,India,Healthcare,Medium,Pro,150,0,90,32.58888888888889,0,,,11,0.9090909090909091,0.45454545454545453
1954,USA,Healthcare,Small,Pro,150,0,49,36.12244897959184,4,27.5,7.75,12,0.9166666666666666,0.5
1955,UK,Retail,Medium,Basic,50,1,20,4.75,6,73.0,3.0,2,0.5,0.0
1956,USA,Healthcare,Medium,Basic,50,0,47,34.59574468085106,0,,,6,0.8333333333333334,0.6666666666666666
1957,Canada,SaaS,Medium,Basic,50,0,48,33.916666666666664,4,24.25,7.25,9,1.0,0.5555555555555556
1958,UK,SaaS,Small,Basic,50,0,57,35.1578947368421,4,24.5,8.0,6,0.6666666666666666,0.6666666666666666
1959,Canada,Retail,Enterprise,Pro,150,0,117,34.0,2,2.5,7.0,7,1.0,0.5714285714285714
1960,Canada,Healthcare,Medium,Pro,150,0,68,33.25,3,27.333333333333332,7.333333333333333,12,0.9166666666666666,0.75
1961,USA,Healthcare,Small,Pro,150,0,76,32.03947368421053,0,,,6,0.8333333333333334,0.5
1962,Germany,SaaS,Enterprise,Pro,150,0,120,34.358333333333334,2,12.5,7.5,5,1.0,0.4
1963,Canada,Finance,Enterprise,Pro,150,0,41,32.048780487804876,2,22.5,7.5,10,0.7,0.5
1964,USA,SaaS,Medium,Basic,50,0,104,34.48076923076923,0,,,6,0.8333333333333334,0.6666666666666666
1965,UK,Education,Small,Basic,50,1,18,4.888888888888889,6,79.66666666666667,3.0,4,0.0,0.0
1966,UK,Retail,Small,Pro,150,0,47,35.191489361702125,1,24.0,8.0,13,0.6153846153846154,0.6923076923076923
1967,India,Education,Enterprise,Pro,150,0,82,32.76829268292683,3,33.666666666666664,7.333333333333333,15,0.6,0.5333333333333333
1968,India,Retail,Enterprise,Basic,50,0,54,33.907407407407405,4,16.5,7.0,12,0.8333333333333334,0.75
1969,UK,SaaS,Enterprise,Basic,50,0,53,36.320754716981135,2,27.0,7.0,9,0.7777777777777778,0.6666666666666666
1970,Germany,Finance,Enterprise,Basic,50,1,11,4.636363636363637,8,66.75,3.0,3,0.3333333333333333,0.3333333333333333
1971,UK,Finance,Small,Pro,150,0,112,35.455357142857146,3,33.666666666666664,7.333333333333333,10,0.9,0.4
1972,Germany,Retail,Enterprise,Basic,50,0,84,33.55952380952381,4,16.25,8.75,6,0.6666666666666666,0.6666666666666666
1973,India,Education,Enterprise,Basic,50,1,16,5.375,7,74.57142857142857,3.857142857142857,1,0.0,0.0
1974,Germany,Healthcare,Enterprise,Pro,150,0,58,37.46551724137931,4,18.75,7.75,9,0.8888888888888888,0.5555555555555556
1975,UK,Education,Medium,Pro,150,0,47,33.42553191489362,0,,,5,1.0,0.8
1976,India,Retail,Medium,Enterprise,500,0,61,35.0655737704918,1,24.0,6.0,13,0.8461538461538461,0.6153846153846154
1977,Canada,Education,Small,Pro,150,0,44,32.45454545454545,2,18.0,6.0,5,1.0,0.6
1978,USA,Education,Small,Basic,50,0,103,35.66990291262136,3,26.666666666666668,8.0,6,0.6666666666666666,0.6666666666666666
1979,Germany,Finance,Medium,Pro,150,0,71,36.985915492957744,2,9.5,6.0,6,0.5,0.6666666666666666
1980,Canada,Finance,Medium,Basic,50,1,9,5.222222222222222,10,68.7,3.0,3,0.3333333333333333,0.3333333333333333
1981,USA,Education,Medium,Pro,150,0,52,35.26923076923077,2,16.0,7.5,6,1.0,0.5
1982,UK,SaaS,Enterprise,Basic,50,1,15,4.466666666666667,9,68.77777777777777,3.111111111111111,2,0.5,0.0
1983,India,Education,Small,Pro,150,0,69,32.971014492753625,4,23.5,7.25,15,0.6,0.7333333333333333
1984,India,SaaS,Enterprise,Basic,50,1,17,4.588235294117647,3,51.666666666666664,3.3333333333333335,3,0.0,0.0
1985,Canada,Retail,Small,Basic,50,0,73,37.9041095890411,1,39.0,7.0,11,1.0,0.8181818181818182
1986,Canada,Retail,Enterprise,Basic,50,1,12,5.5,5,65.0,1.6,1,1.0,0.0
1987,UK,Education,Medium,Enterprise,500,0,113,36.80530973451327,2,16.5,8.5,14,0.8571428571428571,0.5714285714285714
1988,India,Retail,Enterprise,Pro,150,0,44,39.11363636363637,2,10.0,8.5,15,0.5333333333333333,0.5333333333333333
1989,India,SaaS,Small,Basic,50,0,73,36.41095890410959,0,,,7,0.8571428571428571,0.7142857142857143
1990,Canada,SaaS,Small,Basic,50,0,70,33.628571428571426,4,29.5,7.75,15,0.7333333333333333,0.6
1991,UK,Healthcare,Small,Basic,50,1,11,5.454545454545454,5,85.8,3.8,1,0.0,0.0
1992,UK,SaaS,Medium,Basic,50,1,16,6.3125,7,76.57142857142857,4.142857142857143,4,0.25,0.25
1993,UK,SaaS,Small,Basic,50,0,80,32.6375,2,22.5,8.0,13,0.7692307692307693,0.5384615384615384
1994,Canada,Retail,Enterprise,Basic,50,0,56,33.07142857142857,1,12.0,8.0,6,0.8333333333333334,0.5
1995,Germany,Education,Enterprise,Pro,150,0,114,35.03508771929825,2,17.5,7.5,8,0.875,0.375
1996,Canada,Finance,Small,Basic,50,0,54,34.98148148148148,3,15.0,9.0,7,0.8571428571428571,0.5714285714285714
1997,India,Healthcare,Enterprise,Basic,50,0,92,35.47826086956522,1,20.0,9.0,15,0.8666666666666667,0.7333333333333333
1998,USA,SaaS,Small,Pro,150,0,56,33.410714285714285,4,17.0,8.0,8,1.0,0.375
1999,Germany,SaaS,Medium,Basic,50,0,56,36.339285714285715,4,35.25,7.5,15,0.8,0.6
2000,USA,Finance,Enterprise,Enterprise,500,0,104,33.67307692307692,0,,,9,0.6666666666666666,0.4444444444444444
2001,Germany,Finance,Enterprise,Enterprise,500,0,53,34.41509433962264,3,21.0,8.0,10,0.6,0.6
2002,USA,Education,Medium,Basic,50,0,89,33.62921348314607,1,5.0,8.0,12,0.6666666666666666,0.5833333333333334
2003,Canada,SaaS,Enterprise,Basic,50,1,14,5.857142857142857,10,78.9,2.9,2,1.0,0.0
2004,USA,Finance,Small,Basic,50,1,15,3.8666666666666667,7,63.57142857142857,3.857142857142857,2,0.0,0.0
2005,UK,Education,Small,Basic,50,0,87,32.57471264367816,1,22.0,9.0,13,0.7692307692307693,0.5384615384615384
2006,USA,Healthcare,Enterprise,Pro,150,1,15,4.266666666666667,5,61.8,2.8,5,0.4,0.2
2007,Germany,Healthcare,Small,Basic,50,0,90,33.55555555555556,0,,,8,0.875,0.5
2008,Canada,Healthcare,Enterprise,Enterprise,500,1,20,5.8,4,72.0,4.25,5,0.4,0.0
2009,UK,Education,Enterprise,Basic,50,0,102,34.23529411764706,1,42.0,8.0,7,0.7142857142857143,0.7142857142857143
2010,Canada,Retail,Enterprise,Basic,50,0,106,36.632075471698116,0,,,13,0.9230769230769231,0.38461538461538464
2011,USA,Education,Medium,Pro,150,0,66,35.10606060606061,4,22.0,8.25,15,1.0,0.7333333333333333
2012,Germany,Retail,Small,Pro,150,0,76,35.078947368421055,2,35.0,8.0,5,1.0,0.4
2013,UK,Healthcare,Enterprise,Basic,50,1,16,5.875,7,86.57142857142857,3.5714285714285716,1,0.0,0.0
2014,Germany,Education,Medium,Basic,50,1,13,4.153846153846154,6,75.83333333333333,3.3333333333333335,3,0.3333333333333333,0.0
2015,UK,Education,Enterprise,Basic,50,1,5,4.6,7,68.14285714285714,3.2857142857142856,1,0.0,0.0
2016,Germany,Finance,Medium,Pro,150,0,99,35.57575757575758,1,12.0,9.0,12,0.8333333333333334,0.3333333333333333
2017,Canada,Finance,Medium,Pro,150,0,113,35.29203539823009,4,25.75,7.25,6,0.5,1.0
2018,Germany,Retail,Enterprise,Pro,150,0,49,34.83673469387755,4,32.5,7.5,9,0.6666666666666666,0.4444444444444444
2019,India,Education,Small,Enterprise,500,0,76,33.078947368421055,1,25.0,7.0,13,0.8461538461538461,0.5384615384615384
2020,Canada,Education,Small,Enterprise,500,1,9,5.555555555555555,3,41.333333333333336,2.6666666666666665,2,0.0,0.5
2021,Germany,Education,Enterprise,Pro,150,1,6,5.166666666666667,10,64.8,3.7,4,0.5,0.25
2022,India,Finance,Medium,Basic,50,0,115,34.02608695652174,3,22.666666666666668,7.333333333333333,6,0.6666666666666666,0.5
2023,Germany,Retail,Small,Pro,150,1,10,5.3,9,69.22222222222223,3.111111111111111,4,0.0,0.5
2024,USA,Finance,Enterprise,Basic,50,1,13,4.846153846153846,7,100.0,3.2857142857142856,5,0.4,0.2
2025,USA,Education,Small,Basic,50,0,61,36.78688524590164,3,29.666666666666668,8.666666666666666,5,0.8,0.4
2026,India,SaaS,Medium,Enterprise,500,0,60,35.03333333333333,2,18.5,6.0,13,0.6923076923076923,0.5384615384615384
2027,UK,Healthcare,Medium,Pro,150,0,58,31.879310344827587,1,12.0,6.0,11,0.9090909090909091,0.6363636363636364
2028,USA,Finance,Enterprise,Enterprise,500,0,120,35.84166666666667,3,6.666666666666667,7.333333333333333,15,0.8,0.6
2029,Canada,Education,Enterprise,Pro,150,0,54,35.98148148148148,0,,,7,0.8571428571428571,0.5714285714285714
2030,Canada,Healthcare,Small,Basic,50,0,80,31.475,3,26.333333333333332,7.333333333333333,13,0.7692307692307693,0.6923076923076923
2031,USA,Retail,Medium,Enterprise,500,0,88,35.39772727272727,0,,,7,0.8571428571428571,0.42857142857142855
2032,UK,Healthcare,Medium,Basic,50,0,60,34.56666666666667,3,18.666666666666668,8.0,9,0.5555555555555556,0.8888888888888888
2033,India,Education,Small,Basic,50,1,8,3.875,10,84.0,2.3,3,0.3333333333333333,0.0
2034,UK,Finance,Medium,Pro,150,0,101,35.65346534653465,0,,,13,0.9230769230769231,0.7692307692307693
2035,USA,Education,Medium,Pro,150,0,55,33.527272727272724,1,23.0,7.0,10,0.9,0.9
2036,Canada,Healthcare,Enterprise,Basic,50,1,19,5.631578947368421,8,61.875,3.125,2,0.5,0.0
2037,USA,Finance,Medium,Basic,50,1,16,5.0625,10,86.6,3.5,2,0.0,0.5
2038,UK,Retail,Enterprise,Basic,50,0,43,34.76744186046512,4,26.0,8.0,15,0.6,0.5333333333333333
2039,Canada,SaaS,Enterprise,Basic,50,0,72,32.958333333333336,1,9.0,8.0,14,0.7857142857142857,0.7142857142857143
2040,India,SaaS,Enterprise,Basic,50,1,18,4.777777777777778,4,89.25,2.5,1,0.0,0.0
2041,Canada,Retail,Small,Basic,50,0,79,34.12658227848101,1,23.0,6.0,9,0.8888888888888888,0.7777777777777778
2042,USA,Finance,Medium,Enterprise,500,1,18,3.7222222222222223,5,71.6,3.4,4,0.25,0.25
2043,Germany,Retail,Small,Pro,150,1,15,5.666666666666667,10,65.4,3.2,4,0.0,0.0
2044,UK,Education,Small,Pro,150,0,98,35.60204081632653,4,16.25,7.25,9,0.8888888888888888,0.4444444444444444
2045,Germany,SaaS,Medium,Basic,50,0,40,36.05,3,20.666666666666668,8.0,14,0.7857142857142857,0.5
2046,Canada,SaaS,Medium,Basic,50,0,44,36.75,3,12.0,7.333333333333333,9,0.8888888888888888,0.8888888888888888
2047,Canada,Education,Small,Basic,50,0,94,35.755319148936174,4,18.0,6.75,9,0.8888888888888888,0.8888888888888888
2048,India,Education,Enterprise,Basic,50,1,14,5.285714285714286,3,51.333333333333336,3.6666666666666665,2,0.5,0.0
2049,UK,Healthcare,Small,Pro,150,0,82,35.98780487804878,3,23.666666666666668,7.0,12,0.8333333333333334,0.5833333333333334
2050,Germany,Retail,Enterprise,Basic,50,0,85,36.023529411764706,3,19.0,8.0,10,1.0,0.5
2051,Canada,Education,Small,Basic,50,0,115,33.76521739130435,4,21.0,7.75,5,1.0,0.4
2052,UK,Retail,Medium,Basic,50,0,52,34.82692307692308,3,17.333333333333332,7.666666666666667,8,0.875,0.625
2053,Germany,Healthcare,Small,Pro,150,0,120,34.85,3,21.666666666666668,6.666666666666667,10,1.0,0.6
2054,India,SaaS,Medium,Pro,150,0,111,30.207207207207208,3,26.0,7.0,12,0.6666666666666666,0.5833333333333334
2055,Canada,SaaS,Enterprise,Pro,150,0,61,36.77049180327869,4,15.75,7.0,11,0.6363636363636364,0.6363636363636364
2056,Germany,Finance,Small,Basic,50,0,101,34.386138613861384,1,22.0,7.0,11,0.5454545454545454,0.8181818181818182
2057,Germany,Education,Medium,Basic,50,0,111,33.414414414414416,0,,,5,0.8,0.8
2058,UK,Healthcare,Medium,Pro,150,0,70,32.01428571428571,3,16.333333333333332,7.333333333333333,13,0.9230769230769231,0.6153846153846154
2059,Canada,Healthcare,Medium,Basic,50,0,44,35.90909090909091,3,30.666666666666668,7.333333333333333,11,0.8181818181818182,0.45454545454545453
2060,Germany,Education,Small,Basic,50,1,10,5.0,7,74.57142857142857,2.857142857142857,5,0.0,0.2
2061,Canada,Education,Enterprise,Basic,50,0,116,32.31896551724138,2,30.0,8.5,6,0.8333333333333334,0.6666666666666666
2062,Canada,Healthcare,Small,Basic,50,0,59,32.152542372881356,0,,,12,0.8333333333333334,0.75
2063,USA,Finance,Medium,Basic,50,1,16,5.25,8,61.75,3.125,2,0.0,0.0
2064,India,Education,Small,Basic,50,1,5,4.8,6,64.0,3.3333333333333335,4,0.25,0.0
2065,USA,Retail,Medium,Basic,50,1,13,5.153846153846154,4,79.75,3.0,1,1.0,0.0
2066,India,Finance,Small,Pro,150,0,66,35.07575757575758,0,,,9,0.6666666666666666,0.5555555555555556
2067,India,Finance,Enterprise,Basic,50,0,86,33.2906976744186,4,16.0,7.75,10,0.8,0.7
2068,USA,Finance,Small,Pro,150,0,65,32.815384615384616,3,26.0,7.0,11,0.8181818181818182,0.5454545454545454
2069,India,Education,Medium,Pro,150,0,50,36.62,2,34.5,6.0,5,0.8,0.2
2070,Canada,Healthcare,Medium,Pro,150,0,111,34.306306306306304,3,26.666666666666668,8.0,8,0.875,0.625
2071,USA,Healthcare,Small,Pro,150,0,106,34.84905660377358,3,14.333333333333334,8.333333333333334,13,0.7692307692307693,0.6923076923076923
2072,India,Healthcare,Enterprise,Enterprise,500,0,90,28.81111111111111,4,30.0,7.75,9,0.8888888888888888,0.5555555555555556
2073,USA,SaaS,Enterprise,Pro,150,0,100,34.68,1,2.0,6.0,8,0.625,0.5
2074,USA,Healthcare,Enterprise,Basic,50,0,105,33.34285714285714,3,33.666666666666664,6.333333333333333,5,0.8,0.6
2075,UK,Finance,Small,Basic,50,0,118,35.101694915254235,1,38.0,6.0,5,0.8,0.8
2076,India,SaaS,Medium,Basic,50,0,78,30.55128205128205,2,18.5,8.0,5,0.8,0.6
2077,Germany,Retail,Small,Basic,50,1,8,4.25,6,75.83333333333333,3.3333333333333335,3,0.0,0.3333333333333333
2078,India,Healthcare,Enterprise,Basic,50,1,17,5.235294117647059,7,76.57142857142857,2.4285714285714284,1,0.0,0.0
2079,Canada,Healthcare,Small,Pro,150,0,43,35.46511627906977,0,,,9,0.7777777777777778,1.0
2080,Canada,Education,Medium,Pro,150,0,81,33.27160493827161,4,30.0,7.0,11,0.7272727272727273,0.6363636363636364
2081,Canada,Retail,Enterprise,Pro,150,0,71,33.309859154929576,0,,,14,0.5714285714285714,0.35714285714285715
2082,UK,SaaS,Medium,Basic,50,0,117,34.30769230769231,4,25.5,6.75,7,1.0,0.7142857142857143
2083,Canada,Education,Small,Pro,150,0,120,34.891666666666666,2,23.5,7.0,11,0.9090909090909091,0.6363636363636364
2084,India,Healthcare,Small,Pro,150,0,43,36.348837209302324,2,23.0,7.0,12,0.75,0.3333333333333333
2085,India,Healthcare,Enterprise,Enterprise,500,0,84,37.30952380952381,3,25.666666666666668,6.666666666666667,15,0.9333333333333333,0.6666666666666666
2086,Canada,Finance,Small,Enterprise,500,0,54,36.611111111111114,1,35.0,6.0,11,0.7272727272727273,0.7272727272727273
2087,Germany,SaaS,Small,Pro,150,0,52,36.25,3,28.666666666666668,7.0,6,0.8333333333333334,0.3333333333333333
2088,Germany,Finance,Enterprise,Basic,50,0,41,36.21951219512195,3,35.333333333333336,7.666666666666667,15,0.6666666666666666,0.6
2089,India,SaaS,Small,Pro,150,0,46,34.630434782608695,0,,,8,1.0,0.75
2090,India,Retail,Small,Basic,50,0,50,35.6,4,27.25,7.25,9,0.5555555555555556,0.5555555555555556
2091,Germany,Education,Enterprise,Enterprise,500,0,53,35.16981132075472,3,6.666666666666667,6.666666666666667,14,0.7857142857142857,0.7142857142857143
2092,USA,Finance,Medium,Basic,50,0,88,34.45454545454545,4,28.5,6.25,5,0.4,0.8
2093,Canada,Education,Small,Pro,150,0,51,35.568627450980394,0,,,15,0.6666666666666666,0.4666666666666667
2094,UK,Healthcare,Enterprise,Enterprise,500,0,80,30.925,4,31.25,7.25,15,0.7333333333333333,0.4666666666666667
2095,Germany,Education,Enterprise,Pro,150,0,54,34.907407407407405,1,10.0,9.0,12,0.5,0.75
2096,USA,SaaS,Small,Basic,50,0,81,34.18518518518518,2,9.0,7.5,11,0.7272727272727273,0.8181818181818182
2097,Canada,Finance,Medium,Pro,150,0,91,34.35164835164835,2,18.0,7.0,6,0.8333333333333334,0.3333333333333333
2098,Germany,Retail,Enterprise,Basic,50,1,11,5.363636363636363,6,72.16666666666667,3.5,2,0.0,0.0
2099,UK,SaaS,Medium,Basic,50,1,12,5.333333333333333,6,80.83333333333333,3.0,2,0.0,1.0
2100,India,Finance,Enterprise,Pro,150,0,50,31.28,1,43.0,8.0,11,0.9090909090909091,0.6363636363636364
2101,India,Healthcare,Enterprise,Basic,50,1,9,4.333333333333333,10,60.3,3.2,2,0.5,0.0
2102,India,SaaS,Enterprise,Basic,50,0,65,34.58461538461538,0,,,6,0.8333333333333334,0.5
2103,India,Retail,Small,Basic,50,0,47,35.91489361702128,2,35.5,7.5,12,0.75,0.75
2104,Canada,Finance,Small,Enterprise,500,0,65,36.01538461538462,4,22.75,7.75,9,0.8888888888888888,0.5555555555555556
2105,UK,Finance,Medium,Pro,150,0,55,34.03636363636364,3,28.333333333333332,7.0,9,0.8888888888888888,0.4444444444444444
2106,UK,SaaS,Enterprise,Basic,50,1,18,4.333333333333333,8,78.375,3.375,2,0.5,0.5
2107,Germany,Education,Enterprise,Basic,50,0,71,36.070422535211264,3,11.0,8.0,11,0.6363636363636364,0.45454545454545453
2108,Canada,Healthcare,Medium,Pro,150,0,77,32.45454545454545,0,,,7,0.5714285714285714,0.5714285714285714
2109,UK,Education,Small,Basic,50,0,69,34.04347826086956,4,13.5,6.75,9,1.0,0.6666666666666666
2110,Germany,Finance,Enterprise,Pro,150,0,116,35.98275862068966,4,15.25,7.75,8,0.875,0.5
2111,India,Retail,Enterprise,Enterprise,500,0,111,33.414414414414416,1,41.0,9.0,15,0.7333333333333333,0.6666666666666666
2112,UK,Healthcare,Enterprise,Basic,50,0,71,33.36619718309859,0,,,12,0.9166666666666666,0.6666666666666666
2113,UK,Education,Enterprise,Enterprise,500,1,5,3.2,8,71.75,3.125,2,0.5,0.0
2114,UK,Healthcare,Medium,Basic,50,0,113,35.45132743362832,1,36.0,7.0,7,0.8571428571428571,0.5714285714285714
2115,Canada,Healthcare,Medium,Basic,50,0,80,34.9875,0,,,5,0.8,0.8
2116,UK,Education,Small,Basic,50,1,10,5.8,5,76.0,3.2,4,0.5,0.0
2117,India,SaaS,Enterprise,Pro,150,0,96,34.0,4,24.75,8.5,15,0.7333333333333333,0.6
2118,Canada,SaaS,Small,Basic,50,1,7,5.571428571428571,4,83.25,3.0,4,0.5,0.0
2119,India,Healthcare,Enterprise,Basic,50,1,10,4.1,6,53.0,3.5,5,0.4,0.0
2120,USA,Finance,Medium,Pro,150,0,113,32.89380530973451,2,30.0,9.0,5,0.6,0.8
2121,Germany,Finance,Medium,Basic,50,1,5,5.6,3,57.666666666666664,4.0,3,0.0,0.0
2122,India,Healthcare,Small,Pro,150,0,108,32.824074074074076,1,22.0,9.0,9,0.4444444444444444,0.7777777777777778
2123,USA,Healthcare,Small,Pro,150,0,82,33.170731707317074,4,16.0,7.5,12,1.0,0.5
2124,USA,Education,Enterprise,Pro,150,0,119,32.45378151260504,2,6.5,7.5,11,0.9090909090909091,0.5454545454545454
2125,India,Education,Enterprise,Basic,50,0,77,35.701298701298704,4,33.5,7.75,6,1.0,0.3333333333333333
2126,Canada,Healthcare,Enterprise,Pro,150,1,11,3.272727272727273,9,74.22222222222223,3.6666666666666665,5,0.0,0.0
2127,UK,Healthcare,Enterprise,Enterprise,500,0,118,33.94915254237288,2,34.5,8.5,12,0.8333333333333334,0.3333333333333333
2128,USA,Finance,Small,Basic,50,0,53,37.0188679245283,0,,,11,0.7272727272727273,0.7272727272727273
2129,Germany,Healthcare,Enterprise,Enterprise,500,1,7,5.0,7,86.14285714285714,2.5714285714285716,4,0.0,0.0
2130,Canada,Retail,Enterprise,Basic,50,0,111,36.1981981981982,3,20.333333333333332,7.666666666666667,7,1.0,0.42857142857142855
2131,India,Healthcare,Medium,Basic,50,0,52,34.17307692307692,2,40.5,8.0,7,0.7142857142857143,0.8571428571428571
2132,Germany,Retail,Small,Basic,50,0,66,34.333333333333336,2,23.0,8.0,10,0.8,0.6
2133,UK,Healthcare,Small,Pro,150,0,46,34.78260869565217,4,26.0,7.25,8,0.625,0.375
2134,USA,Retail,Small,Basic,50,1,16,4.75,3,81.66666666666667,2.6666666666666665,3,0.3333333333333333,0.0
2135,India,Retail,Small,Basic,50,0,62,34.16129032258065,1,47.0,9.0,12,0.5833333333333334,0.6666666666666666
2136,UK,Healthcare,Small,Pro,150,0,77,32.55844155844156,3,15.666666666666666,8.666666666666666,14,0.7857142857142857,0.7142857142857143
2137,UK,Retail,Enterprise,Pro,150,0,74,34.189189189189186,3,35.666666666666664,7.333333333333333,13,0.6923076923076923,0.6923076923076923
2138,Germany,Finance,Medium,Enterprise,500,0,93,33.40860215053763,2,31.5,7.0,15,0.8,0.6
2139,UK,Retail,Medium,Basic,50,1,13,4.615384615384615,4,70.0,2.5,1,0.0,0.0
2140,USA,Education,Enterprise,Pro,150,1,11,4.909090909090909,5,87.0,2.8,3,0.0,0.0
2141,Germany,Finance,Medium,Pro,150,0,83,34.72289156626506,3,18.0,8.333333333333334,6,1.0,0.6666666666666666
2142,Canada,Education,Enterprise,Pro,150,0,63,35.111111111111114,1,19.0,7.0,8,0.75,0.5
2143,Canada,Education,Enterprise,Pro,150,0,111,32.16216216216216,4,8.25,7.75,13,0.6153846153846154,0.5384615384615384
2144,USA,Education,Small,Basic,50,0,70,35.371428571428574,3,22.0,7.666666666666667,5,1.0,0.8
2145,Germany,Retail,Small,Basic,50,1,11,4.7272727272727275,9,60.77777777777778,3.111111111111111,5,0.6,0.2
2146,UK,Education,Enterprise,Basic,50,0,95,36.357894736842105,0,,,5,0.8,0.4
2147,Germany,SaaS,Enterprise,Basic,50,1,11,5.909090909090909,10,64.5,2.3,3,0.0,0.0
2148,Germany,Education,Enterprise,Basic,50,1,19,5.578947368421052,5,87.2,3.2,5,0.4,0.4
2149,USA,Healthcare,Medium,Basic,50,1,20,5.95,3,55.666666666666664,3.3333333333333335,3,0.3333333333333333,0.0
2150,Germany,Retail,Medium,Basic,50,1,5,4.8,10,75.5,3.2,1,0.0,0.0
2151,India,Retail,Small,Basic,50,0,69,33.46376811594203,3,19.666666666666668,7.333333333333333,14,0.8571428571428571,0.7857142857142857
2152,Germany,Finance,Enterprise,Enterprise,500,0,83,31.57831325301205,1,45.0,8.0,13,0.7692307692307693,0.46153846153846156
2153,USA,Education,Small,Basic,50,1,9,6.666666666666667,6,85.16666666666667,3.0,1,0.0,0.0
2154,Germany,Retail,Small,Pro,150,0,105,33.87619047619047,3,29.666666666666668,7.666666666666667,10,0.7,0.3
2155,Canada,SaaS,Small,Pro,150,1,18,5.222222222222222,7,64.14285714285714,3.2857142857142856,2,0.0,0.0
2156,Canada,Education,Small,Basic,50,0,73,33.42465753424658,3,26.0,7.0,7,0.5714285714285714,0.8571428571428571
2157,Germany,Retail,Medium,Basic,50,1,17,6.117647058823529,5,79.2,4.2,3,0.3333333333333333,0.0
2158,Germany,SaaS,Small,Pro,150,0,57,36.526315789473685,3,25.0,7.333333333333333,8,0.75,0.625
2159,Germany,Education,Enterprise,Basic,50,0,53,32.886792452830186,4,22.75,6.75,13,0.8461538461538461,0.6923076923076923
2160,UK,Retail,Small,Basic,50,1,6,4.333333333333333,3,86.33333333333333,2.0,4,0.25,0.0
2161,India,Finance,Enterprise,Pro,150,0,63,32.682539682539684,3,27.666666666666668,7.333333333333333,13,0.5384615384615384,0.5384615384615384
2162,UK,SaaS,Small,Pro,150,0,81,35.34567901234568,4,38.0,7.5,7,0.8571428571428571,0.42857142857142855
2163,USA,Retail,Enterprise,Basic,50,0,70,37.68571428571428,2,19.5,9.0,5,1.0,0.6
2164,India,SaaS,Enterprise,Basic,50,0,67,37.059701492537314,3,26.666666666666668,7.666666666666667,11,0.9090909090909091,0.6363636363636364
2165,Germany,Education,Enterprise,Basic,50,0,68,34.3235294117647,2,40.0,7.0,11,0.8181818181818182,0.6363636363636364
2166,UK,Retail,Enterprise,Basic,50,1,9,4.555555555555555,3,90.0,1.0,5,0.2,0.2
2167,Germany,SaaS,Small,Basic,50,0,88,33.17045454545455,1,39.0,9.0,14,0.8571428571428571,0.5
2168,India,Education,Enterprise,Pro,150,0,45,34.333333333333336,3,18.0,7.666666666666667,7,1.0,0.42857142857142855
2169,UK,Healthcare,Small,Pro,150,0,97,32.93814432989691,0,,,8,1.0,0.625
2170,UK,SaaS,Medium,Basic,50,1,12,5.75,8,89.5,3.0,2,0.0,0.0
2171,India,Finance,Enterprise,Pro,150,0,108,36.80555555555556,1,30.0,7.0,14,0.9285714285714286,0.7857142857142857
2172,Germany,Finance,Enterprise,Enterprise,500,0,96,32.90625,2,15.5,6.0,8,0.75,0.875
2173,UK,SaaS,Small,Basic,50,0,57,33.54385964912281,3,25.666666666666668,7.666666666666667,13,0.8461538461538461,0.6923076923076923
2174,UK,SaaS,Enterprise,Basic,50,0,46,34.5,2,18.0,8.0,14,0.8571428571428571,0.6428571428571429
2175,India,SaaS,Medium,Basic,50,0,64,36.890625,3,20.0,7.333333333333333,14,0.6428571428571429,0.5
2176,Germany,Retail,Enterprise,Basic,50,0,98,33.92857142857143,3,26.333333333333332,7.333333333333333,10,0.8,0.7
2177,USA,Education,Medium,Pro,150,0,53,35.79245283018868,3,17.333333333333332,8.0,10,0.8,0.4
2178,UK,Healthcare,Enterprise,Basic,50,0,82,35.109756097560975,0,,,14,0.8571428571428571,0.35714285714285715
2179,Germany,Retail,Medium,Basic,50,1,8,5.125,6,53.833333333333336,2.3333333333333335,4,0.25,0.0
2180,Germany,SaaS,Enterprise,Enterprise,500,0,76,33.31578947368421,3,20.666666666666668,8.0,9,0.5555555555555556,0.7777777777777778
2181,Canada,SaaS,Small,Pro,150,0,73,32.97260273972603,0,,,6,1.0,0.8333333333333334
2182,Canada,Finance,Enterprise,Basic,50,0,88,32.875,3,26.666666666666668,7.0,7,0.8571428571428571,0.7142857142857143
2183,Canada,Healthcare,Small,Basic,50,1,10,5.3,10,72.2,3.4,2,0.5,0.0
2184,UK,Healthcare,Small,Basic,50,0,83,34.89156626506024,1,34.0,8.0,15,0.8666666666666667,0.6666666666666666
2185,India,SaaS,Small,Basic,50,1,13,5.615384615384615,7,53.57142857142857,2.2857142857142856,1,1.0,0.0
2186,USA,Education,Enterprise,Enterprise,500,0,50,34.2,4,22.25,7.25,11,0.8181818181818182,0.7272727272727273
2187,India,Finance,Small,Pro,150,1,18,4.333333333333333,10,57.3,3.1,1,0.0,0.0
2188,USA,SaaS,Medium,Basic,50,0,81,34.65432098765432,4,10.0,6.5,14,0.5714285714285714,0.5
2189,UK,Healthcare,Enterprise,Basic,50,1,18,5.444444444444445,4,81.75,1.75,3,0.3333333333333333,0.0
2190,India,Education,Enterprise,Enterprise,500,0,79,36.74683544303797,3,9.0,7.333333333333333,8,0.75,0.625
2191,Canada,Education,Enterprise,Pro,150,0,43,34.97674418604651,0,,,10,0.6,0.7
2192,UK,Retail,Enterprise,Pro,150,0,44,37.40909090909091,2,32.0,7.0,7,0.7142857142857143,0.42857142857142855
2193,Canada,Finance,Small,Pro,150,0,45,31.288888888888888,4,27.75,7.5,7,0.5714285714285714,0.42857142857142855
2194,USA,Finance,Medium,Pro,150,0,103,36.48543689320388,4,30.0,7.25,9,0.4444444444444444,0.7777777777777778
2195,India,Retail,Small,Pro,150,0,67,32.865671641791046,2,4.5,6.5,15,0.8666666666666667,0.5333333333333333
2196,Germany,Education,Small,Pro,150,0,83,37.10843373493976,0,,,8,0.875,0.625
2197,India,Retail,Small,Basic,50,1,15,4.866666666666666,9,84.88888888888889,2.4444444444444446,2,0.0,0.5
2198,USA,Finance,Medium,Basic,50,0,43,30.11627906976744,1,6.0,6.0,9,0.5555555555555556,0.6666666666666666
2199,Canada,Retail,Enterprise,Pro,150,0,66,35.63636363636363,3,22.0,7.333333333333333,14,0.8571428571428571,0.6428571428571429
2200,UK,Healthcare,Enterprise,Basic,50,0,94,35.62765957446808,1,2.0,8.0,11,1.0,0.6363636363636364
2201,USA,SaaS,Enterprise,Pro,150,0,59,35.52542372881356,2,35.5,7.5,9,0.7777777777777778,0.5555555555555556
2202,Canada,SaaS,Medium,Basic,50,0,40,32.025,2,25.5,7.5,14,0.5714285714285714,0.5714285714285714
2203,Canada,Finance,Medium,Pro,150,0,109,34.44954128440367,1,13.0,6.0,10,1.0,0.6
2204,Canada,Finance,Medium,Basic,50,0,88,35.89772727272727,0,,,11,0.9090909090909091,0.45454545454545453
2205,Canada,Education,Enterprise,Basic,50,0,91,33.20879120879121,2,9.0,7.5,11,0.7272727272727273,0.6363636363636364
2206,India,Healthcare,Enterprise,Pro,150,0,115,36.321739130434786,3,19.0,8.0,5,1.0,0.6
2207,Canada,Retail,Enterprise,Basic,50,1,16,5.375,7,59.42857142857143,2.7142857142857144,4,0.25,0.0
2208,Germany,Retail,Small,Pro,150,0,41,35.53658536585366,1,40.0,9.0,6,0.6666666666666666,0.6666666666666666
2209,Canada,Healthcare,Enterprise,Basic,50,1,11,5.454545454545454,9,43.22222222222222,3.2222222222222223,1,0.0,0.0
2210,India,Healthcare,Small,Basic,50,0,119,34.436974789915965,1,13.0,7.0,12,0.9166666666666666,0.3333333333333333
2211,USA,SaaS,Medium,Pro,150,0,103,36.077669902912625,4,32.5,7.25,12,0.8333333333333334,0.75
2212,USA,Healthcare,Enterprise,Basic,50,1,19,4.578947368421052,7,64.42857142857143,3.7142857142857144,5,0.2,0.0
2213,Germany,Retail,Small,Basic,50,0,110,33.28181818181818,2,23.5,8.5,14,0.8571428571428571,0.5
2214,India,Finance,Enterprise,Basic,50,1,7,5.142857142857143,9,83.77777777777777,3.2222222222222223,3,0.3333333333333333,0.3333333333333333
2215,UK,SaaS,Enterprise,Enterprise,500,0,110,33.163636363636364,3,11.333333333333334,7.666666666666667,7,0.5714285714285714,0.2857142857142857
2216,UK,Finance,Medium,Basic,50,0,80,36.1,4,30.0,7.25,12,0.6666666666666666,0.5833333333333334
2217,USA,Finance,Medium,Pro,150,0,68,36.36764705882353,0,,,6,0.8333333333333334,0.8333333333333334
2218,Canada,Education,Medium,Basic,50,0,79,35.41772151898734,4,6.75,7.0,6,1.0,0.8333333333333334
2219,USA,SaaS,Enterprise,Basic,50,0,117,34.39316239316239,3,11.333333333333334,7.666666666666667,13,0.8461538461538461,0.38461538461538464
2220,India,Finance,Medium,Basic,50,1,6,3.8333333333333335,3,64.33333333333333,3.3333333333333335,5,0.4,0.2
2221,Canada,Education,Small,Basic,50,0,48,33.229166666666664,2,27.5,8.5,15,0.8,0.6
2222,UK,Healthcare,Medium,Basic,50,0,102,35.40196078431372,3,31.0,7.333333333333333,14,1.0,0.5
2223,India,Retail,Medium,Basic,50,0,93,35.97849462365591,2,39.5,8.0,9,0.8888888888888888,0.4444444444444444
2224,USA,Healthcare,Medium,Pro,150,0,115,32.130434782608695,1,36.0,6.0,14,0.9285714285714286,0.5
2225,UK,Retail,Enterprise,Basic,50,0,101,33.633663366336634,0,,,12,0.75,0.5
2226,India,Retail,Medium,Basic,50,0,117,34.52136752136752,4,23.5,7.25,6,0.8333333333333334,0.3333333333333333
2227,USA,Education,Medium,Basic,50,0,106,31.830188679245282,4,28.75,6.75,13,0.6923076923076923,0.3076923076923077
2228,Canada,Finance,Enterprise,Basic,50,0,71,32.04225352112676,0,,,15,0.8,0.8
2229,Canada,SaaS,Small,Pro,150,0,75,36.4,1,17.0,6.0,8,0.75,0.75
2230,Canada,Finance,Medium,Basic,50,0,96,36.177083333333336,3,18.666666666666668,9.0,5,1.0,0.4
2231,USA,Healthcare,Medium,Pro,150,0,59,34.33898305084746,4,28.5,8.25,12,0.75,0.75
2232,USA,Finance,Medium,Basic,50,1,5,5.0,8,78.0,2.0,1,0.0,0.0
2233,Canada,Healthcare,Enterprise,Basic,50,0,71,31.732394366197184,1,13.0,9.0,13,1.0,0.6153846153846154
2234,Canada,Retail,Small,Basic,50,1,6,3.5,6,73.5,2.8333333333333335,1,0.0,0.0
2235,Canada,SaaS,Medium,Basic,50,1,20,4.7,10,64.2,3.8,1,0.0,0.0
2236,India,SaaS,Medium,Pro,150,0,53,34.471698113207545,3,21.666666666666668,7.0,10,0.7,0.6
2237,Germany,SaaS,Medium,Basic,50,0,108,35.351851851851855,0,,,12,0.8333333333333334,0.8333333333333334
2238,UK,Finance,Medium,Basic,50,0,95,32.17894736842105,0,,,12,0.8333333333333334,0.6666666666666666
2239,India,Healthcare,Enterprise,Basic,50,0,74,35.527027027027025,1,41.0,7.0,8,1.0,0.5
2240,India,Healthcare,Small,Basic,50,0,109,34.11926605504587,3,31.0,8.333333333333334,7,0.8571428571428571,0.5714285714285714
2241,India,SaaS,Small,Basic,50,0,106,35.68867924528302,3,18.333333333333332,7.0,11,1.0,0.9090909090909091
2242,USA,Retail,Enterprise,Basic,50,0,118,36.016949152542374,2,22.5,7.0,13,0.8461538461538461,0.5384615384615384
2243,USA,Retail,Enterprise,Basic,50,1,13,4.769230769230769,3,56.0,3.0,4,0.5,0.25
2244,UK,Healthcare,Medium,Basic,50,1,11,5.0,9,69.77777777777777,3.4444444444444446,5,0.0,0.0
2245,Germany,Education,Medium,Pro,150,0,114,32.719298245614034,3,23.0,6.666666666666667,6,1.0,0.6666666666666666
2246,India,Healthcare,Small,Enterprise,500,0,108,34.06481481481482,4,12.75,8.0,8,0.875,0.875
2247,Canada,Healthcare,Small,Pro,150,1,7,6.285714285714286,6,84.66666666666667,3.3333333333333335,4,0.5,0.0
2248,USA,Retail,Medium,Basic,50,0,99,36.09090909090909,2,31.0,8.5,8,0.625,0.625
2249,Canada,SaaS,Small,Basic,50,1,19,4.105263157894737,7,70.28571428571429,3.7142857142857144,1,0.0,1.0
2250,India,SaaS,Enterprise,Pro,150,1,10,5.7,8,72.25,3.25,3,0.0,0.3333333333333333
2251,Canada,SaaS,Medium,Pro,150,0,94,34.42553191489362,3,23.666666666666668,7.333333333333333,7,0.7142857142857143,0.42857142857142855
2252,Germany,SaaS,Small,Basic,50,1,10,6.5,6,68.0,2.6666666666666665,2,0.0,0.0
2253,Canada,Finance,Small,Pro,150,0,80,32.975,3,31.0,6.0,5,0.6,0.8
2254,Canada,Finance,Enterprise,Basic,50,0,99,33.81818181818182,3,25.666666666666668,8.333333333333334,12,0.75,0.5
2255,UK,Finance,Small,Pro,150,0,46,32.5,2,16.0,7.5,11,0.7272727272727273,0.7272727272727273
2256,UK,Finance,Medium,Basic,50,1,9,4.444444444444445,6,82.16666666666667,2.3333333333333335,2,0.0,0.0
2257,Canada,Finance,Medium,Pro,150,0,114,34.63157894736842,1,12.0,6.0,7,0.7142857142857143,0.2857142857142857
2258,USA,Finance,Small,Basic,50,0,46,37.41304347826087,1,32.0,9.0,14,0.6428571428571429,0.5714285714285714
2259,UK,Finance,Small,Pro,150,0,62,36.53225806451613,4,15.25,8.25,14,0.8571428571428571,0.5714285714285714
2260,USA,Education,Enterprise,Basic,50,0,115,33.791304347826085,2,18.0,7.5,5,0.8,1.0
2261,Canada,SaaS,Small,Pro,150,0,45,37.31111111111111,4,35.0,7.25,11,0.9090909090909091,0.36363636363636365
2262,Canada,Finance,Enterprise,Pro,150,0,45,35.15555555555556,2,24.0,8.5,15,1.0,0.4666666666666667
2263,India,Finance,Small,Pro,150,1,6,5.833333333333333,5,83.6,4.0,5,0.6,0.0
2264,India,Education,Small,Pro,150,0,109,33.43119266055046,0,,,9,0.6666666666666666,0.5555555555555556
2265,UK,SaaS,Medium,Pro,150,0,49,34.53061224489796,4,22.25,7.5,11,0.7272727272727273,0.6363636363636364
2266,Canada,Finance,Enterprise,Basic,50,1,8,4.125,10,72.7,3.3,3,0.0,0.0
2267,Germany,SaaS,Small,Pro,150,0,98,35.204081632653065,0,,,13,0.9230769230769231,0.46153846153846156
2268,USA,Retail,Enterprise,Basic,50,1,18,4.944444444444445,3,58.0,1.6666666666666667,3,0.6666666666666666,0.0
2269,USA,SaaS,Medium,Basic,50,1,17,5.882352941176471,4,64.0,2.75,2,0.5,0.0
2270,USA,SaaS,Medium,Basic,50,0,72,37.34722222222222,0,,,10,0.9,0.6
2271,Germany,Healthcare,Enterprise,Pro,150,0,84,33.73809523809524,4,30.75,8.0,5,0.8,0.6
2272,Canada,Education,Enterprise,Pro,150,0,47,29.085106382978722,1,37.0,9.0,7,0.8571428571428571,0.42857142857142855
2273,Germany,Education,Medium,Pro,150,0,111,34.06306306306306,1,14.0,8.0,11,0.9090909090909091,0.7272727272727273
2274,India,Finance,Small,Basic,50,0,48,37.770833333333336,2,32.5,7.0,6,0.6666666666666666,0.6666666666666666
2275,Canada,SaaS,Medium,Basic,50,0,49,32.55102040816327,4,18.0,7.75,5,0.8,0.6
2276,Canada,Healthcare,Small,Basic,50,0,81,35.49382716049383,2,6.0,6.5,14,0.8571428571428571,0.42857142857142855
2277,Germany,SaaS,Medium,Pro,150,0,95,33.97894736842105,0,,,9,0.8888888888888888,0.3333333333333333
2278,India,Retail,Medium,Basic,50,0,64,32.34375,1,34.0,8.0,7,0.5714285714285714,0.5714285714285714
2279,UK,Healthcare,Small,Pro,150,0,42,35.38095238095238,3,30.0,7.0,8,0.625,0.25
2280,Canada,Finance,Medium,Basic,50,1,20,4.9,8,66.375,2.375,3,0.6666666666666666,0.0
2281,Germany,Healthcare,Enterprise,Basic,50,1,8,5.75,8,80.75,3.375,5,0.2,0.0
2282,India,Finance,Medium,Pro,150,0,113,33.982300884955755,3,40.0,8.666666666666666,8,0.625,0.5
2283,Germany,SaaS,Small,Basic,50,1,9,5.222222222222222,8,68.375,3.625,3,0.0,0.0
2284,Germany,SaaS,Medium,Pro,150,0,83,36.325301204819276,2,12.0,6.0,15,0.6666666666666666,0.5333333333333333
2285,Germany,Retail,Small,Basic,50,1,13,5.769230769230769,5,66.0,4.2,1,1.0,0.0
2286,India,Finance,Enterprise,Basic,50,0,43,37.116279069767444,1,13.0,9.0,12,0.8333333333333334,0.5
2287,Canada,Healthcare,Enterprise,Basic,50,0,40,35.375,0,,,15,0.8,0.4
2288,USA,Retail,Enterprise,Enterprise,500,0,102,36.53921568627451,4,26.25,7.25,5,1.0,0.6
2289,USA,Finance,Enterprise,Pro,150,1,12,5.25,7,63.714285714285715,2.857142857142857,5,0.2,0.2
2290,USA,Finance,Enterprise,Pro,150,0,92,34.30434782608695,4,15.0,7.5,8,0.875,0.625
2291,Germany,Retail,Enterprise,Basic,50,0,67,35.17910447761194,1,14.0,7.0,12,0.8333333333333334,0.5
2292,Germany,Healthcare,Enterprise,Basic,50,1,9,6.333333333333333,10,80.0,2.5,3,0.0,0.0
2293,UK,Education,Small,Basic,50,0,67,33.52238805970149,3,16.0,6.666666666666667,8,1.0,1.0
2294,Germany,Retail,Small,Basic,50,1,8,3.875,5,68.8,2.6,5,0.2,0.6
2295,India,Healthcare,Enterprise,Basic,50,1,15,5.6,7,73.57142857142857,2.0,1,0.0,0.0
2296,Canada,Retail,Medium,Basic,50,0,61,33.032786885245905,4,33.0,7.75,13,0.9230769230769231,0.23076923076923078
2297,Canada,Finance,Enterprise,Pro,150,0,118,35.86440677966102,3,43.0,7.0,7,1.0,0.5714285714285714
2298,UK,Healthcare,Enterprise,Pro,150,0,69,34.130434782608695,0,,,12,0.8333333333333334,0.5
2299,USA,Education,Medium,Basic,50,1,14,4.5,8,66.375,2.125,3,0.6666666666666666,0.0
2300,USA,Education,Enterprise,Basic,50,1,13,4.846153846153846,10,80.9,4.3,2,1.0,0.0
2301,Germany,Finance,Enterprise,Enterprise,500,0,47,33.234042553191486,4,22.25,8.0,14,0.7142857142857143,0.5714285714285714
2302,USA,Retail,Small,Pro,150,0,70,35.371428571428574,2,23.5,8.5,14,0.7857142857142857,0.42857142857142855
2303,India,Retail,Small,Pro,150,0,42,33.857142857142854,4,14.5,8.0,7,0.8571428571428571,0.5714285714285714
2304,Canada,SaaS,Enterprise,Basic,50,0,66,36.07575757575758,4,13.75,6.75,12,0.8333333333333334,0.8333333333333334
2305,Canada,Retail,Medium,Basic,50,0,80,38.1625,4,15.75,7.75,13,0.7692307692307693,0.5384615384615384
2306,Germany,SaaS,Small,Pro,150,0,118,35.144067796610166,0,,,15,0.8,0.4
2307,UK,Healthcare,Enterprise,Enterprise,500,0,46,33.78260869565217,1,38.0,9.0,15,0.7333333333333333,0.8666666666666667
2308,USA,Healthcare,Enterprise,Pro,150,0,40,33.35,3,28.333333333333332,7.0,6,1.0,0.6666666666666666
2309,UK,Retail,Enterprise,Pro,150,0,109,38.62385321100918,0,,,11,0.7272727272727273,0.7272727272727273
2310,India,Retail,Enterprise,Basic,50,0,71,32.352112676056336,3,17.0,7.666666666666667,5,1.0,0.6
2311,Canada,Retail,Small,Pro,150,1,6,4.833333333333333,10,63.5,3.2,5,0.4,0.2
2312,UK,Finance,Medium,Pro,150,0,72,32.208333333333336,4,32.5,8.75,13,0.9230769230769231,0.5384615384615384
2313,Canada,Finance,Medium,Enterprise,500,0,103,34.9126213592233,3,30.333333333333332,8.666666666666666,13,0.7692307692307693,0.6923076923076923
2314,India,SaaS,Enterprise,Basic,50,0,115,33.2,1,24.0,6.0,13,0.8461538461538461,0.6923076923076923
2315,USA,Education,Enterprise,Pro,150,0,60,28.2,1,21.0,9.0,11,0.8181818181818182,0.7272727272727273
2316,Germany,Healthcare,Medium,Enterprise,500,0,72,35.888888888888886,3,23.0,7.333333333333333,5,0.8,0.8
2317,USA,Finance,Enterprise,Basic,50,0,108,34.888888888888886,4,19.0,6.5,15,0.7333333333333333,0.6
2318,USA,SaaS,Enterprise,Basic,50,1,9,4.222222222222222,10,69.0,3.5,3,0.0,0.0
2319,Canada,Finance,Small,Basic,50,0,106,33.70754716981132,2,14.5,7.0,6,0.6666666666666666,0.5
2320,India,SaaS,Small,Pro,150,1,5,6.0,3,55.666666666666664,3.6666666666666665,4,0.75,0.25
2321,Germany,Education,Medium,Basic,50,1,5,3.2,8,52.375,2.75,1,0.0,0.0
2322,India,Retail,Medium,Basic,50,0,116,34.68103448275862,4,18.0,7.0,13,0.7692307692307693,0.7692307692307693
2323,Germany,Retail,Enterprise,Pro,150,0,82,34.69512195121951,1,21.0,6.0,14,0.7857142857142857,0.6428571428571429
2324,UK,Healthcare,Medium,Pro,150,0,104,31.134615384615383,3,34.0,7.333333333333333,15,0.6,0.6
2325,UK,Healthcare,Enterprise,Basic,50,0,89,32.58426966292135,2,19.5,7.0,14,0.8571428571428571,0.7142857142857143
2326,Germany,Finance,Medium,Pro,150,0,68,37.05882352941177,3,41.666666666666664,6.666666666666667,12,0.9166666666666666,0.6666666666666666
2327,UK,Finance,Enterprise,Basic,50,1,18,5.0,10,78.1,3.3,5,0.2,0.2
2328,UK,Healthcare,Small,Basic,50,1,8,4.875,10,63.8,2.8,1,0.0,0.0
2329,USA,SaaS,Small,Pro,150,1,16,4.625,9,61.22222222222222,3.111111111111111,4,0.25,0.0
2330,Germany,Retail,Small,Enterprise,500,0,73,34.42465753424658,0,,,5,0.8,0.8
2331,USA,Healthcare,Enterprise,Basic,50,0,113,36.04424778761062,1,2.0,6.0,15,0.7333333333333333,0.8
2332,Germany,Retail,Enterprise,Basic,50,1,11,5.181818181818182,3,91.0,3.0,1,0.0,0.0
2333,Canada,Retail,Enterprise,Basic,50,1,8,5.125,7,72.28571428571429,2.4285714285714284,2,0.5,0.0
2334,UK,Retail,Enterprise,Pro,150,1,15,3.533333333333333,3,68.33333333333333,3.6666666666666665,5,0.6,0.0
2335,Germany,Education,Medium,Basic,50,0,114,32.175438596491226,3,34.333333333333336,6.666666666666667,6,0.8333333333333334,0.5
2336,Germany,Finance,Small,Basic,50,0,111,32.9009009009009,4,24.5,7.75,9,0.7777777777777778,0.7777777777777778
2337,UK,Retail,Enterprise,Pro,150,0,102,36.51960784313726,1,13.0,9.0,14,0.8571428571428571,0.5714285714285714
2338,USA,Education,Medium,Enterprise,500,0,44,30.727272727272727,4,29.5,7.5,6,0.8333333333333334,0.8333333333333334
2339,UK,Education,Medium,Basic,50,0,97,34.144329896907216,2,13.0,8.0,8,0.875,0.625
2340,Germany,Education,Enterprise,Enterprise,500,0,65,34.84615384615385,0,,,5,0.8,0.4
2341,India,SaaS,Small,Basic,50,0,95,32.45263157894737,3,27.666666666666668,6.666666666666667,8,0.75,0.5
2342,Canada,Retail,Enterprise,Basic,50,0,70,34.128571428571426,1,30.0,6.0,13,0.7692307692307693,0.5384615384615384
2343,India,SaaS,Enterprise,Basic,50,0,90,32.12222222222222,0,,,8,0.625,0.625
2344,Germany,SaaS,Small,Pro,150,0,40,37.15,4,30.0,8.5,13,0.7692307692307693,0.5384615384615384
2345,Canada,Finance,Medium,Basic,50,0,76,34.21052631578947,0,,,12,0.75,0.6666666666666666
2346,Canada,SaaS,Enterprise,Basic,50,0,72,35.208333333333336,0,,,7,0.8571428571428571,0.2857142857142857
2347,Canada,SaaS,Small,Basic,50,0,58,35.03448275862069,4,10.0,7.75,10,0.7,0.4
2348,Germany,SaaS,Enterprise,Pro,150,1,8,5.125,7,64.0,2.2857142857142856,1,0.0,0.0
2349,Canada,Education,Medium,Basic,50,1,20,4.75,8,56.125,3.375,4,0.0,0.0
2350,Canada,SaaS,Medium,Basic,50,1,19,5.157894736842105,5,42.6,2.8,1,1.0,0.0
2351,Canada,SaaS,Medium,Basic,50,1,15,5.0,3,45.666666666666664,3.0,3,0.6666666666666666,0.0
2352,Germany,Education,Medium,Pro,150,0,96,35.947916666666664,4,22.75,8.0,5,0.6,0.8
2353,Canada,Finance,Medium,Basic,50,0,65,33.4,3,11.666666666666666,7.0,10,0.7,0.6
2354,India,Finance,Medium,Basic,50,0,91,33.65934065934066,2,37.5,6.5,10,0.9,0.8
2355,UK,SaaS,Enterprise,Pro,150,0,70,35.785714285714285,3,26.666666666666668,9.0,10,0.7,0.5
2356,Canada,Finance,Enterprise,Pro,150,0,45,35.31111111111111,3,37.0,7.0,9,1.0,0.4444444444444444
2357,Canada,Finance,Small,Pro,150,1,8,4.5,7,90.85714285714286,3.2857142857142856,1,0.0,0.0
2358,Germany,Education,Small,Enterprise,500,0,79,33.734177215189874,1,4.0,9.0,14,0.8571428571428571,0.7142857142857143
2359,Canada,SaaS,Enterprise,Basic,50,1,12,5.416666666666667,9,63.888888888888886,4.111111111111111,1,1.0,0.0
2360,India,Education,Small,Basic,50,0,61,33.49180327868852,1,4.0,9.0,9,0.7777777777777778,0.3333333333333333
2361,India,Retail,Small,Pro,150,0,93,31.989247311827956,3,27.0,7.333333333333333,6,0.8333333333333334,0.6666666666666666
2362,UK,Education,Small,Pro,150,0,76,33.4078947368421,0,,,15,0.8,0.6
2363,India,Finance,Small,Pro,150,0,116,35.08620689655172,3,24.0,8.0,6,1.0,0.5
2364,Canada,Finance,Medium,Basic,50,0,87,37.67816091954023,1,39.0,7.0,5,0.6,0.6
2365,India,SaaS,Enterprise,Basic,50,0,104,35.0,0,,,5,1.0,0.6
2366,USA,Education,Small,Pro,150,0,70,32.75714285714286,3,32.666666666666664,7.333333333333333,9,0.7777777777777778,0.6666666666666666
2367,Canada,Healthcare,Enterprise,Basic,50,0,77,33.922077922077925,3,34.666666666666664,8.0,9,0.8888888888888888,0.5555555555555556
2368,Germany,Finance,Small,Basic,50,0,68,33.69117647058823,4,27.0,6.75,11,0.8181818181818182,0.36363636363636365
2369,India,Healthcare,Medium,Pro,150,1,18,5.166666666666667,4,77.0,1.75,4,0.75,0.0
2370,UK,Education,Small,Pro,150,0,120,33.5,0,,,7,1.0,0.5714285714285714
2371,India,SaaS,Small,Basic,50,0,111,34.03603603603604,1,10.0,7.0,5,0.8,0.6
2372,Canada,Healthcare,Medium,Pro,150,0,44,33.09090909090909,4,31.5,6.5,9,0.7777777777777778,0.5555555555555556
2373,Germany,Retail,Small,Enterprise,500,0,118,34.228813559322035,4,11.25,7.25,10,1.0,0.6
2374,Germany,Healthcare,Small,Basic,50,0,120,35.141666666666666,2,21.0,8.5,6,0.5,0.6666666666666666
2375,Canada,Finance,Small,Basic,50,0,108,33.898148148148145,2,40.0,9.0,14,0.7857142857142857,0.7857142857142857
2376,India,SaaS,Small,Pro,150,0,80,32.8875,2,20.5,7.5,14,0.8571428571428571,0.5714285714285714
2377,UK,Retail,Medium,Basic,50,1,7,4.857142857142857,10,76.9,2.7,3,0.0,0.3333333333333333
2378,Germany,Finance,Medium,Pro,150,0,89,36.12359550561798,0,,,9,0.6666666666666666,0.3333333333333333
2379,Canada,Healthcare,Medium,Pro,150,0,55,36.70909090909091,1,43.0,9.0,10,0.8,0.7
2380,Germany,Retail,Medium,Basic,50,0,96,32.302083333333336,4,12.75,7.0,15,0.6,0.6
2381,UK,Education,Medium,Pro,150,0,81,34.629629629629626,4,29.5,7.75,13,0.7692307692307693,0.6923076923076923
2382,USA,Finance,Medium,Pro,150,0,97,35.381443298969074,4,22.5,8.25,7,0.7142857142857143,0.2857142857142857
2383,Germany,Finance,Enterprise,Pro,150,0,93,35.55913978494624,0,,,8,0.875,0.75
2384,USA,SaaS,Enterprise,Pro,150,0,82,34.707317073170735,2,28.0,9.0,7,0.7142857142857143,0.7142857142857143
2385,India,Retail,Enterprise,Basic,50,1,6,7.0,8,85.875,2.5,3,0.6666666666666666,0.3333333333333333
2386,India,Finance,Medium,Basic,50,1,19,4.421052631578948,10,71.2,3.9,2,0.0,0.5
2387,India,SaaS,Medium,Enterprise,500,1,12,4.166666666666667,7,63.285714285714285,3.142857142857143,2,1.0,0.5
2388,Canada,Retail,Medium,Basic,50,0,63,35.682539682539684,3,10.666666666666666,7.333333333333333,7,0.8571428571428571,0.7142857142857143
2389,UK,Education,Small,Enterprise,500,0,75,36.08,1,3.0,8.0,7,0.8571428571428571,0.2857142857142857
2390,Canada,Finance,Enterprise,Basic,50,1,6,4.5,6,78.66666666666667,3.6666666666666665,3,0.0,0.3333333333333333
2391,UK,Finance,Enterprise,Basic,50,0,41,36.34146341463415,3,24.333333333333332,7.0,6,0.5,0.5
2392,USA,SaaS,Small,Enterprise,500,0,98,35.05102040816327,4,28.75,8.0,5,0.6,0.6
2393,USA,Retail,Small,Pro,150,0,107,34.91588785046729,1,31.0,7.0,5,1.0,0.2
2394,Canada,SaaS,Enterprise,Pro,150,0,99,32.72727272727273,4,21.75,6.5,12,0.8333333333333334,0.5833333333333334
2395,Germany,Finance,Small,Basic,50,0,66,35.28787878787879,2,27.0,8.0,10,0.6,0.5
2396,India,Finance,Small,Pro,150,0,71,33.54929577464789,4,23.25,8.0,12,0.8333333333333334,0.4166666666666667
2397,USA,SaaS,Enterprise,Basic,50,0,51,31.098039215686274,0,,,15,0.9333333333333333,0.7333333333333333
2398,USA,SaaS,Enterprise,Pro,150,0,94,31.24468085106383,4,31.0,8.25,5,0.8,0.8
2399,UK,Education,Enterprise,Basic,50,0,93,37.75268817204301,3,27.666666666666668,6.666666666666667,14,0.8571428571428571,0.6428571428571429
2400,USA,SaaS,Small,Basic,50,1,20,5.6,3,53.333333333333336,2.6666666666666665,4,0.0,0.0
2401,Canada,Healthcare,Medium,Pro,150,0,119,34.08403361344538,2,41.0,7.0,12,0.8333333333333334,0.5
2402,Canada,Healthcare,Small,Basic,50,1,19,4.578947368421052,10,60.9,3.3,3,0.3333333333333333,0.0
2403,UK,Finance,Medium,Pro,150,1,5,3.2,10,88.4,3.3,3,0.3333333333333333,0.0
2404,Germany,SaaS,Enterprise,Pro,150,0,109,35.091743119266056,3,22.333333333333332,7.666666666666667,11,0.9090909090909091,0.6363636363636364
2405,Germany,Finance,Medium,Basic,50,1,10,5.3,5,67.0,4.0,4,0.5,0.25
2406,India,Finance,Small,Pro,150,0,116,34.43103448275862,0,,,7,0.8571428571428571,0.8571428571428571
2407,USA,Finance,Small,Basic,50,0,86,34.93023255813954,0,,,9,1.0,0.7777777777777778
2408,Germany,Retail,Medium,Basic,50,0,74,34.270270270270274,3,23.666666666666668,7.333333333333333,15,0.8666666666666667,0.8666666666666667
2409,USA,Finance,Medium,Basic,50,0,78,35.65384615384615,2,34.0,8.5,14,0.8571428571428571,0.35714285714285715
2410,UK,Retail,Small,Pro,150,0,67,38.417910447761194,0,,,13,0.6923076923076923,0.5384615384615384
2411,Germany,Healthcare,Enterprise,Pro,150,0,113,35.876106194690266,3,25.666666666666668,7.0,5,0.8,0.6
2412,Germany,Healthcare,Enterprise,Pro,150,1,19,5.052631578947368,8,72.5,2.375,5,0.0,0.0
2413,Germany,SaaS,Small,Enterprise,500,0,92,34.869565217391305,3,18.0,8.333333333333334,14,0.7857142857142857,0.5714285714285714
2414,Canada,Retail,Small,Pro,150,0,117,35.623931623931625,0,,,11,0.7272727272727273,0.6363636363636364
2415,Canada,SaaS,Medium,Basic,50,0,42,36.19047619047619,0,,,13,0.8461538461538461,0.6153846153846154
2416,India,SaaS,Small,Pro,150,0,73,34.64383561643836,3,21.666666666666668,7.0,10,0.8,0.5
2417,USA,SaaS,Enterprise,Basic,50,0,92,34.98913043478261,1,26.0,7.0,9,0.6666666666666666,0.7777777777777778
2418,India,Retail,Small,Basic,50,1,14,4.785714285714286,10,74.6,2.9,3,0.3333333333333333,0.3333333333333333
2419,Germany,Healthcare,Enterprise,Enterprise,500,0,112,34.625,0,,,14,0.9285714285714286,0.7142857142857143
2420,USA,SaaS,Enterprise,Basic,50,0,82,34.68292682926829,2,42.0,8.0,15,0.6,0.6
2421,Germany,Finance,Small,Pro,150,0,72,34.25,0,,,13,1.0,0.6153846153846154
2422,India,Retail,Enterprise,Basic,50,1,12,3.6666666666666665,9,84.44444444444444,2.2222222222222223,3,0.3333333333333333,0.0
2423,USA,Education,Enterprise,Pro,150,0,90,33.544444444444444,4,26.5,7.5,6,0.6666666666666666,0.5
2424,Germany,Retail,Medium,Basic,50,0,114,33.780701754385966,0,,,10,0.8,0.8
2425,Germany,SaaS,Enterprise,Basic,50,0,61,38.26229508196721,3,26.333333333333332,8.333333333333334,11,0.6363636363636364,0.7272727272727273
2426,UK,SaaS,Medium,Basic,50,0,120,34.975,1,3.0,6.0,13,0.8461538461538461,0.46153846153846156
2427,Germany,SaaS,Enterprise,Basic,50,0,108,33.870370370370374,0,,,9,0.7777777777777778,0.5555555555555556
2428,Canada,Finance,Medium,Basic,50,0,41,33.97560975609756,0,,,8,0.75,0.375
2429,India,Retail,Small,Enterprise,500,0,92,36.22826086956522,4,23.75,7.75,5,0.8,0.6
2430,USA,Finance,Enterprise,Pro,150,0,43,29.930232558139537,4,32.0,7.5,10,0.8,0.6
2431,India,SaaS,Medium,Basic,50,1,20,4.75,8,78.75,2.0,2,1.0,0.0
2432,India,Healthcare,Small,Basic,50,0,88,34.27272727272727,0,,,10,0.7,0.4
2433,Canada,SaaS,Medium,Basic,50,0,117,33.76923076923077,0,,,8,0.875,0.5
2434,UK,Finance,Enterprise,Basic,50,0,119,34.49579831932773,1,28.0,8.0,8,0.5,0.75
2435,Germany,SaaS,Enterprise,Enterprise,500,0,93,33.32258064516129,4,24.0,6.75,10,1.0,0.7
2436,India,Retail,Small,Enterprise,500,0,104,36.54807692307692,2,28.5,8.5,11,0.7272727272727273,0.6363636363636364
2437,Germany,Healthcare,Small,Basic,50,0,84,35.30952380952381,1,25.0,6.0,6,1.0,0.6666666666666666
2438,USA,Healthcare,Small,Pro,150,0,62,33.854838709677416,3,18.0,7.666666666666667,13,1.0,0.7692307692307693
2439,Canada,Healthcare,Medium,Basic,50,0,114,35.75438596491228,2,20.0,8.0,9,0.8888888888888888,0.6666666666666666
2440,Germany,SaaS,Enterprise,Basic,50,1,14,5.142857142857143,5,92.2,2.6,1,0.0,0.0
2441,India,Retail,Enterprise,Basic,50,0,70,32.2,3,13.333333333333334,7.333333333333333,9,0.5555555555555556,0.1111111111111111
2442,Germany,SaaS,Small,Basic,50,1,20,3.75,6,70.66666666666667,3.1666666666666665,4,0.75,0.0
2443,India,SaaS,Medium,Basic,50,1,17,4.647058823529412,10,77.7,3.4,3,0.3333333333333333,0.0
2444,USA,Retail,Small,Pro,150,0,95,34.294736842105266,1,16.0,9.0,11,0.45454545454545453,0.7272727272727273
2445,UK,Education,Medium,Basic,50,1,13,5.6923076923076925,10,68.9,2.8,1,0.0,0.0
2446,Canada,Healthcare,Enterprise,Basic,50,1,17,4.9411764705882355,6,71.66666666666667,3.3333333333333335,1,0.0,0.0
2447,Canada,Healthcare,Small,Pro,150,0,107,35.345794392523366,1,46.0,6.0,15,0.6666666666666666,0.7333333333333333
2448,USA,Healthcare,Medium,Enterprise,500,0,120,32.541666666666664,1,22.0,7.0,13,0.7692307692307693,0.6153846153846154
2449,USA,Retail,Enterprise,Enterprise,500,0,114,33.58771929824562,2,8.5,8.0,10,0.8,0.4
2450,USA,Healthcare,Enterprise,Basic,50,1,8,4.75,8,68.875,3.375,1,0.0,0.0
2451,UK,SaaS,Small,Basic,50,0,94,34.340425531914896,4,22.75,7.5,15,0.9333333333333333,0.4666666666666667
2452,USA,Finance,Small,Basic,50,0,48,34.395833333333336,1,34.0,9.0,12,1.0,0.75
2453,Germany,Education,Small,Basic,50,0,99,37.18181818181818,1,18.0,8.0,6,1.0,0.6666666666666666
2454,Canada,SaaS,Small,Basic,50,1,9,4.444444444444445,7,58.0,3.4285714285714284,3,0.3333333333333333,0.0
2455,USA,Retail,Enterprise,Pro,150,1,17,4.588235294117647,3,55.666666666666664,3.0,2,0.5,0.0
2456,Canada,Healthcare,Small,Pro,150,0,89,34.056179775280896,0,,,11,1.0,0.45454545454545453
2457,UK,Retail,Medium,Basic,50,1,6,5.5,5,55.8,3.4,2,0.0,0.0
2458,Germany,Finance,Small,Basic,50,0,114,36.8859649122807,2,11.5,7.5,12,0.9166666666666666,0.5
2459,Canada,Education,Small,Basic,50,0,100,34.14,2,8.0,8.0,13,0.8461538461538461,0.5384615384615384
2460,India,Healthcare,Small,Basic,50,0,113,35.424778761061944,1,41.0,7.0,15,0.7333333333333333,0.4666666666666667
2461,Canada,Healthcare,Medium,Basic,50,0,52,34.34615384615385,4,19.75,7.0,14,0.7142857142857143,0.5714285714285714
2462,USA,SaaS,Medium,Pro,150,0,120,33.30833333333333,1,32.0,9.0,5,0.4,0.6
2463,UK,Retail,Small,Enterprise,500,0,41,36.146341463414636,1,15.0,8.0,9,0.6666666666666666,0.3333333333333333
2464,India,Education,Small,Pro,150,0,77,35.688311688311686,4,20.25,8.0,12,0.9166666666666666,0.5
2465,Germany,Healthcare,Enterprise,Pro,150,0,93,36.236559139784944,4,24.0,7.25,11,0.9090909090909091,0.36363636363636365
2466,USA,Healthcare,Small,Basic,50,0,59,35.08474576271186,4,15.75,7.75,11,0.9090909090909091,0.6363636363636364
2467,Canada,Retail,Small,Pro,150,1,16,5.125,5,81.4,4.0,2,0.5,0.0
2468,USA,Retail,Small,Basic,50,0,41,31.0,1,45.0,8.0,5,0.8,0.6
2469,USA,SaaS,Small,Basic,50,0,63,35.317460317460316,4,27.75,8.25,10,0.5,0.5
2470,USA,Education,Medium,Enterprise,500,1,10,3.8,10,73.7,3.1,2,0.0,0.0
2471,Germany,Retail,Enterprise,Basic,50,0,76,34.05263157894737,4,23.75,7.75,14,0.8571428571428571,0.5714285714285714
2472,UK,Healthcare,Small,Basic,50,0,85,29.294117647058822,2,4.0,6.5,10,0.7,0.5
2473,India,Education,Medium,Basic,50,0,63,34.15873015873016,3,33.666666666666664,8.0,14,0.7142857142857143,0.6428571428571429
2474,Germany,Healthcare,Small,Basic,50,0,42,32.88095238095238,2,11.0,7.0,9,0.6666666666666666,0.4444444444444444
2475,Canada,SaaS,Enterprise,Basic,50,0,48,32.916666666666664,4,21.0,8.0,13,0.8461538461538461,0.5384615384615384
2476,UK,Retail,Enterprise,Pro,150,0,98,35.53061224489796,1,18.0,7.0,6,0.5,0.6666666666666666
2477,USA,Finance,Medium,Pro,150,0,47,32.851063829787236,1,7.0,9.0,6,0.8333333333333334,1.0
2478,Germany,SaaS,Enterprise,Enterprise,500,0,109,33.14678899082569,1,44.0,7.0,10,0.9,0.4
2479,UK,Healthcare,Small,Basic,50,0,64,34.28125,3,15.666666666666666,7.666666666666667,8,0.875,0.875
2480,Canada,SaaS,Enterprise,Basic,50,0,80,34.075,2,22.0,9.0,6,0.8333333333333334,0.8333333333333334
2481,India,Education,Enterprise,Pro,150,1,13,4.384615384615385,4,73.0,2.75,2,0.0,0.0
2482,UK,Retail,Enterprise,Basic,50,1,9,5.0,8,61.25,3.625,2,0.0,0.0
2483,UK,Finance,Small,Enterprise,500,0,66,31.924242424242426,3,8.0,7.0,12,0.8333333333333334,0.75
2484,UK,SaaS,Small,Pro,150,0,87,31.919540229885058,2,25.0,7.5,13,0.7692307692307693,0.7692307692307693
2485,Germany,Retail,Small,Pro,150,0,55,34.78181818181818,2,19.5,7.5,11,1.0,0.45454545454545453
2486,UK,SaaS,Small,Pro,150,1,8,5.375,5,67.2,3.0,2,0.0,0.5
2487,India,Finance,Small,Basic,50,0,115,35.2,2,23.5,7.0,7,0.5714285714285714,0.8571428571428571
2488,Germany,Finance,Medium,Basic,50,1,5,6.0,4,68.5,3.25,2,0.0,0.0
2489,Canada,Retail,Small,Basic,50,1,16,4.25,4,86.0,2.5,2,1.0,0.0
2490,USA,SaaS,Enterprise,Pro,150,0,106,33.81132075471698,2,20.5,7.0,9,0.7777777777777778,0.5555555555555556
2491,UK,Healthcare,Small,Pro,150,1,14,4.642857142857143,8,82.5,2.875,5,0.2,0.0
2492,Germany,Education,Small,Enterprise,500,0,118,36.101694915254235,1,31.0,8.0,14,0.8571428571428571,0.5714285714285714
2493,USA,Healthcare,Enterprise,Pro,150,1,10,4.0,7,63.142857142857146,3.4285714285714284,1,0.0,0.0
2494,Germany,Education,Enterprise,Pro,150,0,119,35.596638655462186,0,,,8,0.875,0.5
2495,India,Retail,Small,Basic,50,1,15,4.533333333333333,10,86.6,2.1,4,0.25,0.0
2496,India,Healthcare,Small,Basic,50,1,17,5.647058823529412,6,72.33333333333333,3.1666666666666665,3,0.3333333333333333,0.0
2497,India,Healthcare,Small,Basic,50,0,51,35.90196078431372,2,1.5,8.5,7,1.0,0.7142857142857143
2498,UK,Retail,Small,Pro,150,0,81,36.20987654320987,1,33.0,7.0,7,1.0,0.8571428571428571
2499,Germany,Healthcare,Small,Pro,150,0,63,32.74603174603175,3,17.333333333333332,8.0,8,1.0,0.75
2500,Germany,Education,Medium,Pro,150,0,55,31.90909090909091,4,17.5,7.75,6,0.8333333333333334,0.6666666666666666
2501,USA,Retail,Small,Basic,50,0,94,36.0,1,14.0,7.0,7,1.0,0.5714285714285714
2502,UK,Education,Medium,Pro,150,1,19,4.842105263157895,3,91.33333333333333,3.6666666666666665,2,0.5,0.0
2503,UK,Retail,Medium,Pro,150,0,98,35.173469387755105,2,41.5,8.0,8,1.0,0.5
2504,UK,Retail,Enterprise,Enterprise,500,0,72,31.944444444444443,3,28.0,6.333333333333333,7,0.8571428571428571,0.7142857142857143
2505,UK,Finance,Medium,Pro,150,0,118,32.04237288135593,4,17.5,7.5,13,0.9230769230769231,0.6153846153846154
2506,UK,Finance,Small,Basic,50,1,19,5.7368421052631575,3,86.0,3.6666666666666665,1,0.0,0.0
2507,USA,Education,Small,Basic,50,0,82,34.207317073170735,4,31.0,7.75,11,0.6363636363636364,0.45454545454545453
2508,India,Healthcare,Small,Basic,50,1,15,4.4,9,71.55555555555556,3.3333333333333335,5,0.4,0.0
2509,Germany,Retail,Medium,Basic,50,1,15,4.666666666666667,8,85.625,3.375,5,0.4,0.2
2510,UK,Finance,Small,Basic,50,0,94,36.09574468085106,4,20.75,6.5,15,0.8666666666666667,0.8
2511,India,Education,Small,Basic,50,1,10,5.9,10,54.5,3.1,3,0.0,0.0
2512,Canada,Healthcare,Enterprise,Enterprise,500,0,95,35.11578947368421,4,18.75,7.5,12,1.0,0.9166666666666666
2513,Canada,Healthcare,Small,Basic,50,1,5,7.2,3,72.66666666666667,4.0,5,0.2,0.2
2514,Germany,Education,Medium,Basic,50,1,6,5.5,9,62.666666666666664,3.3333333333333335,5,0.0,0.0
2515,UK,Education,Medium,Pro,150,0,65,34.58461538461538,1,21.0,9.0,5,1.0,0.6
2516,Germany,Finance,Small,Basic,50,1,14,4.928571428571429,6,76.66666666666667,2.6666666666666665,2,0.5,0.0
2517,Germany,Healthcare,Small,Basic,50,0,84,36.94047619047619,4,7.75,6.75,14,0.7142857142857143,0.6428571428571429
2518,India,Retail,Enterprise,Pro,150,0,102,34.990196078431374,4,23.0,7.25,11,0.7272727272727273,0.45454545454545453
2519,UK,Education,Small,Basic,50,1,5,5.0,6,69.16666666666667,2.0,2,0.0,0.0
2520,Canada,SaaS,Medium,Basic,50,0,52,36.17307692307692,1,21.0,9.0,7,0.7142857142857143,0.2857142857142857
2521,USA,SaaS,Medium,Basic,50,0,88,34.14772727272727,2,32.0,8.0,5,0.6,0.6
2522,Canada,SaaS,Medium,Basic,50,1,15,4.866666666666666,10,71.5,3.1,3,0.3333333333333333,0.0
2523,Canada,Retail,Medium,Basic,50,0,70,35.92857142857143,2,26.0,7.0,13,0.7692307692307693,0.6923076923076923
2524,USA,Retail,Medium,Basic,50,1,7,5.0,5,76.6,2.8,5,0.0,0.2
2525,UK,SaaS,Enterprise,Enterprise,500,0,105,35.01904761904762,3,21.0,8.666666666666666,10,0.8,0.5
2526,USA,Retail,Small,Basic,50,0,59,36.54237288135593,1,30.0,7.0,14,0.7857142857142857,0.6428571428571429
2527,UK,Finance,Medium,Basic,50,0,87,32.770114942528735,4,19.75,7.25,5,0.8,0.8
2528,UK,SaaS,Small,Basic,50,1,17,5.176470588235294,6,87.33333333333333,3.5,1,0.0,0.0
2529,Germany,Finance,Small,Basic,50,0,81,34.02469135802469,0,,,14,0.7857142857142857,0.42857142857142855
2530,Germany,Education,Enterprise,Pro,150,0,78,38.92307692307692,1,30.0,6.0,7,1.0,0.5714285714285714
2531,Canada,SaaS,Medium,Pro,150,0,77,34.41558441558441,3,33.0,6.666666666666667,8,0.875,0.625
2532,Germany,Healthcare,Enterprise,Pro,150,1,5,7.6,4,76.0,3.5,4,0.5,0.0
2533,Germany,Healthcare,Medium,Enterprise,500,0,98,36.37755102040816,3,22.666666666666668,6.333333333333333,14,0.7142857142857143,0.5714285714285714
2534,Germany,SaaS,Enterprise,Enterprise,500,0,66,34.84848484848485,4,27.25,7.75,13,0.9230769230769231,0.46153846153846156
2535,USA,Retail,Enterprise,Basic,50,0,84,35.416666666666664,3,16.333333333333332,7.666666666666667,10,0.9,0.5
2536,India,Education,Small,Basic,50,1,17,4.823529411764706,9,90.66666666666667,2.888888888888889,1,1.0,0.0
2537,India,Retail,Medium,Basic,50,1,5,3.8,10,75.8,3.4,1,1.0,0.0
2538,Canada,Education,Enterprise,Basic,50,0,40,28.225,3,13.666666666666666,6.666666666666667,10,0.8,0.6
2539,UK,SaaS,Enterprise,Basic,50,0,101,33.13861386138614,0,,,11,0.6363636363636364,0.5454545454545454
2540,India,SaaS,Enterprise,Basic,50,0,41,34.36585365853659,4,21.75,7.75,11,0.9090909090909091,0.5454545454545454
2541,India,SaaS,Small,Enterprise,500,0,95,33.90526315789474,4,32.5,7.5,6,1.0,0.5
2542,Germany,Finance,Medium,Basic,50,1,10,4.8,3,68.0,4.0,2,0.5,0.0
2543,Canada,SaaS,Medium,Pro,150,0,66,35.04545454545455,3,36.0,7.333333333333333,9,0.8888888888888888,0.4444444444444444
2544,India,Healthcare,Enterprise,Basic,50,0,91,36.62637362637363,0,,,9,0.6666666666666666,0.5555555555555556
2545,Canada,SaaS,Enterprise,Pro,150,0,82,33.707317073170735,4,32.75,7.5,11,0.7272727272727273,0.8181818181818182
2546,UK,Healthcare,Medium,Basic,50,1,17,4.764705882352941,4,93.0,3.0,1,0.0,0.0
2547,UK,Education,Small,Basic,50,0,86,34.69767441860465,0,,,5,1.0,0.2
2548,Germany,Education,Enterprise,Basic,50,1,12,5.833333333333333,3,87.33333333333333,3.3333333333333335,1,0.0,0.0
2549,UK,Healthcare,Medium,Basic,50,0,111,33.666666666666664,1,40.0,6.0,5,0.8,0.6
2550,India,Finance,Enterprise,Basic,50,1,17,5.294117647058823,6,56.333333333333336,1.8333333333333333,5,0.4,0.2
2551,Germany,Finance,Small,Basic,50,0,92,34.69565217391305,2,8.0,9.0,6,1.0,0.6666666666666666
2552,USA,Finance,Medium,Basic,50,0,65,32.10769230769231,0,,,8,0.875,0.5
2553,Germany,Retail,Enterprise,Basic,50,0,67,38.6865671641791,1,36.0,7.0,14,0.7857142857142857,0.6428571428571429
2554,Canada,SaaS,Medium,Pro,150,0,87,31.126436781609197,1,40.0,7.0,7,0.5714285714285714,0.5714285714285714
2555,Canada,Education,Medium,Basic,50,0,54,35.27777777777778,1,14.0,9.0,12,0.8333333333333334,0.6666666666666666
2556,Germany,Education,Medium,Basic,50,1,20,4.65,9,77.66666666666667,3.111111111111111,4,0.0,0.0
2557,USA,Healthcare,Medium,Pro,150,0,78,34.282051282051285,4,37.25,6.5,6,1.0,0.5
2558,USA,SaaS,Medium,Pro,150,0,53,33.301886792452834,1,34.0,8.0,14,0.7857142857142857,0.6428571428571429
2559,UK,Finance,Small,Pro,150,0,53,36.320754716981135,2,8.5,6.5,11,0.9090909090909091,0.36363636363636365
2560,USA,Healthcare,Medium,Enterprise,500,0,72,34.666666666666664,0,,,13,0.7692307692307693,0.6153846153846154
2561,USA,Healthcare,Medium,Pro,150,0,81,33.24691358024691,3,36.666666666666664,7.333333333333333,6,0.8333333333333334,0.8333333333333334
2562,UK,Healthcare,Enterprise,Basic,50,0,107,34.93457943925234,3,29.0,7.333333333333333,13,0.6923076923076923,0.7692307692307693
2563,USA,Finance,Medium,Basic,50,0,43,29.209302325581394,0,,,14,0.8571428571428571,0.7142857142857143
2564,Canada,Healthcare,Medium,Basic,50,0,89,32.157303370786515,2,26.0,8.0,10,0.9,0.6
2565,India,Retail,Medium,Basic,50,0,82,35.86585365853659,2,18.5,9.0,5,1.0,0.6
2566,USA,Finance,Small,Basic,50,0,93,34.225806451612904,1,12.0,7.0,11,1.0,0.6363636363636364
2567,USA,SaaS,Small,Basic,50,1,11,5.545454545454546,7,64.14285714285714,3.2857142857142856,1,0.0,0.0
2568,Canada,Finance,Medium,Pro,150,0,69,34.17391304347826,2,2.5,8.0,14,0.7857142857142857,0.42857142857142855
2569,Canada,Finance,Enterprise,Basic,50,0,48,33.5,2,21.0,8.5,14,0.5,0.6428571428571429
2570,India,Retail,Enterprise,Pro,150,0,56,36.767857142857146,3,29.666666666666668,8.0,13,0.6153846153846154,0.6153846153846154
2571,Canada,Education,Medium,Pro,150,1,6,5.833333333333333,8,83.75,2.25,4,0.5,0.0
2572,Germany,Finance,Enterprise,Basic,50,0,80,37.675,0,,,5,1.0,0.8
2573,UK,Finance,Small,Pro,150,0,87,34.7816091954023,4,23.5,7.75,11,0.9090909090909091,0.7272727272727273
2574,India,Healthcare,Medium,Basic,50,1,14,6.285714285714286,6,67.0,3.0,3,0.0,0.6666666666666666
2575,India,Finance,Small,Pro,150,0,78,30.653846153846153,4,23.75,7.5,5,0.6,0.8
2576,UK,Finance,Medium,Basic,50,0,81,36.18518518518518,3,15.0,7.666666666666667,15,0.9333333333333333,0.5333333333333333
2577,Germany,Healthcare,Enterprise,Enterprise,500,0,59,34.76271186440678,0,,,8,0.625,0.75
2578,UK,Education,Medium,Enterprise,500,0,116,34.10344827586207,1,31.0,6.0,5,0.8,0.4
2579,UK,Healthcare,Enterprise,Basic,50,0,82,34.36585365853659,3,23.666666666666668,8.0,14,0.7142857142857143,0.7857142857142857
2580,UK,Healthcare,Small,Basic,50,0,117,33.82905982905983,3,35.666666666666664,9.0,11,0.9090909090909091,0.6363636363636364
2581,USA,SaaS,Medium,Basic,50,0,59,35.440677966101696,1,8.0,7.0,15,0.9333333333333333,0.4
2582,Canada,Healthcare,Medium,Basic,50,0,54,30.64814814814815,4,22.0,7.5,14,0.7857142857142857,0.7142857142857143
2583,India,Finance,Small,Pro,150,0,69,33.710144927536234,2,25.0,8.5,7,0.8571428571428571,0.8571428571428571
2584,UK,Education,Enterprise,Basic,50,1,12,4.666666666666667,3,70.66666666666667,1.3333333333333333,2,0.5,0.0
2585,USA,Finance,Medium,Enterprise,500,0,118,34.728813559322035,2,36.0,8.5,7,0.5714285714285714,0.42857142857142855
2586,UK,Finance,Medium,Basic,50,0,57,35.10526315789474,2,22.0,7.5,8,0.75,0.75
2587,Canada,Healthcare,Enterprise,Basic,50,1,16,5.1875,6,48.333333333333336,2.8333333333333335,3,0.0,0.3333333333333333
2588,India,SaaS,Small,Pro,150,1,20,4.4,6,97.0,3.3333333333333335,3,0.0,0.0
2589,Germany,Retail,Small,Basic,50,0,72,32.138888888888886,0,,,11,0.7272727272727273,0.36363636363636365
2590,Germany,Finance,Small,Basic,50,0,81,35.60493827160494,0,,,9,0.6666666666666666,0.3333333333333333
2591,USA,Education,Enterprise,Basic,50,1,6,5.5,10,81.7,2.7,4,0.25,0.25
2592,India,Finance,Medium,Pro,150,1,20,5.7,6,74.16666666666667,3.1666666666666665,4,0.25,0.0
2593,India,Education,Enterprise,Basic,50,0,48,36.833333333333336,2,32.0,9.0,7,0.8571428571428571,0.2857142857142857
2594,UK,Education,Enterprise,Basic,50,0,79,34.45569620253165,1,9.0,9.0,13,0.7692307692307693,0.6923076923076923
2595,Germany,Finance,Enterprise,Basic,50,0,73,33.136986301369866,3,21.333333333333332,7.0,11,0.9090909090909091,0.8181818181818182
2596,USA,Retail,Small,Basic,50,1,16,5.8125,7,75.28571428571429,3.5714285714285716,1,0.0,0.0
2597,UK,Education,Small,Pro,150,1,19,5.052631578947368,4,80.25,4.25,1,1.0,0.0
2598,India,SaaS,Medium,Basic,50,0,78,33.12820512820513,3,23.333333333333332,7.666666666666667,9,0.7777777777777778,0.5555555555555556
2599,Canada,Healthcare,Medium,Basic,50,0,56,37.125,4,36.75,7.25,10,0.6,0.6
2600,India,SaaS,Medium,Pro,150,1,18,4.555555555555555,3,54.333333333333336,3.3333333333333335,3,0.3333333333333333,0.0
2601,USA,Education,Enterprise,Basic,50,1,11,5.545454545454546,7,72.85714285714286,2.7142857142857144,4,0.0,0.25
2602,UK,Education,Enterprise,Pro,150,0,107,32.64485981308411,3,34.0,7.333333333333333,8,0.75,0.625
2603,UK,Finance,Small,Enterprise,500,0,63,33.46031746031746,2,38.0,8.0,8,0.625,0.5
2604,USA,SaaS,Enterprise,Basic,50,0,84,32.857142857142854,4,18.25,8.25,15,0.8,0.8666666666666667
2605,Germany,SaaS,Enterprise,Basic,50,0,51,31.49019607843137,3,20.333333333333332,8.333333333333334,13,0.5384615384615384,0.8461538461538461
2606,Germany,Healthcare,Medium,Enterprise,500,0,88,35.20454545454545,0,,,9,0.7777777777777778,0.8888888888888888
2607,India,Education,Enterprise,Basic,50,0,102,34.833333333333336,0,,,13,0.8461538461538461,0.46153846153846156
2608,Canada,SaaS,Enterprise,Basic,50,1,14,5.857142857142857,8,62.75,3.375,4,0.25,0.0
2609,India,Retail,Small,Basic,50,0,93,35.956989247311824,2,15.0,8.5,6,0.6666666666666666,0.5
2610,Germany,Finance,Medium,Pro,150,0,70,32.2,0,,,14,0.7857142857142857,0.6428571428571429
2611,India,SaaS,Medium,Pro,150,0,105,37.266666666666666,3,23.0,7.333333333333333,5,0.6,0.2
2612,India,Finance,Medium,Basic,50,0,116,35.43103448275862,4,26.75,8.0,8,1.0,0.875
2613,Germany,Education,Small,Pro,150,0,66,36.46969696969697,2,28.5,8.0,13,0.7692307692307693,0.46153846153846156
2614,UK,Retail,Enterprise,Pro,150,0,51,33.3921568627451,3,31.333333333333332,7.333333333333333,15,0.6666666666666666,0.6
2615,Germany,Retail,Medium,Enterprise,500,0,111,35.0,0,,,6,0.8333333333333334,0.3333333333333333
2616,UK,Retail,Enterprise,Basic,50,0,54,33.0,3,22.0,7.666666666666667,14,0.7857142857142857,0.6428571428571429
2617,Germany,Healthcare,Enterprise,Pro,150,0,62,32.403225806451616,1,43.0,6.0,10,0.9,0.4
2618,Canada,SaaS,Small,Basic,50,0,49,32.30612244897959,0,,,7,0.8571428571428571,0.5714285714285714
2619,UK,Finance,Medium,Pro,150,0,62,37.53225806451613,2,21.5,8.5,15,0.9333333333333333,0.8
2620,Canada,Finance,Small,Basic,50,1,6,4.5,3,88.33333333333333,2.6666666666666665,3,0.0,0.6666666666666666
2621,Canada,Retail,Small,Pro,150,0,60,34.38333333333333,1,19.0,8.0,5,1.0,0.6
2622,USA,Retail,Enterprise,Pro,150,0,70,32.857142857142854,4,20.25,7.25,12,0.8333333333333334,0.6666666666666666
2623,India,Retail,Small,Basic,50,0,104,33.01923076923077,1,28.0,7.0,6,0.8333333333333334,0.5
2624,Canada,Retail,Enterprise,Pro,150,0,92,34.28260869565217,4,25.75,7.0,15,0.8666666666666667,0.6
2625,Canada,Healthcare,Small,Basic,50,0,63,35.285714285714285,0,,,14,0.8571428571428571,0.5
2626,UK,Retail,Medium,Pro,150,0,116,34.60344827586207,3,32.333333333333336,8.0,6,1.0,0.3333333333333333
2627,Canada,Retail,Small,Pro,150,0,100,36.01,0,,,7,0.7142857142857143,0.8571428571428571
2628,India,Education,Medium,Pro,150,0,68,36.14705882352941,4,26.5,7.5,13,0.9230769230769231,0.6153846153846154
2629,Germany,Education,Enterprise,Pro,150,0,75,33.36,2,4.5,8.5,8,0.75,0.375
2630,Germany,Healthcare,Small,Basic,50,0,95,34.45263157894737,4,17.5,7.75,10,0.4,0.8
2631,USA,Healthcare,Medium,Basic,50,0,115,33.96521739130435,2,41.5,7.0,8,0.875,0.625
2632,India,Retail,Small,Pro,150,1,5,5.6,4,58.75,2.75,4,0.25,0.0
2633,India,Retail,Small,Basic,50,0,99,33.54545454545455,1,22.0,8.0,5,1.0,0.4
2634,Germany,Healthcare,Small,Pro,150,0,98,30.948979591836736,1,3.0,7.0,7,0.5714285714285714,0.7142857142857143
2635,USA,Finance,Medium,Basic,50,0,52,34.51923076923077,3,19.666666666666668,8.0,11,1.0,0.5454545454545454
2636,USA,Education,Enterprise,Basic,50,0,74,32.86486486486486,1,37.0,7.0,15,0.8666666666666667,0.8
2637,India,Education,Medium,Pro,150,0,43,32.95348837209303,0,,,6,0.6666666666666666,0.6666666666666666
2638,Canada,Retail,Medium,Pro,150,0,69,30.797101449275363,0,,,12,0.9166666666666666,0.75
2639,Germany,SaaS,Medium,Basic,50,1,10,5.1,4,106.5,1.75,3,0.3333333333333333,0.0
2640,Canada,Education,Small,Basic,50,1,11,4.363636363636363,7,48.285714285714285,2.5714285714285716,5,0.4,0.0
2641,India,Healthcare,Enterprise,Basic,50,1,10,5.2,5,88.2,2.8,1,0.0,0.0
2642,USA,Healthcare,Medium,Pro,150,0,118,35.20338983050848,3,31.333333333333332,7.333333333333333,11,0.8181818181818182,0.8181818181818182
2643,Germany,Healthcare,Medium,Basic,50,0,52,34.94230769230769,1,40.0,9.0,13,0.7692307692307693,0.6923076923076923
2644,UK,SaaS,Medium,Pro,150,0,58,34.58620689655172,1,43.0,7.0,7,1.0,0.7142857142857143
2645,India,Retail,Enterprise,Pro,150,0,82,37.69512195121951,2,35.5,7.5,13,0.6153846153846154,0.38461538461538464
2646,India,SaaS,Medium,Pro,150,0,58,37.53448275862069,4,32.75,6.75,13,0.8461538461538461,0.6923076923076923
2647,India,Education,Enterprise,Basic,50,1,12,5.916666666666667,7,76.28571428571429,3.4285714285714284,4,0.25,0.0
2648,USA,Education,Small,Basic,50,0,56,33.142857142857146,4,37.0,8.0,5,1.0,0.6
2649,UK,SaaS,Enterprise,Basic,50,1,13,4.461538461538462,4,66.75,2.5,2,0.0,0.0
2650,UK,Education,Medium,Basic,50,0,62,33.53225806451613,4,23.75,7.5,5,0.8,0.8
2651,India,Finance,Medium,Basic,50,0,46,33.52173913043478,0,,,10,0.9,0.6
2652,India,SaaS,Enterprise,Basic,50,1,20,5.1,9,69.11111111111111,2.3333333333333335,3,0.3333333333333333,0.0
2653,Canada,Finance,Small,Basic,50,0,42,31.19047619047619,2,37.0,9.0,5,1.0,0.8
2654,USA,Healthcare,Enterprise,Pro,150,1,20,5.1,8,63.5,3.0,4,0.25,0.25
2655,India,Finance,Medium,Pro,150,1,5,5.2,8,60.5,2.5,2,0.0,0.0
2656,Germany,Finance,Small,Basic,50,0,46,34.67391304347826,4,12.0,7.0,10,0.8,0.7
2657,USA,Healthcare,Small,Pro,150,0,78,34.833333333333336,1,26.0,7.0,7,1.0,0.5714285714285714
2658,Canada,Healthcare,Small,Basic,50,0,120,37.291666666666664,3,22.0,7.0,7,0.7142857142857143,0.7142857142857143
2659,Canada,Education,Enterprise,Pro,150,0,96,32.0625,3,18.333333333333332,7.333333333333333,10,0.9,0.8
2660,Canada,Education,Enterprise,Pro,150,0,90,34.977777777777774,1,11.0,7.0,11,0.6363636363636364,0.45454545454545453
2661,Canada,SaaS,Medium,Pro,150,0,108,33.824074074074076,2,30.0,7.5,6,0.6666666666666666,0.5
2662,Germany,SaaS,Small,Basic,50,1,10,6.7,8,69.375,3.0,5,0.4,0.0
2663,UK,SaaS,Medium,Basic,50,0,48,35.25,3,18.666666666666668,7.666666666666667,5,0.8,0.0
2664,India,Finance,Enterprise,Pro,150,0,66,34.803030303030305,2,30.5,8.5,11,0.7272727272727273,0.6363636363636364
2665,India,Healthcare,Medium,Enterprise,500,0,113,34.203539823008846,0,,,12,0.75,0.5
2666,Canada,Education,Medium,Enterprise,500,0,62,32.45161290322581,3,29.333333333333332,9.0,5,0.8,0.4
2667,UK,Finance,Small,Basic,50,0,92,33.01086956521739,1,4.0,6.0,8,1.0,0.5
2668,USA,Healthcare,Small,Basic,50,0,83,32.3855421686747,4,6.75,7.0,11,0.7272727272727273,0.7272727272727273
2669,UK,Healthcare,Medium,Basic,50,0,100,35.32,3,17.666666666666668,6.333333333333333,9,0.7777777777777778,0.4444444444444444
2670,UK,Healthcare,Small,Pro,150,0,43,32.53488372093023,4,29.25,7.25,6,0.8333333333333334,0.6666666666666666
2671,USA,Retail,Enterprise,Basic,50,1,12,4.583333333333333,10,57.0,3.2,4,0.0,0.0
2672,USA,SaaS,Small,Basic,50,0,62,32.403225806451616,3,18.666666666666668,7.333333333333333,9,0.8888888888888888,0.4444444444444444
2673,Germany,Retail,Small,Pro,150,0,107,35.308411214953274,2,32.5,9.0,7,1.0,0.42857142857142855
2674,UK,SaaS,Small,Basic,50,1,16,5.3125,6,67.66666666666667,3.8333333333333335,3,0.3333333333333333,0.0
2675,Canada,Education,Small,Enterprise,500,0,118,32.152542372881356,1,3.0,6.0,7,1.0,0.7142857142857143
2676,Germany,SaaS,Medium,Basic,50,1,17,5.0588235294117645,10,67.6,3.4,3,0.6666666666666666,0.0
2677,USA,SaaS,Medium,Basic,50,0,94,36.851063829787236,3,37.666666666666664,8.333333333333334,12,0.8333333333333334,0.4166666666666667
2678,USA,SaaS,Small,Enterprise,500,0,94,35.53191489361702,3,16.666666666666668,6.666666666666667,13,0.9230769230769231,0.6153846153846154
2679,Canada,Healthcare,Enterprise,Pro,150,1,11,4.090909090909091,4,81.0,3.75,2,0.5,0.0
2680,UK,Healthcare,Enterprise,Basic,50,0,85,33.67058823529412,2,29.5,8.5,11,0.8181818181818182,0.5454545454545454
2681,India,SaaS,Small,Basic,50,1,20,5.05,6,69.66666666666667,2.5,2,0.0,0.0
2682,UK,Finance,Enterprise,Pro,150,0,62,33.25806451612903,3,19.333333333333332,7.0,5,0.6,1.0
2683,India,Finance,Small,Pro,150,0,74,35.13513513513514,2,26.5,7.5,12,0.75,0.6666666666666666
2684,Canada,Education,Small,Pro,150,0,115,33.0,4,20.5,8.0,9,0.6666666666666666,0.5555555555555556
2685,Canada,Education,Small,Basic,50,0,104,33.09615384615385,2,27.5,7.5,14,0.8571428571428571,0.7142857142857143
2686,USA,Education,Small,Basic,50,1,16,5.25,6,82.66666666666667,2.3333333333333335,4,0.25,0.0
2687,Canada,Healthcare,Enterprise,Basic,50,1,13,4.0,5,58.8,3.4,2,0.5,0.0
2688,UK,Finance,Small,Basic,50,1,17,5.588235294117647,5,65.2,3.4,4,0.75,0.0
2689,Canada,SaaS,Enterprise,Pro,150,0,112,33.285714285714285,0,,,7,0.7142857142857143,0.2857142857142857
2690,USA,Healthcare,Enterprise,Basic,50,0,76,36.13157894736842,4,27.0,8.25,5,0.8,0.6
2691,Germany,Finance,Enterprise,Basic,50,0,60,32.86666666666667,0,,,5,1.0,0.6
2692,Canada,Healthcare,Medium,Basic,50,0,85,33.411764705882355,2,4.0,7.0,11,0.7272727272727273,0.6363636363636364
2693,USA,Healthcare,Medium,Pro,150,0,102,32.59803921568628,3,29.333333333333332,7.333333333333333,13,0.8461538461538461,0.46153846153846156
2694,Germany,Retail,Small,Basic,50,1,9,4.0,7,80.71428571428571,2.7142857142857144,2,0.0,0.0
2695,Canada,Healthcare,Medium,Basic,50,1,5,5.0,6,63.666666666666664,3.6666666666666665,4,0.25,0.0
2696,USA,Finance,Small,Basic,50,0,83,33.2289156626506,3,32.0,7.0,14,0.9285714285714286,0.7142857142857143
2697,Germany,SaaS,Enterprise,Basic,50,0,60,34.71666666666667,0,,,11,0.9090909090909091,0.8181818181818182
2698,UK,Retail,Medium,Pro,150,0,47,32.93617021276596,4,27.0,8.25,6,0.6666666666666666,0.8333333333333334
2699,India,Education,Enterprise,Basic,50,0,69,37.43478260869565,3,23.333333333333332,7.666666666666667,6,0.6666666666666666,0.8333333333333334
2700,USA,SaaS,Medium,Basic,50,0,70,32.628571428571426,0,,,10,0.8,0.5
2701,Germany,SaaS,Medium,Pro,150,0,84,34.607142857142854,4,22.75,7.5,10,0.8,0.3
2702,India,Retail,Enterprise,Pro,150,1,12,5.166666666666667,6,78.83333333333333,3.0,5,0.4,0.2
2703,India,Retail,Small,Basic,50,1,5,6.0,3,110.33333333333333,4.0,3,0.3333333333333333,0.0
2704,Canada,Retail,Medium,Basic,50,1,12,5.0,5,59.2,3.2,2,0.0,0.0
2705,Germany,Healthcare,Small,Enterprise,500,1,5,5.4,7,68.0,3.142857142857143,1,1.0,0.0
2706,Germany,Finance,Small,Pro,150,0,58,34.224137931034484,0,,,7,0.8571428571428571,0.7142857142857143
2707,USA,Retail,Enterprise,Basic,50,0,65,32.56923076923077,2,30.0,8.0,7,0.42857142857142855,0.7142857142857143
2708,USA,Retail,Medium,Pro,150,0,42,35.285714285714285,0,,,11,0.9090909090909091,0.5454545454545454
2709,Canada,SaaS,Small,Basic,50,0,100,34.68,1,12.0,8.0,8,0.75,0.25
2710,UK,Retail,Medium,Basic,50,1,16,5.9375,9,89.77777777777777,2.888888888888889,1,1.0,0.0
2711,Canada,SaaS,Enterprise,Basic,50,0,71,37.28169014084507,4,20.5,7.5,9,0.6666666666666666,0.3333333333333333
2712,UK,SaaS,Medium,Pro,150,0,71,36.2112676056338,1,6.0,6.0,13,0.7692307692307693,0.6153846153846154
2713,UK,Finance,Small,Pro,150,1,12,5.75,9,77.88888888888889,3.7777777777777777,4,0.0,0.0
2714,Canada,Retail,Small,Pro,150,0,48,37.166666666666664,1,4.0,8.0,9,0.7777777777777778,0.4444444444444444
2715,UK,Retail,Enterprise,Basic,50,0,71,33.50704225352113,3,18.0,7.666666666666667,7,0.8571428571428571,0.5714285714285714
2716,Germany,Finance,Enterprise,Basic,50,0,97,31.75257731958763,0,,,14,0.6428571428571429,0.6428571428571429
2717,Canada,Education,Medium,Pro,150,0,76,34.3421052631579,3,17.333333333333332,8.333333333333334,8,0.875,0.75
2718,Germany,Finance,Medium,Pro,150,0,58,33.98275862068966,3,25.0,8.0,11,0.6363636363636364,0.45454545454545453
2719,Canada,Retail,Medium,Enterprise,500,0,96,34.833333333333336,0,,,12,0.8333333333333334,0.5
2720,Canada,Finance,Small,Basic,50,0,117,32.717948717948715,0,,,13,1.0,0.6153846153846154
2721,Germany,SaaS,Small,Basic,50,1,7,4.857142857142857,4,90.0,2.75,4,0.0,0.0
2722,India,Retail,Medium,Basic,50,0,65,35.41538461538462,1,13.0,8.0,9,0.8888888888888888,0.5555555555555556
2723,UK,Healthcare,Small,Pro,150,1,8,5.0,10,50.4,2.9,3,0.3333333333333333,0.3333333333333333
2724,USA,SaaS,Small,Basic,50,0,48,33.416666666666664,3,18.333333333333332,8.333333333333334,15,0.9333333333333333,0.4666666666666667
2725,Germany,SaaS,Small,Enterprise,500,0,101,36.71287128712871,0,,,7,0.7142857142857143,0.2857142857142857
2726,Germany,Education,Enterprise,Basic,50,0,87,32.839080459770116,2,27.5,6.0,9,0.6666666666666666,0.7777777777777778
2727,India,Healthcare,Medium,Pro,150,0,118,33.389830508474574,4,36.5,8.5,9,0.7777777777777778,0.5555555555555556
2728,Canada,Education,Small,Basic,50,0,107,34.57943925233645,3,21.666666666666668,8.0,15,0.6666666666666666,0.7333333333333333
2729,USA,Education,Medium,Basic,50,0,116,32.39655172413793,3,26.0,7.333333333333333,5,0.8,0.8
2730,Germany,Healthcare,Medium,Basic,50,0,70,35.042857142857144,4,36.5,8.5,15,0.8666666666666667,0.8
2731,Germany,Retail,Enterprise,Basic,50,0,103,32.067961165048544,0,,,9,0.8888888888888888,0.5555555555555556
2732,India,Education,Medium,Basic,50,1,16,5.375,5,90.4,2.6,3,0.0,0.0
2733,Canada,Education,Small,Basic,50,0,107,34.691588785046726,3,41.666666666666664,8.333333333333334,7,0.7142857142857143,0.42857142857142855
2734,USA,Retail,Small,Enterprise,500,0,57,33.91228070175438,1,26.0,8.0,13,0.7692307692307693,0.46153846153846156
2735,Germany,Retail,Medium,Enterprise,500,0,44,35.81818181818182,1,38.0,7.0,8,0.875,0.25
2736,Germany,Retail,Medium,Pro,150,0,64,33.5625,1,26.0,7.0,6,0.6666666666666666,0.3333333333333333
2737,USA,SaaS,Small,Basic,50,1,12,6.333333333333333,7,76.0,2.4285714285714284,4,0.5,0.0
2738,Canada,Finance,Enterprise,Basic,50,0,79,29.962025316455698,1,6.0,7.0,6,1.0,0.6666666666666666
2739,UK,Retail,Medium,Basic,50,0,53,32.75471698113208,0,,,15,0.8666666666666667,0.5333333333333333
2740,UK,Finance,Enterprise,Basic,50,0,41,36.170731707317074,1,45.0,8.0,15,0.9333333333333333,0.6
2741,Germany,Retail,Small,Pro,150,0,69,33.65217391304348,0,,,15,0.8666666666666667,0.6
2742,Canada,Retail,Enterprise,Basic,50,0,66,32.96969696969697,4,23.25,8.25,13,0.6153846153846154,0.6153846153846154
2743,Canada,Education,Enterprise,Basic,50,0,118,32.889830508474574,1,24.0,7.0,6,0.6666666666666666,0.6666666666666666
2744,Germany,Retail,Enterprise,Basic,50,0,69,35.405797101449274,3,31.666666666666668,7.0,12,0.9166666666666666,0.5833333333333334
2745,UK,Education,Small,Pro,150,0,88,32.35227272727273,2,15.5,6.5,13,0.7692307692307693,0.6923076923076923
2746,Germany,Finance,Medium,Pro,150,1,18,5.722222222222222,6,71.16666666666667,3.8333333333333335,5,0.2,0.2
2747,Canada,Retail,Enterprise,Basic,50,0,106,33.75471698113208,1,19.0,6.0,10,0.8,0.7
2748,India,Finance,Medium,Basic,50,0,95,33.28421052631579,2,17.5,7.0,14,0.7857142857142857,0.6428571428571429
2749,USA,SaaS,Enterprise,Pro,150,0,113,36.991150442477874,4,26.5,7.25,5,0.4,0.4
2750,USA,Healthcare,Medium,Pro,150,0,111,31.72972972972973,2,8.0,8.5,5,0.6,0.6
2751,India,Education,Small,Basic,50,0,81,34.48148148148148,4,17.75,8.25,6,0.8333333333333334,0.3333333333333333
2752,India,Retail,Small,Pro,150,0,52,35.84615384615385,2,10.5,8.0,13,0.9230769230769231,0.46153846153846156
2753,Germany,Finance,Medium,Basic,50,0,97,34.2680412371134,1,47.0,9.0,8,1.0,0.5
2754,Germany,Finance,Small,Basic,50,0,104,33.18269230769231,3,30.333333333333332,7.0,13,0.6153846153846154,0.6923076923076923
2755,UK,Healthcare,Small,Basic,50,0,86,35.104651162790695,3,21.333333333333332,7.666666666666667,10,0.7,0.5
2756,India,Education,Small,Pro,150,0,91,34.824175824175825,1,11.0,7.0,11,1.0,0.7272727272727273
2757,USA,Finance,Small,Basic,50,1,12,6.833333333333333,7,64.14285714285714,2.7142857142857144,4,0.25,0.25
2758,India,Healthcare,Small,Basic,50,0,83,33.40963855421687,4,25.25,8.0,8,0.5,0.5
2759,Canada,Finance,Small,Pro,150,0,47,31.914893617021278,2,39.5,7.0,9,0.6666666666666666,0.4444444444444444
2760,Germany,Retail,Enterprise,Basic,50,0,62,31.580645161290324,0,,,7,0.8571428571428571,0.7142857142857143
2761,Canada,Retail,Medium,Enterprise,500,0,65,35.323076923076925,4,21.0,6.5,12,0.9166666666666666,0.5
2762,USA,Retail,Enterprise,Basic,50,1,8,4.875,4,90.5,1.5,1,0.0,0.0
2763,USA,Finance,Medium,Basic,50,1,18,5.055555555555555,8,64.25,2.0,4,0.25,0.25
2764,Canada,Retail,Medium,Basic,50,1,11,5.363636363636363,3,55.0,4.666666666666667,4,0.25,0.0
2765,Canada,SaaS,Medium,Basic,50,1,17,3.6470588235294117,9,83.66666666666667,2.7777777777777777,3,0.6666666666666666,0.0
2766,USA,Healthcare,Medium,Basic,50,0,46,31.543478260869566,4,16.0,6.5,5,1.0,0.6
2767,Germany,Education,Enterprise,Enterprise,500,0,84,34.51190476190476,4,18.5,7.0,13,0.6923076923076923,0.5384615384615384
2768,India,Healthcare,Enterprise,Enterprise,500,0,85,33.45882352941177,1,13.0,9.0,7,0.7142857142857143,0.5714285714285714
2769,India,Finance,Medium,Basic,50,1,8,5.625,9,63.22222222222222,3.6666666666666665,4,0.25,0.0
2770,UK,Retail,Enterprise,Pro,150,0,42,36.07142857142857,4,18.25,7.5,12,1.0,0.5833333333333334
2771,USA,Education,Small,Basic,50,1,18,3.7777777777777777,5,66.4,1.6,2,0.0,0.0
2772,India,Finance,Small,Pro,150,0,40,31.375,2,2.0,6.5,7,0.7142857142857143,0.5714285714285714
2773,India,Education,Medium,Pro,150,1,15,4.2,8,78.625,2.75,4,0.0,0.0
2774,UK,Education,Enterprise,Basic,50,0,117,35.22222222222222,3,23.0,6.666666666666667,11,0.9090909090909091,0.6363636363636364
2775,USA,Education,Small,Pro,150,0,76,32.078947368421055,2,9.0,8.5,15,0.8666666666666667,0.3333333333333333
2776,Canada,Finance,Medium,Pro,150,0,79,34.49367088607595,4,19.75,7.5,8,0.75,0.625
2777,USA,Education,Enterprise,Basic,50,0,113,34.415929203539825,0,,,12,0.5833333333333334,0.75
2778,Germany,Retail,Small,Basic,50,1,19,5.2105263157894735,7,75.57142857142857,2.0,2,0.5,0.0
2779,India,SaaS,Enterprise,Basic,50,1,11,4.090909090909091,6,100.33333333333333,3.5,4,0.25,0.25
2780,India,Education,Medium,Pro,150,0,97,34.90721649484536,2,9.5,7.5,5,1.0,0.8
2781,Germany,Education,Medium,Basic,50,0,90,35.03333333333333,0,,,6,0.6666666666666666,0.6666666666666666
2782,UK,Retail,Medium,Basic,50,0,109,34.92660550458716,3,10.666666666666666,6.666666666666667,6,0.6666666666666666,0.5
2783,India,Education,Enterprise,Basic,50,0,86,31.197674418604652,1,26.0,6.0,7,0.8571428571428571,0.42857142857142855
2784,Germany,Education,Small,Pro,150,0,85,30.741176470588236,3,26.0,7.0,11,0.7272727272727273,0.6363636363636364
2785,USA,Education,Small,Basic,50,1,9,4.444444444444445,4,69.0,2.75,5,0.0,0.4
2786,Canada,Retail,Small,Basic,50,0,78,31.974358974358974,0,,,14,0.9285714285714286,0.5714285714285714
2787,Germany,Finance,Enterprise,Pro,150,0,59,35.32203389830509,3,27.333333333333332,8.0,12,0.9166666666666666,0.3333333333333333
2788,Canada,Education,Medium,Basic,50,0,55,34.2,2,38.0,7.5,14,0.7142857142857143,0.6428571428571429
2789,Canada,SaaS,Enterprise,Basic,50,1,9,4.111111111111111,3,102.0,2.0,5,0.2,0.0
2790,UK,Finance,Medium,Basic,50,0,52,38.13461538461539,4,21.25,7.0,5,1.0,0.2
2791,UK,Healthcare,Small,Basic,50,0,103,33.932038834951456,1,24.0,8.0,10,1.0,0.3
2792,India,Retail,Medium,Basic,50,0,59,33.30508474576271,2,38.5,8.0,8,0.75,0.625
2793,India,SaaS,Enterprise,Basic,50,1,18,5.0,10,63.8,3.8,1,0.0,0.0
2794,UK,Retail,Medium,Basic,50,0,114,35.44736842105263,2,20.5,7.0,14,0.6428571428571429,0.7142857142857143
2795,India,Healthcare,Medium,Basic,50,0,77,35.935064935064936,2,14.5,7.5,15,0.6666666666666666,0.8666666666666667
2796,Canada,Healthcare,Medium,Basic,50,0,72,34.416666666666664,4,20.75,8.75,12,0.75,0.5
2797,UK,SaaS,Small,Pro,150,0,101,37.198019801980195,4,33.0,7.75,5,0.6,0.8
2798,UK,SaaS,Small,Basic,50,1,17,5.470588235294118,3,74.0,2.6666666666666665,5,0.2,0.2
2799,India,Retail,Medium,Enterprise,500,0,63,34.95238095238095,3,36.333333333333336,7.0,9,0.7777777777777778,0.5555555555555556
2800,Canada,Retail,Medium,Basic,50,0,77,37.42857142857143,0,,,8,0.875,0.5
2801,USA,Healthcare,Small,Basic,50,0,60,35.86666666666667,0,,,7,0.8571428571428571,0.8571428571428571
2802,India,Healthcare,Small,Pro,150,0,60,31.633333333333333,2,23.5,7.0,10,0.8,0.6
2803,India,Finance,Enterprise,Pro,150,0,104,34.24038461538461,3,20.666666666666668,7.0,14,0.9285714285714286,0.8571428571428571
2804,Canada,Healthcare,Enterprise,Basic,50,1,6,5.833333333333333,9,56.888888888888886,2.3333333333333335,5,0.6,0.2
2805,USA,Retail,Small,Basic,50,0,100,35.16,0,,,10,0.8,0.6
2806,USA,SaaS,Medium,Pro,150,0,54,32.888888888888886,1,30.0,8.0,5,0.6,0.8
2807,Canada,Finance,Small,Basic,50,1,7,5.142857142857143,7,65.71428571428571,2.857142857142857,5,0.0,0.2
2808,Germany,Finance,Enterprise,Basic,50,0,70,34.957142857142856,1,35.0,6.0,7,0.8571428571428571,0.42857142857142855
2809,USA,Retail,Enterprise,Pro,150,0,59,34.67796610169491,2,10.0,6.0,9,1.0,0.7777777777777778
2810,UK,Healthcare,Small,Pro,150,0,43,37.18604651162791,3,33.0,6.666666666666667,9,0.8888888888888888,0.4444444444444444
2811,Canada,Education,Small,Pro,150,1,20,5.4,9,80.55555555555556,1.8888888888888888,2,0.5,0.0
2812,Canada,Education,Enterprise,Pro,150,1,5,5.2,9,76.0,3.0,1,0.0,0.0
2813,India,Retail,Small,Basic,50,1,11,3.4545454545454546,7,73.42857142857143,3.7142857142857144,1,0.0,0.0
2814,UK,Education,Small,Basic,50,0,113,35.1858407079646,1,43.0,7.0,10,0.7,0.7
2815,India,Finance,Enterprise,Enterprise,500,0,94,33.680851063829785,3,26.666666666666668,6.0,9,0.7777777777777778,0.6666666666666666
2816,Germany,Healthcare,Medium,Basic,50,0,80,34.975,3,22.333333333333332,6.0,5,1.0,0.8
2817,UK,Healthcare,Small,Basic,50,1,6,5.0,3,59.0,3.0,3,0.3333333333333333,0.0
2818,UK,Healthcare,Medium,Pro,150,0,108,34.120370370370374,4,31.25,8.0,5,0.8,0.8
2819,Germany,Retail,Medium,Basic,50,0,87,31.402298850574713,2,42.0,8.0,8,0.875,0.25
2820,Canada,SaaS,Medium,Pro,150,0,93,33.53763440860215,0,,,6,0.8333333333333334,0.6666666666666666
2821,Canada,Finance,Enterprise,Pro,150,0,81,35.135802469135804,3,4.0,7.666666666666667,12,0.6666666666666666,0.5833333333333334
2822,USA,Finance,Enterprise,Basic,50,0,114,35.79824561403509,3,28.333333333333332,7.333333333333333,6,0.6666666666666666,0.3333333333333333
2823,Germany,Retail,Enterprise,Pro,150,0,59,32.20338983050848,4,33.0,7.5,6,0.5,0.6666666666666666
2824,UK,Finance,Small,Enterprise,500,0,102,34.666666666666664,1,36.0,8.0,12,0.75,0.6666666666666666
2825,India,Retail,Enterprise,Basic,50,0,91,32.76923076923077,0,,,11,0.6363636363636364,0.8181818181818182
2826,India,Finance,Small,Pro,150,0,73,32.76712328767123,2,41.0,6.5,9,1.0,0.6666666666666666
2827,Canada,SaaS,Enterprise,Basic,50,1,15,5.466666666666667,9,57.888888888888886,3.4444444444444446,2,0.5,0.0
2828,USA,Healthcare,Medium,Basic,50,1,19,5.473684210526316,6,98.66666666666667,3.0,4,0.5,0.0
2829,Canada,Retail,Medium,Pro,150,0,41,30.658536585365855,1,4.0,6.0,13,0.5384615384615384,0.5384615384615384
2830,India,SaaS,Enterprise,Pro,150,0,104,34.25961538461539,0,,,11,0.8181818181818182,0.36363636363636365
2831,UK,Retail,Medium,Basic,50,1,5,6.4,7,57.285714285714285,2.5714285714285716,4,0.5,0.25
2832,USA,Retail,Medium,Basic,50,1,19,4.578947368421052,3,73.33333333333333,2.3333333333333335,5,0.6,0.4
2833,India,SaaS,Small,Basic,50,0,99,33.56565656565657,2,27.0,7.0,15,0.9333333333333333,0.6
2834,India,Healthcare,Small,Pro,150,0,96,33.479166666666664,1,25.0,9.0,15,0.7333333333333333,0.6666666666666666
2835,Germany,Finance,Enterprise,Basic,50,0,95,35.83157894736842,2,19.5,7.5,8,0.875,1.0
2836,Germany,SaaS,Medium,Basic,50,1,8,4.375,3,81.0,3.0,1,1.0,0.0
2837,USA,Retail,Medium,Basic,50,0,110,32.90909090909091,0,,,6,1.0,0.6666666666666666
2838,Germany,Finance,Enterprise,Basic,50,1,9,4.888888888888889,7,73.14285714285714,3.7142857142857144,5,0.4,0.0
2839,Germany,SaaS,Small,Pro,150,0,54,34.22222222222222,1,16.0,7.0,6,0.8333333333333334,0.5
2840,India,Education,Small,Basic,50,1,19,4.421052631578948,3,95.33333333333333,4.0,4,0.25,0.0
2841,India,Retail,Enterprise,Basic,50,1,13,7.076923076923077,3,62.333333333333336,4.333333333333333,4,0.25,0.75
2842,Canada,Finance,Medium,Pro,150,0,109,33.99082568807339,1,31.0,8.0,11,0.6363636363636364,0.36363636363636365
2843,USA,SaaS,Enterprise,Enterprise,500,0,52,35.73076923076923,3,39.333333333333336,7.333333333333333,5,0.8,0.8
2844,UK,Retail,Enterprise,Basic,50,0,42,35.095238095238095,3,25.666666666666668,7.333333333333333,7,0.7142857142857143,0.5714285714285714
2845,UK,SaaS,Medium,Basic,50,0,65,36.353846153846156,2,33.0,6.0,8,1.0,0.875
2846,UK,Finance,Medium,Basic,50,0,108,33.97222222222222,0,,,9,0.8888888888888888,0.8888888888888888
2847,Canada,SaaS,Small,Basic,50,0,92,34.30434782608695,0,,,9,0.8888888888888888,0.6666666666666666
2848,UK,Healthcare,Enterprise,Basic,50,1,17,5.352941176470588,3,81.0,4.666666666666667,4,0.5,0.5
2849,UK,Education,Enterprise,Basic,50,0,113,32.097345132743364,2,18.5,7.0,9,0.7777777777777778,0.7777777777777778
2850,Germany,Finance,Medium,Basic,50,0,62,34.82258064516129,2,33.5,6.5,10,0.8,0.7
2851,Germany,Healthcare,Medium,Basic,50,0,105,34.96190476190476,4,24.5,7.0,14,0.5714285714285714,0.5
2852,UK,Education,Medium,Enterprise,500,0,56,33.714285714285715,2,8.5,7.5,12,0.9166666666666666,0.5
2853,India,Healthcare,Small,Basic,50,1,10,4.2,9,78.11111111111111,3.5555555555555554,5,0.2,0.0
2854,Germany,Finance,Small,Pro,150,0,100,35.09,1,3.0,9.0,10,0.7,0.5
2855,Germany,Retail,Enterprise,Pro,150,0,96,33.333333333333336,3,16.333333333333332,7.333333333333333,8,0.75,0.25
2856,UK,SaaS,Small,Basic,50,0,48,34.604166666666664,4,11.25,7.75,8,0.875,0.625
2857,Canada,Education,Enterprise,Basic,50,1,12,4.666666666666667,6,60.0,4.333333333333333,3,0.0,0.0
2858,UK,SaaS,Medium,Basic,50,0,91,36.48351648351648,3,13.333333333333334,8.333333333333334,14,0.7857142857142857,0.7142857142857143
2859,UK,Finance,Enterprise,Basic,50,1,10,4.4,8,68.75,3.75,3,0.3333333333333333,0.0
2860,UK,SaaS,Medium,Basic,50,0,46,37.02173913043478,3,21.0,8.0,13,0.7692307692307693,0.5384615384615384
2861,Canada,Retail,Enterprise,Basic,50,0,116,35.241379310344826,1,16.0,8.0,11,1.0,0.5454545454545454
2862,India,Healthcare,Small,Basic,50,0,50,32.5,2,18.0,8.0,10,0.7,0.5
2863,India,Healthcare,Enterprise,Basic,50,1,12,6.416666666666667,7,35.0,2.5714285714285716,1,0.0,0.0
2864,USA,SaaS,Enterprise,Basic,50,0,112,34.875,3,13.333333333333334,8.0,13,0.8461538461538461,0.6923076923076923
2865,Canada,Retail,Medium,Enterprise,500,0,49,38.63265306122449,0,,,10,0.8,0.5
2866,Germany,SaaS,Small,Basic,50,1,15,4.666666666666667,5,55.6,2.2,1,1.0,0.0
2867,UK,Healthcare,Medium,Pro,150,0,104,39.46153846153846,3,15.333333333333334,6.666666666666667,12,0.75,0.75
2868,India,Retail,Medium,Pro,150,1,11,5.545454545454546,5,98.8,4.0,4,0.0,0.25
2869,UK,Retail,Small,Basic,50,0,49,31.183673469387756,0,,,5,0.6,1.0
2870,Canada,Healthcare,Medium,Enterprise,500,0,44,33.31818181818182,4,24.0,7.25,10,0.9,0.6
2871,UK,Retail,Small,Basic,50,0,80,33.175,4,19.0,7.25,8,0.875,0.5
2872,Germany,Healthcare,Small,Pro,150,0,67,35.701492537313435,2,23.0,6.0,10,0.8,0.4
2873,India,Finance,Small,Basic,50,0,56,34.267857142857146,1,13.0,8.0,15,0.7333333333333333,0.6666666666666666
2874,Canada,Retail,Small,Enterprise,500,0,61,32.73770491803279,0,,,14,1.0,0.5
2875,India,Education,Enterprise,Pro,150,0,85,36.752941176470586,4,27.75,7.75,13,0.6153846153846154,0.6923076923076923
2876,Germany,SaaS,Small,Basic,50,0,103,35.41747572815534,1,33.0,9.0,9,0.5555555555555556,0.6666666666666666
2877,Germany,Healthcare,Medium,Basic,50,0,95,35.242105263157896,1,31.0,7.0,15,0.7333333333333333,0.8
2878,Germany,Healthcare,Enterprise,Pro,150,0,78,34.92307692307692,0,,,11,0.8181818181818182,0.7272727272727273
2879,Germany,Retail,Enterprise,Basic,50,0,93,33.46236559139785,1,35.0,9.0,14,0.7857142857142857,0.5714285714285714
2880,Canada,Finance,Small,Basic,50,1,20,4.5,4,89.25,2.5,4,0.25,0.25
2881,USA,Education,Small,Pro,150,0,110,34.554545454545455,4,31.0,7.0,15,0.8,0.6666666666666666
2882,USA,Finance,Small,Pro,150,0,94,32.11702127659574,4,29.5,7.5,10,1.0,0.5
2883,Germany,Finance,Enterprise,Basic,50,0,56,34.30357142857143,4,30.0,8.5,15,0.8,0.8
2884,Canada,SaaS,Small,Pro,150,0,98,34.795918367346935,0,,,13,0.8461538461538461,0.6153846153846154
2885,India,Education,Enterprise,Basic,50,0,47,32.829787234042556,2,33.5,6.0,13,0.6923076923076923,0.46153846153846156
2886,Germany,Finance,Medium,Basic,50,0,120,33.46666666666667,2,25.0,8.5,14,0.7857142857142857,0.35714285714285715
2887,India,Healthcare,Enterprise,Pro,150,0,49,33.755102040816325,0,,,5,1.0,0.6
2888,USA,Education,Small,Basic,50,1,17,5.470588235294118,4,50.75,3.0,2,0.0,0.0
2889,India,Healthcare,Enterprise,Basic,50,0,52,34.59615384615385,2,45.0,8.0,15,0.8,0.6666666666666666
2890,Germany,Finance,Medium,Basic,50,0,114,34.824561403508774,4,27.25,7.25,5,1.0,0.6
2891,UK,SaaS,Medium,Basic,50,1,18,4.944444444444445,8,65.875,2.5,2,0.5,0.0
2892,Canada,Retail,Small,Basic,50,1,20,5.65,9,82.11111111111111,2.7777777777777777,1,0.0,0.0
2893,India,SaaS,Medium,Basic,50,1,8,4.375,6,84.5,2.5,1,0.0,0.0
2894,USA,Healthcare,Medium,Basic,50,0,83,35.78313253012048,0,,,8,0.875,0.5
2895,India,Finance,Medium,Basic,50,0,105,32.457142857142856,2,23.5,8.5,12,0.6666666666666666,0.4166666666666667
2896,India,Finance,Enterprise,Pro,150,0,117,38.05982905982906,3,22.0,8.0,7,0.8571428571428571,0.8571428571428571
2897,India,Education,Medium,Basic,50,0,62,33.693548387096776,0,,,13,0.6923076923076923,0.46153846153846156
2898,Germany,Healthcare,Medium,Basic,50,1,14,4.714285714285714,5,65.0,3.6,3,0.6666666666666666,0.3333333333333333
2899,Germany,Healthcare,Enterprise,Basic,50,0,90,35.0,3,38.666666666666664,7.666666666666667,8,0.5,0.5
2900,Germany,SaaS,Small,Pro,150,0,47,36.851063829787236,1,7.0,7.0,8,0.875,0.75
2901,UK,SaaS,Small,Enterprise,500,0,79,36.25316455696203,0,,,11,0.7272727272727273,0.45454545454545453
2902,UK,SaaS,Medium,Basic,50,0,110,31.827272727272728,4,19.25,7.75,5,0.8,0.6
2903,India,Healthcare,Enterprise,Basic,50,0,51,34.705882352941174,0,,,7,1.0,0.2857142857142857
2904,Germany,Retail,Small,Basic,50,1,12,4.833333333333333,3,42.0,4.666666666666667,4,0.0,0.0
2905,Germany,SaaS,Medium,Basic,50,0,112,33.94642857142857,1,14.0,7.0,14,0.8571428571428571,0.7142857142857143
2906,India,Education,Medium,Pro,150,0,51,39.15686274509804,2,31.5,9.0,10,0.9,0.6
2907,Germany,Retail,Small,Basic,50,1,13,5.230769230769231,3,47.666666666666664,4.333333333333333,3,0.6666666666666666,0.0
2908,UK,SaaS,Medium,Basic,50,0,93,35.12903225806452,2,18.5,7.5,6,0.8333333333333334,0.3333333333333333
2909,USA,Healthcare,Medium,Basic,50,1,19,5.315789473684211,6,55.666666666666664,2.5,3,0.3333333333333333,0.0
2910,UK,Healthcare,Enterprise,Basic,50,0,42,36.285714285714285,2,35.5,6.5,10,0.9,0.6
2911,Canada,Finance,Enterprise,Enterprise,500,0,55,35.03636363636364,1,30.0,8.0,5,1.0,0.6
2912,Canada,Healthcare,Enterprise,Enterprise,500,0,104,35.07692307692308,4,28.5,7.5,15,0.8,0.4
2913,USA,Education,Enterprise,Basic,50,1,19,5.421052631578948,4,61.75,2.5,2,0.0,0.0
2914,UK,Retail,Small,Basic,50,1,13,5.0,7,73.85714285714286,3.4285714285714284,4,0.0,0.0
2915,UK,Retail,Enterprise,Pro,150,0,95,35.61052631578947,1,7.0,9.0,7,0.5714285714285714,1.0
2916,USA,Finance,Small,Basic,50,1,19,5.7894736842105265,9,80.66666666666667,3.3333333333333335,3,0.0,0.0
2917,India,SaaS,Medium,Pro,150,1,19,5.421052631578948,4,73.0,4.25,1,1.0,0.0
2918,India,Education,Small,Basic,50,0,65,35.753846153846155,0,,,14,0.9285714285714286,0.42857142857142855
2919,India,Healthcare,Small,Basic,50,0,77,34.5974025974026,2,8.0,7.5,14,0.5,0.6428571428571429
2920,USA,Retail,Enterprise,Basic,50,0,77,35.55844155844156,4,27.5,8.0,12,0.8333333333333334,0.75
2921,Germany,Retail,Enterprise,Basic,50,0,118,33.86440677966102,0,,,12,0.8333333333333334,0.8333333333333334
2922,India,Education,Enterprise,Basic,50,0,94,36.765957446808514,4,23.75,8.0,6,0.6666666666666666,0.5
2923,USA,Finance,Small,Pro,150,0,99,34.97979797979798,2,45.0,8.0,5,0.6,0.4
2924,Canada,Retail,Medium,Basic,50,0,66,33.18181818181818,3,16.666666666666668,8.333333333333334,15,0.7333333333333333,0.8
2925,Canada,Healthcare,Small,Pro,150,0,51,34.90196078431372,2,14.0,7.0,14,0.6428571428571429,0.5714285714285714
2926,USA,Finance,Medium,Pro,150,0,96,34.96875,2,12.0,8.5,9,0.8888888888888888,0.6666666666666666
2927,USA,SaaS,Enterprise,Pro,150,0,58,33.310344827586206,3,8.0,7.333333333333333,12,0.5,0.75
2928,Canada,Retail,Small,Basic,50,0,70,34.0,0,,,6,0.6666666666666666,1.0
2929,Germany,Finance,Small,Basic,50,1,8,4.125,3,47.0,2.3333333333333335,2,0.0,0.0
2930,UK,Retail,Small,Basic,50,1,14,4.0,8,78.125,3.5,5,0.2,0.0
2931,USA,Healthcare,Small,Basic,50,0,71,33.88732394366197,3,19.333333333333332,7.333333333333333,8,0.875,0.75
2932,Germany,Retail,Medium,Basic,50,0,76,33.80263157894737,0,,,10,0.8,0.4
2933,UK,SaaS,Medium,Pro,150,1,18,4.444444444444445,8,76.0,2.625,3,0.6666666666666666,0.6666666666666666
2934,Germany,Retail,Enterprise,Basic,50,0,96,33.96875,3,13.0,7.666666666666667,11,0.9090909090909091,0.7272727272727273
2935,India,Education,Small,Basic,50,0,101,32.86138613861386,1,46.0,6.0,10,0.8,0.7
2936,India,SaaS,Medium,Pro,150,0,89,32.70786516853933,1,15.0,9.0,6,0.8333333333333334,1.0
2937,Canada,Healthcare,Medium,Basic,50,0,115,33.69565217391305,3,12.0,6.666666666666667,7,0.8571428571428571,0.5714285714285714
2938,Germany,Retail,Medium,Enterprise,500,0,105,37.857142857142854,4,29.25,6.5,15,0.7333333333333333,0.4666666666666667
2939,India,Education,Enterprise,Basic,50,0,56,32.517857142857146,3,22.0,7.333333333333333,11,0.7272727272727273,0.45454545454545453
2940,Germany,SaaS,Medium,Basic,50,1,5,6.6,9,62.111111111111114,3.4444444444444446,4,0.25,0.5
2941,India,Education,Small,Basic,50,0,74,32.391891891891895,0,,,13,0.7692307692307693,0.7692307692307693
2942,Germany,Retail,Small,Basic,50,0,94,35.234042553191486,1,9.0,7.0,14,0.7857142857142857,0.5714285714285714
2943,USA,Education,Medium,Basic,50,0,93,37.236559139784944,2,18.0,7.0,13,0.8461538461538461,0.5384615384615384
2944,Germany,Healthcare,Enterprise,Basic,50,0,105,33.695238095238096,1,27.0,9.0,15,0.6666666666666666,0.3333333333333333
2945,UK,Retail,Enterprise,Basic,50,0,40,31.0,0,,,10,1.0,0.6
2946,Canada,SaaS,Medium,Pro,150,1,12,7.333333333333333,8,77.75,4.0,3,0.3333333333333333,0.0
2947,Germany,Retail,Small,Enterprise,500,0,120,34.6,1,24.0,6.0,14,0.8571428571428571,0.7142857142857143
2948,Germany,Finance,Small,Pro,150,0,75,37.52,0,,,11,0.7272727272727273,0.36363636363636365
2949,UK,Finance,Small,Pro,150,0,98,35.5,1,25.0,7.0,10,1.0,0.6
2950,Canada,Retail,Medium,Basic,50,1,14,4.571428571428571,5,76.8,3.6,1,0.0,1.0
2951,Canada,SaaS,Enterprise,Enterprise,500,0,45,35.422222222222224,2,40.0,9.0,8,0.875,0.5
2952,USA,SaaS,Enterprise,Basic,50,1,11,4.909090909090909,4,60.0,4.25,2,0.5,0.0
2953,USA,Education,Medium,Basic,50,0,91,32.91208791208791,4,25.0,8.0,15,0.8,0.4
2954,Germany,SaaS,Medium,Pro,150,0,97,31.77319587628866,1,6.0,7.0,8,0.625,0.375
2955,Canada,Finance,Medium,Basic,50,0,62,37.064516129032256,1,32.0,6.0,7,0.42857142857142855,0.8571428571428571
2956,India,Education,Small,Basic,50,1,5,4.4,3,65.66666666666667,2.3333333333333335,2,0.0,0.5
2957,Canada,SaaS,Small,Basic,50,1,9,4.333333333333333,5,72.2,3.8,2,0.5,0.0
2958,Germany,Healthcare,Small,Enterprise,500,0,95,36.11578947368421,2,42.5,7.0,5,1.0,0.6
2959,Germany,SaaS,Small,Enterprise,500,0,66,33.71212121212121,2,11.5,6.0,12,0.9166666666666666,0.5
2960,Germany,Finance,Medium,Basic,50,0,43,33.13953488372093,0,,,14,0.9285714285714286,0.6428571428571429
2961,Canada,Retail,Enterprise,Basic,50,0,114,32.8859649122807,2,21.0,7.5,10,1.0,0.8
2962,Germany,Education,Medium,Pro,150,0,65,33.815384615384616,0,,,14,0.6428571428571429,0.7142857142857143
2963,India,Healthcare,Small,Pro,150,1,11,4.2727272727272725,3,46.333333333333336,1.6666666666666667,4,0.25,0.25
2964,UK,SaaS,Enterprise,Enterprise,500,0,86,35.27906976744186,1,30.0,8.0,5,1.0,0.8
2965,Canada,Finance,Enterprise,Basic,50,0,73,36.917808219178085,3,31.333333333333332,7.666666666666667,11,0.7272727272727273,0.7272727272727273
2966,USA,Retail,Enterprise,Basic,50,0,113,35.1858407079646,4,20.0,7.75,10,0.7,0.5
2967,USA,SaaS,Medium,Basic,50,0,44,36.61363636363637,2,27.0,7.5,11,0.8181818181818182,0.7272727272727273
2968,USA,SaaS,Small,Pro,150,0,90,34.37777777777778,3,24.666666666666668,8.0,6,1.0,0.5
2969,Germany,Retail,Enterprise,Basic,50,0,86,32.2093023255814,4,24.5,7.75,14,0.6428571428571429,0.42857142857142855
2970,Germany,Education,Enterprise,Enterprise,500,0,62,34.70967741935484,3,24.666666666666668,8.0,14,0.9285714285714286,0.6428571428571429
2971,Germany,Finance,Enterprise,Enterprise,500,0,92,35.23913043478261,3,15.0,8.0,13,0.7692307692307693,0.5384615384615384
2972,Canada,Finance,Enterprise,Basic,50,1,5,5.4,4,77.75,3.0,1,0.0,0.0
2973,Germany,Finance,Small,Basic,50,0,79,36.63291139240506,3,38.333333333333336,6.0,8,0.625,0.75
2974,UK,Healthcare,Small,Basic,50,0,62,34.20967741935484,2,42.5,8.5,14,0.9285714285714286,0.35714285714285715
2975,UK,SaaS,Small,Enterprise,500,0,67,36.0,1,22.0,8.0,15,0.9333333333333333,0.6666666666666666
2976,UK,SaaS,Small,Basic,50,0,111,36.55855855855856,0,,,11,0.9090909090909091,0.45454545454545453
2977,Germany,Healthcare,Enterprise,Basic,50,1,9,3.888888888888889,4,45.25,3.0,5,0.2,0.2
2978,UK,Retail,Enterprise,Basic,50,0,111,36.65765765765766,0,,,15,0.8,0.4666666666666667
2979,Canada,Healthcare,Small,Pro,150,0,79,33.67088607594937,1,11.0,7.0,7,0.7142857142857143,0.2857142857142857
2980,India,Retail,Small,Basic,50,0,73,34.657534246575345,1,44.0,7.0,7,0.8571428571428571,0.5714285714285714
2981,Germany,Retail,Small,Pro,150,0,63,33.65079365079365,0,,,9,0.6666666666666666,0.4444444444444444
2982,USA,Healthcare,Small,Basic,50,1,8,3.625,4,61.5,1.5,5,0.0,0.2
2983,Germany,Retail,Medium,Basic,50,1,13,4.076923076923077,6,63.666666666666664,2.1666666666666665,1,0.0,0.0
2984,USA,Retail,Enterprise,Basic,50,0,43,32.116279069767444,0,,,11,1.0,0.45454545454545453
2985,UK,Healthcare,Medium,Basic,50,0,88,36.875,4,19.0,7.5,12,1.0,0.3333333333333333
2986,Canada,Retail,Small,Basic,50,1,12,3.75,3,69.33333333333333,4.0,1,0.0,0.0
2987,India,SaaS,Small,Basic,50,0,76,38.026315789473685,2,31.5,8.5,13,0.5384615384615384,0.46153846153846156
2988,Germany,Retail,Medium,Basic,50,1,11,4.0,7,72.14285714285714,3.4285714285714284,3,0.3333333333333333,0.0
2989,Canada,Education,Enterprise,Basic,50,0,93,33.215053763440864,1,31.0,9.0,9,0.7777777777777778,0.6666666666666666
2990,Canada,Finance,Small,Basic,50,1,16,5.125,4,67.25,2.5,2,0.0,0.0
2991,Germany,Retail,Medium,Basic,50,0,100,36.59,0,,,11,0.7272727272727273,0.6363636363636364
2992,Canada,Education,Enterprise,Basic,50,0,74,32.067567567567565,4,35.75,7.25,13,0.7692307692307693,0.5384615384615384
2993,Canada,Retail,Small,Basic,50,0,44,34.22727272727273,3,18.666666666666668,8.333333333333334,8,0.75,0.5
2994,USA,Education,Small,Pro,150,0,97,34.30927835051546,1,28.0,7.0,9,0.6666666666666666,0.2222222222222222
2995,Germany,Education,Medium,Basic,50,1,11,4.090909090909091,10,70.2,3.5,3,0.3333333333333333,0.0
2996,Canada,SaaS,Medium,Basic,50,0,64,34.125,1,41.0,6.0,14,0.8571428571428571,0.5
2997,Germany,Retail,Small,Basic,50,0,101,33.59405940594059,4,17.75,7.0,6,1.0,0.5
2998,Germany,Education,Enterprise,Pro,150,0,102,35.07843137254902,2,8.5,7.5,10,0.6,0.3
2999,India,Retail,Enterprise,Basic,50,0,90,36.7,2,37.0,6.0,15,0.9333333333333333,0.6
3000,Germany,SaaS,Small,Basic,50,0,117,33.87179487179487,4,14.75,6.75,13,0.7692307692307693,0.6153846153846154
3001,India,Healthcare,Medium,Basic,50,0,57,36.421052631578945,3,18.666666666666668,6.666666666666667,10,0.8,0.3
3002,India,Retail,Small,Basic,50,0,56,36.0,4,17.5,7.5,14,0.6428571428571429,0.6428571428571429
3003,Canada,Healthcare,Enterprise,Basic,50,0,77,32.922077922077925,3,21.666666666666668,7.333333333333333,14,0.7142857142857143,0.5
3004,India,Education,Enterprise,Basic,50,0,96,36.270833333333336,2,31.0,6.0,13,0.8461538461538461,0.6153846153846154
3005,Germany,Healthcare,Medium,Basic,50,1,12,4.916666666666667,10,66.4,3.1,3,0.0,0.0
3006,Germany,Retail,Enterprise,Pro,150,0,75,31.84,2,42.0,7.5,9,0.7777777777777778,0.6666666666666666
3007,India,Retail,Small,Basic,50,0,96,31.666666666666668,1,1.0,7.0,6,1.0,0.6666666666666666
3008,Canada,Healthcare,Medium,Pro,150,1,17,4.411764705882353,10,80.6,2.9,1,0.0,0.0
3009,USA,Retail,Small,Pro,150,0,68,34.94117647058823,2,42.5,8.0,11,0.8181818181818182,0.6363636363636364
3010,UK,Healthcare,Small,Basic,50,0,42,36.214285714285715,3,28.333333333333332,7.0,11,0.9090909090909091,0.5454545454545454
3011,Canada,Retail,Small,Pro,150,0,116,33.61206896551724,3,18.0,7.0,13,0.8461538461538461,0.5384615384615384
3012,Germany,Retail,Medium,Basic,50,0,93,34.516129032258064,2,26.5,7.5,13,0.9230769230769231,0.5384615384615384
3013,UK,Healthcare,Enterprise,Basic,50,0,109,34.04587155963303,3,12.333333333333334,7.333333333333333,9,0.8888888888888888,0.6666666666666666
3014,USA,SaaS,Medium,Basic,50,0,45,34.91111111111111,0,,,13,0.9230769230769231,0.6153846153846154
3015,India,Finance,Enterprise,Basic,50,0,87,35.12643678160919,4,36.0,6.75,15,0.5333333333333333,0.7333333333333333
3016,UK,Healthcare,Enterprise,Basic,50,0,70,34.24285714285714,4,18.75,6.75,10,0.7,0.6
3017,USA,SaaS,Medium,Basic,50,0,111,34.3963963963964,3,42.666666666666664,7.333333333333333,10,1.0,0.6
3018,Germany,SaaS,Enterprise,Pro,150,0,114,35.74561403508772,0,,,9,0.6666666666666666,0.7777777777777778
3019,UK,SaaS,Enterprise,Pro,150,0,109,33.03669724770642,1,9.0,7.0,14,0.7857142857142857,0.42857142857142855
3020,UK,Retail,Medium,Pro,150,0,101,33.42574257425743,3,26.0,8.0,5,0.8,0.2
3021,India,Finance,Small,Pro,150,0,92,31.41304347826087,3,11.666666666666666,7.0,8,0.625,0.5
3022,Canada,Finance,Small,Pro,150,1,12,5.083333333333333,10,69.2,2.8,4,0.0,0.0
3023,Canada,Education,Enterprise,Basic,50,1,13,5.153846153846154,4,67.75,2.0,3,1.0,0.0
3024,USA,SaaS,Medium,Basic,50,1,12,5.0,6,50.333333333333336,2.1666666666666665,3,0.0,0.0
3025,Germany,SaaS,Small,Basic,50,1,20,4.65,3,65.66666666666667,3.6666666666666665,1,0.0,0.0
3026,Canada,Education,Small,Pro,150,0,110,35.13636363636363,1,6.0,6.0,13,0.6923076923076923,0.5384615384615384
3027,Canada,SaaS,Enterprise,Enterprise,500,0,48,36.375,1,34.0,7.0,7,0.8571428571428571,0.5714285714285714
3028,USA,Healthcare,Enterprise,Basic,50,0,63,34.904761904761905,4,23.25,7.75,7,0.5714285714285714,0.7142857142857143
3029,USA,Healthcare,Medium,Basic,50,0,78,35.01282051282051,2,26.5,6.5,12,0.75,0.5
3030,UK,Finance,Enterprise,Pro,150,1,13,5.076923076923077,6,84.33333333333333,3.0,4,0.75,0.0
3031,Germany,Education,Medium,Pro,150,0,100,34.48,2,17.5,8.5,7,0.8571428571428571,0.7142857142857143
3032,USA,Healthcare,Enterprise,Basic,50,0,112,33.910714285714285,0,,,13,0.7692307692307693,0.6923076923076923
3033,India,Finance,Small,Enterprise,500,0,80,33.7,1,23.0,9.0,13,0.7692307692307693,0.6153846153846154
3034,USA,Healthcare,Medium,Pro,150,1,13,4.384615384615385,7,65.14285714285714,3.4285714285714284,4,0.5,0.0
3035,Germany,SaaS,Small,Basic,50,1,18,5.444444444444445,6,65.66666666666667,2.5,4,0.0,0.0
3036,Germany,Finance,Medium,Basic,50,0,112,35.910714285714285,2,23.0,8.0,15,0.7333333333333333,0.7333333333333333
3037,Canada,Healthcare,Small,Basic,50,0,89,37.62921348314607,1,13.0,7.0,12,0.9166666666666666,0.6666666666666666
3038,India,Finance,Enterprise,Basic,50,1,17,4.705882352941177,9,71.11111111111111,3.3333333333333335,3,0.3333333333333333,0.3333333333333333
3039,Germany,Finance,Enterprise,Pro,150,0,53,33.094339622641506,4,22.75,6.5,7,0.8571428571428571,0.14285714285714285
3040,UK,Healthcare,Enterprise,Pro,150,0,77,34.116883116883116,1,21.0,7.0,12,0.9166666666666666,0.4166666666666667
3041,Germany,Healthcare,Small,Basic,50,1,15,5.0,5,77.2,2.2,4,0.25,0.0
3042,Germany,Retail,Medium,Pro,150,0,99,33.474747474747474,2,28.5,7.5,5,0.8,0.6
3043,Germany,Education,Enterprise,Basic,50,0,44,35.43181818181818,3,16.0,8.333333333333334,7,1.0,0.7142857142857143
3044,India,SaaS,Medium,Basic,50,0,42,30.5,0,,,5,1.0,0.8
3045,UK,SaaS,Enterprise,Basic,50,0,50,33.8,3,29.666666666666668,6.333333333333333,5,1.0,0.6
3046,Canada,SaaS,Small,Basic,50,0,115,35.29565217391304,0,,,8,0.75,0.75
3047,India,Finance,Medium,Pro,150,0,53,34.22641509433962,3,24.333333333333332,6.333333333333333,8,1.0,0.5
3048,UK,Retail,Small,Basic,50,1,11,4.0,4,72.25,3.5,2,0.0,0.0
3049,Germany,SaaS,Enterprise,Pro,150,0,112,33.339285714285715,3,34.0,6.333333333333333,11,1.0,0.45454545454545453
3050,UK,Education,Small,Basic,50,0,65,34.95384615384615,4,22.25,7.25,12,0.8333333333333334,0.75
3051,Canada,Finance,Medium,Pro,150,0,90,33.666666666666664,1,11.0,6.0,15,0.8,0.4
3052,Germany,Education,Medium,Enterprise,500,0,120,33.733333333333334,4,31.75,8.0,5,0.8,0.6
3053,India,Finance,Small,Basic,50,0,100,33.77,2,23.5,8.5,6,0.6666666666666666,0.8333333333333334
3054,India,Education,Enterprise,Basic,50,0,80,34.125,0,,,15,0.8,0.6
3055,UK,Retail,Medium,Basic,50,0,68,37.13235294117647,3,21.333333333333332,7.666666666666667,5,0.6,0.6
3056,UK,Education,Enterprise,Basic,50,1,19,5.105263157894737,9,77.33333333333333,2.6666666666666665,5,0.4,0.0
3057,Canada,Retail,Enterprise,Pro,150,0,59,36.45762711864407,3,22.333333333333332,7.333333333333333,10,0.9,0.5
3058,India,Retail,Small,Basic,50,0,89,33.01123595505618,4,23.75,8.5,11,0.7272727272727273,0.36363636363636365
3059,India,SaaS,Small,Basic,50,0,111,33.747747747747745,2,37.0,7.5,12,1.0,0.75
3060,Canada,Finance,Medium,Basic,50,1,6,4.833333333333333,9,51.666666666666664,2.4444444444444446,2,0.0,0.0
3061,UK,Education,Enterprise,Basic,50,1,15,4.133333333333334,3,82.0,3.0,4,0.0,0.0
3062,India,Healthcare,Small,Basic,50,1,13,4.538461538461538,10,70.2,2.8,5,0.4,0.2
3063,Canada,Education,Medium,Basic,50,0,120,34.71666666666667,2,12.5,8.5,15,0.6666666666666666,0.6
3064,Canada,Finance,Enterprise,Enterprise,500,0,110,35.11818181818182,1,15.0,9.0,11,0.9090909090909091,0.5454545454545454
3065,UK,SaaS,Small,Pro,150,0,62,32.516129032258064,4,20.75,7.5,6,0.5,0.6666666666666666
3066,Canada,Education,Medium,Basic,50,0,67,34.44776119402985,0,,,15,0.8666666666666667,0.6
3067,UK,Finance,Enterprise,Basic,50,0,58,30.810344827586206,2,27.5,8.5,11,0.9090909090909091,0.5454545454545454
3068,Germany,Education,Small,Basic,50,0,59,30.796610169491526,3,33.333333333333336,8.333333333333334,14,0.7857142857142857,0.5
3069,USA,Finance,Medium,Pro,150,0,118,34.75423728813559,4,3.5,6.0,8,0.75,0.5
3070,Canada,Finance,Small,Basic,50,1,10,3.3,7,88.42857142857143,3.2857142857142856,2,0.0,0.0
3071,USA,SaaS,Medium,Basic,50,0,71,33.774647887323944,0,,,8,0.75,0.375
3072,India,Education,Enterprise,Basic,50,0,72,34.59722222222222,1,10.0,6.0,11,0.8181818181818182,0.45454545454545453
3073,USA,Retail,Medium,Basic,50,0,106,32.74528301886792,4,31.5,7.0,7,0.5714285714285714,0.42857142857142855
3074,UK,Education,Enterprise,Basic,50,0,79,36.607594936708864,1,40.0,6.0,6,0.8333333333333334,0.5
3075,Canada,Education,Small,Pro,150,0,113,35.176991150442475,3,14.666666666666666,6.333333333333333,12,0.9166666666666666,0.6666666666666666
3076,India,Finance,Medium,Basic,50,1,17,5.647058823529412,6,62.833333333333336,2.3333333333333335,4,0.25,0.0
3077,Canada,Healthcare,Enterprise,Pro,150,1,17,4.176470588235294,5,62.4,3.8,5,0.6,0.2
3078,Germany,Education,Enterprise,Basic,50,0,50,32.3,2,23.5,6.5,12,0.6666666666666666,0.75
3079,UK,SaaS,Medium,Basic,50,0,54,33.370370370370374,3,30.0,8.333333333333334,12,0.6666666666666666,0.6666666666666666
3080,Canada,Education,Small,Pro,150,0,58,36.189655172413794,1,33.0,9.0,7,0.7142857142857143,0.7142857142857143
3081,India,Retail,Small,Basic,50,1,8,4.5,4,59.25,3.5,5,0.0,0.2
3082,UK,Retail,Medium,Pro,150,0,41,31.341463414634145,2,15.0,8.0,5,1.0,1.0
3083,USA,SaaS,Small,Basic,50,1,17,4.470588235294118,8,56.875,2.625,3,0.6666666666666666,0.0
3084,Germany,Healthcare,Medium,Basic,50,0,111,34.090090090090094,1,6.0,7.0,11,0.5454545454545454,0.7272727272727273
3085,UK,Retail,Small,Basic,50,1,6,3.1666666666666665,4,80.25,2.5,2,0.5,0.0
3086,India,Education,Medium,Pro,150,0,62,37.79032258064516,1,19.0,6.0,10,0.6,0.5
3087,Canada,Education,Enterprise,Enterprise,500,0,44,33.88636363636363,2,22.0,7.0,6,0.8333333333333334,0.6666666666666666
3088,Germany,Finance,Enterprise,Basic,50,0,79,34.29113924050633,1,41.0,6.0,12,0.8333333333333334,0.6666666666666666
3089,Germany,Retail,Medium,Basic,50,1,13,5.923076923076923,6,48.5,2.0,4,0.25,0.0
3090,Germany,Retail,Small,Pro,150,1,8,6.25,3,66.66666666666667,2.3333333333333335,5,0.0,0.4
3091,UK,Education,Small,Enterprise,500,0,41,34.97560975609756,0,,,5,0.8,0.8
3092,Germany,Retail,Small,Basic,50,0,42,35.666666666666664,4,35.0,7.5,6,1.0,0.6666666666666666
3093,Canada,Education,Small,Basic,50,0,81,35.45679012345679,0,,,6,0.6666666666666666,0.8333333333333334
3094,UK,Retail,Medium,Basic,50,0,70,33.371428571428574,0,,,7,0.7142857142857143,0.8571428571428571
3095,USA,Healthcare,Enterprise,Basic,50,0,64,37.109375,1,20.0,6.0,6,0.6666666666666666,0.5
3096,India,SaaS,Enterprise,Basic,50,0,98,36.93877551020408,2,24.0,7.5,9,0.8888888888888888,0.8888888888888888
3097,Germany,SaaS,Small,Basic,50,1,5,5.8,4,65.0,2.75,5,0.6,0.2
3098,India,Education,Medium,Basic,50,1,9,5.222222222222222,4,88.25,3.25,2,0.5,0.5
3099,USA,Education,Small,Basic,50,1,15,5.066666666666666,10,69.4,3.5,4,0.5,0.25
3100,USA,Finance,Medium,Enterprise,500,0,66,34.303030303030305,1,1.0,6.0,5,1.0,0.6
3101,India,Finance,Medium,Enterprise,500,0,88,30.46590909090909,0,,,5,0.4,1.0
3102,Germany,SaaS,Small,Basic,50,1,10,5.7,5,53.2,3.2,1,0.0,0.0
3103,UK,Education,Medium,Basic,50,0,56,34.69642857142857,0,,,7,0.8571428571428571,0.5714285714285714
3104,USA,Finance,Medium,Basic,50,0,52,31.576923076923077,2,17.5,7.5,6,0.8333333333333334,0.5
3105,UK,Healthcare,Enterprise,Pro,150,1,9,4.555555555555555,3,69.0,3.3333333333333335,1,1.0,0.0
3106,Germany,SaaS,Small,Basic,50,1,19,4.315789473684211,7,89.14285714285714,3.0,4,0.25,0.0
3107,Canada,Finance,Small,Enterprise,500,0,96,36.979166666666664,4,31.25,7.75,7,0.8571428571428571,0.42857142857142855
3108,USA,Retail,Medium,Basic,50,1,20,5.2,6,67.16666666666667,3.8333333333333335,5,0.0,0.2
3109,Canada,Finance,Enterprise,Pro,150,0,118,34.83050847457627,1,47.0,7.0,11,0.9090909090909091,0.45454545454545453
3110,Germany,Finance,Medium,Pro,150,0,66,33.84848484848485,2,26.0,8.0,8,0.75,0.5
3111,Germany,Education,Small,Basic,50,0,82,31.79268292682927,0,,,13,0.6923076923076923,0.46153846153846156
3112,UK,Education,Enterprise,Pro,150,0,92,34.130434782608695,2,9.5,8.0,9,0.6666666666666666,0.7777777777777778
3113,Germany,Retail,Enterprise,Pro,150,0,112,33.089285714285715,2,37.5,7.5,7,1.0,0.7142857142857143
3114,Germany,Healthcare,Enterprise,Basic,50,1,11,4.0,10,58.7,2.9,2,0.5,0.0
3115,India,SaaS,Enterprise,Pro,150,0,115,34.31304347826087,3,30.0,7.333333333333333,10,0.8,0.6
3116,Canada,Retail,Medium,Basic,50,1,19,5.894736842105263,7,75.0,3.4285714285714284,5,0.4,0.4
3117,UK,Retail,Medium,Basic,50,1,19,4.2105263157894735,7,75.57142857142857,2.2857142857142856,3,0.6666666666666666,0.3333333333333333
3118,Canada,SaaS,Enterprise,Basic,50,0,102,31.823529411764707,4,16.25,8.25,10,0.5,0.6
3119,Germany,Finance,Enterprise,Pro,150,0,115,33.63478260869565,3,9.666666666666666,7.666666666666667,5,0.4,0.6
3120,USA,Healthcare,Enterprise,Basic,50,0,84,33.19047619047619,2,34.0,8.5,9,0.6666666666666666,0.8888888888888888
3121,USA,Education,Enterprise,Basic,50,1,18,4.111111111111111,7,82.71428571428571,3.4285714285714284,4,0.25,0.25
3122,India,Education,Enterprise,Basic,50,1,5,4.6,5,82.8,3.6,2,0.0,0.0
3123,USA,Education,Small,Pro,150,0,60,33.916666666666664,0,,,13,0.6153846153846154,0.6923076923076923
3124,UK,Education,Enterprise,Basic,50,0,69,34.3768115942029,1,10.0,6.0,7,0.42857142857142855,0.5714285714285714
3125,Canada,SaaS,Enterprise,Basic,50,0,73,33.465753424657535,2,27.0,9.0,15,0.8666666666666667,0.7333333333333333
3126,Canada,Healthcare,Medium,Enterprise,500,0,84,34.79761904761905,2,32.5,9.0,5,0.6,0.4
3127,Canada,SaaS,Small,Basic,50,1,7,4.571428571428571,8,73.25,2.75,3,0.3333333333333333,0.3333333333333333
3128,Canada,Healthcare,Small,Enterprise,500,0,68,33.64705882352941,1,34.0,7.0,15,0.8,0.6
3129,India,Healthcare,Small,Basic,50,0,57,33.70175438596491,0,,,12,0.5833333333333334,0.5
3130,Canada,Retail,Small,Basic,50,1,17,4.294117647058823,9,52.44444444444444,2.0,1,0.0,0.0
3131,Canada,Education,Medium,Basic,50,0,104,34.72115384615385,4,27.25,7.0,9,0.8888888888888888,0.8888888888888888
3132,Germany,Education,Small,Pro,150,0,50,31.98,3,32.333333333333336,7.666666666666667,9,0.8888888888888888,0.8888888888888888
3133,Germany,SaaS,Medium,Pro,150,0,88,31.761363636363637,2,24.0,8.0,9,0.7777777777777778,1.0
3134,Germany,Healthcare,Medium,Basic,50,0,110,37.372727272727275,0,,,9,0.6666666666666666,0.7777777777777778
3135,USA,Education,Medium,Basic,50,0,62,37.37096774193548,3,26.333333333333332,7.333333333333333,14,0.7857142857142857,0.6428571428571429
3136,Germany,Finance,Small,Basic,50,1,15,5.533333333333333,9,76.55555555555556,3.4444444444444446,4,0.5,0.0
3137,USA,SaaS,Enterprise,Basic,50,0,89,34.48314606741573,4,21.25,7.25,15,0.8666666666666667,0.6666666666666666
3138,UK,Finance,Small,Pro,150,0,115,34.33913043478261,4,28.25,7.5,14,1.0,0.42857142857142855
3139,UK,Finance,Small,Pro,150,1,11,5.090909090909091,9,84.77777777777777,2.5555555555555554,3,0.3333333333333333,0.0
3140,UK,Finance,Medium,Basic,50,1,20,5.25,4,73.5,3.25,4,0.0,0.0
3141,UK,SaaS,Enterprise,Pro,150,0,83,35.34939759036145,2,41.0,9.0,9,1.0,0.6666666666666666
3142,India,Healthcare,Small,Pro,150,0,64,31.890625,0,,,14,0.7857142857142857,0.7857142857142857
3143,USA,Finance,Medium,Basic,50,0,94,34.58510638297872,4,29.5,8.5,5,0.6,0.6
3144,USA,Finance,Small,Basic,50,1,10,5.1,9,55.111111111111114,3.2222222222222223,5,0.6,0.2
3145,Germany,Finance,Medium,Basic,50,0,91,31.175824175824175,0,,,5,0.8,1.0
3146,Germany,SaaS,Small,Pro,150,0,56,34.75,1,12.0,8.0,9,0.8888888888888888,0.5555555555555556
3147,UK,Healthcare,Enterprise,Basic,50,0,86,34.104651162790695,0,,,7,1.0,0.42857142857142855
3148,Canada,Healthcare,Medium,Basic,50,0,59,32.33898305084746,1,45.0,6.0,12,0.5,0.5
3149,Canada,Education,Medium,Basic,50,1,17,4.764705882352941,8,54.0,3.0,1,0.0,1.0
3150,USA,Finance,Small,Enterprise,500,0,110,35.40909090909091,2,42.5,7.5,12,1.0,0.5833333333333334
3151,India,Retail,Enterprise,Basic,50,1,8,3.125,3,89.33333333333333,1.6666666666666667,5,0.4,0.0
3152,Germany,SaaS,Medium,Basic,50,0,90,34.044444444444444,0,,,7,0.8571428571428571,0.7142857142857143
3153,USA,Retail,Enterprise,Basic,50,0,47,32.234042553191486,2,27.0,7.0,14,0.7857142857142857,0.2857142857142857
3154,UK,SaaS,Medium,Pro,150,0,68,30.470588235294116,2,11.0,7.0,6,0.8333333333333334,0.5
3155,Canada,Education,Enterprise,Basic,50,0,95,36.98947368421052,3,14.0,7.666666666666667,6,1.0,0.5
3156,USA,Healthcare,Enterprise,Basic,50,0,111,33.891891891891895,1,2.0,7.0,10,0.8,0.7
3157,UK,Finance,Enterprise,Pro,150,0,43,34.95348837209303,3,25.0,8.0,14,0.8571428571428571,0.5714285714285714
3158,Germany,Retail,Small,Basic,50,1,16,5.375,5,63.6,3.0,1,0.0,0.0
3159,Canada,Healthcare,Small,Basic,50,0,75,37.10666666666667,0,,,7,0.8571428571428571,0.8571428571428571
3160,India,Education,Small,Pro,150,0,108,36.083333333333336,4,23.25,8.0,14,0.8571428571428571,0.7857142857142857
3161,UK,Education,Medium,Pro,150,1,13,5.230769230769231,10,53.8,3.3,1,0.0,0.0
3162,Canada,Retail,Small,Basic,50,0,41,37.073170731707314,2,32.0,7.5,6,0.6666666666666666,0.8333333333333334
3163,USA,Retail,Enterprise,Pro,150,1,15,4.533333333333333,6,75.33333333333333,2.3333333333333335,2,0.5,0.0
3164,India,Healthcare,Small,Basic,50,0,57,29.473684210526315,0,,,13,0.7692307692307693,0.46153846153846156
3165,USA,Retail,Medium,Basic,50,1,9,5.888888888888889,6,83.66666666666667,3.3333333333333335,1,0.0,0.0
3166,Canada,Finance,Enterprise,Basic,50,0,41,34.5609756097561,1,47.0,8.0,11,0.9090909090909091,0.45454545454545453
3167,Germany,Finance,Enterprise,Pro,150,0,66,37.39393939393939,4,27.5,7.25,13,0.8461538461538461,0.8461538461538461
3168,UK,Education,Enterprise,Basic,50,1,20,5.1,10,60.7,3.4,1,0.0,0.0
3169,India,SaaS,Small,Basic,50,0,72,34.111111111111114,4,19.5,7.5,6,0.6666666666666666,0.3333333333333333
3170,Canada,Education,Small,Pro,150,1,11,5.363636363636363,7,65.0,3.2857142857142856,4,0.25,0.0
3171,India,SaaS,Medium,Basic,50,1,6,4.166666666666667,5,73.8,3.2,1,0.0,0.0
3172,USA,Healthcare,Enterprise,Pro,150,0,63,35.301587301587304,0,,,15,0.8666666666666667,0.6
3173,Canada,Finance,Medium,Pro,150,1,13,4.769230769230769,10,77.0,2.7,3,1.0,0.0
3174,UK,Education,Enterprise,Enterprise,500,0,45,34.44444444444444,4,20.75,8.5,10,0.7,0.8
3175,India,Finance,Enterprise,Pro,150,0,78,34.0,1,19.0,9.0,9,0.8888888888888888,0.6666666666666666
3176,India,Retail,Medium,Enterprise,500,0,50,36.46,4,18.75,7.5,15,0.8,0.4666666666666667
3177,UK,Finance,Medium,Basic,50,0,48,39.75,3,14.666666666666666,6.333333333333333,12,0.75,0.5833333333333334
3178,UK,Retail,Enterprise,Pro,150,0,82,31.670731707317074,0,,,9,0.7777777777777778,0.2222222222222222
3179,India,SaaS,Enterprise,Basic,50,0,46,33.45652173913044,3,24.666666666666668,7.666666666666667,7,1.0,1.0
3180,UK,SaaS,Enterprise,Pro,150,0,67,33.53731343283582,2,24.5,6.5,12,0.9166666666666666,0.5833333333333334
3181,Germany,SaaS,Small,Pro,150,0,67,32.76119402985075,1,10.0,7.0,8,0.625,0.375
3182,UK,Retail,Enterprise,Basic,50,0,93,36.45161290322581,2,31.5,6.0,6,0.6666666666666666,0.3333333333333333
3183,Germany,Retail,Enterprise,Pro,150,0,79,34.34177215189873,3,29.666666666666668,7.666666666666667,8,0.75,0.625
3184,USA,SaaS,Enterprise,Pro,150,0,59,34.05084745762712,0,,,10,0.6,0.6
3185,USA,Retail,Enterprise,Pro,150,1,10,4.7,6,70.33333333333333,1.5,1,1.0,0.0
3186,USA,Finance,Medium,Basic,50,1,6,6.0,7,66.71428571428571,3.5714285714285716,5,0.2,0.0
3187,Canada,Finance,Medium,Pro,150,0,119,33.96638655462185,3,18.0,8.333333333333334,7,1.0,0.5714285714285714
3188,UK,SaaS,Small,Basic,50,1,19,5.7894736842105265,6,83.66666666666667,2.5,1,1.0,1.0
3189,Germany,Finance,Small,Basic,50,0,65,33.8,1,42.0,9.0,10,1.0,0.9
3190,Germany,SaaS,Small,Basic,50,0,53,32.45283018867924,2,28.0,8.5,11,0.7272727272727273,0.7272727272727273
3191,USA,Finance,Enterprise,Basic,50,1,18,6.333333333333333,7,62.0,3.142857142857143,5,0.4,0.0
3192,India,Healthcare,Small,Basic,50,1,13,4.461538461538462,10,85.3,2.7,5,0.6,0.2
3193,Canada,Finance,Enterprise,Basic,50,0,83,33.433734939759034,2,19.5,8.0,14,0.7142857142857143,0.7857142857142857
3194,UK,Healthcare,Medium,Basic,50,1,12,5.916666666666667,3,56.666666666666664,1.6666666666666667,2,0.5,0.0
3195,India,SaaS,Medium,Pro,150,0,41,35.65853658536585,2,20.5,7.5,7,0.8571428571428571,0.7142857142857143
3196,Germany,Education,Small,Pro,150,1,19,6.052631578947368,7,72.42857142857143,2.857142857142857,4,0.5,0.0
3197,USA,Healthcare,Enterprise,Enterprise,500,0,95,35.50526315789474,4,26.5,7.75,10,0.6,0.8
3198,Germany,SaaS,Medium,Basic,50,0,82,35.28048780487805,0,,,14,0.7142857142857143,0.5714285714285714
3199,Canada,Education,Medium,Pro,150,0,93,36.43010752688172,0,,,8,1.0,0.75
3200,UK,Education,Small,Basic,50,0,113,35.97345132743363,0,,,8,0.75,0.875
3201,Canada,Education,Enterprise,Pro,150,0,49,33.755102040816325,4,22.0,7.0,9,0.7777777777777778,0.3333333333333333
3202,UK,SaaS,Enterprise,Enterprise,500,0,43,31.674418604651162,4,32.75,7.0,12,0.5833333333333334,0.3333333333333333
3203,UK,SaaS,Small,Basic,50,1,17,4.647058823529412,7,73.14285714285714,3.4285714285714284,4,0.25,0.25
3204,India,Education,Small,Basic,50,0,109,33.55045871559633,2,34.0,7.0,15,0.9333333333333333,0.7333333333333333
3205,Canada,Finance,Small,Basic,50,0,114,33.44736842105263,2,38.0,7.0,6,1.0,0.6666666666666666
3206,USA,Education,Enterprise,Basic,50,0,85,32.76470588235294,0,,,13,0.8461538461538461,0.6153846153846154
3207,India,Education,Medium,Basic,50,1,17,4.588235294117647,8,83.625,2.5,2,0.0,0.0
3208,USA,Retail,Enterprise,Pro,150,0,87,36.04597701149425,2,33.5,6.0,8,0.875,0.25
3209,USA,Finance,Medium,Basic,50,0,53,34.35849056603774,0,,,15,0.8666666666666667,0.6
3210,Germany,Finance,Small,Basic,50,1,17,4.882352941176471,5,61.6,3.8,3,0.3333333333333333,0.0
3211,Canada,Retail,Medium,Basic,50,1,5,4.4,10,68.5,3.4,1,1.0,0.0
3212,India,Education,Small,Basic,50,0,74,32.486486486486484,1,7.0,9.0,14,0.6428571428571429,0.5
3213,UK,SaaS,Medium,Basic,50,1,6,5.5,4,83.5,3.0,1,0.0,0.0
3214,Germany,Education,Medium,Basic,50,0,75,34.733333333333334,3,22.333333333333332,8.333333333333334,10,0.9,0.7
3215,India,SaaS,Medium,Basic,50,1,20,5.35,8,60.125,2.625,3,0.3333333333333333,0.0
3216,UK,Finance,Small,Pro,150,0,112,35.19642857142857,4,34.5,7.5,6,1.0,0.6666666666666666
3217,Canada,SaaS,Enterprise,Basic,50,0,92,36.21739130434783,0,,,5,0.6,0.6
3218,UK,Retail,Small,Basic,50,1,13,5.6923076923076925,9,48.111111111111114,3.3333333333333335,2,0.5,0.0
3219,UK,Healthcare,Small,Basic,50,0,77,35.02597402597402,3,8.666666666666666,8.0,7,0.5714285714285714,0.2857142857142857
3220,India,Finance,Small,Enterprise,500,0,98,35.357142857142854,2,13.0,6.5,15,0.8,0.6
3221,USA,SaaS,Medium,Basic,50,0,92,35.23913043478261,1,43.0,8.0,15,0.8,0.6
3222,Germany,SaaS,Enterprise,Enterprise,500,0,48,33.541666666666664,3,26.0,8.0,11,0.9090909090909091,0.7272727272727273
3223,India,Finance,Small,Basic,50,0,68,31.691176470588236,0,,,14,0.7857142857142857,0.6428571428571429
3224,USA,Retail,Small,Pro,150,0,92,32.45652173913044,3,28.0,7.0,6,0.8333333333333334,0.6666666666666666
3225,India,SaaS,Medium,Pro,150,0,89,31.168539325842698,4,26.0,6.5,15,0.6666666666666666,0.6666666666666666
3226,Canada,Healthcare,Small,Basic,50,0,99,32.01010101010101,0,,,10,0.8,0.8
3227,Canada,Education,Medium,Enterprise,500,0,64,32.1875,3,33.0,7.666666666666667,15,0.9333333333333333,0.7333333333333333
3228,USA,Retail,Enterprise,Enterprise,500,0,48,31.375,0,,,7,1.0,1.0
3229,USA,SaaS,Small,Basic,50,0,62,35.225806451612904,2,41.5,8.0,15,0.8,0.6
3230,USA,Retail,Medium,Basic,50,0,83,36.42168674698795,2,37.5,8.0,9,0.7777777777777778,0.7777777777777778
3231,USA,Healthcare,Small,Pro,150,0,90,33.58888888888889,4,26.75,6.75,5,0.6,0.4
3232,Germany,SaaS,Medium,Basic,50,0,62,36.70967741935484,1,22.0,6.0,10,0.8,0.6
3233,Canada,Retail,Small,Basic,50,0,89,31.56179775280899,1,14.0,7.0,12,0.5833333333333334,0.5833333333333334
3234,USA,SaaS,Enterprise,Basic,50,0,116,34.689655172413794,4,29.5,8.0,6,0.8333333333333334,0.6666666666666666
3235,USA,Finance,Medium,Basic,50,0,73,34.136986301369866,3,30.666666666666668,8.333333333333334,5,1.0,0.6
3236,Germany,SaaS,Enterprise,Basic,50,0,98,31.918367346938776,3,15.0,7.0,12,0.8333333333333334,0.75
3237,Germany,Healthcare,Enterprise,Enterprise,500,0,91,32.043956043956044,2,39.0,8.0,15,0.6666666666666666,0.6666666666666666
3238,Canada,SaaS,Medium,Basic,50,1,7,4.285714285714286,7,64.28571428571429,2.7142857142857144,4,0.25,0.25
3239,Germany,Retail,Medium,Basic,50,0,107,32.1588785046729,1,9.0,8.0,10,0.9,0.5
3240,Canada,Education,Small,Basic,50,1,13,5.0,5,78.2,2.6,2,0.5,0.5
3241,India,SaaS,Medium,Enterprise,500,0,48,34.895833333333336,0,,,8,0.5,0.5
3242,Canada,Finance,Enterprise,Pro,150,1,9,5.0,7,64.71428571428571,2.7142857142857144,3,0.0,0.0
3243,UK,SaaS,Small,Pro,150,1,6,3.3333333333333335,4,76.25,4.0,4,0.75,0.0
3244,USA,Education,Enterprise,Basic,50,0,90,34.86666666666667,2,21.0,7.0,8,0.875,0.625
3245,USA,Education,Small,Enterprise,500,0,97,35.27835051546392,2,16.0,6.5,14,0.8571428571428571,0.8571428571428571
3246,Canada,Healthcare,Enterprise,Basic,50,1,8,5.75,9,70.0,2.6666666666666665,5,0.2,0.2
3247,Canada,Finance,Medium,Pro,150,0,91,33.05494505494506,1,26.0,9.0,6,0.6666666666666666,0.5
3248,Germany,Retail,Enterprise,Basic,50,0,44,33.84090909090909,2,39.0,7.5,14,0.9285714285714286,0.5714285714285714
3249,Canada,Retail,Small,Basic,50,1,19,4.7368421052631575,8,85.0,2.75,5,0.4,0.0
3250,UK,Healthcare,Small,Pro,150,0,54,36.51851851851852,3,19.666666666666668,7.0,15,0.8666666666666667,0.4
3251,USA,Healthcare,Medium,Pro,150,1,10,4.9,10,70.7,2.7,1,0.0,0.0
3252,Canada,Retail,Enterprise,Basic,50,1,7,7.285714285714286,10,70.9,2.4,3,0.6666666666666666,0.0
3253,India,Finance,Enterprise,Basic,50,0,67,35.701492537313435,0,,,9,0.6666666666666666,0.5555555555555556
3254,Canada,Healthcare,Small,Pro,150,1,17,4.882352941176471,6,73.83333333333333,4.0,2,0.0,0.0
3255,Germany,Finance,Enterprise,Basic,50,0,117,36.965811965811966,1,19.0,7.0,15,0.9333333333333333,0.5333333333333333
3256,India,Finance,Medium,Basic,50,1,5,2.8,5,80.4,3.0,5,0.4,0.2
3257,USA,Education,Enterprise,Basic,50,1,18,4.888888888888889,10,62.9,2.9,5,0.0,0.2
3258,UK,SaaS,Small,Basic,50,0,73,33.89041095890411,0,,,11,0.6363636363636364,0.7272727272727273
3259,Canada,Education,Small,Pro,150,1,8,4.875,6,66.66666666666667,2.6666666666666665,5,0.4,0.0
3260,Germany,Finance,Small,Pro,150,0,66,36.22727272727273,3,34.666666666666664,6.333333333333333,13,0.9230769230769231,0.46153846153846156
3261,UK,Healthcare,Small,Basic,50,1,14,4.285714285714286,9,74.0,2.111111111111111,2,1.0,0.0
3262,India,Healthcare,Enterprise,Pro,150,0,70,32.51428571428571,4,28.0,7.0,15,0.8,0.4666666666666667
3263,Germany,Retail,Enterprise,Basic,50,1,18,5.388888888888889,3,72.33333333333333,3.0,5,0.6,0.2
3264,India,Education,Enterprise,Pro,150,1,15,4.6,6,80.83333333333333,3.3333333333333335,4,0.0,0.0
3265,India,Education,Medium,Basic,50,0,114,36.90350877192982,3,34.666666666666664,6.0,10,0.7,0.7
3266,Germany,Finance,Small,Pro,150,1,14,4.142857142857143,4,73.5,2.75,5,0.6,0.0
3267,USA,Retail,Small,Basic,50,0,88,34.25,2,24.0,8.0,13,0.9230769230769231,0.6923076923076923
3268,Germany,Healthcare,Small,Basic,50,1,9,4.555555555555555,4,46.5,2.5,1,0.0,0.0
3269,UK,Healthcare,Medium,Basic,50,0,98,34.214285714285715,0,,,5,0.8,0.6
3270,Canada,Healthcare,Small,Pro,150,0,110,33.19090909090909,2,26.0,9.0,9,0.8888888888888888,0.7777777777777778
3271,Germany,Finance,Enterprise,Basic,50,1,6,6.166666666666667,9,77.44444444444444,3.0,5,0.4,0.0
3272,Germany,Healthcare,Medium,Basic,50,0,42,32.476190476190474,0,,,13,0.9230769230769231,0.5384615384615384
3273,UK,SaaS,Medium,Basic,50,1,10,3.9,8,83.0,3.25,5,0.4,0.0
3274,USA,SaaS,Medium,Basic,50,0,48,34.416666666666664,4,34.75,7.25,5,0.8,0.4
3275,USA,Education,Small,Enterprise,500,0,103,33.84466019417476,4,10.5,7.25,7,0.7142857142857143,0.7142857142857143
3276,UK,Finance,Medium,Basic,50,1,6,2.1666666666666665,5,68.2,2.6,1,0.0,0.0
3277,UK,Education,Medium,Basic,50,0,65,33.8,3,24.333333333333332,7.0,15,0.8666666666666667,0.6666666666666666
3278,USA,SaaS,Small,Basic,50,0,110,34.50909090909091,2,13.5,9.0,10,0.9,0.3
3279,UK,Finance,Small,Pro,150,0,70,36.17142857142857,3,22.333333333333332,8.0,8,0.75,0.5
3280,UK,Finance,Enterprise,Basic,50,0,102,34.07843137254902,1,24.0,9.0,7,0.7142857142857143,0.5714285714285714
3281,UK,Finance,Enterprise,Basic,50,1,16,5.1875,7,79.71428571428571,3.2857142857142856,2,0.0,0.0
3282,UK,Healthcare,Small,Basic,50,1,10,5.6,9,72.77777777777777,3.111111111111111,1,1.0,0.0
3283,USA,Healthcare,Medium,Basic,50,1,19,5.894736842105263,10,81.8,3.7,1,1.0,1.0
3284,USA,SaaS,Enterprise,Basic,50,1,8,4.0,9,75.55555555555556,3.111111111111111,2,1.0,0.0
3285,UK,Retail,Enterprise,Basic,50,1,19,4.7368421052631575,8,73.25,3.375,4,0.25,0.0
3286,USA,Finance,Small,Basic,50,1,6,7.0,9,76.22222222222223,3.4444444444444446,2,0.0,0.0
3287,India,Retail,Small,Basic,50,0,64,35.859375,2,4.5,8.0,6,0.8333333333333334,0.5
3288,India,Finance,Enterprise,Basic,50,1,9,4.444444444444445,5,67.4,3.4,1,1.0,0.0
3289,UK,Education,Enterprise,Basic,50,0,68,33.30882352941177,0,,,5,1.0,0.6
3290,Germany,SaaS,Small,Basic,50,1,14,5.0,4,79.5,3.25,1,0.0,0.0
3291,UK,Healthcare,Small,Basic,50,0,60,35.2,2,39.5,6.0,5,0.6,0.4
3292,UK,Education,Medium,Pro,150,0,89,33.82022471910113,4,39.5,8.0,8,0.75,0.5
3293,India,Finance,Enterprise,Pro,150,0,77,32.76623376623377,4,19.0,6.5,10,0.8,0.8
3294,Germany,Healthcare,Small,Enterprise,500,1,17,6.117647058823529,10,59.7,2.3,3,0.0,0.0
3295,Canada,Education,Small,Pro,150,0,107,35.38317757009346,3,14.333333333333334,7.0,14,0.6428571428571429,0.5714285714285714
3296,Canada,Finance,Small,Pro,150,0,92,33.07608695652174,1,40.0,6.0,7,0.8571428571428571,0.7142857142857143
3297,India,Healthcare,Small,Pro,150,0,105,34.161904761904765,2,29.0,8.0,11,0.7272727272727273,0.9090909090909091
3298,India,Healthcare,Enterprise,Basic,50,0,82,34.670731707317074,3,15.333333333333334,7.333333333333333,15,0.8,0.6666666666666666
3299,Canada,Retail,Small,Pro,150,0,72,33.666666666666664,4,15.75,7.5,9,0.7777777777777778,0.4444444444444444
3300,USA,Retail,Enterprise,Pro,150,0,109,35.91743119266055,2,19.0,8.5,10,1.0,0.6
3301,Canada,SaaS,Small,Pro,150,0,110,35.627272727272725,2,23.5,8.0,14,0.7857142857142857,0.5714285714285714
3302,Canada,Retail,Enterprise,Basic,50,0,46,31.5,2,23.5,6.0,7,0.8571428571428571,0.8571428571428571
3303,Canada,Finance,Medium,Basic,50,0,61,33.22950819672131,4,32.0,7.5,14,0.9285714285714286,0.6428571428571429
3304,Canada,Retail,Small,Pro,150,1,10,4.5,7,58.714285714285715,3.0,4,0.25,0.25
3305,India,Finance,Enterprise,Basic,50,1,13,5.076923076923077,10,80.7,2.6,1,1.0,0.0
3306,Germany,Retail,Medium,Pro,150,1,15,4.2,5,54.8,3.0,2,0.0,0.0
3307,India,Education,Medium,Pro,150,0,86,33.16279069767442,0,,,6,0.8333333333333334,0.5
3308,Canada,SaaS,Small,Basic,50,0,86,36.104651162790695,1,13.0,7.0,5,0.8,0.6
3309,UK,Healthcare,Medium,Basic,50,0,81,34.333333333333336,0,,,10,0.8,0.2
3310,UK,Retail,Small,Enterprise,500,0,57,32.31578947368421,4,23.0,8.0,14,0.7857142857142857,0.6428571428571429
3311,India,Retail,Medium,Basic,50,0,110,35.42727272727273,0,,,10,1.0,0.5
3312,Canada,Healthcare,Medium,Pro,150,0,63,35.507936507936506,3,34.333333333333336,6.666666666666667,11,0.9090909090909091,0.6363636363636364
3313,India,Education,Small,Basic,50,0,55,37.872727272727275,0,,,6,0.5,0.5
3314,UK,SaaS,Medium,Basic,50,0,62,34.67741935483871,4,21.75,8.25,7,0.7142857142857143,0.8571428571428571
3315,Germany,Education,Medium,Basic,50,0,41,35.390243902439025,0,,,5,0.8,0.8
3316,UK,Education,Small,Pro,150,0,75,37.026666666666664,0,,,11,0.8181818181818182,0.36363636363636365
3317,Germany,Education,Enterprise,Basic,50,0,118,34.05084745762712,0,,,14,0.7857142857142857,0.7142857142857143
3318,India,Retail,Medium,Pro,150,0,60,35.6,3,21.333333333333332,7.666666666666667,10,0.7,0.9
3319,Germany,Retail,Medium,Pro,150,0,55,33.27272727272727,2,29.5,9.0,5,0.8,0.6
3320,India,Retail,Medium,Basic,50,1,17,4.647058823529412,7,88.28571428571429,2.2857142857142856,4,0.5,0.0
3321,India,Retail,Small,Basic,50,1,18,5.611111111111111,9,67.55555555555556,3.4444444444444446,5,0.6,0.0
3322,UK,Retail,Small,Basic,50,1,19,4.684210526315789,5,83.8,3.8,5,0.2,0.2
3323,India,SaaS,Medium,Basic,50,1,9,5.888888888888889,4,69.75,2.5,5,0.2,0.2
3324,USA,Finance,Enterprise,Basic,50,1,12,5.333333333333333,8,61.0,3.375,4,0.25,0.25
3325,Canada,Education,Enterprise,Basic,50,0,118,35.24576271186441,0,,,5,0.4,1.0
3326,USA,Finance,Small,Enterprise,500,0,112,34.732142857142854,1,20.0,8.0,15,0.7333333333333333,0.8
3327,USA,SaaS,Small,Pro,150,0,110,34.14545454545455,4,33.0,7.5,6,1.0,0.6666666666666666
3328,India,SaaS,Enterprise,Basic,50,0,115,34.46086956521739,1,20.0,6.0,15,0.6666666666666666,0.6
3329,UK,Finance,Small,Basic,50,0,48,35.3125,0,,,14,0.7142857142857143,0.42857142857142855
3330,India,Finance,Medium,Basic,50,1,10,5.1,3,82.0,3.0,4,0.0,0.0
3331,India,Healthcare,Enterprise,Pro,150,0,120,36.34166666666667,2,18.5,7.5,12,0.8333333333333334,0.5
3332,Canada,Healthcare,Enterprise,Basic,50,1,9,4.777777777777778,8,69.25,3.25,3,0.3333333333333333,0.0
3333,Canada,Finance,Small,Pro,150,0,107,36.308411214953274,0,,,5,0.8,0.8
3334,India,Finance,Medium,Basic,50,0,97,33.845360824742265,0,,,15,0.8666666666666667,0.6
3335,Germany,Retail,Enterprise,Enterprise,500,0,120,36.166666666666664,0,,,8,0.875,0.625
3336,USA,Retail,Enterprise,Basic,50,0,50,31.64,2,26.5,6.5,11,0.7272727272727273,0.5454545454545454
3337,Canada,Healthcare,Medium,Basic,50,0,110,34.11818181818182,3,11.666666666666666,8.0,5,0.8,0.8
3338,UK,Healthcare,Enterprise,Pro,150,1,20,4.4,6,55.833333333333336,3.5,1,1.0,0.0
3339,UK,Retail,Small,Pro,150,0,96,33.802083333333336,1,8.0,7.0,14,0.6428571428571429,0.7142857142857143
3340,Canada,Education,Enterprise,Pro,150,0,55,37.45454545454545,2,21.5,7.5,5,0.8,0.4
3341,Germany,Retail,Medium,Basic,50,0,92,34.31521739130435,4,20.0,7.25,10,0.8,0.8
3342,USA,Finance,Small,Pro,150,0,66,33.10606060606061,3,14.666666666666666,6.333333333333333,12,0.9166666666666666,0.6666666666666666
3343,Germany,Retail,Small,Basic,50,0,89,34.20224719101124,2,15.5,6.5,14,0.8571428571428571,0.5714285714285714
3344,Germany,Retail,Enterprise,Basic,50,0,75,38.14666666666667,1,44.0,8.0,10,0.6,0.4
3345,USA,Finance,Small,Basic,50,0,65,33.33846153846154,1,6.0,7.0,8,1.0,0.75
3346,Canada,Healthcare,Medium,Enterprise,500,0,119,35.35294117647059,4,26.5,6.75,8,0.875,0.75
3347,USA,Retail,Enterprise,Pro,150,0,60,32.2,1,24.0,7.0,8,0.75,0.75
3348,India,Finance,Small,Pro,150,1,15,5.666666666666667,6,84.33333333333333,3.5,4,0.25,0.0
3349,Germany,Retail,Enterprise,Basic,50,1,10,6.2,10,64.6,2.5,4,0.25,0.25
3350,Germany,Education,Medium,Basic,50,0,54,35.425925925925924,3,7.333333333333333,8.0,13,0.7692307692307693,0.6153846153846154
3351,India,Education,Small,Basic,50,1,18,5.777777777777778,9,68.22222222222223,3.0,1,1.0,0.0
3352,Canada,SaaS,Small,Enterprise,500,0,103,34.09708737864078,0,,,15,0.8,0.4
3353,UK,Finance,Enterprise,Pro,150,0,48,32.625,2,24.5,7.5,7,1.0,0.5714285714285714
3354,Canada,Education,Enterprise,Pro,150,1,14,5.428571428571429,8,71.0,2.875,2,0.5,1.0
3355,Germany,Retail,Small,Pro,150,0,48,33.208333333333336,4,25.0,7.25,11,0.7272727272727273,0.7272727272727273
3356,Germany,SaaS,Enterprise,Basic,50,0,59,36.52542372881356,0,,,7,1.0,0.5714285714285714
3357,Germany,Healthcare,Medium,Pro,150,0,65,38.89230769230769,0,,,15,0.8666666666666667,0.6666666666666666
3358,USA,Finance,Enterprise,Basic,50,0,102,36.46078431372549,4,8.75,7.0,8,1.0,0.375
3359,Germany,Finance,Small,Basic,50,1,10,6.3,10,80.7,2.5,3,0.3333333333333333,0.3333333333333333
3360,UK,SaaS,Enterprise,Pro,150,0,84,33.76190476190476,1,5.0,7.0,14,0.9285714285714286,0.7142857142857143
3361,Canada,Healthcare,Small,Basic,50,0,118,35.389830508474574,0,,,5,0.6,1.0
3362,Canada,Retail,Small,Pro,150,1,8,5.5,7,78.28571428571429,3.857142857142857,2,0.5,0.5
3363,UK,Healthcare,Small,Basic,50,1,13,4.615384615384615,9,74.11111111111111,3.111111111111111,3,0.3333333333333333,0.0
3364,Germany,Finance,Small,Basic,50,0,58,35.810344827586206,0,,,9,0.7777777777777778,0.7777777777777778
3365,UK,Finance,Enterprise,Basic,50,0,41,36.36585365853659,0,,,7,0.8571428571428571,0.7142857142857143
3366,Canada,SaaS,Medium,Pro,150,1,8,4.375,7,53.142857142857146,2.7142857142857144,5,0.0,0.0
3367,USA,Finance,Enterprise,Pro,150,0,119,35.378151260504204,0,,,14,0.6428571428571429,0.35714285714285715
3368,USA,Healthcare,Medium,Pro,150,0,43,33.76744186046512,3,18.0,8.0,5,1.0,0.4
3369,Germany,Retail,Small,Enterprise,500,0,91,36.94505494505494,2,2.5,8.5,15,0.8666666666666667,0.6
3370,USA,Healthcare,Enterprise,Basic,50,0,96,34.458333333333336,4,7.5,7.75,7,0.8571428571428571,0.7142857142857143
3371,Germany,Retail,Enterprise,Basic,50,1,11,4.454545454545454,4,72.0,4.0,5,0.4,0.0
3372,USA,Retail,Small,Enterprise,500,1,15,5.133333333333334,4,91.75,2.75,1,0.0,0.0
3373,UK,Healthcare,Medium,Pro,150,0,77,33.45454545454545,2,15.5,7.0,13,0.7692307692307693,0.6923076923076923
3374,Germany,Retail,Small,Basic,50,0,74,33.891891891891895,1,41.0,9.0,7,1.0,0.42857142857142855
3375,Canada,Education,Medium,Enterprise,500,0,55,35.50909090909091,1,31.0,6.0,10,0.5,0.4
3376,Canada,Healthcare,Enterprise,Basic,50,0,67,36.55223880597015,4,26.0,7.5,5,0.6,0.6
3377,Germany,Finance,Small,Basic,50,0,78,33.67948717948718,0,,,8,0.75,0.5
3378,USA,Healthcare,Medium,Pro,150,0,112,37.61607142857143,1,44.0,9.0,5,0.8,0.8
3379,USA,Retail,Enterprise,Pro,150,1,13,5.230769230769231,10,61.0,2.4,4,0.25,0.0
3380,UK,Education,Medium,Basic,50,0,60,35.266666666666666,0,,,9,0.8888888888888888,0.6666666666666666
3381,Canada,Retail,Medium,Basic,50,1,20,4.8,8,72.375,2.875,5,0.6,0.0
3382,Germany,Education,Small,Basic,50,0,46,33.15217391304348,4,29.5,7.5,6,0.8333333333333334,0.3333333333333333
3383,USA,Finance,Enterprise,Enterprise,500,0,63,32.53968253968254,1,2.0,7.0,7,0.8571428571428571,0.42857142857142855
3384,Germany,Finance,Enterprise,Basic,50,0,99,34.62626262626262,2,18.5,6.5,11,0.9090909090909091,0.6363636363636364
3385,India,Retail,Enterprise,Pro,150,1,14,3.642857142857143,9,76.22222222222223,3.111111111111111,2,0.0,0.0
3386,UK,Retail,Small,Enterprise,500,0,93,30.849462365591396,2,31.5,8.5,7,0.8571428571428571,0.7142857142857143
3387,UK,Education,Enterprise,Pro,150,0,46,34.06521739130435,2,16.0,7.5,15,0.8,0.6
3388,Germany,Retail,Medium,Pro,150,0,108,35.148148148148145,4,26.0,7.75,14,0.6428571428571429,0.7857142857142857
3389,UK,Education,Small,Pro,150,0,76,35.38157894736842,2,22.5,8.0,12,0.5,0.75
3390,Germany,SaaS,Small,Basic,50,0,47,31.638297872340427,0,,,6,1.0,0.5
3391,UK,Finance,Enterprise,Pro,150,0,105,33.00952380952381,0,,,6,0.8333333333333334,0.5
3392,Canada,Finance,Enterprise,Basic,50,0,44,34.52272727272727,4,25.75,7.25,10,0.8,0.5
3393,USA,Healthcare,Medium,Pro,150,0,69,36.31884057971015,4,23.25,7.5,11,0.5454545454545454,0.5454545454545454
3394,Germany,Education,Small,Basic,50,0,119,37.10084033613445,3,9.666666666666666,7.333333333333333,15,0.8,0.7333333333333333
3395,India,SaaS,Small,Basic,50,1,14,4.214285714285714,5,61.4,3.6,2,0.5,0.0
3396,Canada,Finance,Medium,Enterprise,500,0,67,36.6865671641791,4,20.75,9.0,10,0.7,0.8
3397,Germany,Healthcare,Medium,Basic,50,0,70,35.628571428571426,3,14.333333333333334,6.666666666666667,7,1.0,0.5714285714285714
3398,UK,Education,Small,Basic,50,1,14,6.142857142857143,3,70.66666666666667,3.6666666666666665,4,0.25,0.0
3399,Germany,SaaS,Small,Pro,150,0,70,36.4,4,28.5,7.5,8,1.0,0.375
3400,Germany,Retail,Medium,Basic,50,1,8,5.375,6,71.0,2.8333333333333335,3,0.0,0.0
3401,Germany,Healthcare,Medium,Enterprise,500,1,8,5.75,6,74.66666666666667,2.5,2,0.0,0.5
3402,USA,SaaS,Medium,Basic,50,1,20,4.9,10,72.7,2.1,2,0.5,0.0
3403,USA,Healthcare,Medium,Basic,50,1,16,3.9375,10,80.9,3.7,4,0.5,0.0
3404,Germany,Retail,Medium,Basic,50,0,56,33.232142857142854,4,18.75,7.25,9,0.8888888888888888,0.3333333333333333
3405,USA,SaaS,Enterprise,Basic,50,0,70,32.4,2,10.5,9.0,14,0.9285714285714286,0.42857142857142855
3406,UK,Retail,Small,Pro,150,0,45,33.888888888888886,0,,,15,0.8666666666666667,0.5333333333333333
3407,Germany,Finance,Small,Enterprise,500,0,100,35.14,0,,,10,0.8,0.7
3408,UK,SaaS,Enterprise,Basic,50,0,70,33.52857142857143,3,23.666666666666668,7.0,6,0.8333333333333334,0.6666666666666666
3409,USA,Healthcare,Medium,Pro,150,0,91,34.38461538461539,4,35.0,7.5,7,0.7142857142857143,0.5714285714285714
3410,USA,Education,Enterprise,Enterprise,500,0,49,31.93877551020408,3,8.333333333333334,7.666666666666667,13,0.6923076923076923,0.6153846153846154
3411,Germany,Healthcare,Small,Basic,50,0,71,35.50704225352113,3,39.0,7.333333333333333,12,0.9166666666666666,0.6666666666666666
3412,USA,Finance,Small,Enterprise,500,0,68,33.35294117647059,3,28.0,6.333333333333333,6,0.6666666666666666,0.6666666666666666
3413,Germany,Finance,Small,Basic,50,0,107,35.35514018691589,0,,,10,1.0,0.4
3414,UK,SaaS,Enterprise,Basic,50,0,65,33.63076923076923,3,16.0,8.333333333333334,8,0.875,0.75
3415,Canada,Healthcare,Medium,Basic,50,1,6,4.166666666666667,4,49.5,1.75,5,0.6,0.0
3416,USA,Education,Enterprise,Pro,150,0,66,35.878787878787875,3,26.666666666666668,6.333333333333333,11,0.9090909090909091,0.7272727272727273
3417,USA,Retail,Enterprise,Basic,50,0,111,36.027027027027025,4,17.25,7.25,6,0.6666666666666666,0.6666666666666666
3418,India,Retail,Small,Pro,150,0,119,34.66386554621849,2,24.5,8.0,5,0.8,0.4
3419,Canada,SaaS,Small,Pro,150,1,9,5.777777777777778,4,58.75,2.75,2,0.0,0.0
3420,Germany,Healthcare,Small,Basic,50,0,82,34.451219512195124,2,11.5,8.5,6,0.8333333333333334,0.6666666666666666
3421,India,Healthcare,Small,Basic,50,0,101,35.722772277227726,3,3.3333333333333335,7.333333333333333,11,0.8181818181818182,0.9090909090909091
3422,USA,SaaS,Medium,Pro,150,0,101,33.396039603960396,3,19.0,6.666666666666667,14,0.8571428571428571,0.7142857142857143
3423,USA,SaaS,Medium,Basic,50,1,19,5.578947368421052,5,71.4,2.6,5,0.2,0.2
3424,UK,SaaS,Small,Basic,50,1,12,5.333333333333333,3,91.0,3.6666666666666665,5,0.6,0.2
3425,USA,Healthcare,Enterprise,Basic,50,0,50,36.48,3,24.666666666666668,7.333333333333333,8,0.75,0.875
3426,UK,SaaS,Medium,Basic,50,0,40,36.05,1,16.0,6.0,6,1.0,0.8333333333333334
3427,Canada,SaaS,Medium,Pro,150,1,18,5.777777777777778,7,67.28571428571429,3.142857142857143,4,0.0,0.0
3428,India,Education,Enterprise,Basic,50,0,66,35.09090909090909,4,19.0,7.0,8,0.75,0.625
3429,UK,Education,Small,Basic,50,1,20,5.45,7,73.28571428571429,3.5714285714285716,3,0.3333333333333333,0.3333333333333333
3430,Canada,Retail,Medium,Basic,50,1,19,5.105263157894737,6,73.83333333333333,3.0,2,0.0,0.5
3431,USA,Healthcare,Small,Pro,150,0,112,35.50892857142857,0,,,10,0.9,0.8
3432,USA,Finance,Medium,Pro,150,0,52,36.32692307692308,2,39.0,7.0,14,0.8571428571428571,0.7142857142857143
3433,UK,SaaS,Medium,Enterprise,500,0,43,36.13953488372093,0,,,5,1.0,0.4
3434,India,SaaS,Medium,Basic,50,1,5,3.2,7,78.28571428571429,3.857142857142857,4,0.25,0.0
3435,UK,Retail,Small,Pro,150,0,69,35.42028985507246,4,36.5,7.0,11,0.8181818181818182,0.45454545454545453
3436,USA,Finance,Enterprise,Basic,50,0,60,36.71666666666667,1,39.0,6.0,5,0.8,0.8
3437,Canada,Finance,Small,Pro,150,0,107,33.06542056074766,1,8.0,9.0,9,0.8888888888888888,0.5555555555555556
3438,USA,Healthcare,Medium,Enterprise,500,0,118,34.42372881355932,4,38.75,8.25,13,0.7692307692307693,0.8461538461538461
3439,India,Education,Medium,Pro,150,0,115,35.469565217391306,4,20.0,7.75,15,0.7333333333333333,0.6666666666666666
3440,USA,Education,Enterprise,Pro,150,1,9,5.0,3,49.666666666666664,2.3333333333333335,3,0.0,0.0
3441,UK,Finance,Small,Basic,50,0,58,34.0,4,18.5,7.25,6,0.8333333333333334,0.5
3442,Canada,Finance,Enterprise,Basic,50,0,72,32.43055555555556,1,31.0,6.0,9,0.6666666666666666,0.5555555555555556
3443,Germany,Healthcare,Medium,Pro,150,0,55,35.054545454545455,2,10.5,6.5,14,0.8571428571428571,0.7857142857142857
3444,UK,Finance,Enterprise,Basic,50,1,19,5.157894736842105,4,80.5,1.5,5,0.6,0.0
3445,Germany,SaaS,Medium,Basic,50,0,71,31.507042253521128,0,,,15,0.7333333333333333,0.6
3446,USA,Education,Enterprise,Pro,150,0,119,34.84033613445378,1,29.0,6.0,11,1.0,0.6363636363636364
3447,Germany,Retail,Enterprise,Pro,150,1,14,5.928571428571429,4,73.25,3.0,4,0.25,0.0
3448,UK,Education,Enterprise,Basic,50,0,118,34.067796610169495,0,,,6,1.0,0.6666666666666666
3449,USA,Healthcare,Small,Enterprise,500,0,115,34.834782608695654,2,8.5,8.0,9,0.7777777777777778,0.5555555555555556
3450,Canada,SaaS,Medium,Basic,50,0,47,38.61702127659574,2,28.0,8.0,8,0.5,0.75
3451,UK,Retail,Small,Pro,150,1,13,5.6923076923076925,4,88.25,3.5,2,0.5,0.0
3452,Canada,SaaS,Small,Enterprise,500,0,62,35.403225806451616,3,28.333333333333332,7.666666666666667,8,0.75,0.5
3453,UK,Finance,Medium,Pro,150,0,68,37.19117647058823,2,24.0,7.5,5,1.0,0.4
3454,India,Healthcare,Small,Enterprise,500,0,104,36.59615384615385,0,,,9,0.5555555555555556,0.8888888888888888
3455,Germany,Healthcare,Enterprise,Pro,150,1,16,4.5,3,72.0,3.0,1,0.0,0.0
3456,USA,Healthcare,Enterprise,Pro,150,0,73,34.04109589041096,3,24.333333333333332,7.666666666666667,9,0.8888888888888888,0.6666666666666666
3457,Canada,Retail,Enterprise,Pro,150,0,77,36.38961038961039,2,27.5,8.5,10,1.0,0.6
3458,India,Healthcare,Medium,Basic,50,0,119,36.436974789915965,3,25.333333333333332,8.333333333333334,10,0.5,0.4
3459,India,SaaS,Enterprise,Pro,150,1,18,5.277777777777778,7,81.71428571428571,3.2857142857142856,1,1.0,0.0
3460,Germany,Finance,Small,Basic,50,0,57,34.473684210526315,1,25.0,9.0,13,0.6923076923076923,0.6153846153846154
3461,UK,Finance,Medium,Basic,50,0,76,35.6578947368421,3,22.0,6.666666666666667,9,0.7777777777777778,0.7777777777777778
3462,UK,Healthcare,Enterprise,Basic,50,1,10,5.6,6,56.0,2.5,5,0.4,0.0
3463,USA,Healthcare,Enterprise,Basic,50,0,61,32.32786885245902,4,16.25,8.0,6,0.6666666666666666,0.6666666666666666
3464,UK,Education,Medium,Basic,50,0,59,33.88135593220339,2,24.0,7.0,9,0.4444444444444444,0.5555555555555556
3465,Canada,Finance,Small,Pro,150,0,114,36.51754385964912,1,35.0,8.0,6,1.0,0.5
3466,Germany,SaaS,Small,Pro,150,0,81,37.111111111111114,1,32.0,8.0,10,0.8,0.6
3467,Germany,SaaS,Small,Basic,50,1,15,4.933333333333334,10,76.4,3.5,3,0.6666666666666666,0.3333333333333333
3468,USA,Healthcare,Small,Basic,50,1,5,4.2,4,89.0,4.25,2,0.5,0.0
3469,UK,SaaS,Small,Basic,50,0,113,37.05309734513274,1,34.0,8.0,10,0.8,0.6
3470,Canada,Education,Small,Pro,150,0,104,35.29807692307692,3,9.0,8.0,11,0.7272727272727273,0.36363636363636365
3471,UK,Education,Small,Enterprise,500,0,118,33.432203389830505,2,33.5,7.5,11,0.9090909090909091,0.45454545454545453
3472,Germany,Retail,Medium,Basic,50,0,107,34.26168224299065,2,10.5,7.5,10,0.7,0.7
3473,UK,Healthcare,Small,Basic,50,0,70,34.75714285714286,1,25.0,9.0,6,0.8333333333333334,0.3333333333333333
3474,Germany,Healthcare,Enterprise,Basic,50,1,7,3.7142857142857144,10,67.7,2.8,4,0.25,0.0
3475,UK,Finance,Medium,Pro,150,0,42,33.904761904761905,0,,,10,0.8,0.4
3476,Canada,Retail,Enterprise,Basic,50,0,100,34.31,4,34.75,7.75,14,0.5714285714285714,0.35714285714285715
3477,UK,Finance,Medium,Basic,50,0,44,31.454545454545453,3,23.333333333333332,6.0,13,0.6923076923076923,0.9230769230769231
3478,USA,Finance,Medium,Basic,50,0,63,35.46031746031746,3,10.666666666666666,7.333333333333333,9,0.8888888888888888,0.6666666666666666
3479,Germany,Healthcare,Medium,Pro,150,1,13,6.461538461538462,10,66.4,3.5,2,0.5,0.0
3480,Germany,Retail,Enterprise,Basic,50,0,55,36.30909090909091,1,36.0,6.0,6,0.8333333333333334,0.6666666666666666
3481,Canada,Retail,Small,Basic,50,1,6,4.666666666666667,6,70.83333333333333,3.3333333333333335,1,0.0,0.0
3482,Germany,SaaS,Medium,Pro,150,0,94,34.691489361702125,4,19.5,7.25,5,0.6,0.8
3483,Germany,SaaS,Medium,Basic,50,0,98,33.43877551020408,3,30.333333333333332,7.333333333333333,9,0.7777777777777778,0.2222222222222222
3484,Canada,Education,Small,Basic,50,0,87,36.01149425287356,2,6.5,8.0,11,0.8181818181818182,0.7272727272727273
3485,Canada,Healthcare,Medium,Basic,50,0,69,32.68115942028985,0,,,12,0.8333333333333334,0.8333333333333334
3486,Germany,Retail,Medium,Basic,50,0,40,30.0,4,24.0,6.5,12,0.8333333333333334,0.9166666666666666
3487,Germany,Finance,Medium,Basic,50,0,86,32.45348837209303,1,9.0,7.0,9,1.0,0.7777777777777778
3488,Canada,Education,Medium,Pro,150,0,82,37.609756097560975,3,9.0,7.0,12,0.9166666666666666,0.5833333333333334
3489,USA,Finance,Small,Basic,50,0,79,35.860759493670884,1,24.0,8.0,5,0.8,0.6
3490,Germany,Healthcare,Small,Basic,50,1,14,5.142857142857143,8,78.5,3.125,4,0.0,0.25
3491,UK,SaaS,Small,Basic,50,0,109,35.330275229357795,4,13.5,7.25,7,0.8571428571428571,0.14285714285714285
3492,Canada,Finance,Medium,Pro,150,1,11,5.090909090909091,3,64.33333333333333,2.3333333333333335,4,0.75,0.25
3493,Germany,Retail,Medium,Enterprise,500,0,71,36.40845070422535,0,,,8,1.0,0.5
3494,India,Retail,Medium,Basic,50,1,11,5.181818181818182,6,64.83333333333333,2.5,1,1.0,0.0
3495,India,Education,Small,Basic,50,0,58,34.672413793103445,0,,,6,0.8333333333333334,0.5
3496,Germany,SaaS,Small,Pro,150,0,117,31.76068376068376,3,38.333333333333336,7.333333333333333,11,0.7272727272727273,0.5454545454545454
3497,Germany,Education,Small,Basic,50,1,14,4.214285714285714,7,77.71428571428571,3.0,5,0.6,0.0
3498,UK,Retail,Medium,Enterprise,500,0,50,37.58,3,18.0,6.333333333333333,9,0.4444444444444444,0.8888888888888888
3499,India,Education,Enterprise,Pro,150,0,105,34.36190476190476,4,30.5,7.0,13,0.5384615384615384,0.6923076923076923
3500,Germany,Finance,Enterprise,Basic,50,0,74,36.04054054054054,4,25.0,7.25,5,1.0,0.8
3501,USA,Retail,Medium,Basic,50,0,56,31.910714285714285,2,25.5,7.5,14,0.7142857142857143,0.5714285714285714
3502,UK,Healthcare,Medium,Basic,50,0,76,35.30263157894737,0,,,12,0.6666666666666666,0.75
3503,USA,Finance,Enterprise,Pro,150,1,16,4.6875,7,54.0,2.4285714285714284,1,1.0,0.0
3504,USA,Healthcare,Medium,Pro,150,0,86,33.41860465116279,3,20.333333333333332,7.666666666666667,5,0.8,1.0
3505,Canada,Retail,Enterprise,Basic,50,0,89,35.39325842696629,0,,,11,0.8181818181818182,0.5454545454545454
3506,UK,Finance,Small,Basic,50,0,113,33.991150442477874,1,30.0,7.0,9,0.7777777777777778,0.3333333333333333
3507,Canada,Education,Enterprise,Basic,50,0,65,32.56923076923077,4,12.0,8.0,5,1.0,0.4
3508,UK,SaaS,Small,Basic,50,0,62,35.29032258064516,4,27.25,6.5,6,1.0,0.5
3509,USA,Retail,Medium,Basic,50,1,12,3.9166666666666665,10,68.5,3.1,3,0.0,0.3333333333333333
3510,Canada,SaaS,Enterprise,Pro,150,1,8,3.5,9,72.77777777777777,2.7777777777777777,4,0.25,0.0
3511,UK,Retail,Small,Enterprise,500,0,88,34.23863636363637,1,27.0,9.0,6,0.6666666666666666,0.5
3512,Germany,Finance,Enterprise,Enterprise,500,0,104,36.35576923076923,0,,,15,1.0,0.6666666666666666
3513,India,Education,Enterprise,Basic,50,0,42,33.45238095238095,0,,,13,0.7692307692307693,0.46153846153846156
3514,Germany,Education,Medium,Basic,50,0,64,33.296875,4,24.75,7.75,13,0.6923076923076923,0.7692307692307693
3515,Germany,SaaS,Small,Pro,150,0,114,32.80701754385965,1,18.0,6.0,7,1.0,0.5714285714285714
3516,Canada,Finance,Small,Basic,50,1,16,4.625,5,71.6,1.8,5,0.4,0.0
3517,India,Healthcare,Enterprise,Enterprise,500,0,44,33.02272727272727,4,23.75,6.5,8,0.875,0.75
3518,Germany,Finance,Small,Pro,150,0,46,34.28260869565217,3,21.0,8.0,7,0.7142857142857143,0.7142857142857143
3519,UK,Retail,Small,Pro,150,0,56,31.714285714285715,1,38.0,9.0,8,0.875,0.5
3520,USA,SaaS,Enterprise,Basic,50,0,73,36.21917808219178,2,32.5,7.5,12,0.8333333333333334,0.6666666666666666
3521,Germany,Education,Medium,Pro,150,0,84,37.523809523809526,4,14.75,7.5,10,1.0,0.6
3522,India,Retail,Small,Pro,150,0,86,32.406976744186046,1,40.0,6.0,5,0.6,0.6
3523,UK,Finance,Small,Basic,50,1,5,5.8,10,69.4,1.8,1,0.0,0.0
3524,UK,Healthcare,Medium,Basic,50,0,96,33.083333333333336,4,45.5,7.75,11,0.6363636363636364,0.6363636363636364
3525,UK,Education,Small,Basic,50,0,44,33.63636363636363,3,32.333333333333336,6.666666666666667,10,0.8,0.7
3526,Germany,Education,Small,Basic,50,1,6,7.0,5,72.4,1.8,5,0.2,0.0
3527,UK,Healthcare,Small,Basic,50,0,43,34.627906976744185,1,25.0,8.0,9,0.7777777777777778,0.8888888888888888
3528,UK,Healthcare,Medium,Basic,50,0,99,35.36363636363637,3,19.333333333333332,8.0,6,0.6666666666666666,0.3333333333333333
3529,Germany,Retail,Enterprise,Basic,50,0,70,35.27142857142857,3,23.0,7.0,7,0.8571428571428571,0.42857142857142855
3530,Canada,SaaS,Enterprise,Basic,50,0,69,36.27536231884058,3,30.666666666666668,7.666666666666667,7,0.8571428571428571,0.5714285714285714
3531,UK,SaaS,Medium,Pro,150,0,49,36.44897959183673,3,29.666666666666668,6.333333333333333,14,0.9285714285714286,0.6428571428571429
3532,USA,Retail,Small,Pro,150,0,41,35.048780487804876,0,,,7,0.7142857142857143,0.8571428571428571
3533,India,SaaS,Medium,Pro,150,0,103,34.398058252427184,3,21.666666666666668,7.333333333333333,8,1.0,0.625
3534,USA,Education,Small,Basic,50,0,67,35.62686567164179,2,45.5,8.5,14,0.8571428571428571,0.7142857142857143
3535,Germany,Retail,Enterprise,Pro,150,1,19,5.421052631578948,8,52.75,3.75,1,0.0,0.0
3536,USA,SaaS,Small,Basic,50,0,40,33.025,4,18.25,7.75,15,0.6666666666666666,0.9333333333333333
3537,India,SaaS,Enterprise,Pro,150,0,63,33.06349206349206,2,9.5,7.0,11,0.6363636363636364,0.5454545454545454
3538,Canada,SaaS,Small,Basic,50,0,119,33.831932773109244,1,19.0,8.0,9,1.0,0.7777777777777778
3539,UK,Education,Small,Basic,50,0,72,37.19444444444444,1,33.0,7.0,5,0.8,0.6
3540,Germany,Education,Enterprise,Pro,150,0,43,34.674418604651166,4,11.5,7.25,7,0.8571428571428571,0.7142857142857143
3541,India,Retail,Medium,Pro,150,0,91,35.362637362637365,3,8.666666666666666,7.333333333333333,12,0.5833333333333334,0.6666666666666666
3542,India,Education,Medium,Enterprise,500,0,44,35.56818181818182,0,,,7,0.8571428571428571,0.42857142857142855
3543,India,Finance,Enterprise,Pro,150,0,90,36.077777777777776,0,,,5,0.4,0.6
3544,India,Finance,Small,Pro,150,0,112,33.982142857142854,2,17.5,7.0,6,0.6666666666666666,0.5
3545,India,Retail,Medium,Basic,50,0,108,34.842592592592595,1,10.0,9.0,8,0.625,0.625
3546,Canada,SaaS,Medium,Basic,50,1,6,5.333333333333333,4,90.5,3.5,2,0.5,0.0
3547,India,SaaS,Small,Basic,50,0,84,35.833333333333336,0,,,9,0.6666666666666666,0.5555555555555556
3548,Germany,Retail,Enterprise,Basic,50,1,13,4.153846153846154,10,78.9,2.6,3,0.3333333333333333,0.0
3549,UK,SaaS,Enterprise,Pro,150,0,58,34.53448275862069,1,23.0,9.0,8,0.875,0.25
3550,USA,Education,Medium,Basic,50,1,20,5.15,7,66.14285714285714,2.5714285714285716,3,0.3333333333333333,0.3333333333333333
3551,UK,Finance,Medium,Basic,50,0,116,32.33620689655172,2,31.0,9.0,12,0.6666666666666666,0.75
3552,Canada,Retail,Enterprise,Basic,50,0,106,35.5,1,25.0,6.0,7,0.7142857142857143,0.7142857142857143
3553,Germany,Healthcare,Small,Basic,50,0,120,34.141666666666666,4,17.25,8.0,5,1.0,0.6
3554,India,SaaS,Enterprise,Basic,50,0,95,32.473684210526315,2,27.5,9.0,10,0.6,0.3
3555,India,SaaS,Enterprise,Enterprise,500,0,99,33.90909090909091,4,25.75,8.0,12,0.9166666666666666,0.75
3556,India,Retail,Small,Enterprise,500,0,79,33.08860759493671,3,29.333333333333332,7.0,9,0.7777777777777778,0.7777777777777778
3557,Canada,Retail,Medium,Basic,50,1,7,5.142857142857143,7,96.0,2.857142857142857,2,0.0,0.0
3558,Canada,SaaS,Medium,Enterprise,500,0,103,33.36893203883495,1,10.0,7.0,10,0.7,0.8
3559,Germany,Retail,Enterprise,Enterprise,500,0,86,33.04651162790697,0,,,9,0.8888888888888888,0.7777777777777778
3560,USA,Retail,Medium,Basic,50,0,53,31.39622641509434,4,25.25,6.25,6,0.6666666666666666,0.3333333333333333
3561,Canada,Healthcare,Enterprise,Enterprise,500,0,74,36.2972972972973,0,,,10,0.8,0.6
3562,UK,Education,Enterprise,Pro,150,0,114,35.1578947368421,2,36.5,7.5,6,0.8333333333333334,0.5
3563,Canada,SaaS,Small,Pro,150,0,52,38.32692307692308,1,45.0,9.0,8,0.875,0.25
3564,Germany,SaaS,Medium,Basic,50,0,59,33.11864406779661,3,26.0,6.666666666666667,6,1.0,0.16666666666666666
3565,Canada,Retail,Small,Enterprise,500,0,48,33.625,2,21.0,8.5,12,0.75,0.75
3566,Germany,SaaS,Medium,Pro,150,1,19,4.105263157894737,4,51.25,2.25,4,0.5,0.0
3567,Canada,Healthcare,Small,Enterprise,500,0,89,36.48314606741573,3,34.666666666666664,7.333333333333333,14,0.9285714285714286,0.5714285714285714
3568,UK,Healthcare,Enterprise,Pro,150,1,18,4.444444444444445,7,86.57142857142857,3.7142857142857144,1,0.0,0.0
3569,USA,SaaS,Medium,Basic,50,1,17,3.411764705882353,7,78.28571428571429,3.0,2,0.5,0.0
3570,USA,Healthcare,Medium,Pro,150,0,85,32.37647058823529,2,12.0,7.5,10,0.9,0.7
3571,Germany,Finance,Small,Basic,50,0,85,36.07058823529412,4,19.25,6.75,5,0.8,1.0
3572,India,Retail,Enterprise,Pro,150,0,90,34.01111111111111,0,,,5,0.6,0.8
3573,USA,Healthcare,Enterprise,Basic,50,0,85,34.38823529411765,2,17.5,8.5,15,0.7333333333333333,0.5333333333333333
3574,Germany,SaaS,Enterprise,Basic,50,1,6,5.5,8,59.875,3.125,3,0.3333333333333333,0.0
3575,India,Healthcare,Enterprise,Basic,50,0,55,36.41818181818182,1,38.0,6.0,13,0.9230769230769231,0.6923076923076923
3576,Canada,SaaS,Enterprise,Basic,50,1,15,5.133333333333334,3,90.66666666666667,3.0,3,0.0,0.0
3577,India,Retail,Enterprise,Basic,50,0,46,36.369565217391305,4,22.25,8.0,7,0.8571428571428571,0.7142857142857143
3578,Germany,Education,Medium,Enterprise,500,0,112,33.732142857142854,2,37.5,7.5,11,0.9090909090909091,0.45454545454545453
3579,UK,Healthcare,Medium,Basic,50,0,91,35.97802197802198,2,25.5,7.5,10,0.9,0.7
3580,USA,Finance,Small,Enterprise,500,0,109,33.706422018348626,4,23.75,7.5,10,1.0,0.4
3581,USA,SaaS,Medium,Basic,50,0,96,32.510416666666664,3,12.666666666666666,7.666666666666667,8,0.875,0.375
3582,Canada,Healthcare,Enterprise,Pro,150,0,53,35.660377358490564,2,35.0,9.0,13,0.6923076923076923,0.7692307692307693
3583,USA,Education,Medium,Basic,50,0,90,33.53333333333333,0,,,5,0.6,0.6
3584,UK,Finance,Medium,Basic,50,1,5,4.0,3,81.33333333333333,2.3333333333333335,2,0.0,0.5
3585,Canada,SaaS,Medium,Basic,50,1,14,4.857142857142857,10,63.0,2.7,4,0.25,0.0
3586,USA,Education,Enterprise,Pro,150,0,41,37.75609756097561,4,28.25,6.75,10,0.9,0.6
3587,UK,Retail,Medium,Basic,50,0,75,36.54666666666667,1,14.0,7.0,11,0.7272727272727273,0.2727272727272727
3588,India,Finance,Enterprise,Basic,50,0,118,37.21186440677966,0,,,15,0.8666666666666667,0.7333333333333333
3589,UK,Education,Enterprise,Basic,50,1,6,5.333333333333333,9,63.22222222222222,3.111111111111111,4,0.75,0.25
3590,Canada,Education,Small,Basic,50,1,16,4.875,7,76.85714285714286,2.7142857142857144,4,0.25,0.25
3591,USA,Retail,Small,Basic,50,1,18,4.777777777777778,8,62.625,3.0,1,0.0,0.0
3592,Canada,Retail,Medium,Basic,50,0,79,35.860759493670884,3,19.0,7.333333333333333,10,0.8,0.6
3593,UK,Finance,Small,Pro,150,0,116,33.939655172413794,0,,,14,0.9285714285714286,0.8571428571428571
3594,Germany,Retail,Small,Basic,50,0,54,34.46296296296296,0,,,9,0.6666666666666666,0.4444444444444444
3595,Canada,Finance,Small,Basic,50,0,50,36.6,1,27.0,8.0,9,0.8888888888888888,0.4444444444444444
3596,USA,Education,Medium,Basic,50,0,114,36.271929824561404,1,32.0,9.0,9,0.4444444444444444,0.6666666666666666
3597,India,Education,Enterprise,Basic,50,0,98,35.45918367346939,2,12.5,7.5,12,0.8333333333333334,0.5833333333333334
3598,USA,Finance,Enterprise,Basic,50,0,102,36.1764705882353,3,20.0,7.666666666666667,8,0.75,0.75
3599,Canada,Retail,Enterprise,Basic,50,0,84,33.30952380952381,1,32.0,6.0,8,0.75,0.75
3600,UK,Retail,Medium,Enterprise,500,0,106,36.22641509433962,4,17.75,8.0,15,0.8,0.7333333333333333
3601,Germany,SaaS,Medium,Basic,50,0,48,33.1875,0,,,7,1.0,0.5714285714285714
3602,UK,Healthcare,Enterprise,Basic,50,0,63,35.03174603174603,2,16.0,6.5,10,0.7,0.5
3603,UK,SaaS,Small,Pro,150,1,19,4.684210526315789,8,63.625,3.125,4,0.0,0.0
3604,Germany,Retail,Medium,Basic,50,1,7,5.428571428571429,4,72.25,1.5,5,0.2,0.0
3605,UK,SaaS,Enterprise,Enterprise,500,0,61,32.98360655737705,0,,,12,0.8333333333333334,0.6666666666666666
3606,Germany,Finance,Medium,Basic,50,0,108,33.68518518518518,1,34.0,9.0,14,0.5714285714285714,0.7857142857142857
3607,Germany,Finance,Medium,Basic,50,1,19,4.631578947368421,3,78.0,4.666666666666667,4,0.25,0.0
3608,Germany,SaaS,Enterprise,Basic,50,0,94,34.851063829787236,2,20.0,6.5,11,0.8181818181818182,0.5454545454545454
3609,India,Finance,Enterprise,Enterprise,500,0,69,33.88405797101449,1,1.0,6.0,15,0.8,0.4666666666666667
3610,UK,Education,Medium,Basic,50,0,91,33.010989010989015,1,40.0,8.0,6,1.0,0.8333333333333334
3611,USA,Healthcare,Medium,Basic,50,1,8,5.375,5,79.6,3.8,1,1.0,0.0
3612,Canada,SaaS,Enterprise,Basic,50,1,17,4.117647058823529,5,43.2,3.4,2,0.0,0.0
3613,India,Retail,Enterprise,Enterprise,500,0,91,33.76923076923077,1,13.0,7.0,7,0.7142857142857143,0.8571428571428571
3614,UK,Education,Small,Basic,50,0,63,35.42857142857143,2,17.5,7.5,6,1.0,0.8333333333333334
3615,Germany,Retail,Medium,Basic,50,0,116,34.922413793103445,2,36.0,9.0,14,0.8571428571428571,0.5
3616,UK,Healthcare,Small,Enterprise,500,0,102,34.029411764705884,3,31.666666666666668,6.666666666666667,6,1.0,0.8333333333333334
3617,UK,SaaS,Medium,Basic,50,0,46,35.56521739130435,2,31.5,6.5,8,0.875,0.75
3618,Canada,SaaS,Enterprise,Basic,50,0,68,34.411764705882355,2,26.0,8.5,8,0.875,0.875
3619,UK,Retail,Medium,Enterprise,500,0,87,35.4367816091954,3,24.0,9.0,9,0.6666666666666666,0.5555555555555556
3620,UK,SaaS,Small,Basic,50,1,12,5.333333333333333,3,88.0,3.3333333333333335,1,1.0,0.0
3621,India,Retail,Small,Basic,50,0,56,35.05357142857143,4,20.25,8.0,9,0.7777777777777778,0.6666666666666666
3622,USA,SaaS,Enterprise,Basic,50,1,10,4.3,8,59.5,2.25,2,0.0,0.0
3623,India,Education,Medium,Pro,150,1,8,5.0,7,75.71428571428571,3.857142857142857,5,0.2,0.0
3624,UK,Retail,Small,Basic,50,1,20,5.85,3,65.33333333333333,2.3333333333333335,5,0.2,0.0
3625,USA,SaaS,Small,Pro,150,0,61,35.91803278688525,1,36.0,9.0,5,0.8,0.2
3626,Germany,Retail,Medium,Basic,50,1,19,4.894736842105263,5,68.6,3.4,1,0.0,0.0
3627,Canada,Healthcare,Enterprise,Basic,50,0,118,36.66949152542373,3,17.333333333333332,6.666666666666667,8,0.625,0.75
3628,Germany,SaaS,Medium,Basic,50,1,9,6.333333333333333,8,75.25,4.125,4,0.25,0.5
3629,Germany,Finance,Enterprise,Pro,150,0,113,36.3716814159292,2,34.5,6.0,12,0.9166666666666666,0.4166666666666667
3630,Germany,Finance,Small,Basic,50,0,84,32.23809523809524,0,,,11,0.7272727272727273,0.7272727272727273
3631,USA,SaaS,Small,Basic,50,1,11,5.181818181818182,5,75.8,3.2,4,0.5,0.0
3632,USA,Retail,Enterprise,Enterprise,500,0,84,33.654761904761905,1,42.0,7.0,14,0.7857142857142857,0.7142857142857143
3633,Canada,Healthcare,Small,Basic,50,1,8,3.875,10,74.6,2.8,2,0.5,0.0
3634,Canada,Education,Enterprise,Basic,50,0,82,32.80487804878049,2,25.5,7.0,10,0.8,0.6
3635,Germany,Finance,Enterprise,Basic,50,0,48,36.6875,4,30.5,7.75,6,0.6666666666666666,0.6666666666666666
3636,USA,Education,Small,Pro,150,0,77,35.83116883116883,2,33.0,7.0,12,0.9166666666666666,0.5833333333333334
3637,Germany,Retail,Enterprise,Enterprise,500,0,95,35.03157894736842,4,25.5,7.75,10,0.9,0.7
3638,Germany,Finance,Enterprise,Pro,150,0,61,38.50819672131148,4,23.5,8.0,13,0.6923076923076923,0.5384615384615384
3639,UK,SaaS,Medium,Pro,150,0,85,33.77647058823529,4,15.75,7.5,9,0.8888888888888888,0.6666666666666666
3640,USA,Education,Small,Basic,50,0,85,35.51764705882353,4,29.5,7.25,6,0.8333333333333334,0.5
3641,Germany,SaaS,Medium,Basic,50,1,13,5.6923076923076925,8,64.125,3.0,2,0.0,0.0
3642,Canada,Education,Enterprise,Basic,50,0,59,35.186440677966104,3,21.333333333333332,7.0,5,0.8,0.6
3643,Germany,SaaS,Enterprise,Basic,50,1,13,4.153846153846154,6,81.83333333333333,3.0,2,0.5,0.0
3644,Canada,Education,Enterprise,Pro,150,0,75,32.906666666666666,1,4.0,8.0,8,0.75,0.125
3645,USA,Healthcare,Enterprise,Basic,50,0,118,33.19491525423729,0,,,14,0.5714285714285714,0.5714285714285714
3646,USA,Healthcare,Enterprise,Basic,50,0,107,36.046728971962615,1,2.0,7.0,11,0.7272727272727273,0.45454545454545453
3647,UK,SaaS,Enterprise,Basic,50,1,10,5.2,8,80.625,2.5,1,0.0,0.0
3648,Germany,Finance,Small,Basic,50,1,13,4.615384615384615,9,81.11111111111111,2.4444444444444446,3,0.3333333333333333,0.0
3649,USA,Healthcare,Enterprise,Basic,50,0,103,34.86407766990291,3,32.333333333333336,8.0,14,0.7142857142857143,0.7857142857142857
3650,UK,Healthcare,Small,Basic,50,0,104,34.14423076923077,3,28.666666666666668,9.0,5,0.8,0.8
3651,Canada,Finance,Small,Pro,150,0,59,37.11864406779661,3,27.333333333333332,7.666666666666667,10,0.9,0.4
3652,USA,SaaS,Enterprise,Pro,150,0,109,35.08256880733945,0,,,9,1.0,0.5555555555555556
3653,India,Finance,Enterprise,Basic,50,0,66,34.57575757575758,2,37.5,7.0,9,0.8888888888888888,0.5555555555555556
3654,UK,Retail,Enterprise,Enterprise,500,0,81,37.666666666666664,4,15.75,7.5,13,0.7692307692307693,0.6923076923076923
3655,USA,Healthcare,Medium,Pro,150,0,54,34.48148148148148,1,19.0,8.0,14,0.7857142857142857,0.7857142857142857
3656,USA,Education,Medium,Pro,150,0,104,34.0,2,23.5,8.0,9,0.7777777777777778,0.4444444444444444
3657,Canada,Retail,Small,Basic,50,1,16,4.8125,3,67.0,1.6666666666666667,2,0.5,0.0
3658,Canada,Retail,Enterprise,Basic,50,1,13,5.153846153846154,4,59.75,2.5,2,0.5,0.0
3659,India,Education,Medium,Pro,150,0,74,34.95945945945946,1,27.0,7.0,10,0.9,0.8
3660,Canada,Education,Enterprise,Basic,50,0,58,35.43103448275862,1,12.0,9.0,10,0.6,0.5
3661,UK,SaaS,Enterprise,Basic,50,0,105,37.31428571428572,3,22.0,6.666666666666667,13,0.8461538461538461,0.6923076923076923
3662,USA,Healthcare,Small,Pro,150,1,6,5.666666666666667,5,66.4,3.2,1,1.0,0.0
3663,UK,Healthcare,Medium,Pro,150,0,67,32.80597014925373,3,16.333333333333332,8.333333333333334,14,0.7142857142857143,0.6428571428571429
3664,UK,Healthcare,Enterprise,Pro,150,1,7,5.428571428571429,5,62.6,2.4,2,0.5,0.0
3665,Canada,Healthcare,Enterprise,Pro,150,0,78,37.35897435897436,3,30.333333333333332,6.333333333333333,7,0.8571428571428571,0.8571428571428571
3666,India,Finance,Small,Basic,50,0,94,33.52127659574468,0,,,13,0.9230769230769231,0.6153846153846154
3667,Canada,Retail,Small,Basic,50,0,83,33.626506024096386,3,27.333333333333332,7.0,9,1.0,0.7777777777777778
3668,Canada,Finance,Medium,Basic,50,1,11,5.545454545454546,5,77.0,3.8,1,0.0,0.0
3669,Germany,Healthcare,Medium,Basic,50,1,13,4.0,3,71.66666666666667,4.0,5,0.4,0.2
3670,Germany,SaaS,Medium,Pro,150,0,91,31.516483516483518,3,23.666666666666668,8.666666666666666,13,0.6153846153846154,0.46153846153846156
3671,Germany,Healthcare,Enterprise,Basic,50,0,100,32.6,3,20.333333333333332,8.0,11,0.8181818181818182,0.5454545454545454
3672,UK,SaaS,Enterprise,Pro,150,0,41,31.658536585365855,0,,,6,0.8333333333333334,0.6666666666666666
3673,India,Healthcare,Enterprise,Basic,50,1,16,3.625,10,78.3,3.0,3,0.3333333333333333,0.0
3674,India,Education,Enterprise,Basic,50,0,87,33.88505747126437,4,22.5,7.75,5,1.0,0.4
3675,Canada,Education,Small,Enterprise,500,0,63,33.3968253968254,0,,,7,0.8571428571428571,0.2857142857142857
3676,Germany,Healthcare,Medium,Pro,150,0,95,35.189473684210526,2,13.5,6.5,13,0.7692307692307693,0.46153846153846156
3677,Germany,Retail,Small,Basic,50,1,7,7.428571428571429,7,61.0,2.7142857142857144,4,0.5,0.0
3678,Canada,Healthcare,Small,Basic,50,1,13,4.769230769230769,10,64.6,2.3,5,0.6,0.0
3679,India,SaaS,Enterprise,Basic,50,1,11,4.545454545454546,7,81.14285714285714,3.4285714285714284,2,0.0,0.0
3680,USA,Education,Medium,Enterprise,500,0,69,32.65217391304348,1,15.0,7.0,14,0.9285714285714286,0.5714285714285714
3681,USA,Finance,Enterprise,Basic,50,1,10,5.8,8,79.125,3.625,5,0.0,0.0
3682,USA,Finance,Medium,Pro,150,1,7,5.0,4,75.5,3.25,3,0.3333333333333333,0.3333333333333333
3683,India,Healthcare,Small,Basic,50,0,50,35.5,3,13.333333333333334,8.0,8,0.875,0.125
3684,India,SaaS,Small,Basic,50,0,60,32.85,4,14.25,7.25,5,0.6,0.6
3685,Germany,Healthcare,Medium,Basic,50,0,83,34.397590361445786,3,32.666666666666664,7.0,12,1.0,0.5833333333333334
3686,USA,SaaS,Small,Pro,150,1,18,5.388888888888889,10,76.9,2.6,3,0.3333333333333333,0.0
3687,Canada,Finance,Enterprise,Pro,150,0,114,36.85087719298246,2,41.0,7.0,9,0.7777777777777778,0.8888888888888888
3688,Germany,SaaS,Enterprise,Pro,150,0,85,35.48235294117647,4,40.0,7.5,7,1.0,0.2857142857142857
3689,India,Education,Medium,Basic,50,0,110,34.32727272727273,4,21.0,8.75,15,1.0,0.6666666666666666
3690,Canada,Finance,Enterprise,Basic,50,1,8,5.875,7,77.28571428571429,2.7142857142857144,2,0.0,0.0
3691,USA,SaaS,Small,Basic,50,0,94,34.06382978723404,0,,,10,0.8,0.8
3692,India,Retail,Small,Enterprise,500,0,103,33.42718446601942,3,18.333333333333332,8.0,5,0.8,0.6
3693,India,Education,Enterprise,Enterprise,500,0,119,34.66386554621849,2,25.0,7.5,7,0.7142857142857143,0.8571428571428571
3694,Canada,Retail,Medium,Pro,150,0,48,32.541666666666664,4,17.75,7.5,10,0.9,0.6
3695,Canada,Healthcare,Medium,Basic,50,0,79,36.037974683544306,2,28.5,8.0,11,0.8181818181818182,0.9090909090909091
3696,USA,Education,Enterprise,Basic,50,0,104,34.51923076923077,1,26.0,9.0,5,0.8,0.6
3697,UK,Healthcare,Small,Basic,50,0,77,34.96103896103896,2,7.5,7.5,7,0.8571428571428571,0.7142857142857143
3698,Germany,Education,Enterprise,Basic,50,0,76,37.6578947368421,1,15.0,6.0,14,0.8571428571428571,0.5714285714285714
3699,India,SaaS,Enterprise,Basic,50,0,46,33.630434782608695,4,28.5,7.75,11,0.6363636363636364,0.5454545454545454
3700,India,Healthcare,Enterprise,Basic,50,0,91,35.45054945054945,1,15.0,6.0,9,0.7777777777777778,0.4444444444444444
3701,Canada,Retail,Enterprise,Basic,50,0,118,33.398305084745765,2,36.5,8.0,7,0.7142857142857143,0.5714285714285714
3702,Germany,Healthcare,Medium,Basic,50,0,56,34.410714285714285,3,23.0,6.333333333333333,8,0.875,0.875
3703,India,Retail,Enterprise,Pro,150,0,86,35.651162790697676,1,17.0,9.0,12,1.0,0.75
3704,India,Finance,Medium,Pro,150,0,106,35.660377358490564,2,22.0,7.5,12,0.5833333333333334,0.5
3705,Canada,Healthcare,Medium,Pro,150,1,5,6.0,8,67.625,3.125,2,0.0,0.0
3706,USA,Finance,Medium,Pro,150,1,16,4.0625,7,62.285714285714285,2.7142857142857144,1,0.0,0.0
3707,India,SaaS,Enterprise,Pro,150,0,107,33.23364485981308,4,19.75,7.25,9,0.7777777777777778,0.5555555555555556
3708,USA,SaaS,Enterprise,Basic,50,1,14,4.5,3,89.33333333333333,2.3333333333333335,1,0.0,0.0
3709,UK,SaaS,Small,Pro,150,0,53,35.75471698113208,2,20.0,8.0,14,0.7142857142857143,0.5714285714285714
3710,Canada,SaaS,Small,Basic,50,0,64,33.078125,3,30.333333333333332,7.0,11,0.7272727272727273,0.6363636363636364
3711,India,Education,Medium,Basic,50,0,40,37.325,4,28.0,6.75,5,0.4,0.6
3712,USA,Retail,Enterprise,Basic,50,0,81,34.666666666666664,2,32.0,7.5,15,0.7333333333333333,0.6666666666666666
3713,Canada,Healthcare,Medium,Basic,50,0,104,33.75961538461539,4,30.5,7.0,11,0.8181818181818182,0.5454545454545454
3714,Germany,Education,Enterprise,Pro,150,0,82,33.59756097560975,2,38.0,7.0,14,0.7142857142857143,0.5
3715,Canada,SaaS,Medium,Basic,50,0,105,37.75238095238095,4,25.0,7.25,12,0.8333333333333334,0.6666666666666666
3716,USA,Education,Small,Basic,50,0,113,35.49557522123894,3,28.666666666666668,7.0,11,1.0,0.6363636363636364
3717,USA,Retail,Enterprise,Basic,50,0,85,36.76470588235294,1,33.0,8.0,11,0.8181818181818182,0.7272727272727273
3718,Canada,Finance,Small,Basic,50,1,16,4.375,5,67.8,2.0,3,0.3333333333333333,0.0
3719,Canada,Education,Small,Basic,50,1,15,4.933333333333334,3,54.333333333333336,2.0,3,0.3333333333333333,0.3333333333333333
3720,Canada,Retail,Small,Basic,50,1,16,5.8125,10,73.2,2.9,4,0.25,0.25
3721,Canada,Healthcare,Small,Pro,150,1,18,4.888888888888889,6,66.83333333333333,3.1666666666666665,1,0.0,1.0
3722,USA,Finance,Small,Basic,50,0,40,32.45,3,26.333333333333332,7.0,12,0.9166666666666666,0.75
3723,Canada,Finance,Small,Basic,50,1,16,4.875,6,88.0,2.3333333333333335,3,0.0,0.0
3724,Germany,Retail,Medium,Basic,50,0,54,30.72222222222222,0,,,7,0.7142857142857143,0.5714285714285714
3725,UK,Finance,Small,Basic,50,0,104,33.49038461538461,2,28.0,7.0,12,0.75,0.5833333333333334
3726,India,Healthcare,Enterprise,Basic,50,0,59,30.152542372881356,4,23.5,6.75,15,0.8,0.5333333333333333
3727,USA,Finance,Medium,Basic,50,1,19,6.0,10,67.7,3.2,3,1.0,0.0
3728,Germany,Finance,Medium,Pro,150,0,69,35.072463768115945,1,6.0,6.0,5,0.6,0.8
3729,UK,SaaS,Enterprise,Basic,50,1,17,5.470588235294118,4,81.0,4.0,1,1.0,0.0
3730,Canada,Retail,Small,Basic,50,0,54,32.22222222222222,3,27.333333333333332,7.333333333333333,5,0.6,0.6
3731,India,Education,Small,Basic,50,0,114,34.73684210526316,0,,,5,0.2,0.2
3732,Germany,Education,Medium,Pro,150,0,74,37.25675675675676,4,30.5,7.0,13,0.7692307692307693,0.38461538461538464
3733,USA,Finance,Small,Basic,50,0,83,34.16867469879518,4,19.25,7.0,6,0.8333333333333334,0.5
3734,Canada,Retail,Medium,Enterprise,500,0,105,37.25714285714286,3,23.666666666666668,7.333333333333333,7,0.8571428571428571,0.42857142857142855
3735,India,Finance,Small,Pro,150,0,62,37.82258064516129,1,27.0,9.0,14,0.8571428571428571,0.5
3736,USA,Finance,Enterprise,Pro,150,1,6,4.833333333333333,10,69.0,2.5,4,0.25,0.25
3737,UK,Retail,Medium,Pro,150,0,60,34.083333333333336,1,9.0,6.0,11,0.9090909090909091,0.36363636363636365
3738,USA,SaaS,Medium,Pro,150,0,58,36.206896551724135,3,20.666666666666668,6.333333333333333,11,0.9090909090909091,0.45454545454545453
3739,Germany,Healthcare,Small,Pro,150,0,61,34.80327868852459,1,22.0,8.0,11,1.0,0.45454545454545453
3740,Canada,Education,Small,Basic,50,0,48,34.5,1,22.0,8.0,10,0.8,0.4
3741,Germany,SaaS,Medium,Basic,50,1,17,4.588235294117647,5,81.6,3.0,5,0.2,0.4
3742,USA,Healthcare,Enterprise,Basic,50,0,89,33.47191011235955,3,10.333333333333334,8.333333333333334,6,1.0,0.6666666666666666
3743,India,Healthcare,Medium,Basic,50,0,102,33.94117647058823,4,21.75,7.75,7,0.7142857142857143,0.42857142857142855
3744,Germany,Finance,Medium,Pro,150,0,59,35.28813559322034,4,23.75,7.25,14,0.8571428571428571,0.35714285714285715
3745,India,Retail,Small,Basic,50,1,9,6.666666666666667,5,50.2,3.6,3,0.3333333333333333,0.0
3746,Canada,Finance,Small,Basic,50,1,10,4.7,3,97.0,4.0,4,0.5,0.0
3747,Germany,Retail,Small,Enterprise,500,0,120,34.25,4,18.75,8.25,15,0.8,0.5333333333333333
3748,UK,Finance,Enterprise,Basic,50,0,79,33.77215189873418,2,12.0,8.0,12,0.8333333333333334,0.5833333333333334
3749,Germany,SaaS,Medium,Basic,50,0,51,38.96078431372549,0,,,9,0.8888888888888888,0.3333333333333333
3750,UK,SaaS,Small,Basic,50,0,93,36.70967741935484,4,15.0,7.0,14,0.9285714285714286,0.5714285714285714
3751,India,SaaS,Small,Basic,50,0,110,33.64545454545455,3,37.0,8.333333333333334,12,0.9166666666666666,0.8333333333333334
3752,Germany,Retail,Enterprise,Pro,150,0,67,34.64179104477612,2,18.5,7.0,12,0.8333333333333334,0.5833333333333334
3753,India,SaaS,Small,Basic,50,0,47,33.93617021276596,0,,,10,0.9,0.7
3754,UK,Retail,Enterprise,Pro,150,0,87,33.02298850574713,2,13.0,9.0,8,0.75,0.625
3755,India,SaaS,Medium,Pro,150,0,69,32.05797101449275,4,17.75,7.25,11,0.7272727272727273,0.36363636363636365
3756,Germany,Education,Medium,Basic,50,0,60,34.03333333333333,0,,,12,0.75,0.6666666666666666
3757,UK,Finance,Medium,Pro,150,0,42,35.95238095238095,0,,,5,1.0,0.8
3758,Canada,Retail,Small,Basic,50,1,17,4.823529411764706,5,64.8,3.0,3,0.0,0.0
3759,USA,SaaS,Small,Basic,50,0,86,34.395348837209305,2,34.5,8.5,5,1.0,0.4
3760,UK,Healthcare,Medium,Pro,150,0,97,33.391752577319586,2,45.5,7.5,13,0.9230769230769231,0.6153846153846154
3761,Canada,SaaS,Enterprise,Basic,50,0,97,34.97938144329897,3,13.666666666666666,8.333333333333334,7,0.8571428571428571,0.5714285714285714
3762,UK,SaaS,Enterprise,Basic,50,0,71,35.098591549295776,2,31.0,7.0,9,0.5555555555555556,0.6666666666666666
3763,India,Retail,Enterprise,Enterprise,500,0,79,34.0253164556962,0,,,8,0.625,0.625
3764,USA,Retail,Medium,Basic,50,1,17,4.529411764705882,10,61.8,3.4,3,0.6666666666666666,0.0
3765,India,Finance,Medium,Pro,150,0,85,35.1764705882353,2,26.0,6.5,14,0.9285714285714286,0.5
3766,USA,Retail,Small,Basic,50,0,92,34.08695652173913,4,27.25,8.0,11,0.8181818181818182,0.45454545454545453
3767,Canada,Healthcare,Enterprise,Basic,50,1,7,5.571428571428571,7,85.0,3.7142857142857144,2,0.5,0.0
3768,Canada,Healthcare,Small,Pro,150,0,66,32.86363636363637,2,40.0,6.5,8,0.375,0.5
3769,India,SaaS,Medium,Basic,50,0,107,35.93457943925234,4,22.75,6.5,10,0.9,0.8
3770,UK,Retail,Small,Basic,50,0,85,34.27058823529412,3,24.333333333333332,8.0,5,0.8,0.8
3771,Germany,SaaS,Enterprise,Pro,150,0,72,35.736111111111114,1,35.0,6.0,5,0.8,0.4
3772,Canada,Education,Small,Basic,50,0,58,33.275862068965516,4,14.75,7.5,7,1.0,0.7142857142857143
3773,UK,Education,Enterprise,Basic,50,0,53,29.18867924528302,1,24.0,8.0,5,1.0,1.0
3774,UK,Healthcare,Small,Pro,150,0,98,33.36734693877551,1,40.0,7.0,6,1.0,0.8333333333333334
3775,UK,Retail,Small,Enterprise,500,0,43,31.72093023255814,2,2.5,6.5,13,0.9230769230769231,0.46153846153846156
3776,India,Healthcare,Small,Basic,50,0,91,35.879120879120876,0,,,11,0.9090909090909091,0.45454545454545453
3777,Germany,SaaS,Enterprise,Pro,150,0,52,35.92307692307692,2,35.0,7.5,6,0.5,0.6666666666666666
3778,UK,SaaS,Small,Basic,50,1,18,4.777777777777778,9,68.66666666666667,2.111111111111111,5,0.4,0.0
3779,Germany,Retail,Enterprise,Basic,50,0,109,33.38532110091743,4,16.0,7.25,15,0.8666666666666667,0.6666666666666666
3780,India,Healthcare,Small,Basic,50,1,11,5.818181818181818,5,60.4,3.4,2,0.0,0.0
3781,India,Retail,Medium,Enterprise,500,0,77,35.8051948051948,0,,,15,0.7333333333333333,0.6
3782,USA,Education,Medium,Basic,50,1,13,4.846153846153846,4,70.25,3.75,1,0.0,0.0
3783,USA,Finance,Small,Pro,150,0,115,37.80869565217391,1,25.0,6.0,6,0.6666666666666666,0.6666666666666666
3784,India,Finance,Medium,Basic,50,0,103,34.48543689320388,2,33.5,7.0,5,0.8,0.6
3785,India,Retail,Small,Basic,50,1,12,4.5,4,90.25,2.0,1,0.0,1.0
3786,India,SaaS,Small,Basic,50,0,53,34.132075471698116,3,25.333333333333332,6.333333333333333,14,0.7857142857142857,0.5714285714285714
3787,USA,SaaS,Small,Basic,50,1,15,5.733333333333333,6,69.16666666666667,3.0,1,1.0,0.0
3788,India,Healthcare,Medium,Basic,50,1,17,5.0588235294117645,4,69.0,2.25,5,0.4,0.0
3789,Germany,Finance,Enterprise,Pro,150,0,113,33.415929203539825,4,27.25,7.25,8,0.625,0.75
3790,USA,Retail,Small,Basic,50,0,98,36.316326530612244,0,,,7,0.8571428571428571,0.5714285714285714
3791,India,Retail,Medium,Basic,50,0,99,35.04040404040404,3,30.0,8.666666666666666,9,0.7777777777777778,0.6666666666666666
3792,India,Finance,Small,Basic,50,0,110,35.89090909090909,1,28.0,6.0,13,0.8461538461538461,0.8461538461538461
3793,USA,SaaS,Enterprise,Basic,50,1,14,5.0,5,65.4,2.4,4,0.25,0.0
3794,Canada,Healthcare,Medium,Basic,50,1,13,5.230769230769231,10,65.2,3.0,1,1.0,0.0
3795,India,Finance,Enterprise,Basic,50,0,53,31.49056603773585,0,,,7,1.0,0.5714285714285714
3796,Canada,Education,Enterprise,Basic,50,0,108,32.611111111111114,1,36.0,8.0,10,0.9,0.8
3797,India,Healthcare,Enterprise,Pro,150,0,60,36.1,2,30.5,7.5,15,0.7333333333333333,0.5333333333333333
3798,India,Healthcare,Enterprise,Basic,50,1,14,5.428571428571429,6,52.333333333333336,2.5,3,0.0,0.3333333333333333
3799,Germany,SaaS,Small,Basic,50,1,11,4.545454545454546,3,59.333333333333336,2.3333333333333335,5,0.4,0.0
3800,UK,Education,Small,Pro,150,0,81,31.82716049382716,1,34.0,9.0,14,0.8571428571428571,0.42857142857142855
3801,USA,Education,Enterprise,Basic,50,1,6,5.333333333333333,4,82.25,2.5,1,0.0,0.0
3802,UK,Healthcare,Enterprise,Basic,50,0,104,36.64423076923077,0,,,12,0.9166666666666666,0.5
3803,Germany,SaaS,Small,Basic,50,0,49,35.734693877551024,4,12.5,7.25,6,0.3333333333333333,0.6666666666666666
3804,Canada,Education,Medium,Basic,50,0,55,33.58181818181818,2,14.5,7.0,5,0.6,0.6
3805,India,Retail,Small,Pro,150,0,59,35.271186440677965,4,28.5,8.0,6,0.8333333333333334,0.5
3806,Canada,Healthcare,Small,Enterprise,500,0,54,34.388888888888886,1,31.0,7.0,14,0.8571428571428571,0.6428571428571429
3807,UK,Healthcare,Medium,Basic,50,0,88,35.01136363636363,4,23.0,7.25,14,0.7142857142857143,0.42857142857142855
3808,Canada,Finance,Enterprise,Enterprise,500,0,64,37.125,4,24.0,7.0,11,0.8181818181818182,0.45454545454545453
3809,India,Finance,Medium,Enterprise,500,0,86,35.7093023255814,2,13.0,8.0,8,1.0,0.625
3810,USA,Retail,Small,Pro,150,1,20,5.0,7,64.0,3.4285714285714284,2,0.5,0.0
3811,Germany,Retail,Enterprise,Basic,50,0,63,35.92063492063492,4,23.5,8.5,13,0.7692307692307693,0.6923076923076923
3812,Canada,SaaS,Small,Basic,50,0,101,33.306930693069305,0,,,9,0.4444444444444444,0.7777777777777778
3813,Canada,Finance,Enterprise,Basic,50,0,99,34.7979797979798,1,26.0,6.0,5,0.8,1.0
3814,UK,Finance,Small,Pro,150,0,93,30.21505376344086,0,,,8,0.875,0.75
3815,Canada,SaaS,Enterprise,Basic,50,1,19,5.105263157894737,8,54.25,3.0,3,0.3333333333333333,0.0
3816,UK,Retail,Medium,Basic,50,1,13,4.615384615384615,7,68.71428571428571,2.5714285714285716,5,0.6,0.0
3817,Canada,Education,Small,Pro,150,0,100,32.52,1,9.0,8.0,9,0.5555555555555556,0.6666666666666666
3818,UK,Retail,Enterprise,Basic,50,0,73,35.6986301369863,1,45.0,7.0,15,0.8666666666666667,0.6666666666666666
3819,Germany,Education,Medium,Basic,50,1,10,4.6,7,62.42857142857143,3.7142857142857144,2,0.5,0.0
3820,Germany,Education,Medium,Basic,50,0,54,35.46296296296296,2,28.0,6.5,7,1.0,0.5714285714285714
3821,UK,Healthcare,Small,Enterprise,500,1,15,5.933333333333334,5,58.4,3.4,1,0.0,0.0
3822,UK,Education,Small,Basic,50,0,89,33.37078651685393,1,34.0,8.0,5,0.8,0.8
3823,Canada,SaaS,Enterprise,Pro,150,0,47,28.95744680851064,1,4.0,8.0,11,0.8181818181818182,0.36363636363636365
3824,Germany,Education,Enterprise,Pro,150,0,79,35.87341772151899,4,23.5,7.75,6,0.8333333333333334,0.8333333333333334
3825,Canada,Finance,Medium,Basic,50,0,81,33.80246913580247,2,32.5,8.0,13,0.8461538461538461,0.6153846153846154
3826,UK,Finance,Enterprise,Basic,50,0,109,35.12844036697248,3,24.333333333333332,7.0,15,0.7333333333333333,0.2
3827,India,Education,Small,Pro,150,1,10,5.2,7,66.71428571428571,3.857142857142857,5,0.4,0.2
3828,UK,Healthcare,Small,Basic,50,1,5,5.8,9,61.888888888888886,3.3333333333333335,2,0.0,0.5
3829,Canada,Healthcare,Medium,Enterprise,500,0,75,32.733333333333334,1,8.0,7.0,11,0.8181818181818182,0.8181818181818182
3830,USA,Healthcare,Medium,Pro,150,0,55,33.78181818181818,2,6.0,7.0,7,0.8571428571428571,0.5714285714285714
3831,UK,Finance,Small,Basic,50,0,95,34.90526315789474,1,37.0,9.0,11,0.7272727272727273,0.2727272727272727
3832,UK,Healthcare,Enterprise,Basic,50,0,103,35.05825242718446,2,14.0,6.0,8,0.75,0.5
3833,USA,SaaS,Enterprise,Basic,50,0,45,34.8,0,,,7,0.8571428571428571,0.5714285714285714
3834,India,Education,Medium,Basic,50,1,18,5.277777777777778,8,66.375,3.375,5,0.2,0.0
3835,India,SaaS,Enterprise,Enterprise,500,1,16,4.75,10,80.3,2.9,5,0.0,0.0
3836,Canada,Finance,Enterprise,Enterprise,500,0,115,33.11304347826087,3,25.666666666666668,8.0,7,0.8571428571428571,0.42857142857142855
3837,UK,Retail,Enterprise,Enterprise,500,0,102,34.61764705882353,3,17.666666666666668,6.666666666666667,8,0.5,0.5
3838,India,Finance,Small,Basic,50,0,116,34.775862068965516,4,18.75,7.5,8,0.625,0.5
3839,USA,Finance,Small,Enterprise,500,0,67,35.223880597014926,2,24.5,8.0,10,0.9,0.7
3840,India,Healthcare,Medium,Basic,50,0,86,34.52325581395349,2,32.0,6.5,7,1.0,0.5714285714285714
3841,USA,Education,Enterprise,Pro,150,0,118,33.38135593220339,0,,,14,0.9285714285714286,0.5714285714285714
3842,Canada,SaaS,Enterprise,Basic,50,0,111,32.21621621621622,3,23.333333333333332,7.0,8,1.0,0.625
3843,Germany,Finance,Enterprise,Basic,50,0,94,36.138297872340424,2,31.0,8.0,7,0.8571428571428571,0.5714285714285714
3844,Canada,Education,Small,Enterprise,500,0,76,35.76315789473684,1,30.0,7.0,12,0.8333333333333334,0.3333333333333333
3845,Germany,Healthcare,Medium,Pro,150,0,56,35.785714285714285,4,27.75,7.5,15,0.8666666666666667,0.6
3846,India,Healthcare,Enterprise,Basic,50,1,10,4.8,4,68.75,3.5,2,0.5,0.5
3847,Germany,Healthcare,Medium,Pro,150,0,46,36.69565217391305,4,22.0,8.5,15,1.0,0.6666666666666666
3848,UK,Retail,Medium,Basic,50,1,6,7.333333333333333,7,73.85714285714286,3.5714285714285716,3,0.3333333333333333,0.0
3849,UK,Retail,Small,Basic,50,0,64,38.328125,2,39.5,8.0,13,0.6923076923076923,0.6153846153846154
3850,Germany,Healthcare,Medium,Basic,50,1,12,5.416666666666667,6,61.166666666666664,3.6666666666666665,5,0.6,0.2
3851,UK,Healthcare,Small,Pro,150,0,61,35.32786885245902,2,27.5,7.0,8,0.875,0.75
3852,Canada,Retail,Enterprise,Pro,150,1,7,5.0,7,84.42857142857143,3.5714285714285716,4,0.75,0.25
3853,UK,Finance,Small,Basic,50,1,20,5.5,9,82.55555555555556,2.6666666666666665,4,0.5,0.25
3854,India,Healthcare,Small,Basic,50,0,64,33.21875,4,24.0,7.75,13,0.9230769230769231,0.6923076923076923
3855,Germany,Education,Small,Pro,150,0,113,34.23893805309734,4,25.0,8.0,14,0.8571428571428571,0.6428571428571429
3856,USA,Healthcare,Small,Pro,150,0,89,35.561797752808985,0,,,9,0.7777777777777778,0.6666666666666666
3857,Germany,Healthcare,Medium,Basic,50,1,7,5.857142857142857,4,59.5,3.5,1,0.0,0.0
3858,Germany,SaaS,Enterprise,Pro,150,1,7,4.714285714285714,5,76.2,2.6,2,0.0,0.0
3859,Canada,Healthcare,Enterprise,Basic,50,1,18,5.777777777777778,6,71.66666666666667,2.6666666666666665,3,0.0,0.0
3860,USA,Education,Small,Enterprise,500,1,11,6.0,5,58.2,3.4,2,0.5,0.0
3861,Germany,Retail,Small,Basic,50,1,7,4.0,8,74.5,3.125,3,0.0,0.0
3862,USA,SaaS,Enterprise,Basic,50,0,94,34.53191489361702,2,27.0,7.5,12,0.75,0.5
3863,USA,Healthcare,Small,Enterprise,500,0,100,35.78,3,23.333333333333332,7.0,11,0.9090909090909091,0.45454545454545453
3864,USA,Finance,Small,Pro,150,1,19,5.052631578947368,8,54.75,3.0,2,0.0,0.5
3865,Canada,SaaS,Small,Basic,50,0,104,35.21153846153846,3,26.0,8.333333333333334,10,0.7,0.6
3866,USA,Education,Enterprise,Pro,150,0,101,32.2970297029703,4,22.5,7.25,12,0.8333333333333334,0.6666666666666666
3867,India,SaaS,Small,Enterprise,500,0,67,38.67164179104478,1,11.0,6.0,11,0.6363636363636364,0.36363636363636365
3868,UK,Retail,Enterprise,Pro,150,0,118,33.016949152542374,1,14.0,8.0,6,0.8333333333333334,0.5
3869,Germany,Healthcare,Medium,Basic,50,0,63,34.111111111111114,1,33.0,8.0,14,0.7857142857142857,0.7142857142857143
3870,India,Retail,Small,Basic,50,1,9,4.888888888888889,3,52.0,3.3333333333333335,1,0.0,0.0
3871,UK,SaaS,Enterprise,Basic,50,0,92,36.21739130434783,1,27.0,7.0,13,0.7692307692307693,0.7692307692307693
3872,India,Education,Small,Basic,50,0,48,34.270833333333336,2,33.5,6.5,10,0.7,0.9
3873,USA,SaaS,Small,Basic,50,0,81,34.32098765432099,2,19.0,8.0,10,0.8,0.6
3874,Canada,Finance,Small,Basic,50,1,15,4.866666666666666,6,49.666666666666664,3.1666666666666665,1,0.0,0.0
3875,Canada,Retail,Small,Basic,50,1,13,5.538461538461538,6,90.5,2.0,1,0.0,0.0
3876,USA,Healthcare,Small,Basic,50,1,19,5.7894736842105265,3,84.33333333333333,3.6666666666666665,3,0.3333333333333333,0.0
3877,UK,Retail,Medium,Basic,50,0,75,34.24,1,45.0,6.0,8,0.875,0.375
3878,UK,Finance,Enterprise,Pro,150,0,99,33.77777777777778,0,,,6,1.0,0.8333333333333334
3879,India,Healthcare,Enterprise,Basic,50,1,20,5.1,10,64.7,1.8,5,0.2,0.2
3880,Germany,SaaS,Medium,Basic,50,0,115,31.695652173913043,4,33.25,7.25,14,0.9285714285714286,0.6428571428571429
3881,UK,SaaS,Small,Enterprise,500,0,48,38.125,1,20.0,8.0,15,0.8,0.5333333333333333
3882,USA,Finance,Medium,Pro,150,1,17,6.470588235294118,10,83.8,3.8,1,0.0,0.0
3883,USA,Education,Medium,Basic,50,0,42,35.023809523809526,2,16.5,8.0,5,1.0,0.6
3884,USA,Finance,Small,Basic,50,0,94,34.98936170212766,4,15.75,6.75,12,1.0,0.16666666666666666
3885,USA,Education,Small,Basic,50,0,94,33.734042553191486,3,20.0,7.333333333333333,5,0.6,1.0
3886,UK,Retail,Enterprise,Basic,50,1,14,3.7857142857142856,8,70.625,3.125,4,0.0,0.25
3887,India,Education,Small,Pro,150,0,90,35.36666666666667,0,,,13,0.7692307692307693,0.5384615384615384
3888,Germany,Healthcare,Enterprise,Pro,150,0,68,34.1764705882353,3,26.666666666666668,8.333333333333334,14,0.7857142857142857,0.7142857142857143
3889,India,Education,Medium,Enterprise,500,0,117,34.401709401709404,2,33.0,8.0,7,0.8571428571428571,0.14285714285714285
3890,India,SaaS,Medium,Basic,50,0,70,33.98571428571429,1,18.0,9.0,15,0.8666666666666667,0.7333333333333333
3891,Germany,Finance,Medium,Basic,50,0,117,34.324786324786324,4,32.5,7.5,14,0.7142857142857143,0.5714285714285714
3892,USA,SaaS,Small,Basic,50,1,20,4.95,5,66.2,3.6,4,0.0,0.25
3893,UK,Finance,Small,Enterprise,500,0,95,36.04210526315789,1,7.0,8.0,11,0.9090909090909091,0.7272727272727273
3894,Germany,Retail,Enterprise,Basic,50,0,113,34.92035398230089,2,15.5,8.5,8,0.875,0.5
3895,Germany,SaaS,Small,Basic,50,1,14,6.071428571428571,9,82.77777777777777,3.0,1,1.0,0.0
3896,Canada,Retail,Enterprise,Basic,50,1,20,4.9,8,80.25,3.125,5,0.6,0.0
3897,India,Healthcare,Small,Basic,50,0,97,36.70103092783505,2,23.0,6.5,12,0.75,0.5833333333333334
3898,India,Healthcare,Small,Basic,50,0,61,38.67213114754098,2,24.5,7.0,9,0.8888888888888888,0.6666666666666666
3899,Germany,Finance,Medium,Basic,50,1,13,4.538461538461538,8,62.5,3.375,1,1.0,0.0
3900,Germany,Retail,Medium,Pro,150,0,78,35.243589743589745,3,27.666666666666668,7.0,10,0.5,0.9
3901,Germany,Education,Enterprise,Basic,50,0,72,38.166666666666664,1,20.0,8.0,8,0.75,0.75
3902,India,Healthcare,Enterprise,Basic,50,0,115,35.095652173913045,0,,,14,0.9285714285714286,0.6428571428571429
3903,UK,Retail,Medium,Pro,150,0,77,32.0,0,,,7,1.0,0.8571428571428571
3904,Canada,Retail,Enterprise,Basic,50,1,14,4.714285714285714,8,66.125,3.25,4,0.5,0.0
3905,Canada,Retail,Enterprise,Basic,50,0,99,33.121212121212125,4,16.0,7.0,8,0.875,0.625
3906,Canada,Healthcare,Medium,Basic,50,1,12,6.083333333333333,3,77.66666666666667,3.3333333333333335,4,0.75,0.25
3907,USA,Education,Enterprise,Basic,50,0,75,33.78666666666667,2,16.5,8.0,8,1.0,0.375
3908,Germany,Education,Enterprise,Basic,50,1,19,5.105263157894737,8,65.0,3.125,1,0.0,0.0
3909,UK,SaaS,Small,Basic,50,1,16,5.0,6,74.83333333333333,3.0,1,0.0,0.0
3910,India,SaaS,Small,Basic,50,0,81,33.641975308641975,0,,,9,0.8888888888888888,0.6666666666666666
3911,USA,Finance,Enterprise,Enterprise,500,0,52,32.09615384615385,0,,,11,1.0,0.6363636363636364
3912,Germany,Healthcare,Small,Enterprise,500,0,56,30.017857142857142,3,24.666666666666668,6.666666666666667,11,0.6363636363636364,0.6363636363636364
3913,USA,Finance,Medium,Basic,50,0,105,36.01904761904762,1,13.0,8.0,10,0.8,0.7
3914,UK,Finance,Medium,Basic,50,0,70,32.08571428571429,2,29.0,8.0,10,0.8,0.4
3915,UK,Education,Medium,Basic,50,0,78,36.06410256410256,2,20.0,6.0,5,0.8,0.6
3916,UK,Healthcare,Small,Enterprise,500,0,104,34.29807692307692,3,27.666666666666668,6.666666666666667,15,0.8,0.6
3917,USA,Healthcare,Small,Basic,50,0,69,36.95652173913044,4,26.75,6.75,7,0.5714285714285714,0.42857142857142855
3918,UK,Retail,Enterprise,Basic,50,0,116,33.758620689655174,3,23.333333333333332,8.0,5,0.6,0.8
3919,USA,Retail,Medium,Basic,50,0,96,32.875,4,21.75,7.0,12,0.9166666666666666,0.6666666666666666
3920,USA,SaaS,Enterprise,Basic,50,0,47,31.680851063829788,0,,,10,1.0,0.8
3921,Canada,SaaS,Medium,Basic,50,0,42,36.476190476190474,1,8.0,7.0,5,0.8,0.6
3922,Canada,Healthcare,Small,Pro,150,0,55,31.490909090909092,0,,,6,0.6666666666666666,0.5
3923,UK,Finance,Small,Basic,50,0,99,33.878787878787875,1,32.0,8.0,15,0.8666666666666667,0.8
3924,USA,Healthcare,Small,Pro,150,0,105,33.57142857142857,0,,,6,0.5,0.5
3925,USA,Education,Medium,Basic,50,1,17,5.647058823529412,6,75.83333333333333,3.3333333333333335,2,0.0,0.0
3926,UK,Healthcare,Medium,Basic,50,0,106,33.867924528301884,3,27.666666666666668,8.0,8,0.875,0.625
3927,UK,Education,Enterprise,Basic,50,0,95,33.44210526315789,4,36.25,7.5,14,0.8571428571428571,0.5714285714285714
3928,India,Retail,Medium,Basic,50,0,42,36.76190476190476,4,31.75,8.5,15,0.8666666666666667,0.5333333333333333
3929,India,Retail,Enterprise,Enterprise,500,0,105,36.58095238095238,2,43.5,6.0,10,0.9,0.6
3930,USA,Finance,Small,Pro,150,0,106,33.64150943396226,2,26.5,7.0,12,0.8333333333333334,0.5
3931,UK,SaaS,Enterprise,Basic,50,0,120,34.483333333333334,2,20.0,7.0,12,0.8333333333333334,0.5833333333333334
3932,USA,Education,Small,Basic,50,0,111,34.4954954954955,4,28.25,8.0,12,0.75,0.4166666666666667
3933,Canada,Healthcare,Small,Pro,150,0,110,34.054545454545455,2,11.0,7.0,7,0.8571428571428571,0.8571428571428571
3934,Germany,Retail,Enterprise,Pro,150,1,17,4.294117647058823,4,65.0,3.75,4,0.25,0.25
3935,Germany,Education,Enterprise,Basic,50,1,12,3.4166666666666665,5,85.2,3.6,4,0.5,0.0
3936,India,Education,Enterprise,Pro,150,0,97,35.56701030927835,4,37.75,7.5,12,0.75,0.8333333333333334
3937,India,Healthcare,Medium,Basic,50,0,99,35.19191919191919,2,24.0,7.0,15,0.7333333333333333,0.9333333333333333
3938,UK,Finance,Small,Basic,50,1,12,5.5,4,76.25,3.0,2,0.5,0.0
3939,Canada,Retail,Small,Pro,150,0,120,32.925,1,23.0,6.0,8,0.875,0.375
3940,UK,Retail,Enterprise,Pro,150,1,18,4.444444444444445,6,71.66666666666667,3.0,1,0.0,0.0
3941,USA,Healthcare,Medium,Basic,50,0,74,31.12162162162162,4,14.75,8.0,13,0.6923076923076923,0.6153846153846154
3942,UK,Education,Enterprise,Pro,150,1,11,4.454545454545454,3,96.0,1.6666666666666667,3,0.0,0.0
3943,USA,Retail,Medium,Pro,150,1,13,5.538461538461538,6,63.833333333333336,3.5,4,0.0,0.25
3944,India,Retail,Medium,Enterprise,500,0,57,35.280701754385966,1,38.0,6.0,5,0.8,0.8
3945,UK,SaaS,Medium,Enterprise,500,0,67,34.791044776119406,4,7.75,7.5,14,0.5714285714285714,0.5714285714285714
3946,Germany,Healthcare,Medium,Pro,150,1,12,5.583333333333333,9,71.44444444444444,3.7777777777777777,5,0.2,0.2
3947,USA,SaaS,Small,Pro,150,0,115,33.28695652173913,3,32.666666666666664,7.0,12,0.6666666666666666,0.8333333333333334
3948,India,Education,Medium,Pro,150,0,96,38.072916666666664,2,32.5,6.5,7,0.5714285714285714,0.8571428571428571
3949,USA,Healthcare,Medium,Pro,150,1,10,4.6,7,71.85714285714286,2.4285714285714284,5,0.2,0.2
3950,UK,Education,Small,Basic,50,0,111,34.32432432432432,4,22.0,8.25,9,0.8888888888888888,0.6666666666666666
3951,USA,Healthcare,Enterprise,Basic,50,0,95,35.252631578947366,1,6.0,6.0,9,0.7777777777777778,0.6666666666666666
3952,USA,Finance,Small,Pro,150,1,6,5.833333333333333,5,66.2,3.0,1,1.0,0.0
3953,Canada,Healthcare,Enterprise,Basic,50,1,17,4.588235294117647,9,85.33333333333333,2.5555555555555554,3,0.0,0.0
3954,USA,Healthcare,Medium,Pro,150,0,96,35.875,0,,,12,0.75,0.6666666666666666
3955,USA,Education,Enterprise,Basic,50,0,95,32.82105263157895,4,26.5,7.25,14,0.9285714285714286,0.5
3956,USA,Education,Medium,Pro,150,0,89,37.056179775280896,1,3.0,6.0,14,0.7857142857142857,0.42857142857142855
3957,USA,SaaS,Medium,Pro,150,1,9,5.444444444444445,7,66.14285714285714,3.7142857142857144,5,0.0,0.2
3958,USA,Finance,Small,Basic,50,0,69,36.710144927536234,0,,,7,0.7142857142857143,0.7142857142857143
3959,India,Finance,Medium,Basic,50,1,16,4.75,10,55.2,2.5,1,0.0,0.0
3960,Canada,Healthcare,Medium,Pro,150,0,114,33.01754385964912,0,,,14,0.8571428571428571,0.7142857142857143
3961,Germany,Finance,Small,Basic,50,0,92,37.70652173913044,2,44.5,8.5,6,0.8333333333333334,0.8333333333333334
3962,USA,Finance,Medium,Basic,50,1,20,4.65,9,56.44444444444444,3.111111111111111,3,0.6666666666666666,0.0
3963,Canada,SaaS,Enterprise,Pro,150,0,57,38.70175438596491,3,19.666666666666668,7.333333333333333,14,0.9285714285714286,0.35714285714285715
3964,UK,SaaS,Enterprise,Basic,50,0,103,36.79611650485437,0,,,15,0.8666666666666667,0.6
3965,Germany,Retail,Enterprise,Basic,50,1,14,4.5,4,59.75,3.75,1,0.0,0.0
3966,USA,Finance,Small,Pro,150,1,18,5.5,6,75.83333333333333,3.5,3,0.0,0.6666666666666666
3967,UK,Retail,Small,Basic,50,1,14,6.142857142857143,4,62.75,3.0,5,0.4,0.6
3968,USA,Healthcare,Small,Basic,50,1,14,4.714285714285714,7,90.71428571428571,3.142857142857143,2,0.5,0.0
3969,UK,Healthcare,Enterprise,Pro,150,0,104,34.82692307692308,0,,,12,0.5833333333333334,0.5833333333333334
3970,Canada,Education,Enterprise,Pro,150,0,67,29.940298507462686,0,,,12,0.75,0.4166666666666667
3971,Canada,Finance,Medium,Basic,50,1,11,4.7272727272727275,4,39.75,2.5,4,0.0,0.25
3972,UK,Finance,Medium,Basic,50,0,73,35.06849315068493,3,20.666666666666668,8.333333333333334,10,0.7,0.3
3973,India,Education,Medium,Enterprise,500,0,110,33.163636363636364,2,24.0,7.0,12,0.6666666666666666,0.3333333333333333
3974,USA,Retail,Small,Basic,50,1,7,4.857142857142857,10,55.2,3.0,3,0.0,0.3333333333333333
3975,UK,Education,Enterprise,Basic,50,0,98,34.38775510204081,0,,,5,1.0,0.6
3976,USA,Healthcare,Enterprise,Pro,150,1,13,5.6923076923076925,4,45.5,3.5,4,0.25,0.0
3977,Germany,SaaS,Small,Basic,50,0,113,35.54867256637168,2,19.0,7.5,7,0.7142857142857143,0.42857142857142855
3978,UK,Finance,Enterprise,Basic,50,1,7,3.857142857142857,9,73.11111111111111,2.7777777777777777,2,0.0,0.0
3979,USA,Retail,Small,Pro,150,0,77,34.03896103896104,4,23.0,6.5,5,0.6,0.6
3980,Germany,Finance,Small,Basic,50,0,100,36.55,3,13.0,7.0,9,0.7777777777777778,0.4444444444444444
3981,India,Healthcare,Small,Basic,50,1,12,5.166666666666667,5,84.4,4.0,4,0.5,0.0
3982,India,Education,Medium,Basic,50,0,104,33.30769230769231,3,15.0,7.666666666666667,8,0.875,0.5
3983,India,SaaS,Small,Basic,50,0,45,33.06666666666667,2,12.0,7.5,5,0.8,0.8
3984,UK,Retail,Medium,Pro,150,0,49,30.714285714285715,2,12.0,7.0,7,0.8571428571428571,0.2857142857142857
3985,Germany,Finance,Medium,Pro,150,0,82,34.073170731707314,2,30.5,8.0,12,0.8333333333333334,0.5833333333333334
3986,UK,SaaS,Enterprise,Pro,150,1,16,5.25,8,75.25,3.125,1,0.0,0.0
3987,Germany,SaaS,Medium,Enterprise,500,0,109,36.22935779816514,2,5.0,7.5,7,1.0,0.5714285714285714
3988,India,Retail,Medium,Basic,50,1,14,3.9285714285714284,8,74.875,2.125,5,0.2,0.0
3989,Canada,Healthcare,Medium,Basic,50,1,15,5.533333333333333,6,69.83333333333333,3.8333333333333335,1,0.0,0.0
3990,India,Education,Enterprise,Basic,50,1,8,4.625,9,57.111111111111114,2.7777777777777777,3,0.3333333333333333,0.0
3991,India,Finance,Small,Basic,50,0,106,33.386792452830186,3,19.0,7.333333333333333,10,0.6,0.7
3992,Germany,Education,Medium,Basic,50,0,115,35.6695652173913,2,20.0,7.0,5,1.0,0.6
3993,India,SaaS,Enterprise,Basic,50,0,87,33.81609195402299,2,32.5,7.0,7,0.8571428571428571,0.8571428571428571
3994,USA,Healthcare,Enterprise,Basic,50,0,69,30.89855072463768,1,10.0,6.0,5,1.0,1.0
3995,Canada,SaaS,Small,Pro,150,0,56,32.82142857142857,2,12.5,6.5,14,0.7142857142857143,0.42857142857142855
3996,USA,Finance,Medium,Pro,150,0,85,36.71764705882353,4,21.75,8.25,6,1.0,0.3333333333333333
3997,UK,Education,Medium,Enterprise,500,1,10,5.0,9,85.11111111111111,3.7777777777777777,1,0.0,1.0
3998,USA,Healthcare,Medium,Pro,150,1,8,4.25,9,62.111111111111114,3.0,2,0.5,0.0
3999,Germany,SaaS,Medium,Basic,50,0,98,35.214285714285715,0,,,8,1.0,0.625
4000,Germany,Retail,Enterprise,Basic,50,0,42,39.095238095238095,2,23.0,9.0,13,0.9230769230769231,0.46153846153846156
4001,Canada,Retail,Small,Basic,50,0,57,34.78947368421053,0,,,7,0.7142857142857143,0.42857142857142855
4002,USA,Healthcare,Enterprise,Pro,150,0,65,32.0,2,28.5,7.0,12,0.75,0.5833333333333334
4003,USA,Retail,Medium,Basic,50,0,81,34.98765432098765,0,,,10,0.9,0.5
4004,UK,Retail,Medium,Basic,50,0,105,34.647619047619045,1,7.0,9.0,8,0.75,0.75
4005,USA,Finance,Medium,Pro,150,0,89,33.19101123595506,1,25.0,9.0,12,0.9166666666666666,0.6666666666666666
4006,Canada,Retail,Small,Pro,150,0,58,35.58620689655172,2,35.5,6.5,10,0.7,0.3
4007,Germany,SaaS,Medium,Pro,150,0,54,28.944444444444443,1,32.0,7.0,15,0.6666666666666666,0.4666666666666667
4008,Germany,SaaS,Enterprise,Basic,50,0,115,34.3304347826087,1,25.0,7.0,8,0.625,0.5
4009,UK,Retail,Small,Basic,50,0,67,32.73134328358209,1,38.0,7.0,13,0.8461538461538461,0.5384615384615384
4010,UK,Finance,Enterprise,Basic,50,1,19,5.052631578947368,6,63.5,2.1666666666666665,3,0.6666666666666666,0.3333333333333333
4011,USA,Education,Medium,Pro,150,0,115,33.54782608695652,3,21.0,6.0,12,0.9166666666666666,0.6666666666666666
4012,USA,Finance,Medium,Basic,50,1,5,6.4,6,78.83333333333333,3.3333333333333335,4,0.0,0.0
4013,Germany,Healthcare,Small,Basic,50,1,15,5.2,9,72.0,2.7777777777777777,1,1.0,0.0
4014,UK,SaaS,Enterprise,Pro,150,0,45,36.68888888888889,2,39.5,7.5,14,0.7142857142857143,0.7142857142857143
4015,Germany,Finance,Medium,Basic,50,0,105,34.523809523809526,0,,,12,0.8333333333333334,0.75
4016,UK,SaaS,Small,Basic,50,0,92,32.130434782608695,1,13.0,7.0,13,0.7692307692307693,0.6153846153846154
4017,USA,Finance,Medium,Basic,50,0,97,34.65979381443299,1,16.0,6.0,12,0.8333333333333334,0.5
4018,USA,Finance,Enterprise,Enterprise,500,0,95,35.50526315789474,4,30.0,8.0,11,0.9090909090909091,0.5454545454545454
4019,Germany,Retail,Enterprise,Basic,50,1,9,5.777777777777778,10,64.7,3.1,5,0.0,0.2
4020,UK,Finance,Small,Basic,50,0,49,36.46938775510204,4,11.75,7.5,15,0.7333333333333333,0.8
4021,USA,SaaS,Medium,Pro,150,0,90,33.05555555555556,0,,,10,0.8,0.3
4022,India,Finance,Small,Pro,150,0,116,35.38793103448276,3,10.666666666666666,7.666666666666667,6,0.8333333333333334,0.5
4023,UK,Finance,Medium,Basic,50,0,112,34.50892857142857,4,18.75,8.0,6,0.5,0.8333333333333334
4024,Germany,Retail,Enterprise,Pro,150,0,111,34.0,4,34.75,6.25,7,0.7142857142857143,0.8571428571428571
4025,UK,Retail,Medium,Enterprise,500,0,77,35.45454545454545,2,27.5,6.0,9,0.8888888888888888,0.5555555555555556
4026,Canada,Retail,Small,Basic,50,1,19,4.578947368421052,5,57.4,2.6,3,0.6666666666666666,0.0
4027,Canada,Education,Small,Basic,50,0,104,34.94230769230769,2,22.0,8.0,7,0.7142857142857143,0.8571428571428571
4028,USA,Education,Enterprise,Basic,50,0,71,37.774647887323944,0,,,8,1.0,0.125
4029,UK,Finance,Enterprise,Basic,50,0,52,33.51923076923077,4,29.5,7.0,5,1.0,0.8
4030,India,SaaS,Small,Basic,50,0,92,33.15217391304348,3,17.333333333333332,6.666666666666667,10,0.9,0.7
4031,Germany,Healthcare,Medium,Pro,150,0,63,32.76190476190476,2,34.0,7.5,15,0.8,0.8
4032,India,SaaS,Enterprise,Basic,50,0,52,38.96153846153846,2,24.5,7.5,13,0.7692307692307693,0.6153846153846154
4033,Germany,Finance,Enterprise,Basic,50,0,102,33.1764705882353,4,11.75,7.75,6,0.6666666666666666,0.6666666666666666
4034,USA,Retail,Small,Basic,50,0,72,34.44444444444444,4,20.25,7.25,6,0.6666666666666666,0.8333333333333334
4035,Germany,Education,Small,Basic,50,0,48,36.333333333333336,2,12.5,8.5,13,0.9230769230769231,0.8461538461538461
4036,USA,Healthcare,Enterprise,Enterprise,500,0,73,36.64383561643836,0,,,5,1.0,0.6
4037,UK,Retail,Enterprise,Basic,50,0,77,36.58441558441559,4,15.75,9.0,11,0.5454545454545454,0.6363636363636364
4038,Canada,Healthcare,Enterprise,Basic,50,0,73,33.6986301369863,1,30.0,8.0,13,0.8461538461538461,0.5384615384615384
4039,Germany,Healthcare,Medium,Basic,50,0,59,33.32203389830509,1,31.0,7.0,15,0.8,0.6
4040,UK,Healthcare,Enterprise,Enterprise,500,0,113,35.876106194690266,4,23.0,6.25,12,0.6666666666666666,0.5
4041,Canada,SaaS,Medium,Basic,50,0,56,33.142857142857146,3,30.666666666666668,7.666666666666667,14,0.7857142857142857,0.7142857142857143
4042,India,SaaS,Medium,Pro,150,0,62,36.03225806451613,0,,,7,0.7142857142857143,0.5714285714285714
4043,India,Education,Small,Basic,50,1,19,5.684210526315789,4,48.75,2.75,1,0.0,0.0
4044,Germany,Retail,Medium,Enterprise,500,0,117,32.52136752136752,3,18.333333333333332,6.333333333333333,5,0.8,0.4
4045,Germany,Finance,Medium,Basic,50,0,118,35.38135593220339,3,31.666666666666668,8.666666666666666,15,0.8666666666666667,0.3333333333333333
4046,Canada,Retail,Enterprise,Pro,150,0,114,34.728070175438596,0,,,10,0.9,1.0
4047,India,SaaS,Small,Basic,50,0,114,33.55263157894737,2,24.5,6.5,8,0.75,0.75
4048,Germany,Retail,Medium,Pro,150,1,17,4.882352941176471,9,72.22222222222223,2.7777777777777777,1,0.0,0.0
4049,UK,Education,Enterprise,Enterprise,500,0,93,36.043010752688176,0,,,14,0.9285714285714286,0.42857142857142855
4050,UK,Education,Medium,Basic,50,1,17,4.882352941176471,8,84.125,3.125,3,0.0,0.3333333333333333
4051,Germany,Finance,Enterprise,Basic,50,0,77,33.42857142857143,0,,,9,0.7777777777777778,0.7777777777777778
4052,Germany,Finance,Enterprise,Enterprise,500,0,76,32.9078947368421,2,38.0,7.5,14,0.7857142857142857,0.5
4053,Canada,SaaS,Small,Basic,50,0,101,36.18811881188119,0,,,10,0.9,0.5
4054,USA,SaaS,Enterprise,Pro,150,0,120,35.766666666666666,4,22.25,8.0,7,0.7142857142857143,0.14285714285714285
4055,USA,Education,Medium,Basic,50,0,102,33.13725490196079,2,34.5,7.0,12,1.0,0.4166666666666667
4056,USA,Retail,Enterprise,Basic,50,0,53,36.943396226415096,4,29.5,7.5,9,0.8888888888888888,0.6666666666666666
4057,Canada,Education,Small,Basic,50,1,20,4.75,10,53.8,2.9,4,0.0,0.0
4058,Germany,Education,Enterprise,Pro,150,1,12,5.75,5,87.0,2.4,4,0.75,0.0
4059,USA,Finance,Medium,Basic,50,0,103,33.398058252427184,3,28.0,7.333333333333333,8,0.875,0.5
4060,UK,Healthcare,Medium,Basic,50,1,15,5.066666666666666,4,82.75,3.5,4,0.25,0.0
4061,Canada,Retail,Small,Basic,50,0,49,32.69387755102041,1,19.0,9.0,13,0.7692307692307693,0.7692307692307693
4062,UK,Retail,Small,Pro,150,0,106,36.556603773584904,4,31.5,7.25,9,0.5555555555555556,0.6666666666666666
4063,India,Retail,Medium,Basic,50,0,91,33.747252747252745,4,7.75,6.25,9,0.7777777777777778,0.6666666666666666
4064,Germany,SaaS,Medium,Pro,150,1,8,6.375,9,72.22222222222223,2.888888888888889,4,0.25,0.0
4065,UK,Education,Medium,Basic,50,1,13,5.230769230769231,6,66.5,2.6666666666666665,3,0.3333333333333333,0.0
4066,India,Finance,Medium,Enterprise,500,0,44,36.93181818181818,3,30.0,6.666666666666667,7,1.0,0.8571428571428571
4067,Germany,Healthcare,Small,Enterprise,500,0,93,33.61290322580645,0,,,12,0.8333333333333334,0.25
4068,Germany,SaaS,Small,Pro,150,0,94,33.59574468085106,4,16.0,6.5,15,0.8,0.7333333333333333
4069,USA,Healthcare,Medium,Enterprise,500,0,53,31.30188679245283,4,16.0,7.25,13,0.9230769230769231,0.5384615384615384
4070,Canada,Education,Medium,Basic,50,1,15,5.2,9,70.88888888888889,1.8888888888888888,1,0.0,0.0
4071,India,Healthcare,Enterprise,Basic,50,0,80,31.6625,3,26.666666666666668,7.666666666666667,10,0.8,0.4
4072,Germany,Healthcare,Enterprise,Enterprise,500,0,48,31.5625,0,,,15,0.9333333333333333,0.4666666666666667
4073,Germany,Healthcare,Enterprise,Enterprise,500,0,108,32.074074074074076,3,29.0,6.666666666666667,8,0.625,0.375
4074,Germany,SaaS,Enterprise,Pro,150,0,51,37.294117647058826,2,4.5,8.5,10,0.8,0.5
4075,Germany,Healthcare,Enterprise,Basic,50,0,86,32.18604651162791,4,26.25,8.25,11,0.5454545454545454,0.8181818181818182
4076,Germany,Healthcare,Medium,Basic,50,1,20,4.15,3,64.33333333333333,4.0,3,0.6666666666666666,0.0
4077,India,Education,Small,Pro,150,0,65,35.96923076923077,0,,,5,0.8,0.4
4078,Germany,Healthcare,Small,Basic,50,1,7,4.857142857142857,7,63.57142857142857,2.7142857142857144,3,0.3333333333333333,0.0
4079,UK,Education,Small,Basic,50,0,46,30.76086956521739,0,,,15,0.8666666666666667,0.6
4080,Canada,Retail,Enterprise,Basic,50,0,100,38.24,4,13.75,7.25,14,0.6428571428571429,0.5
4081,India,Education,Small,Pro,150,0,80,35.7125,1,47.0,8.0,12,0.8333333333333334,0.75
4082,India,Healthcare,Small,Enterprise,500,1,12,5.166666666666667,3,60.333333333333336,2.0,2,0.5,0.0
4083,USA,SaaS,Medium,Basic,50,0,104,33.20192307692308,4,26.75,7.25,7,0.8571428571428571,0.5714285714285714
4084,USA,Education,Small,Basic,50,0,75,36.74666666666667,0,,,10,0.9,0.5
4085,USA,Education,Enterprise,Pro,150,1,5,4.6,6,74.0,2.1666666666666665,4,0.5,0.5
4086,Canada,SaaS,Enterprise,Basic,50,0,84,35.76190476190476,0,,,6,0.6666666666666666,1.0
4087,Germany,SaaS,Enterprise,Basic,50,0,72,34.875,1,39.0,6.0,12,0.8333333333333334,0.6666666666666666
4088,UK,Retail,Enterprise,Basic,50,0,92,35.91304347826087,1,25.0,9.0,6,0.8333333333333334,0.8333333333333334
4089,India,Healthcare,Small,Basic,50,0,69,31.52173913043478,4,26.75,7.25,6,1.0,0.6666666666666666
4090,UK,Finance,Small,Basic,50,0,83,34.0,0,,,10,1.0,0.6
4091,Canada,Healthcare,Enterprise,Basic,50,0,97,33.50515463917526,2,31.5,7.0,12,0.5833333333333334,0.5833333333333334
4092,Germany,Finance,Enterprise,Basic,50,0,83,33.7710843373494,2,31.5,7.0,10,0.8,0.6
4093,USA,Finance,Small,Basic,50,1,20,4.9,6,82.16666666666667,3.0,2,0.5,0.0
4094,UK,SaaS,Enterprise,Basic,50,1,20,4.25,6,63.166666666666664,2.6666666666666665,5,0.2,0.2
4095,Canada,SaaS,Small,Basic,50,1,13,5.384615384615385,7,79.42857142857143,2.5714285714285716,4,0.0,0.25
4096,Germany,Education,Small,Basic,50,0,71,36.0,3,22.333333333333332,7.333333333333333,10,0.9,0.4
4097,USA,Healthcare,Medium,Pro,150,0,48,36.583333333333336,1,19.0,9.0,15,0.8,0.5333333333333333
4098,India,Healthcare,Small,Pro,150,0,70,37.3,2,32.5,6.5,5,0.4,0.2
4099,USA,Retail,Medium,Pro,150,0,103,32.679611650485434,3,18.666666666666668,8.666666666666666,8,0.875,0.75
4100,UK,Retail,Small,Pro,150,0,49,34.10204081632653,1,40.0,6.0,13,0.8461538461538461,0.8461538461538461
4101,Germany,SaaS,Medium,Pro,150,1,13,4.230769230769231,6,70.66666666666667,2.8333333333333335,1,1.0,0.0
4102,USA,Retail,Enterprise,Pro,150,0,53,33.24528301886792,0,,,9,0.7777777777777778,0.5555555555555556
4103,USA,Healthcare,Enterprise,Basic,50,0,45,32.955555555555556,1,30.0,9.0,10,0.8,0.3
4104,Germany,Retail,Medium,Basic,50,0,79,35.18987341772152,2,28.0,8.0,12,0.9166666666666666,0.6666666666666666
4105,Germany,Healthcare,Small,Pro,150,0,45,35.044444444444444,2,22.0,8.0,11,0.9090909090909091,0.6363636363636364
4106,India,SaaS,Small,Basic,50,1,16,5.0625,9,76.77777777777777,3.7777777777777777,3,0.3333333333333333,0.0
4107,Canada,Education,Small,Enterprise,500,0,118,32.567796610169495,1,35.0,7.0,5,0.8,0.6
4108,USA,Finance,Medium,Basic,50,1,13,4.923076923076923,10,59.0,2.9,4,0.75,0.0
4109,Germany,Education,Enterprise,Basic,50,0,43,31.976744186046513,3,26.0,7.333333333333333,13,0.7692307692307693,0.6923076923076923
4110,Canada,SaaS,Small,Pro,150,1,10,4.9,4,79.75,3.25,4,0.5,0.0
4111,Canada,Finance,Small,Pro,150,0,61,34.81967213114754,3,26.333333333333332,9.0,10,0.9,0.6
4112,UK,Education,Small,Basic,50,0,75,32.653333333333336,4,22.5,7.25,8,0.75,0.875
4113,Canada,SaaS,Enterprise,Pro,150,0,78,36.57692307692308,1,37.0,9.0,8,0.75,0.625
4114,Canada,Healthcare,Small,Basic,50,0,95,36.33684210526316,2,33.0,7.0,8,1.0,0.75
4115,India,SaaS,Small,Basic,50,0,111,34.22522522522522,0,,,14,0.7857142857142857,0.5714285714285714
4116,USA,Finance,Small,Basic,50,0,111,31.333333333333332,1,40.0,8.0,15,0.7333333333333333,0.5333333333333333
4117,UK,SaaS,Enterprise,Basic,50,1,16,4.0625,7,63.857142857142854,3.2857142857142856,2,0.0,0.0
4118,UK,Finance,Medium,Pro,150,0,91,35.61538461538461,3,27.0,7.666666666666667,14,0.7857142857142857,0.5
4119,Germany,Healthcare,Small,Basic,50,0,93,33.18279569892473,0,,,9,0.7777777777777778,0.4444444444444444
4120,India,Education,Enterprise,Pro,150,0,89,33.96629213483146,1,27.0,7.0,11,0.7272727272727273,0.7272727272727273
4121,India,Retail,Enterprise,Pro,150,0,92,33.91304347826087,1,39.0,7.0,10,0.8,0.6
4122,Germany,Retail,Enterprise,Basic,50,0,52,36.13461538461539,3,25.666666666666668,8.666666666666666,14,0.8571428571428571,0.42857142857142855
4123,Germany,Healthcare,Medium,Basic,50,1,17,4.823529411764706,6,52.333333333333336,3.5,5,0.2,0.0
4124,UK,Healthcare,Enterprise,Basic,50,1,9,5.111111111111111,8,69.375,3.375,1,0.0,0.0
4125,India,Retail,Small,Basic,50,0,76,32.46052631578947,4,30.75,7.5,7,0.8571428571428571,0.5714285714285714
4126,Canada,Education,Medium,Basic,50,0,117,35.547008547008545,2,15.5,7.0,15,0.7333333333333333,0.8
4127,UK,Healthcare,Enterprise,Basic,50,0,44,32.88636363636363,0,,,7,0.8571428571428571,0.5714285714285714
4128,Germany,Retail,Medium,Basic,50,0,79,34.050632911392405,1,16.0,9.0,13,0.7692307692307693,0.7692307692307693
4129,Germany,Education,Enterprise,Pro,150,0,46,35.47826086956522,3,24.666666666666668,7.0,8,0.75,0.5
4130,India,Finance,Enterprise,Basic,50,0,55,32.96363636363636,3,11.0,8.333333333333334,9,0.6666666666666666,0.4444444444444444
4131,USA,Education,Medium,Basic,50,0,51,33.431372549019606,0,,,10,0.9,0.5
4132,Germany,Healthcare,Enterprise,Pro,150,0,44,33.68181818181818,4,35.75,6.5,12,0.8333333333333334,0.75
4133,India,Finance,Enterprise,Basic,50,1,14,4.5,10,78.7,2.8,2,0.5,0.0
4134,USA,Retail,Small,Basic,50,0,90,35.86666666666667,3,27.666666666666668,8.0,15,0.8666666666666667,0.6666666666666666
4135,USA,Education,Medium,Pro,150,0,85,34.37647058823529,3,29.666666666666668,7.666666666666667,5,1.0,0.6
4136,Canada,Retail,Medium,Pro,150,0,68,35.588235294117645,4,22.5,7.75,5,0.8,0.2
4137,Canada,Education,Medium,Basic,50,0,50,34.86,1,37.0,8.0,5,1.0,1.0
4138,Germany,SaaS,Small,Basic,50,0,91,34.252747252747255,2,32.0,6.5,9,0.7777777777777778,0.4444444444444444
4139,UK,Finance,Medium,Pro,150,0,102,31.61764705882353,0,,,15,0.7333333333333333,0.6666666666666666
4140,UK,Finance,Small,Pro,150,0,60,33.81666666666667,3,29.0,7.333333333333333,6,0.6666666666666666,0.8333333333333334
4141,USA,Healthcare,Enterprise,Basic,50,0,89,36.348314606741575,3,25.333333333333332,7.333333333333333,11,0.8181818181818182,0.7272727272727273
4142,India,Finance,Small,Basic,50,0,105,35.076190476190476,1,36.0,9.0,10,0.9,0.5
4143,India,SaaS,Small,Basic,50,0,95,36.463157894736845,1,4.0,8.0,8,0.875,0.375
4144,India,SaaS,Enterprise,Basic,50,0,115,35.89565217391304,2,40.5,6.0,13,0.6923076923076923,0.5384615384615384
4145,India,Healthcare,Medium,Basic,50,1,17,4.823529411764706,9,91.66666666666667,2.0,2,0.0,0.0
4146,Canada,Finance,Small,Basic,50,0,107,36.22429906542056,2,6.5,8.0,11,0.7272727272727273,0.5454545454545454
4147,Canada,SaaS,Medium,Basic,50,0,60,29.1,1,21.0,7.0,11,0.8181818181818182,0.6363636363636364
4148,India,Education,Small,Enterprise,500,0,98,34.775510204081634,4,34.0,7.5,10,0.9,0.6
4149,Canada,Healthcare,Small,Basic,50,0,113,32.336283185840706,1,27.0,8.0,6,0.6666666666666666,0.3333333333333333
4150,Canada,Finance,Enterprise,Pro,150,0,85,35.27058823529412,1,13.0,7.0,9,1.0,0.7777777777777778
4151,Canada,SaaS,Enterprise,Pro,150,0,96,33.125,4,27.0,8.0,8,0.875,0.375
4152,Germany,Retail,Medium,Pro,150,0,68,35.85294117647059,2,26.5,7.5,6,1.0,0.8333333333333334
4153,India,Healthcare,Small,Pro,150,0,95,36.31578947368421,1,4.0,8.0,10,0.7,0.7
4154,USA,Retail,Medium,Basic,50,0,73,35.75342465753425,1,32.0,9.0,15,0.6666666666666666,0.3333333333333333
4155,USA,Finance,Medium,Pro,150,1,6,6.0,4,75.5,4.0,4,0.25,0.0
4156,USA,SaaS,Medium,Basic,50,0,65,32.10769230769231,4,7.25,7.25,10,0.7,0.5
4157,UK,Education,Medium,Pro,150,0,57,32.29824561403509,2,19.5,8.5,6,0.8333333333333334,0.3333333333333333
4158,Canada,Retail,Small,Basic,50,0,69,37.31884057971015,3,7.666666666666667,8.0,6,0.5,0.5
4159,Canada,SaaS,Medium,Basic,50,0,104,34.76923076923077,3,26.666666666666668,7.0,15,0.8,0.6666666666666666
4160,USA,Education,Small,Enterprise,500,0,58,34.241379310344826,3,32.666666666666664,6.666666666666667,6,0.6666666666666666,0.3333333333333333
4161,Germany,Finance,Small,Basic,50,0,76,35.19736842105263,2,27.5,6.0,6,1.0,0.5
4162,Germany,SaaS,Enterprise,Basic,50,0,116,36.12068965517241,4,22.5,8.25,13,0.9230769230769231,0.7692307692307693
4163,Canada,SaaS,Medium,Enterprise,500,0,81,32.19753086419753,1,34.0,8.0,11,1.0,0.7272727272727273
4164,USA,SaaS,Medium,Enterprise,500,0,110,37.03636363636364,3,19.666666666666668,7.0,7,0.7142857142857143,1.0
4165,USA,Retail,Enterprise,Basic,50,0,46,35.95652173913044,1,6.0,6.0,12,0.6666666666666666,0.3333333333333333
4166,India,Finance,Medium,Basic,50,1,9,4.333333333333333,8,76.25,3.25,1,0.0,0.0
4167,India,Retail,Small,Basic,50,0,78,37.30769230769231,0,,,11,0.9090909090909091,0.45454545454545453
4168,Canada,Finance,Medium,Basic,50,1,6,3.1666666666666665,4,95.25,3.25,1,1.0,0.0
4169,Canada,SaaS,Medium,Basic,50,0,70,34.25714285714286,0,,,10,1.0,0.5
4170,India,Retail,Medium,Basic,50,1,8,4.0,8,66.5,2.875,1,1.0,0.0
4171,USA,Finance,Enterprise,Basic,50,0,56,34.767857142857146,4,28.0,7.25,15,0.6666666666666666,0.3333333333333333
4172,USA,SaaS,Small,Pro,150,0,51,35.05882352941177,2,16.5,6.5,5,0.6,1.0
4173,USA,SaaS,Small,Pro,150,0,107,32.58878504672897,2,7.5,7.0,15,0.8666666666666667,0.7333333333333333
4174,USA,Finance,Enterprise,Basic,50,0,57,35.56140350877193,4,15.75,8.25,9,0.6666666666666666,0.5555555555555556
4175,Germany,Healthcare,Small,Basic,50,1,16,5.4375,4,93.25,3.75,4,0.0,0.0
4176,USA,Healthcare,Enterprise,Pro,150,0,65,33.8,4,29.0,7.5,9,0.8888888888888888,0.5555555555555556
4177,India,Education,Small,Basic,50,0,55,37.763636363636365,2,27.0,7.5,14,0.8571428571428571,0.6428571428571429
4178,USA,Finance,Small,Basic,50,0,98,33.42857142857143,0,,,5,0.8,0.4
4179,USA,SaaS,Medium,Basic,50,0,92,35.28260869565217,1,12.0,8.0,5,0.8,0.6
4180,USA,Finance,Medium,Basic,50,1,7,4.571428571428571,4,71.0,1.75,4,0.0,0.25
4181,Canada,Retail,Medium,Basic,50,0,90,33.62222222222222,3,18.333333333333332,7.333333333333333,15,0.9333333333333333,0.7333333333333333
4182,UK,Healthcare,Enterprise,Basic,50,0,58,36.60344827586207,4,31.75,7.25,9,0.8888888888888888,0.6666666666666666
4183,Germany,SaaS,Small,Basic,50,0,58,34.672413793103445,4,29.5,6.75,9,0.8888888888888888,0.4444444444444444
4184,India,Healthcare,Enterprise,Basic,50,0,84,34.976190476190474,4,35.75,8.0,6,0.6666666666666666,0.5
4185,Germany,Retail,Enterprise,Basic,50,0,92,34.54347826086956,0,,,6,0.8333333333333334,0.5
4186,USA,Education,Enterprise,Pro,150,0,74,33.91891891891892,1,6.0,8.0,5,1.0,0.8
4187,UK,Education,Medium,Pro,150,1,15,4.066666666666666,7,66.0,3.5714285714285716,4,0.25,0.0
4188,Germany,Finance,Medium,Basic,50,1,13,5.538461538461538,8,67.25,2.375,2,0.0,0.0
4189,Germany,Healthcare,Small,Basic,50,1,19,3.736842105263158,9,64.66666666666667,2.888888888888889,4,0.25,0.0
4190,India,Finance,Enterprise,Basic,50,0,115,34.582608695652176,2,27.5,7.0,13,0.8461538461538461,0.5384615384615384
4191,USA,Finance,Enterprise,Basic,50,0,108,33.898148148148145,1,21.0,9.0,12,0.75,0.4166666666666667
4192,UK,Healthcare,Enterprise,Pro,150,0,115,36.165217391304346,2,22.0,8.0,7,0.7142857142857143,0.5714285714285714
4193,USA,SaaS,Medium,Basic,50,1,11,7.2727272727272725,9,71.11111111111111,2.7777777777777777,1,0.0,0.0
4194,USA,Healthcare,Small,Pro,150,0,78,36.44871794871795,4,18.5,8.75,13,0.9230769230769231,0.5384615384615384
4195,UK,Retail,Medium,Basic,50,0,92,34.29347826086956,4,18.75,6.25,7,0.5714285714285714,0.5714285714285714
4196,UK,Retail,Small,Basic,50,1,8,4.625,10,83.3,3.1,1,0.0,0.0
4197,India,Healthcare,Enterprise,Basic,50,0,100,35.19,4,27.5,7.5,9,0.7777777777777778,0.6666666666666666
4198,Canada,Education,Medium,Basic,50,0,78,34.96153846153846,1,22.0,9.0,8,0.875,0.75
4199,India,Retail,Enterprise,Pro,150,0,106,37.64150943396226,2,18.5,6.5,9,0.6666666666666666,0.5555555555555556
4200,UK,Education,Small,Basic,50,0,66,33.06060606060606,3,32.0,8.666666666666666,13,0.5384615384615384,0.7692307692307693
4201,UK,Healthcare,Medium,Basic,50,1,7,5.285714285714286,10,74.4,3.9,4,0.0,0.0
4202,Germany,Retail,Enterprise,Basic,50,1,9,5.333333333333333,4,100.25,3.75,2,1.0,0.0
4203,Canada,Healthcare,Medium,Basic,50,0,88,36.48863636363637,4,26.25,7.0,14,0.7142857142857143,0.6428571428571429
4204,UK,SaaS,Medium,Basic,50,0,117,34.05128205128205,0,,,13,0.9230769230769231,0.7692307692307693
4205,Germany,Healthcare,Enterprise,Basic,50,0,93,35.774193548387096,2,10.0,6.5,9,0.7777777777777778,0.7777777777777778
4206,India,Education,Enterprise,Basic,50,0,68,36.76470588235294,1,38.0,6.0,9,0.7777777777777778,0.5555555555555556
4207,USA,Healthcare,Medium,Basic,50,0,95,35.77894736842105,3,21.666666666666668,7.666666666666667,15,0.7333333333333333,0.6
4208,USA,SaaS,Small,Basic,50,0,97,36.21649484536083,0,,,12,0.6666666666666666,0.6666666666666666
4209,USA,Retail,Small,Pro,150,0,99,35.888888888888886,4,29.25,8.5,13,0.8461538461538461,0.6153846153846154
4210,India,SaaS,Medium,Enterprise,500,0,117,32.75213675213675,1,19.0,8.0,15,0.7333333333333333,0.6666666666666666
4211,Canada,Retail,Medium,Pro,150,0,117,33.9059829059829,0,,,6,0.5,0.6666666666666666
4212,India,SaaS,Enterprise,Basic,50,1,19,5.157894736842105,5,50.0,3.2,4,0.0,0.0
4213,USA,Finance,Medium,Pro,150,0,90,36.166666666666664,1,45.0,9.0,7,1.0,0.5714285714285714
4214,UK,Healthcare,Medium,Enterprise,500,0,105,34.733333333333334,0,,,9,0.8888888888888888,0.5555555555555556
4215,Canada,Retail,Enterprise,Pro,150,0,53,31.735849056603772,0,,,8,0.875,0.5
4216,India,SaaS,Medium,Basic,50,0,96,32.208333333333336,3,36.333333333333336,8.0,14,0.9285714285714286,0.35714285714285715
4217,India,Finance,Small,Pro,150,1,17,5.176470588235294,6,59.166666666666664,3.6666666666666665,5,0.4,0.2
4218,USA,Retail,Enterprise,Pro,150,0,72,35.263888888888886,1,9.0,8.0,13,0.9230769230769231,0.6153846153846154
4219,Germany,Healthcare,Medium,Enterprise,500,0,106,35.698113207547166,2,18.5,6.5,14,0.7857142857142857,0.5714285714285714
4220,UK,Retail,Small,Basic,50,0,90,33.67777777777778,4,30.25,7.25,7,0.8571428571428571,0.42857142857142855
4221,Canada,Finance,Enterprise,Basic,50,0,112,33.732142857142854,0,,,5,1.0,0.8
4222,Canada,Retail,Enterprise,Basic,50,1,12,4.916666666666667,4,91.75,3.5,1,0.0,1.0
4223,Germany,SaaS,Enterprise,Enterprise,500,0,94,33.659574468085104,4,29.0,7.25,13,0.7692307692307693,0.46153846153846156
4224,USA,Healthcare,Small,Basic,50,1,15,4.733333333333333,4,64.0,3.25,4,0.5,0.0
4225,UK,SaaS,Small,Basic,50,0,59,33.13559322033898,1,42.0,6.0,5,0.8,0.2
4226,USA,Education,Medium,Basic,50,0,90,36.144444444444446,4,15.25,7.0,13,0.9230769230769231,0.6153846153846154
4227,UK,SaaS,Enterprise,Basic,50,0,100,33.08,2,33.5,8.5,13,0.6153846153846154,0.7692307692307693
4228,USA,Finance,Small,Basic,50,1,9,4.888888888888889,7,79.85714285714286,2.4285714285714284,4,0.0,0.25
4229,Canada,Retail,Medium,Basic,50,0,96,37.90625,2,6.5,7.0,11,0.8181818181818182,0.6363636363636364
4230,Germany,SaaS,Small,Basic,50,0,49,37.285714285714285,0,,,8,0.75,0.75
4231,India,Retail,Small,Basic,50,1,12,4.833333333333333,3,43.666666666666664,3.3333333333333335,3,0.3333333333333333,0.0
4232,UK,Healthcare,Medium,Basic,50,0,96,34.291666666666664,0,,,7,0.5714285714285714,0.14285714285714285
4233,India,Education,Medium,Pro,150,0,81,36.5679012345679,4,15.75,7.25,13,0.7692307692307693,0.6923076923076923
4234,USA,SaaS,Small,Pro,150,0,49,35.91836734693877,3,28.0,7.666666666666667,14,0.8571428571428571,0.6428571428571429
4235,Canada,Education,Medium,Basic,50,1,16,4.5,4,82.25,3.25,2,0.0,0.0
4236,India,Healthcare,Small,Pro,150,1,7,5.0,4,56.5,3.5,4,0.5,0.0
4237,India,SaaS,Small,Basic,50,0,95,36.589473684210525,3,38.333333333333336,7.666666666666667,12,0.75,0.6666666666666666
4238,UK,Finance,Medium,Basic,50,0,85,34.43529411764706,2,23.5,7.5,11,0.7272727272727273,0.5454545454545454
4239,UK,SaaS,Enterprise,Basic,50,0,118,33.347457627118644,3,9.666666666666666,6.666666666666667,13,0.8461538461538461,0.5384615384615384
4240,Germany,Retail,Medium,Basic,50,0,109,33.24770642201835,1,18.0,6.0,15,0.7333333333333333,0.8
4241,USA,Healthcare,Medium,Basic,50,0,110,33.36363636363637,4,30.25,8.0,5,0.8,0.2
4242,USA,Healthcare,Enterprise,Basic,50,0,93,36.236559139784944,3,20.0,9.0,9,0.8888888888888888,0.5555555555555556
4243,USA,Education,Medium,Basic,50,0,112,34.544642857142854,3,31.666666666666668,8.666666666666666,5,1.0,0.4
4244,Germany,Education,Small,Basic,50,0,74,32.851351351351354,1,47.0,8.0,12,0.8333333333333334,0.6666666666666666
4245,Germany,Healthcare,Medium,Basic,50,1,20,4.9,9,67.11111111111111,3.3333333333333335,4,0.25,0.0
4246,USA,SaaS,Small,Pro,150,0,111,34.5945945945946,0,,,15,0.8666666666666667,0.7333333333333333
4247,Canada,Finance,Small,Basic,50,0,92,35.380434782608695,3,26.0,6.666666666666667,8,0.875,0.375
4248,Canada,Education,Small,Basic,50,1,19,6.368421052631579,5,74.0,3.2,2,0.0,0.0
4249,UK,SaaS,Small,Basic,50,1,6,5.166666666666667,5,95.4,2.0,5,0.6,0.0
4250,India,Finance,Medium,Basic,50,0,67,34.1044776119403,3,28.333333333333332,8.0,14,0.8571428571428571,0.5
4251,Germany,Finance,Enterprise,Basic,50,0,55,31.236363636363638,2,24.0,8.0,15,0.7333333333333333,0.8
4252,India,Retail,Medium,Basic,50,0,86,32.96511627906977,3,33.666666666666664,7.333333333333333,13,0.7692307692307693,0.6153846153846154
4253,India,Retail,Small,Basic,50,0,93,37.27956989247312,3,14.333333333333334,7.666666666666667,9,0.7777777777777778,0.4444444444444444
4254,India,Finance,Enterprise,Pro,150,0,89,35.08988764044944,0,,,12,0.75,0.5
4255,India,Education,Enterprise,Basic,50,0,118,34.08474576271186,2,27.0,7.0,14,0.8571428571428571,0.6428571428571429
4256,Canada,Retail,Small,Enterprise,500,0,51,34.666666666666664,2,24.5,7.5,10,0.8,0.7
4257,India,Education,Enterprise,Basic,50,0,49,32.83673469387755,4,32.5,7.75,11,0.7272727272727273,0.45454545454545453
4258,USA,Healthcare,Medium,Enterprise,500,0,109,37.71559633027523,3,26.666666666666668,7.666666666666667,5,0.8,0.6
4259,UK,Healthcare,Medium,Basic,50,1,12,3.9166666666666665,3,106.33333333333333,3.6666666666666665,5,0.4,0.0
4260,Germany,SaaS,Small,Basic,50,0,68,38.5,2,17.0,7.5,14,0.7857142857142857,0.5714285714285714
4261,Canada,Retail,Medium,Pro,150,1,13,5.846153846153846,9,67.22222222222223,2.6666666666666665,2,0.5,0.0
4262,UK,SaaS,Small,Pro,150,0,115,35.56521739130435,1,19.0,7.0,5,1.0,0.8
4263,Germany,SaaS,Medium,Basic,50,0,116,34.793103448275865,4,17.25,8.25,8,0.875,0.5
4264,Canada,Retail,Enterprise,Pro,150,0,92,36.18478260869565,2,17.5,8.0,10,0.7,0.3
4265,UK,Finance,Enterprise,Basic,50,0,67,36.56716417910448,1,7.0,6.0,12,0.8333333333333334,0.75
4266,India,Finance,Medium,Basic,50,0,48,35.583333333333336,1,45.0,6.0,14,0.8571428571428571,0.7857142857142857
4267,Canada,Retail,Medium,Pro,150,0,52,31.423076923076923,3,22.333333333333332,7.333333333333333,15,0.8,0.4
4268,India,Healthcare,Small,Basic,50,1,20,6.25,8,64.0,2.375,4,0.25,0.0
4269,Canada,Education,Enterprise,Pro,150,0,78,33.37179487179487,4,25.5,7.5,8,1.0,0.75
4270,India,Education,Small,Pro,150,1,8,4.75,10,66.6,3.2,4,0.25,0.25
4271,Germany,Retail,Enterprise,Basic,50,1,8,4.0,10,57.0,3.0,5,0.8,0.2
4272,India,Finance,Small,Basic,50,1,6,5.166666666666667,5,79.0,3.6,4,0.25,0.25
4273,USA,Retail,Enterprise,Basic,50,0,95,33.50526315789474,0,,,11,0.8181818181818182,0.5454545454545454
4274,UK,Retail,Enterprise,Basic,50,0,102,34.03921568627451,2,32.5,9.0,14,0.8571428571428571,0.5714285714285714
4275,UK,Education,Medium,Pro,150,0,43,33.76744186046512,3,20.333333333333332,7.0,15,0.9333333333333333,0.6
4276,Canada,Education,Enterprise,Basic,50,0,106,33.74528301886792,2,11.0,7.5,14,0.7857142857142857,0.5
4277,UK,Finance,Medium,Basic,50,0,98,35.39795918367347,4,24.25,7.5,13,0.8461538461538461,0.46153846153846156
4278,India,SaaS,Medium,Basic,50,0,68,34.5,4,36.0,7.5,11,0.8181818181818182,0.6363636363636364
4279,USA,Retail,Small,Basic,50,1,6,4.833333333333333,3,62.333333333333336,4.333333333333333,5,0.0,0.0
4280,UK,Finance,Enterprise,Pro,150,0,61,34.459016393442624,4,19.25,7.0,13,0.8461538461538461,0.46153846153846156
4281,USA,SaaS,Medium,Basic,50,0,94,34.62765957446808,0,,,9,0.6666666666666666,0.7777777777777778
4282,India,SaaS,Medium,Basic,50,1,12,6.166666666666667,7,90.28571428571429,3.4285714285714284,2,1.0,0.0
4283,India,SaaS,Small,Basic,50,0,49,32.244897959183675,3,26.333333333333332,7.0,15,0.8666666666666667,0.5333333333333333
4284,India,Healthcare,Medium,Basic,50,1,11,5.818181818181818,5,76.4,2.2,5,0.4,0.0
4285,India,Education,Enterprise,Basic,50,1,16,5.75,10,79.3,2.9,2,0.5,0.0
4286,Canada,Healthcare,Small,Basic,50,0,110,34.836363636363636,1,8.0,8.0,7,0.7142857142857143,0.5714285714285714
4287,India,Healthcare,Enterprise,Pro,150,1,10,3.9,5,42.8,2.6,1,0.0,0.0
4288,UK,Retail,Enterprise,Pro,150,0,94,35.07446808510638,4,16.75,7.75,14,0.5714285714285714,0.5714285714285714
4289,USA,Finance,Small,Basic,50,1,10,4.8,9,77.11111111111111,2.5555555555555554,2,0.0,0.0
4290,USA,Retail,Medium,Basic,50,0,62,36.45161290322581,4,19.25,7.25,10,0.7,0.3
4291,UK,Retail,Medium,Basic,50,1,16,5.8125,3,36.333333333333336,3.6666666666666665,5,0.2,0.4
4292,Germany,SaaS,Medium,Pro,150,0,68,35.51470588235294,1,1.0,6.0,5,0.8,0.6
4293,India,Education,Medium,Basic,50,0,40,33.625,0,,,13,0.9230769230769231,0.6153846153846154
4294,UK,Education,Medium,Basic,50,1,16,4.5,4,74.0,3.75,3,0.0,0.0
4295,India,Education,Small,Basic,50,1,17,5.882352941176471,5,65.2,3.0,5,0.4,0.2
4296,UK,Finance,Small,Pro,150,1,18,5.0,8,74.0,3.375,4,0.25,0.0
4297,Germany,Education,Small,Basic,50,0,97,33.52577319587629,4,27.75,7.25,11,0.9090909090909091,0.7272727272727273
4298,India,Finance,Small,Basic,50,0,91,36.83516483516483,1,40.0,9.0,15,0.5333333333333333,0.6
4299,India,Education,Enterprise,Basic,50,0,98,33.13265306122449,0,,,10,0.8,0.9
4300,Germany,Education,Small,Basic,50,0,96,34.645833333333336,1,31.0,9.0,13,0.9230769230769231,0.38461538461538464
4301,Germany,Retail,Small,Basic,50,0,98,33.45918367346939,1,24.0,8.0,8,0.75,0.5
4302,UK,Education,Medium,Basic,50,1,14,4.785714285714286,7,68.85714285714286,2.5714285714285716,5,0.2,0.4
4303,India,Education,Enterprise,Basic,50,0,102,35.6078431372549,0,,,6,0.8333333333333334,0.6666666666666666
4304,India,Retail,Medium,Basic,50,0,92,36.79347826086956,1,18.0,7.0,10,0.8,0.6
4305,Germany,Retail,Medium,Pro,150,0,41,38.48780487804878,0,,,9,1.0,0.4444444444444444
4306,Germany,Retail,Small,Pro,150,0,101,33.17821782178218,0,,,12,0.8333333333333334,0.8333333333333334
4307,Canada,SaaS,Medium,Basic,50,1,16,5.9375,6,58.666666666666664,2.3333333333333335,5,0.0,0.0
4308,USA,Healthcare,Enterprise,Basic,50,1,6,5.333333333333333,9,93.55555555555556,3.2222222222222223,1,1.0,0.0
4309,India,Healthcare,Enterprise,Basic,50,1,16,5.5,9,90.77777777777777,2.4444444444444446,4,0.25,0.0
4310,Canada,Finance,Small,Enterprise,500,0,106,33.56603773584906,3,14.666666666666666,7.333333333333333,11,0.7272727272727273,0.5454545454545454
4311,Canada,Education,Enterprise,Pro,150,0,93,35.44086021505376,0,,,11,0.7272727272727273,0.6363636363636364
4312,India,SaaS,Medium,Pro,150,0,95,36.31578947368421,4,41.0,6.75,15,1.0,0.5333333333333333
4313,UK,Retail,Enterprise,Basic,50,0,101,35.554455445544555,1,7.0,8.0,9,0.6666666666666666,0.7777777777777778
4314,USA,Retail,Enterprise,Basic,50,1,7,4.285714285714286,3,78.0,3.0,3,0.3333333333333333,0.6666666666666666
4315,Germany,SaaS,Small,Basic,50,0,109,35.330275229357795,2,41.0,8.5,11,1.0,0.8181818181818182
4316,USA,Finance,Enterprise,Basic,50,1,18,4.888888888888889,8,59.5,2.625,3,0.3333333333333333,0.0
4317,USA,Finance,Enterprise,Enterprise,500,0,101,33.10891089108911,2,36.5,8.5,6,1.0,0.5
4318,USA,Finance,Enterprise,Enterprise,500,0,106,34.264150943396224,0,,,6,0.8333333333333334,0.3333333333333333
4319,Germany,Finance,Small,Basic,50,1,15,4.6,7,63.42857142857143,2.7142857142857144,3,0.6666666666666666,0.0
4320,USA,Education,Enterprise,Pro,150,0,59,34.88135593220339,3,23.666666666666668,8.0,12,0.75,0.5
4321,Canada,SaaS,Enterprise,Basic,50,0,62,34.17741935483871,0,,,13,0.6923076923076923,0.5384615384615384
4322,UK,Education,Small,Pro,150,0,85,35.4,3,33.0,8.333333333333334,6,1.0,0.8333333333333334
4323,Canada,Retail,Small,Basic,50,1,12,6.25,6,86.83333333333333,3.3333333333333335,2,0.5,0.0
4324,UK,Healthcare,Medium,Pro,150,0,66,35.53030303030303,1,35.0,6.0,5,1.0,1.0
4325,India,SaaS,Medium,Pro,150,0,104,35.46153846153846,2,27.0,8.5,14,0.8571428571428571,0.6428571428571429
4326,Canada,Healthcare,Small,Basic,50,0,91,35.24175824175824,0,,,13,0.9230769230769231,0.5384615384615384
4327,USA,SaaS,Small,Pro,150,0,113,33.75221238938053,1,38.0,7.0,8,0.75,0.5
4328,Canada,SaaS,Enterprise,Enterprise,500,0,83,36.06024096385542,2,19.5,9.0,7,0.8571428571428571,0.7142857142857143
4329,USA,Healthcare,Small,Pro,150,0,46,34.19565217391305,0,,,7,0.8571428571428571,0.5714285714285714
4330,USA,Retail,Small,Enterprise,500,1,10,5.3,7,63.714285714285715,3.0,2,0.0,0.0
4331,Canada,Retail,Medium,Enterprise,500,0,87,34.91954022988506,3,37.666666666666664,7.0,14,0.6428571428571429,0.5714285714285714
4332,USA,SaaS,Medium,Basic,50,0,44,30.0,3,32.0,7.0,14,0.9285714285714286,0.5714285714285714
4333,Germany,Retail,Small,Pro,150,0,89,32.79775280898876,3,32.0,8.0,8,0.625,0.5
4334,UK,Education,Medium,Pro,150,0,83,33.46987951807229,1,35.0,6.0,14,0.8571428571428571,0.8571428571428571
4335,Canada,Retail,Enterprise,Basic,50,0,91,35.02197802197802,4,35.0,7.75,15,0.8666666666666667,0.6
4336,Canada,SaaS,Medium,Basic,50,1,16,4.5,3,86.0,3.0,2,0.5,0.5
4337,UK,SaaS,Small,Basic,50,1,8,5.375,7,56.142857142857146,3.2857142857142856,4,0.5,0.25
4338,UK,Healthcare,Small,Basic,50,0,106,34.45283018867924,2,12.5,8.5,9,0.6666666666666666,0.5555555555555556
4339,Canada,Education,Small,Basic,50,0,47,33.38297872340426,1,25.0,9.0,10,0.8,0.8
4340,Germany,Retail,Medium,Basic,50,0,100,35.26,2,31.5,8.0,15,0.8666666666666667,0.7333333333333333
4341,India,SaaS,Enterprise,Pro,150,0,118,34.05084745762712,3,26.666666666666668,8.0,15,0.6,0.6666666666666666
4342,Germany,Finance,Enterprise,Basic,50,1,10,4.8,3,67.33333333333333,2.3333333333333335,4,0.5,0.0
4343,India,Retail,Medium,Pro,150,0,94,34.56382978723404,2,39.5,7.0,7,1.0,0.5714285714285714
4344,USA,Retail,Medium,Pro,150,0,78,36.217948717948715,0,,,12,0.75,0.5
4345,Germany,Healthcare,Small,Basic,50,0,84,34.642857142857146,0,,,13,0.7692307692307693,0.5384615384615384
4346,India,Retail,Small,Pro,150,0,54,31.01851851851852,3,26.666666666666668,7.666666666666667,6,1.0,0.5
4347,Canada,Retail,Small,Pro,150,0,120,34.19166666666667,0,,,12,0.6666666666666666,0.75
4348,Canada,Finance,Small,Basic,50,1,17,4.411764705882353,6,75.16666666666667,4.333333333333333,1,0.0,0.0
4349,Canada,Retail,Small,Pro,150,1,14,5.428571428571429,3,80.33333333333333,3.0,4,0.0,0.0
4350,India,Healthcare,Medium,Pro,150,0,47,35.40425531914894,0,,,12,0.8333333333333334,0.6666666666666666
4351,Germany,Finance,Small,Pro,150,0,110,36.75454545454546,1,42.0,8.0,14,0.7857142857142857,0.35714285714285715
4352,UK,Finance,Enterprise,Basic,50,0,54,36.388888888888886,0,,,6,0.8333333333333334,0.5
4353,Canada,Healthcare,Medium,Pro,150,1,11,4.2727272727272725,9,57.111111111111114,3.111111111111111,1,0.0,0.0
4354,Canada,Retail,Enterprise,Basic,50,1,13,5.846153846153846,3,70.33333333333333,1.6666666666666667,1,1.0,1.0
4355,USA,Healthcare,Enterprise,Basic,50,0,45,34.28888888888889,0,,,12,0.8333333333333334,0.6666666666666666
4356,UK,Finance,Enterprise,Enterprise,500,0,47,35.02127659574468,2,30.0,8.0,13,0.7692307692307693,0.46153846153846156
4357,Canada,Finance,Medium,Enterprise,500,0,79,34.29113924050633,3,28.0,7.333333333333333,8,0.375,0.625
4358,UK,Finance,Enterprise,Basic,50,0,72,32.22222222222222,2,21.5,8.0,11,0.9090909090909091,0.6363636363636364
4359,India,Retail,Small,Pro,150,0,55,37.763636363636365,3,25.0,7.666666666666667,10,0.8,0.6
4360,Germany,Retail,Medium,Basic,50,0,100,35.84,4,24.25,7.5,7,0.7142857142857143,0.42857142857142855
4361,Canada,Healthcare,Enterprise,Basic,50,0,104,33.93269230769231,1,44.0,9.0,5,1.0,0.8
4362,Canada,Education,Medium,Basic,50,1,9,5.555555555555555,3,101.33333333333333,4.0,1,0.0,0.0
4363,UK,Finance,Enterprise,Basic,50,0,40,38.575,4,17.0,8.0,15,0.7333333333333333,0.3333333333333333
4364,Canada,Finance,Enterprise,Basic,50,1,13,4.153846153846154,5,71.4,4.2,4,0.25,0.0
4365,Canada,Retail,Small,Basic,50,0,40,32.1,4,32.25,7.75,8,0.875,0.5
4366,USA,SaaS,Enterprise,Basic,50,0,57,33.1578947368421,2,20.5,9.0,13,1.0,0.5384615384615384
4367,UK,Healthcare,Small,Basic,50,0,59,32.25423728813559,4,20.25,7.0,6,0.5,0.3333333333333333
4368,USA,Retail,Enterprise,Pro,150,1,11,5.090909090909091,7,60.857142857142854,3.2857142857142856,4,0.25,0.0
4369,Germany,Finance,Small,Pro,150,0,84,35.357142857142854,3,26.666666666666668,8.0,15,0.9333333333333333,0.7333333333333333
4370,UK,SaaS,Small,Basic,50,0,82,33.926829268292686,1,33.0,8.0,6,0.6666666666666666,0.3333333333333333
4371,Germany,Retail,Small,Basic,50,0,79,34.79746835443038,2,16.0,8.5,10,0.8,0.7
4372,USA,Education,Medium,Basic,50,1,14,5.571428571428571,10,65.2,3.8,2,0.5,0.5
4373,USA,SaaS,Enterprise,Pro,150,0,109,35.77981651376147,4,22.0,7.25,5,1.0,0.4
4374,USA,Retail,Medium,Basic,50,0,98,32.56122448979592,1,11.0,8.0,9,0.8888888888888888,0.5555555555555556
4375,Canada,SaaS,Small,Basic,50,0,63,31.666666666666668,3,10.333333333333334,8.666666666666666,12,0.8333333333333334,0.5833333333333334
4376,India,SaaS,Enterprise,Basic,50,0,108,35.092592592592595,4,28.75,7.25,12,0.8333333333333334,0.5833333333333334
4377,Germany,Retail,Small,Basic,50,0,51,32.411764705882355,4,22.5,8.0,14,0.7857142857142857,0.5714285714285714
4378,Canada,Education,Small,Pro,150,0,115,33.85217391304348,1,36.0,9.0,13,0.5384615384615384,0.46153846153846156
4379,UK,Finance,Medium,Basic,50,1,13,4.384615384615385,6,86.0,3.3333333333333335,3,0.3333333333333333,0.0
4380,Germany,Finance,Small,Basic,50,0,109,34.93577981651376,2,23.0,7.0,15,0.7333333333333333,0.6
4381,UK,Healthcare,Medium,Basic,50,0,73,35.19178082191781,4,11.75,7.75,11,0.8181818181818182,0.7272727272727273
4382,Canada,Healthcare,Small,Enterprise,500,0,56,35.25,2,30.5,6.5,15,0.8666666666666667,0.3333333333333333
4383,Canada,SaaS,Enterprise,Pro,150,0,66,33.74242424242424,0,,,11,1.0,0.6363636363636364
4384,USA,Healthcare,Small,Basic,50,0,90,34.34444444444444,1,31.0,8.0,5,1.0,0.8
4385,UK,SaaS,Medium,Basic,50,1,7,4.571428571428571,10,81.8,3.4,5,0.4,0.2
4386,Germany,Education,Enterprise,Pro,150,0,56,36.589285714285715,2,27.5,7.0,12,0.9166666666666666,0.6666666666666666
4387,USA,Finance,Small,Basic,50,1,20,3.7,7,55.0,3.0,5,0.0,0.0
4388,Canada,Retail,Small,Basic,50,1,7,4.142857142857143,3,74.0,2.6666666666666665,4,0.0,0.25
4389,UK,Education,Medium,Pro,150,0,98,33.204081632653065,1,2.0,9.0,15,0.7333333333333333,0.6666666666666666
4390,Canada,Finance,Medium,Basic,50,0,81,37.30864197530864,0,,,8,0.875,0.5
4391,Canada,Education,Small,Basic,50,0,84,35.30952380952381,0,,,5,0.8,1.0
4392,USA,Retail,Medium,Pro,150,1,17,4.411764705882353,7,85.57142857142857,2.857142857142857,3,0.3333333333333333,0.0
4393,Germany,SaaS,Enterprise,Pro,150,0,68,36.470588235294116,4,24.5,7.0,8,0.75,0.625
4394,USA,Healthcare,Enterprise,Basic,50,0,86,33.93023255813954,1,24.0,8.0,9,0.7777777777777778,0.5555555555555556
4395,India,SaaS,Small,Enterprise,500,0,87,35.758620689655174,3,26.0,6.333333333333333,14,0.7142857142857143,0.35714285714285715
4396,Germany,Healthcare,Small,Basic,50,0,77,33.1948051948052,4,22.0,7.0,10,0.8,0.4
4397,Canada,Education,Medium,Basic,50,1,11,4.545454545454546,3,92.0,3.3333333333333335,1,0.0,0.0
4398,USA,Healthcare,Medium,Pro,150,0,52,34.40384615384615,0,,,11,0.8181818181818182,0.7272727272727273
4399,India,Retail,Enterprise,Basic,50,1,20,4.75,7,89.85714285714286,3.857142857142857,2,0.5,0.0
4400,India,SaaS,Small,Pro,150,0,78,34.717948717948715,4,20.5,7.75,15,0.7333333333333333,0.5333333333333333
4401,India,SaaS,Enterprise,Pro,150,0,69,32.73913043478261,0,,,8,0.625,0.75
4402,Canada,Healthcare,Enterprise,Pro,150,0,81,33.17283950617284,3,24.0,7.0,15,0.6666666666666666,0.6
4403,Canada,Education,Medium,Enterprise,500,0,58,33.6551724137931,3,39.333333333333336,8.0,9,0.8888888888888888,0.7777777777777778
4404,Germany,Education,Small,Enterprise,500,0,96,37.270833333333336,0,,,8,0.875,0.625
4405,Canada,SaaS,Enterprise,Enterprise,500,0,89,33.561797752808985,1,22.0,8.0,14,0.8571428571428571,0.7142857142857143
4406,Germany,Finance,Enterprise,Pro,150,1,17,4.588235294117647,4,79.75,2.25,1,0.0,0.0
4407,USA,SaaS,Medium,Basic,50,0,106,35.35849056603774,1,21.0,6.0,15,0.8,0.6666666666666666
4408,Germany,Finance,Small,Basic,50,0,74,36.486486486486484,3,20.0,7.0,7,0.7142857142857143,0.7142857142857143
4409,India,SaaS,Small,Pro,150,1,14,5.285714285714286,10,65.6,2.9,2,1.0,0.0
4410,UK,Education,Enterprise,Pro,150,0,68,32.0735294117647,4,28.0,8.25,10,0.6,0.2
4411,India,SaaS,Small,Basic,50,0,59,33.847457627118644,3,28.0,8.333333333333334,11,0.8181818181818182,0.5454545454545454
4412,Germany,SaaS,Enterprise,Enterprise,500,0,109,34.43119266055046,3,13.0,7.0,9,0.8888888888888888,0.5555555555555556
4413,Canada,SaaS,Medium,Basic,50,0,109,36.00917431192661,0,,,7,0.7142857142857143,0.5714285714285714
4414,USA,Retail,Enterprise,Basic,50,0,86,35.74418604651163,2,17.0,7.5,9,0.7777777777777778,0.7777777777777778
4415,Canada,SaaS,Enterprise,Pro,150,1,15,4.666666666666667,10,72.1,2.8,5,0.6,0.0
4416,Germany,Healthcare,Medium,Basic,50,0,49,34.30612244897959,1,27.0,7.0,7,0.7142857142857143,0.7142857142857143
4417,USA,SaaS,Small,Pro,150,0,68,39.044117647058826,1,10.0,9.0,9,0.5555555555555556,0.2222222222222222
4418,Germany,Education,Small,Basic,50,0,111,36.72072072072072,3,7.333333333333333,7.333333333333333,12,0.9166666666666666,0.4166666666666667
4419,India,Retail,Medium,Basic,50,1,9,5.111111111111111,5,77.8,2.6,3,0.6666666666666666,0.0
4420,India,Healthcare,Small,Pro,150,0,61,35.278688524590166,2,8.0,6.5,7,1.0,0.2857142857142857
4421,USA,SaaS,Small,Pro,150,0,62,39.08064516129032,3,21.0,6.333333333333333,7,0.8571428571428571,1.0
4422,Canada,Education,Medium,Basic,50,0,55,36.18181818181818,0,,,8,0.875,0.875
4423,USA,Education,Medium,Basic,50,0,65,32.84615384615385,0,,,9,1.0,0.6666666666666666
4424,USA,Retail,Medium,Enterprise,500,0,116,33.61206896551724,1,44.0,6.0,5,1.0,0.6
4425,UK,Retail,Enterprise,Pro,150,0,119,36.15126050420168,1,46.0,6.0,8,0.75,0.75
4426,Germany,Education,Small,Basic,50,0,92,35.22826086956522,4,27.25,8.25,7,0.7142857142857143,0.5714285714285714
4427,USA,Retail,Small,Basic,50,0,105,34.50476190476191,2,42.5,6.5,13,1.0,0.46153846153846156
4428,Canada,Finance,Medium,Basic,50,0,82,32.548780487804876,0,,,11,0.9090909090909091,0.2727272727272727
4429,UK,Finance,Medium,Pro,150,0,103,34.0873786407767,4,30.0,8.25,13,0.7692307692307693,0.5384615384615384
4430,USA,Healthcare,Small,Basic,50,0,69,36.52173913043478,0,,,14,0.7142857142857143,0.5
4431,USA,Education,Small,Pro,150,0,110,34.89090909090909,3,25.333333333333332,7.333333333333333,9,0.8888888888888888,0.3333333333333333
4432,UK,Retail,Enterprise,Basic,50,1,7,4.142857142857143,9,64.55555555555556,2.0,5,0.6,0.0
4433,Canada,Education,Small,Basic,50,1,19,6.0,10,72.3,3.1,4,0.25,0.0
4434,USA,Healthcare,Small,Basic,50,1,19,5.105263157894737,6,76.66666666666667,3.8333333333333335,2,0.0,0.0
4435,USA,SaaS,Small,Basic,50,0,75,35.88,3,15.666666666666666,8.666666666666666,12,1.0,0.9166666666666666
4436,Germany,Healthcare,Medium,Basic,50,1,19,4.7368421052631575,9,70.0,2.3333333333333335,5,0.2,0.0
4437,USA,Finance,Medium,Pro,150,1,7,6.0,9,68.55555555555556,3.3333333333333335,5,0.2,0.2
4438,Canada,Healthcare,Medium,Basic,50,1,13,3.8461538461538463,3,72.66666666666667,2.6666666666666665,5,0.0,0.4
4439,UK,Education,Medium,Basic,50,0,115,32.92173913043478,1,6.0,8.0,14,0.8571428571428571,0.8571428571428571
4440,Germany,SaaS,Enterprise,Basic,50,1,15,4.666666666666667,6,83.5,3.3333333333333335,2,0.5,0.0
4441,USA,SaaS,Medium,Basic,50,1,16,4.75,4,75.5,2.5,3,0.0,0.3333333333333333
4442,Canada,Healthcare,Medium,Pro,150,0,94,31.72340425531915,4,19.75,6.0,10,0.6,0.4
4443,India,Healthcare,Medium,Pro,150,1,5,6.4,5,79.6,3.0,2,0.0,0.0
4444,India,Finance,Enterprise,Pro,150,0,52,34.09615384615385,1,39.0,6.0,7,1.0,0.7142857142857143
4445,India,Healthcare,Enterprise,Basic,50,0,42,34.69047619047619,3,22.666666666666668,7.666666666666667,10,0.4,0.6
4446,India,Finance,Enterprise,Pro,150,0,59,33.3728813559322,2,38.5,8.0,11,0.9090909090909091,0.7272727272727273
4447,Canada,Education,Small,Basic,50,1,8,6.0,9,72.66666666666667,2.7777777777777777,3,0.3333333333333333,0.0
4448,USA,Finance,Medium,Enterprise,500,0,45,33.91111111111111,3,21.333333333333332,7.0,12,0.75,0.6666666666666666
4449,Canada,Retail,Medium,Enterprise,500,1,20,5.25,5,39.6,2.6,3,0.3333333333333333,0.3333333333333333
4450,USA,Healthcare,Small,Enterprise,500,1,17,4.764705882352941,5,62.8,2.2,4,0.25,0.0
4451,Canada,Healthcare,Medium,Basic,50,0,76,35.5921052631579,0,,,10,0.9,0.6
4452,Canada,Healthcare,Small,Enterprise,500,0,80,35.1125,3,26.333333333333332,6.333333333333333,14,0.8571428571428571,0.6428571428571429
4453,India,Healthcare,Small,Basic,50,0,93,33.064516129032256,0,,,14,0.8571428571428571,0.6428571428571429
4454,UK,Retail,Enterprise,Basic,50,0,72,35.81944444444444,4,24.0,7.25,10,0.8,0.3
4455,Germany,SaaS,Small,Pro,150,0,48,31.166666666666668,0,,,6,0.8333333333333334,0.5
4456,Germany,SaaS,Medium,Pro,150,0,48,37.5625,2,27.5,7.5,10,0.9,0.5
4457,India,Education,Medium,Basic,50,0,106,34.58490566037736,2,34.0,7.0,10,0.8,0.8
4458,India,SaaS,Small,Basic,50,1,14,5.071428571428571,8,58.25,3.5,2,0.0,0.0
4459,India,Education,Medium,Basic,50,1,20,4.65,9,45.666666666666664,3.111111111111111,4,0.0,0.0
4460,Germany,SaaS,Medium,Pro,150,0,55,37.30909090909091,1,40.0,9.0,6,0.6666666666666666,0.6666666666666666
4461,Germany,Retail,Small,Basic,50,0,79,34.87341772151899,2,25.0,7.0,6,0.5,0.6666666666666666
4462,UK,Healthcare,Medium,Pro,150,0,85,33.411764705882355,3,42.666666666666664,7.666666666666667,7,0.8571428571428571,1.0
4463,UK,Retail,Enterprise,Basic,50,1,16,3.9375,4,65.25,1.5,2,0.5,0.0
4464,USA,Finance,Small,Pro,150,0,58,33.58620689655172,2,40.5,8.5,14,0.7142857142857143,0.42857142857142855
4465,Canada,Finance,Small,Enterprise,500,0,114,35.08771929824562,1,42.0,7.0,9,0.7777777777777778,0.3333333333333333
4466,Canada,Finance,Medium,Basic,50,1,7,5.571428571428571,8,72.875,2.875,3,0.0,0.0
4467,Canada,Healthcare,Small,Basic,50,0,95,32.51578947368421,3,24.666666666666668,7.666666666666667,12,0.6666666666666666,0.8333333333333334
4468,India,Education,Medium,Pro,150,0,96,35.541666666666664,3,23.333333333333332,8.666666666666666,8,0.75,0.875
4469,Germany,SaaS,Small,Enterprise,500,1,12,4.75,5,77.2,3.4,1,0.0,0.0
4470,Canada,Retail,Enterprise,Pro,150,0,109,37.58715596330275,2,36.5,7.0,14,0.9285714285714286,0.5
4471,India,Education,Medium,Pro,150,0,89,36.235955056179776,4,24.0,7.75,8,0.625,0.625
4472,Germany,Education,Enterprise,Basic,50,1,13,5.230769230769231,5,89.6,3.4,1,0.0,0.0
4473,Canada,Education,Medium,Basic,50,1,7,4.285714285714286,6,55.833333333333336,3.0,5,0.2,0.2
4474,UK,Retail,Medium,Basic,50,1,5,4.6,10,54.6,2.8,4,0.5,0.0
4475,UK,Healthcare,Small,Basic,50,0,114,33.3859649122807,1,43.0,8.0,5,0.6,0.2
4476,India,Finance,Small,Pro,150,0,86,36.348837209302324,4,25.0,7.0,8,0.75,0.75
4477,UK,Education,Medium,Pro,150,0,48,35.020833333333336,4,11.75,8.0,6,0.8333333333333334,0.6666666666666666
4478,India,Education,Medium,Pro,150,0,77,36.15584415584416,2,26.5,7.0,13,0.6923076923076923,0.6923076923076923
4479,USA,Education,Medium,Basic,50,0,68,36.661764705882355,4,35.25,7.75,15,0.8,0.6666666666666666
4480,India,Finance,Enterprise,Enterprise,500,0,50,35.36,3,28.666666666666668,6.666666666666667,15,0.8666666666666667,0.4666666666666667
4481,India,Education,Small,Pro,150,1,15,5.533333333333333,9,72.0,3.0,4,0.0,0.25
4482,USA,Finance,Enterprise,Basic,50,1,8,6.25,5,61.0,2.6,1,0.0,0.0
4483,India,Finance,Small,Pro,150,0,107,33.35514018691589,0,,,6,1.0,0.16666666666666666
4484,Germany,Retail,Small,Basic,50,0,74,37.08108108108108,2,36.0,7.5,9,0.8888888888888888,0.7777777777777778
4485,Germany,SaaS,Medium,Enterprise,500,0,75,36.48,4,28.0,7.75,12,1.0,0.5
4486,USA,Finance,Medium,Enterprise,500,0,107,33.51401869158879,3,26.666666666666668,6.666666666666667,12,0.8333333333333334,0.6666666666666666
4487,Canada,Healthcare,Medium,Basic,50,0,52,36.32692307692308,4,19.5,7.25,8,0.625,0.625
4488,USA,Education,Small,Basic,50,1,19,4.2631578947368425,7,72.57142857142857,3.142857142857143,2,0.0,0.0
4489,India,Education,Enterprise,Basic,50,0,59,35.847457627118644,4,14.75,7.75,13,0.7692307692307693,0.5384615384615384
4490,India,SaaS,Medium,Pro,150,0,57,34.68421052631579,1,36.0,8.0,6,1.0,0.5
4491,UK,Finance,Medium,Pro,150,0,49,34.91836734693877,4,24.75,8.0,15,0.8,0.6
4492,India,Retail,Small,Basic,50,0,46,34.630434782608695,3,24.333333333333332,7.333333333333333,14,0.8571428571428571,0.6428571428571429
4493,UK,Healthcare,Small,Basic,50,0,117,32.666666666666664,0,,,7,0.7142857142857143,0.2857142857142857
4494,Canada,SaaS,Small,Pro,150,1,9,6.888888888888889,5,82.8,3.0,2,0.0,0.0
4495,USA,SaaS,Small,Pro,150,1,7,2.7142857142857144,10,72.3,2.6,4,0.75,0.25
4496,Canada,Retail,Enterprise,Pro,150,0,57,34.36842105263158,1,34.0,8.0,12,0.9166666666666666,0.5833333333333334
4497,India,SaaS,Enterprise,Basic,50,0,95,32.63157894736842,0,,,8,0.5,0.75
4498,UK,SaaS,Enterprise,Pro,150,0,98,35.01020408163265,0,,,12,0.8333333333333334,0.6666666666666666
4499,India,Finance,Small,Basic,50,1,9,5.555555555555555,6,70.16666666666667,3.8333333333333335,1,0.0,0.0
4500,India,Education,Enterprise,Basic,50,0,112,31.169642857142858,3,22.666666666666668,6.666666666666667,5,0.6,1.0
4501,USA,Education,Small,Basic,50,0,58,34.05172413793103,0,,,7,0.5714285714285714,0.7142857142857143
4502,India,SaaS,Small,Basic,50,0,89,34.853932584269664,3,11.333333333333334,7.0,5,0.8,0.8
4503,Canada,Retail,Small,Pro,150,0,111,35.67567567567568,1,18.0,8.0,11,0.9090909090909091,0.8181818181818182
4504,Canada,SaaS,Small,Pro,150,0,90,35.5,3,19.666666666666668,7.0,9,1.0,0.6666666666666666
4505,UK,Finance,Enterprise,Enterprise,500,0,108,34.2962962962963,4,21.5,8.0,5,1.0,0.8
4506,India,Retail,Small,Pro,150,0,70,33.0,3,19.333333333333332,8.0,8,0.875,0.625
4507,Germany,Finance,Small,Enterprise,500,0,120,33.00833333333333,0,,,5,0.8,0.2
4508,USA,Finance,Enterprise,Basic,50,0,114,34.228070175438596,3,39.333333333333336,8.0,15,0.9333333333333333,0.5333333333333333
4509,India,Finance,Medium,Basic,50,0,99,35.80808080808081,3,17.666666666666668,8.333333333333334,12,0.9166666666666666,0.5833333333333334
4510,India,Retail,Medium,Basic,50,0,46,35.391304347826086,1,17.0,7.0,5,0.4,0.4
4511,Canada,SaaS,Small,Basic,50,1,19,5.631578947368421,4,46.25,3.0,1,1.0,0.0
4512,India,SaaS,Medium,Basic,50,1,7,4.142857142857143,5,70.0,2.2,5,0.2,0.0
4513,UK,Education,Small,Pro,150,0,110,35.91818181818182,3,29.666666666666668,7.0,6,0.5,1.0
4514,USA,Education,Small,Pro,150,0,55,35.43636363636364,2,21.0,7.0,6,1.0,0.6666666666666666
4515,India,Education,Enterprise,Basic,50,1,14,4.785714285714286,10,61.9,2.8,1,1.0,1.0
4516,Canada,Education,Enterprise,Basic,50,0,66,35.39393939393939,3,21.0,7.0,8,1.0,0.75
4517,India,Healthcare,Medium,Basic,50,0,58,36.87931034482759,3,18.0,7.666666666666667,15,0.8666666666666667,0.4
4518,Canada,SaaS,Enterprise,Pro,150,1,18,6.111111111111111,10,70.0,2.9,1,0.0,1.0
4519,UK,Retail,Enterprise,Basic,50,1,12,4.583333333333333,5,72.0,3.8,1,0.0,0.0
4520,USA,SaaS,Small,Basic,50,0,105,36.22857142857143,4,29.5,7.0,5,1.0,0.8
4521,Canada,Education,Enterprise,Basic,50,0,61,32.16393442622951,2,6.5,7.0,6,0.5,0.6666666666666666
4522,Canada,Retail,Enterprise,Pro,150,0,56,29.589285714285715,0,,,10,0.7,0.5
4523,USA,Education,Small,Basic,50,0,51,32.90196078431372,1,12.0,7.0,8,0.75,0.625
4524,Canada,Retail,Enterprise,Pro,150,0,118,34.389830508474574,4,23.75,7.5,6,0.6666666666666666,0.6666666666666666
4525,Canada,Education,Medium,Basic,50,1,16,4.375,4,55.25,3.5,2,0.5,0.0
4526,India,Finance,Small,Basic,50,0,42,34.30952380952381,2,27.0,9.0,13,0.8461538461538461,0.23076923076923078
4527,Canada,Finance,Small,Basic,50,0,83,33.433734939759034,2,24.5,8.0,5,1.0,0.8
4528,India,Healthcare,Medium,Basic,50,0,85,35.247058823529414,3,17.333333333333332,7.333333333333333,15,0.7333333333333333,0.4
4529,UK,Retail,Medium,Pro,150,1,9,4.888888888888889,4,66.75,2.5,3,0.6666666666666666,0.0
4530,USA,Healthcare,Medium,Pro,150,1,16,4.3125,5,70.2,1.6,1,0.0,0.0
4531,Germany,Finance,Small,Basic,50,0,86,33.05813953488372,1,43.0,7.0,5,1.0,0.6
4532,India,Education,Enterprise,Pro,150,0,80,34.65,1,35.0,6.0,6,0.5,0.5
4533,USA,Finance,Enterprise,Basic,50,1,15,5.733333333333333,4,60.0,1.75,2,0.0,0.0
4534,Germany,Education,Small,Enterprise,500,0,60,35.3,4,27.0,7.75,9,1.0,0.4444444444444444
4535,Germany,Retail,Small,Enterprise,500,1,13,5.769230769230769,5,65.4,2.6,3,0.3333333333333333,0.0
4536,Canada,Healthcare,Enterprise,Enterprise,500,0,113,35.72566371681416,2,27.0,8.5,9,0.7777777777777778,0.7777777777777778
4537,UK,Retail,Enterprise,Basic,50,1,10,5.8,3,55.333333333333336,2.3333333333333335,5,0.4,0.2
4538,Canada,Healthcare,Enterprise,Basic,50,0,52,38.26923076923077,3,20.0,6.666666666666667,7,0.5714285714285714,0.8571428571428571
4539,India,Finance,Medium,Pro,150,0,60,33.68333333333333,3,10.333333333333334,7.666666666666667,8,1.0,0.5
4540,India,SaaS,Small,Basic,50,0,60,35.96666666666667,4,21.5,6.75,6,0.8333333333333334,0.5
4541,Germany,Retail,Enterprise,Pro,150,0,69,36.85507246376812,1,16.0,8.0,9,0.7777777777777778,0.6666666666666666
4542,UK,Education,Medium,Basic,50,0,112,34.669642857142854,1,37.0,7.0,14,0.7857142857142857,0.42857142857142855
4543,UK,Healthcare,Medium,Pro,150,0,88,34.25,0,,,8,0.875,0.625
4544,USA,Healthcare,Small,Enterprise,500,0,45,34.24444444444445,1,27.0,6.0,15,0.9333333333333333,0.6
4545,Germany,Finance,Enterprise,Basic,50,0,80,35.2125,4,16.75,7.5,11,0.9090909090909091,0.6363636363636364
4546,Germany,SaaS,Small,Basic,50,0,90,32.388888888888886,0,,,14,0.8571428571428571,0.5714285714285714
4547,USA,Retail,Small,Basic,50,1,20,4.7,7,73.42857142857143,2.857142857142857,2,0.5,0.0
4548,UK,SaaS,Small,Basic,50,0,81,33.55555555555556,3,17.666666666666668,7.666666666666667,15,1.0,0.8
4549,Canada,Education,Medium,Basic,50,0,56,33.267857142857146,4,18.25,8.0,15,0.8,0.5333333333333333
4550,Germany,Finance,Small,Pro,150,0,92,35.21739130434783,3,19.666666666666668,6.666666666666667,5,1.0,0.4
4551,Germany,Education,Small,Basic,50,1,11,5.090909090909091,5,59.2,3.0,5,0.6,0.2
4552,India,SaaS,Medium,Basic,50,0,45,32.51111111111111,0,,,14,0.8571428571428571,0.5714285714285714
4553,India,Education,Enterprise,Basic,50,0,51,33.72549019607843,4,21.75,8.5,9,0.8888888888888888,0.5555555555555556
4554,Canada,SaaS,Enterprise,Basic,50,1,18,4.833333333333333,9,82.44444444444444,2.7777777777777777,4,0.25,0.25
4555,USA,SaaS,Enterprise,Pro,150,1,19,5.157894736842105,6,64.5,2.8333333333333335,1,0.0,0.0
4556,India,Retail,Medium,Basic,50,0,56,30.285714285714285,1,17.0,8.0,5,0.8,0.6
4557,Germany,Retail,Medium,Pro,150,1,10,4.8,7,79.14285714285714,2.2857142857142856,2,0.0,0.0
4558,Germany,Healthcare,Enterprise,Pro,150,0,77,34.38961038961039,3,16.333333333333332,7.333333333333333,8,0.625,0.875
4559,UK,Education,Enterprise,Pro,150,0,107,35.177570093457945,3,22.0,7.0,6,1.0,0.6666666666666666
4560,USA,Healthcare,Small,Basic,50,1,19,5.315789473684211,5,61.2,3.2,3,0.3333333333333333,0.3333333333333333
4561,Canada,Education,Medium,Enterprise,500,0,48,35.1875,0,,,14,0.9285714285714286,0.7142857142857143
4562,Germany,Retail,Medium,Basic,50,0,48,32.333333333333336,2,17.0,8.5,12,0.6666666666666666,0.4166666666666667
4563,Germany,Healthcare,Enterprise,Pro,150,0,58,37.46551724137931,2,3.5,7.5,5,0.8,0.8
4564,Canada,Finance,Small,Enterprise,500,0,94,31.98936170212766,3,24.0,8.0,13,0.9230769230769231,0.5384615384615384
4565,UK,Finance,Medium,Basic,50,0,65,33.06153846153846,2,24.0,7.5,6,1.0,0.5
4566,India,SaaS,Enterprise,Pro,150,0,90,34.422222222222224,3,22.666666666666668,6.666666666666667,7,0.42857142857142855,0.7142857142857143
4567,Canada,Education,Enterprise,Pro,150,0,73,33.67123287671233,2,40.5,8.0,8,0.875,0.5
4568,Canada,Retail,Medium,Enterprise,500,0,51,37.529411764705884,2,30.0,8.0,6,1.0,0.8333333333333334
4569,India,Retail,Medium,Basic,50,0,92,36.51086956521739,0,,,7,0.8571428571428571,0.5714285714285714
4570,UK,Healthcare,Small,Basic,50,0,81,33.77777777777778,0,,,5,0.8,1.0
4571,UK,Retail,Enterprise,Basic,50,0,110,35.78181818181818,1,41.0,6.0,5,0.8,0.4
4572,India,Education,Enterprise,Basic,50,1,6,3.5,7,68.71428571428571,2.2857142857142856,1,0.0,1.0
4573,India,SaaS,Medium,Enterprise,500,0,76,32.0,0,,,13,0.7692307692307693,0.6923076923076923
4574,India,Healthcare,Small,Basic,50,0,40,33.725,3,32.0,7.333333333333333,14,0.8571428571428571,0.6428571428571429
4575,India,Finance,Medium,Pro,150,0,89,34.61797752808989,3,19.666666666666668,7.0,7,0.8571428571428571,0.7142857142857143
4576,Germany,Healthcare,Small,Enterprise,500,0,59,35.101694915254235,2,9.5,8.0,6,0.8333333333333334,0.5
4577,India,Finance,Enterprise,Basic,50,0,105,34.46666666666667,4,25.25,7.75,9,0.8888888888888888,0.5555555555555556
4578,USA,Healthcare,Enterprise,Pro,150,0,86,34.825581395348834,3,16.0,7.666666666666667,15,0.8,0.6666666666666666
4579,India,Healthcare,Small,Basic,50,0,79,35.30379746835443,4,28.0,8.0,15,0.8,0.6666666666666666
4580,UK,Education,Enterprise,Pro,150,0,86,35.7093023255814,0,,,15,0.7333333333333333,0.5333333333333333
4581,UK,SaaS,Enterprise,Pro,150,0,46,35.73913043478261,1,14.0,9.0,12,0.9166666666666666,0.5833333333333334
4582,USA,Education,Enterprise,Basic,50,0,69,34.34782608695652,2,26.5,7.5,7,0.7142857142857143,0.42857142857142855
4583,UK,SaaS,Medium,Basic,50,1,14,5.928571428571429,10,72.2,3.2,1,1.0,0.0
4584,USA,Finance,Small,Basic,50,0,94,35.861702127659576,2,22.0,7.0,5,1.0,0.8
4585,India,Education,Medium,Pro,150,0,75,34.36,0,,,6,0.8333333333333334,0.6666666666666666
4586,Germany,Education,Small,Basic,50,1,5,5.8,3,56.333333333333336,4.0,4,0.5,0.25
4587,Germany,Finance,Small,Pro,150,0,51,34.88235294117647,1,23.0,7.0,15,0.8666666666666667,0.4
4588,USA,Retail,Medium,Basic,50,1,15,4.066666666666666,6,57.666666666666664,3.1666666666666665,1,1.0,0.0
4589,Germany,Finance,Small,Basic,50,1,8,5.75,6,62.0,2.1666666666666665,3,0.0,0.0
4590,UK,Finance,Enterprise,Basic,50,0,67,32.82089552238806,3,22.666666666666668,6.666666666666667,10,0.8,0.8
4591,USA,Finance,Small,Enterprise,500,0,51,32.90196078431372,1,7.0,8.0,5,0.6,0.6
4592,UK,SaaS,Medium,Pro,150,0,70,33.41428571428571,3,14.333333333333334,7.0,12,0.8333333333333334,0.5
4593,UK,Education,Medium,Basic,50,1,19,5.473684210526316,10,71.9,3.7,3,0.6666666666666666,0.3333333333333333
4594,India,Retail,Enterprise,Basic,50,0,43,37.23255813953488,2,30.0,7.0,13,0.8461538461538461,0.46153846153846156
4595,Canada,SaaS,Enterprise,Basic,50,1,8,4.625,8,62.625,2.75,1,0.0,0.0
4596,India,SaaS,Medium,Basic,50,0,69,31.202898550724637,2,16.0,8.0,9,0.8888888888888888,0.5555555555555556
4597,USA,Education,Medium,Basic,50,0,58,34.63793103448276,1,15.0,7.0,14,0.7857142857142857,0.7142857142857143
4598,UK,Education,Enterprise,Enterprise,500,0,91,32.69230769230769,3,30.666666666666668,7.666666666666667,7,0.42857142857142855,0.5714285714285714
4599,USA,SaaS,Small,Basic,50,0,83,34.04819277108434,4,29.75,8.0,9,0.8888888888888888,0.5555555555555556
4600,UK,Education,Medium,Enterprise,500,0,110,35.5,0,,,12,0.75,0.4166666666666667
4601,UK,Healthcare,Medium,Basic,50,0,88,34.02272727272727,4,23.0,7.75,13,0.6923076923076923,0.46153846153846156
4602,Germany,Healthcare,Medium,Basic,50,0,66,32.95454545454545,4,40.0,7.25,14,0.9285714285714286,0.5714285714285714
4603,UK,Retail,Medium,Pro,150,0,66,34.78787878787879,1,21.0,9.0,9,0.7777777777777778,0.6666666666666666
4604,UK,Healthcare,Enterprise,Basic,50,0,40,32.925,4,19.5,6.25,6,0.6666666666666666,0.6666666666666666
4605,USA,Education,Enterprise,Pro,150,0,90,35.01111111111111,3,34.333333333333336,7.0,11,0.7272727272727273,0.6363636363636364
4606,UK,SaaS,Medium,Basic,50,0,94,35.9468085106383,2,16.0,7.5,12,0.5833333333333334,0.5833333333333334
4607,USA,Retail,Enterprise,Basic,50,1,15,5.0,5,47.8,3.2,3,0.0,0.0
4608,Canada,Healthcare,Enterprise,Pro,150,0,77,35.15584415584416,0,,,15,0.9333333333333333,0.4
4609,UK,SaaS,Medium,Basic,50,1,11,5.090909090909091,9,74.22222222222223,3.2222222222222223,5,0.2,0.0
4610,India,Education,Medium,Basic,50,0,113,33.76106194690266,2,34.5,6.5,13,0.9230769230769231,0.8461538461538461
4611,Canada,Healthcare,Enterprise,Basic,50,0,113,33.78761061946903,3,20.0,8.666666666666666,10,0.9,0.5
4612,India,Retail,Enterprise,Basic,50,0,66,33.54545454545455,3,23.0,7.333333333333333,15,0.8666666666666667,0.6
4613,UK,Finance,Small,Pro,150,1,8,5.75,6,63.833333333333336,2.8333333333333335,3,0.3333333333333333,0.0
4614,India,Retail,Medium,Pro,150,0,105,34.733333333333334,4,13.5,7.0,6,0.8333333333333334,0.3333333333333333
4615,Germany,Education,Medium,Basic,50,0,66,32.43939393939394,0,,,6,0.6666666666666666,0.6666666666666666
4616,Canada,Retail,Medium,Pro,150,0,73,38.32876712328767,0,,,10,0.9,0.8
4617,USA,Healthcare,Small,Basic,50,0,41,32.41463414634146,1,22.0,7.0,9,0.6666666666666666,0.5555555555555556
4618,India,Retail,Medium,Basic,50,0,45,34.6,3,33.0,9.0,11,0.5454545454545454,0.6363636363636364
4619,India,Healthcare,Enterprise,Pro,150,0,90,31.4,1,17.0,7.0,13,0.38461538461538464,0.6923076923076923
4620,Germany,SaaS,Small,Pro,150,0,55,34.92727272727273,0,,,13,0.8461538461538461,0.6923076923076923
4621,Germany,Finance,Enterprise,Basic,50,0,54,35.0,3,21.0,7.0,14,0.7142857142857143,0.8571428571428571
4622,USA,Finance,Enterprise,Pro,150,0,62,33.70967741935484,2,27.0,6.5,11,0.9090909090909091,0.8181818181818182
4623,Germany,Healthcare,Medium,Basic,50,1,5,6.8,8,75.375,3.375,4,0.25,0.0
4624,Germany,Education,Medium,Pro,150,1,16,5.875,3,58.666666666666664,3.6666666666666665,1,1.0,0.0
4625,UK,SaaS,Medium,Basic,50,0,85,32.976470588235294,4,30.0,7.75,7,0.5714285714285714,0.7142857142857143
4626,India,Education,Small,Pro,150,0,107,34.16822429906542,3,30.333333333333332,6.666666666666667,5,0.6,0.8
4627,Germany,SaaS,Enterprise,Basic,50,1,7,5.285714285714286,7,64.14285714285714,2.4285714285714284,2,1.0,0.5
4628,India,Finance,Enterprise,Pro,150,0,115,34.37391304347826,3,22.666666666666668,8.0,15,0.6666666666666666,0.6
4629,India,Retail,Medium,Pro,150,1,18,4.388888888888889,4,83.0,3.75,3,0.3333333333333333,0.0
4630,Germany,Retail,Medium,Pro,150,0,99,33.64646464646464,2,9.5,7.0,15,0.6666666666666666,0.6
4631,India,SaaS,Medium,Pro,150,1,18,6.222222222222222,8,69.0,3.25,1,0.0,0.0
4632,Germany,Healthcare,Medium,Basic,50,1,5,5.4,7,84.14285714285714,3.2857142857142856,1,0.0,0.0
4633,USA,Finance,Medium,Pro,150,1,19,4.842105263157895,8,74.5,2.625,1,0.0,0.0
4634,Germany,Healthcare,Enterprise,Basic,50,0,91,34.43956043956044,0,,,10,0.8,0.6
4635,UK,Education,Small,Basic,50,0,61,31.901639344262296,4,22.0,7.25,13,0.6153846153846154,0.6923076923076923
4636,USA,Education,Enterprise,Basic,50,0,97,33.628865979381445,1,19.0,6.0,5,0.8,0.6
4637,India,Healthcare,Enterprise,Pro,150,0,114,34.10526315789474,0,,,7,1.0,0.5714285714285714
4638,Canada,SaaS,Enterprise,Basic,50,1,5,6.0,7,59.285714285714285,2.7142857142857144,5,0.4,0.2
4639,USA,Retail,Small,Pro,150,0,83,33.95180722891566,3,19.333333333333332,6.666666666666667,7,0.5714285714285714,0.8571428571428571
4640,India,Finance,Enterprise,Pro,150,0,114,36.13157894736842,4,33.25,7.5,12,0.75,0.4166666666666667
4641,USA,SaaS,Enterprise,Basic,50,0,108,36.324074074074076,1,38.0,6.0,8,0.75,0.375
4642,UK,Finance,Enterprise,Pro,150,0,104,35.83653846153846,0,,,7,1.0,0.5714285714285714
4643,UK,Healthcare,Enterprise,Basic,50,1,8,4.5,8,86.75,2.875,2,1.0,0.0
4644,Germany,Healthcare,Medium,Basic,50,0,44,39.18181818181818,3,26.0,8.333333333333334,14,0.6428571428571429,0.7142857142857143
4645,UK,Finance,Medium,Basic,50,0,92,33.69565217391305,3,17.0,7.0,5,1.0,0.4
4646,Germany,Healthcare,Enterprise,Basic,50,0,105,36.180952380952384,1,11.0,9.0,14,0.7857142857142857,0.5714285714285714
4647,UK,SaaS,Small,Basic,50,0,116,35.11206896551724,3,31.666666666666668,7.333333333333333,8,0.875,0.75
4648,USA,Education,Small,Basic,50,0,119,35.63865546218487,1,36.0,7.0,8,0.875,0.625
4649,Canada,Retail,Medium,Basic,50,1,8,5.375,5,76.0,3.2,1,0.0,1.0
4650,USA,Healthcare,Medium,Basic,50,0,94,35.297872340425535,1,23.0,9.0,15,0.8,0.4666666666666667
4651,India,SaaS,Small,Basic,50,1,16,4.25,5,71.2,2.6,4,0.0,0.0
4652,UK,SaaS,Medium,Pro,150,0,85,33.44705882352941,1,25.0,8.0,7,0.7142857142857143,0.5714285714285714
4653,USA,Retail,Enterprise,Basic,50,1,17,4.588235294117647,5,46.6,3.2,1,0.0,0.0
4654,Germany,Healthcare,Enterprise,Pro,150,1,9,4.555555555555555,8,55.125,3.875,4,0.0,0.0
4655,India,SaaS,Small,Basic,50,1,15,5.066666666666666,6,57.333333333333336,2.8333333333333335,5,0.4,0.0
4656,USA,Education,Enterprise,Basic,50,0,96,34.1875,4,23.5,7.5,5,1.0,0.6
4657,Germany,SaaS,Small,Pro,150,0,40,37.175,4,24.0,7.5,6,1.0,0.16666666666666666
4658,Canada,Education,Small,Pro,150,0,52,33.44230769230769,0,,,8,0.625,0.625
4659,USA,Education,Medium,Pro,150,1,16,4.9375,10,69.9,2.8,2,0.0,0.0
4660,UK,Education,Medium,Basic,50,1,15,5.8,9,67.44444444444444,2.2222222222222223,4,0.5,0.25
4661,India,Retail,Enterprise,Pro,150,0,111,34.03603603603604,2,17.5,7.0,11,0.7272727272727273,0.6363636363636364
4662,USA,Finance,Medium,Pro,150,0,85,34.705882352941174,3,28.333333333333332,7.333333333333333,9,0.7777777777777778,0.7777777777777778
4663,Germany,Healthcare,Small,Pro,150,1,5,6.2,3,104.0,3.3333333333333335,5,0.4,0.2
4664,India,Education,Medium,Enterprise,500,0,86,34.23255813953488,2,31.5,6.5,8,0.75,0.625
4665,Germany,Finance,Medium,Pro,150,0,40,34.625,0,,,13,0.8461538461538461,0.6153846153846154
4666,USA,Healthcare,Medium,Basic,50,0,64,32.09375,4,24.0,7.0,5,0.8,1.0
4667,Canada,Finance,Medium,Basic,50,1,9,4.888888888888889,6,78.83333333333333,3.5,2,0.5,0.0
4668,India,Education,Enterprise,Basic,50,0,81,35.098765432098766,4,33.75,9.0,11,0.9090909090909091,0.6363636363636364
4669,UK,Retail,Small,Pro,150,0,57,33.03508771929825,2,17.5,9.0,6,0.6666666666666666,0.6666666666666666
4670,Germany,Retail,Medium,Pro,150,0,104,33.64423076923077,0,,,8,0.875,0.875
4671,Canada,SaaS,Medium,Basic,50,0,69,31.782608695652176,3,27.666666666666668,7.666666666666667,6,1.0,0.3333333333333333
4672,UK,Education,Small,Basic,50,0,111,33.792792792792795,4,30.75,6.25,7,0.8571428571428571,0.5714285714285714
4673,Germany,Healthcare,Medium,Enterprise,500,0,95,37.16842105263158,4,13.0,7.75,7,1.0,0.2857142857142857
4674,India,Retail,Enterprise,Basic,50,1,7,4.142857142857143,6,71.83333333333333,2.0,2,0.0,0.0
4675,USA,Finance,Medium,Pro,150,0,40,34.325,1,30.0,6.0,9,0.8888888888888888,0.5555555555555556
4676,UK,SaaS,Small,Enterprise,500,0,97,32.81443298969072,0,,,14,0.8571428571428571,0.7142857142857143
4677,Canada,Healthcare,Small,Pro,150,0,98,34.744897959183675,0,,,13,0.6153846153846154,0.6153846153846154
4678,Germany,Education,Small,Basic,50,1,16,4.625,5,71.4,2.6,4,0.25,0.25
4679,USA,Healthcare,Medium,Pro,150,1,13,3.6923076923076925,7,66.42857142857143,3.2857142857142856,3,0.0,0.0
4680,Canada,Retail,Enterprise,Enterprise,500,0,101,36.00990099009901,1,34.0,6.0,15,0.8666666666666667,0.6666666666666666
4681,Canada,Healthcare,Small,Basic,50,1,16,5.75,4,83.5,3.0,3,1.0,0.0
4682,Germany,Finance,Medium,Pro,150,1,19,4.157894736842105,4,71.5,2.25,4,0.25,0.0
4683,India,Finance,Small,Basic,50,0,110,32.49090909090909,1,15.0,9.0,7,0.42857142857142855,0.8571428571428571
4684,USA,Finance,Enterprise,Enterprise,500,0,65,35.246153846153845,2,31.5,7.0,15,0.8666666666666667,0.6
4685,Canada,Education,Medium,Enterprise,500,0,90,35.27777777777778,3,16.0,6.666666666666667,11,0.8181818181818182,0.5454545454545454
4686,USA,Finance,Enterprise,Basic,50,0,60,34.416666666666664,4,17.0,7.75,11,0.8181818181818182,0.8181818181818182
4687,UK,Education,Medium,Enterprise,500,0,54,34.98148148148148,4,28.0,8.25,9,0.8888888888888888,0.2222222222222222
4688,Canada,Retail,Medium,Basic,50,0,107,36.03738317757009,2,21.0,7.5,11,0.8181818181818182,0.6363636363636364
4689,UK,Finance,Medium,Basic,50,1,15,3.8666666666666667,6,80.83333333333333,3.8333333333333335,2,0.5,0.0
4690,Germany,Education,Enterprise,Basic,50,1,14,5.785714285714286,4,85.0,2.0,2,0.0,0.0
4691,USA,SaaS,Medium,Enterprise,500,0,45,35.28888888888889,4,28.75,7.75,6,0.8333333333333334,0.3333333333333333
4692,USA,Retail,Small,Enterprise,500,0,95,34.31578947368421,2,26.0,6.5,14,0.7142857142857143,0.42857142857142855
4693,USA,Healthcare,Enterprise,Pro,150,0,86,34.5,3,21.666666666666668,6.666666666666667,6,0.6666666666666666,0.3333333333333333
4694,USA,Healthcare,Small,Enterprise,500,0,45,37.22222222222222,3,22.666666666666668,7.333333333333333,5,1.0,0.6
4695,Germany,SaaS,Small,Pro,150,0,50,34.34,4,24.5,7.75,10,1.0,0.6
4696,Germany,Retail,Small,Enterprise,500,0,97,32.30927835051546,0,,,14,0.7142857142857143,0.7142857142857143
4697,Canada,Retail,Small,Basic,50,0,44,37.02272727272727,1,4.0,7.0,5,0.8,0.4
4698,Canada,Retail,Medium,Basic,50,0,93,32.26881720430107,3,14.0,6.666666666666667,5,1.0,0.8
4699,USA,Finance,Small,Basic,50,0,106,35.34905660377358,2,39.0,8.5,11,0.6363636363636364,0.6363636363636364
4700,Germany,Finance,Enterprise,Basic,50,0,94,33.1063829787234,1,38.0,7.0,7,0.7142857142857143,0.5714285714285714
4701,India,Education,Medium,Basic,50,0,59,36.05084745762712,0,,,12,0.9166666666666666,0.8333333333333334
4702,Canada,Finance,Enterprise,Basic,50,0,112,33.982142857142854,3,21.666666666666668,6.666666666666667,15,0.7333333333333333,0.4
4703,UK,Healthcare,Medium,Basic,50,0,91,32.494505494505496,2,9.5,9.0,15,0.8,0.6
4704,Canada,Healthcare,Enterprise,Enterprise,500,1,20,4.45,8,70.625,2.25,5,0.2,0.2
4705,India,Education,Enterprise,Basic,50,1,11,5.7272727272727275,5,55.6,4.0,2,0.5,0.5
4706,India,Retail,Medium,Pro,150,0,115,34.7304347826087,4,22.5,7.25,7,0.42857142857142855,0.7142857142857143
4707,UK,Finance,Enterprise,Pro,150,0,63,35.04761904761905,4,20.25,7.75,6,1.0,0.8333333333333334
4708,UK,Healthcare,Enterprise,Basic,50,1,9,4.0,3,66.0,2.6666666666666665,3,0.6666666666666666,0.0
4709,Germany,SaaS,Medium,Pro,150,0,120,36.125,2,35.5,8.0,8,0.625,0.875
4710,Germany,Healthcare,Small,Enterprise,500,0,77,33.922077922077925,2,46.0,6.5,13,0.8461538461538461,0.6153846153846154
4711,Germany,SaaS,Small,Pro,150,0,48,36.166666666666664,0,,,8,0.875,0.625
4712,India,Healthcare,Small,Basic,50,1,6,5.0,7,85.0,2.5714285714285716,2,0.0,0.5
4713,USA,Education,Medium,Basic,50,1,5,4.4,8,78.25,2.125,5,0.6,0.0
4714,India,SaaS,Small,Pro,150,0,75,34.306666666666665,2,21.5,8.5,8,0.75,0.625
4715,Canada,Retail,Enterprise,Enterprise,500,0,43,34.97674418604651,0,,,9,0.8888888888888888,0.3333333333333333
4716,UK,SaaS,Medium,Basic,50,1,16,4.6875,7,60.714285714285715,2.142857142857143,3,0.6666666666666666,0.0
4717,Canada,Healthcare,Medium,Basic,50,1,20,4.8,4,64.75,3.75,5,0.4,0.2
4718,USA,Healthcare,Medium,Pro,150,0,62,33.67741935483871,2,30.5,9.0,8,1.0,0.625
4719,India,Retail,Enterprise,Pro,150,0,48,37.0625,1,38.0,9.0,5,0.6,0.8
4720,India,Finance,Enterprise,Pro,150,0,119,34.33613445378151,1,36.0,9.0,9,0.8888888888888888,0.6666666666666666
4721,Germany,Finance,Enterprise,Basic,50,1,13,4.923076923076923,4,54.75,4.0,4,0.25,0.5
4722,Canada,Healthcare,Small,Basic,50,0,82,34.08536585365854,4,14.25,7.25,15,0.6,0.6666666666666666
4723,Canada,Healthcare,Small,Basic,50,0,40,37.85,4,28.25,7.75,6,1.0,0.8333333333333334
4724,UK,Finance,Small,Pro,150,0,55,37.32727272727273,2,36.5,6.5,8,0.75,0.75
4725,India,Education,Small,Enterprise,500,0,43,37.2093023255814,0,,,5,1.0,0.4
4726,UK,Education,Enterprise,Basic,50,0,75,30.346666666666668,2,29.0,6.5,6,0.8333333333333334,0.3333333333333333
4727,Germany,Finance,Enterprise,Pro,150,0,105,35.93333333333333,2,18.0,7.5,12,0.5833333333333334,0.75
4728,Canada,Education,Medium,Pro,150,0,75,35.06666666666667,0,,,15,0.6,0.4666666666666667
4729,Canada,Retail,Small,Pro,150,0,104,34.91346153846154,1,8.0,7.0,14,0.7142857142857143,0.7142857142857143
4730,UK,SaaS,Small,Basic,50,0,102,34.72549019607843,0,,,7,0.8571428571428571,0.8571428571428571
4731,UK,SaaS,Enterprise,Basic,50,1,12,5.166666666666667,3,43.666666666666664,4.0,5,0.8,0.0
4732,UK,Healthcare,Small,Basic,50,0,113,33.8141592920354,3,17.0,7.666666666666667,10,0.7,0.8
4733,Germany,SaaS,Medium,Basic,50,0,105,34.904761904761905,0,,,10,0.9,0.8
4734,USA,SaaS,Small,Basic,50,1,19,4.894736842105263,7,72.0,3.2857142857142856,2,0.5,0.0
4735,Canada,Retail,Medium,Basic,50,1,16,5.125,5,84.8,3.2,3,0.3333333333333333,0.0
4736,Germany,Finance,Medium,Basic,50,0,79,34.9873417721519,0,,,9,0.6666666666666666,0.4444444444444444
4737,Canada,SaaS,Small,Pro,150,0,89,33.28089887640449,3,31.666666666666668,6.666666666666667,12,0.75,0.5
4738,Canada,Retail,Medium,Basic,50,1,5,4.4,5,90.0,2.0,2,0.5,0.0
4739,Germany,Retail,Medium,Basic,50,0,54,34.96296296296296,3,25.666666666666668,7.0,11,1.0,0.7272727272727273
4740,India,Education,Medium,Pro,150,1,15,3.8666666666666667,7,82.28571428571429,3.142857142857143,4,0.75,0.0
4741,Canada,SaaS,Enterprise,Basic,50,0,111,33.945945945945944,3,25.0,7.0,10,0.8,0.6
4742,UK,Healthcare,Enterprise,Pro,150,0,73,36.9041095890411,3,13.666666666666666,8.0,11,0.9090909090909091,0.7272727272727273
4743,India,Healthcare,Medium,Basic,50,0,69,35.42028985507246,2,17.0,7.5,5,0.8,0.4
4744,Canada,Retail,Medium,Enterprise,500,0,107,35.35514018691589,4,23.0,7.5,9,0.6666666666666666,0.6666666666666666
4745,India,SaaS,Enterprise,Basic,50,1,5,4.4,6,68.0,3.5,3,0.0,0.3333333333333333
4746,Germany,Finance,Small,Basic,50,0,73,31.89041095890411,4,18.0,6.75,11,0.9090909090909091,0.6363636363636364
4747,USA,Finance,Medium,Basic,50,0,82,34.109756097560975,4,27.75,7.5,9,0.8888888888888888,0.5555555555555556
4748,India,Retail,Small,Basic,50,1,7,6.571428571428571,5,68.8,3.2,1,0.0,0.0
4749,Canada,Education,Small,Basic,50,0,83,36.8433734939759,1,33.0,7.0,6,1.0,0.5
4750,Germany,Finance,Small,Basic,50,1,7,5.0,3,62.666666666666664,2.3333333333333335,5,0.4,0.0
4751,USA,Healthcare,Medium,Basic,50,0,105,32.49523809523809,0,,,15,0.6666666666666666,0.4
4752,India,Education,Small,Pro,150,0,101,35.475247524752476,0,,,11,0.7272727272727273,0.8181818181818182
4753,USA,Education,Medium,Pro,150,1,11,4.545454545454546,9,73.66666666666667,3.2222222222222223,4,0.25,0.25
4754,India,SaaS,Medium,Basic,50,0,45,36.17777777777778,0,,,10,0.7,0.6
4755,India,Education,Small,Basic,50,1,10,4.7,3,107.0,2.3333333333333335,1,1.0,0.0
4756,Canada,Finance,Small,Basic,50,0,61,34.34426229508197,1,37.0,7.0,12,0.75,0.6666666666666666
4757,India,Retail,Medium,Pro,150,1,18,3.7777777777777777,5,63.6,3.2,1,0.0,0.0
4758,USA,Finance,Medium,Basic,50,1,8,5.75,8,68.875,3.125,4,0.25,0.25
4759,USA,Education,Small,Basic,50,0,102,32.245098039215684,1,13.0,7.0,8,0.625,0.5
4760,Germany,Education,Enterprise,Enterprise,500,0,41,31.73170731707317,1,45.0,7.0,8,0.5,0.875
4761,Germany,Retail,Small,Basic,50,0,57,36.08771929824562,3,26.0,7.0,9,0.7777777777777778,0.4444444444444444
4762,Germany,Education,Small,Basic,50,1,20,5.45,6,68.83333333333333,3.0,5,0.0,0.2
4763,USA,Finance,Small,Basic,50,0,115,36.37391304347826,0,,,6,0.6666666666666666,0.5
4764,Canada,Healthcare,Enterprise,Pro,150,0,92,33.23913043478261,3,23.333333333333332,7.333333333333333,11,0.6363636363636364,0.6363636363636364
4765,UK,Healthcare,Small,Basic,50,0,71,33.95774647887324,0,,,6,0.8333333333333334,0.5
4766,Germany,SaaS,Small,Basic,50,0,116,34.53448275862069,3,23.333333333333332,6.333333333333333,11,1.0,0.6363636363636364
4767,Germany,SaaS,Medium,Enterprise,500,0,99,33.35353535353536,3,25.0,7.0,13,0.9230769230769231,0.6153846153846154
4768,USA,Education,Medium,Pro,150,1,14,5.142857142857143,7,56.0,3.142857142857143,3,0.3333333333333333,0.0
4769,UK,Education,Enterprise,Basic,50,0,99,34.494949494949495,4,28.75,7.5,11,0.7272727272727273,0.45454545454545453
4770,USA,Finance,Enterprise,Basic,50,0,48,33.9375,1,14.0,8.0,6,0.8333333333333334,0.6666666666666666
4771,India,Healthcare,Enterprise,Basic,50,1,15,6.133333333333334,6,75.5,3.0,4,0.0,0.0
4772,India,Education,Small,Pro,150,0,79,33.29113924050633,3,30.666666666666668,7.333333333333333,13,0.7692307692307693,0.6923076923076923
4773,Germany,Retail,Enterprise,Basic,50,0,96,34.5625,0,,,15,0.8,0.7333333333333333
4774,USA,SaaS,Small,Basic,50,0,73,34.47945205479452,1,45.0,9.0,12,0.8333333333333334,0.5
4775,Canada,Healthcare,Enterprise,Basic,50,0,112,34.973214285714285,3,22.0,7.666666666666667,14,0.8571428571428571,0.6428571428571429
4776,India,SaaS,Small,Basic,50,0,53,34.37735849056604,4,12.0,7.75,5,1.0,0.6
4777,Germany,SaaS,Medium,Pro,150,0,79,34.89873417721519,2,38.0,6.5,14,0.9285714285714286,0.5
4778,Canada,Healthcare,Enterprise,Basic,50,0,118,33.95762711864407,0,,,7,0.8571428571428571,0.5714285714285714
4779,Canada,Retail,Small,Pro,150,0,65,32.738461538461536,2,23.5,8.5,7,0.7142857142857143,0.42857142857142855
4780,USA,Finance,Medium,Pro,150,0,89,33.68539325842696,2,20.5,7.5,7,0.5714285714285714,0.5714285714285714
4781,Canada,Finance,Small,Enterprise,500,0,41,32.41463414634146,0,,,14,0.6428571428571429,0.5
4782,India,Retail,Enterprise,Enterprise,500,0,94,36.53191489361702,0,,,12,0.75,0.6666666666666666
4783,USA,Education,Medium,Pro,150,0,95,37.37894736842105,4,28.0,7.0,7,0.8571428571428571,0.5714285714285714
4784,USA,SaaS,Small,Pro,150,0,66,33.57575757575758,1,14.0,7.0,15,0.7333333333333333,0.6666666666666666
4785,UK,SaaS,Small,Basic,50,1,9,4.777777777777778,5,74.2,3.0,2,0.0,0.0
4786,India,Education,Enterprise,Basic,50,1,5,5.6,3,74.0,3.3333333333333335,4,0.25,0.25
4787,USA,Healthcare,Small,Basic,50,1,10,4.1,9,55.77777777777778,2.0,1,1.0,0.0
4788,UK,Finance,Medium,Basic,50,1,10,4.8,9,68.11111111111111,3.111111111111111,1,0.0,0.0
4789,USA,Healthcare,Medium,Pro,150,1,12,4.916666666666667,8,69.625,3.625,5,0.6,0.2
4790,UK,Healthcare,Medium,Basic,50,0,91,35.010989010989015,2,33.5,7.0,5,1.0,0.6
4791,USA,Retail,Enterprise,Basic,50,0,107,36.11214953271028,1,40.0,7.0,6,0.3333333333333333,0.6666666666666666
4792,India,Healthcare,Medium,Basic,50,1,11,4.363636363636363,8,73.125,3.25,4,0.0,0.25
4793,UK,Education,Medium,Basic,50,0,71,31.845070422535212,4,22.0,8.25,6,0.8333333333333334,0.5
4794,Germany,Healthcare,Small,Basic,50,0,96,34.239583333333336,1,5.0,6.0,7,0.8571428571428571,0.7142857142857143
4795,India,Healthcare,Small,Basic,50,0,61,33.114754098360656,3,23.333333333333332,7.666666666666667,7,0.8571428571428571,0.5714285714285714
4796,India,Finance,Enterprise,Basic,50,0,101,33.56435643564357,0,,,11,0.7272727272727273,0.6363636363636364
4797,Germany,Finance,Small,Enterprise,500,0,111,35.666666666666664,4,32.0,7.0,8,0.625,0.5
4798,Germany,Finance,Enterprise,Enterprise,500,0,99,36.56565656565657,1,2.0,9.0,15,0.5333333333333333,0.4666666666666667
4799,India,Finance,Enterprise,Pro,150,0,48,35.770833333333336,2,15.5,9.0,13,0.6153846153846154,0.5384615384615384
4800,Canada,Retail,Enterprise,Pro,150,0,85,33.32941176470588,2,11.5,7.0,8,0.875,0.75
4801,UK,SaaS,Enterprise,Pro,150,1,14,4.642857142857143,9,64.77777777777777,4.0,1,0.0,0.0
4802,Germany,Healthcare,Enterprise,Pro,150,0,70,33.17142857142857,4,15.5,6.5,8,0.875,0.375
4803,Canada,Healthcare,Enterprise,Basic,50,0,99,34.22222222222222,4,11.0,8.0,11,0.9090909090909091,0.5454545454545454
4804,Germany,Finance,Enterprise,Pro,150,0,45,32.31111111111111,3,27.0,7.666666666666667,9,0.8888888888888888,0.4444444444444444
4805,India,Healthcare,Medium,Basic,50,1,15,4.2,5,71.2,2.2,1,1.0,0.0
4806,Canada,Education,Enterprise,Basic,50,0,63,32.476190476190474,1,8.0,9.0,11,0.5454545454545454,0.7272727272727273
4807,India,SaaS,Enterprise,Basic,50,0,112,33.776785714285715,2,31.5,7.5,8,0.75,0.625
4808,UK,Finance,Small,Pro,150,1,12,4.416666666666667,6,79.66666666666667,2.8333333333333335,3,0.3333333333333333,0.0
4809,Germany,Finance,Small,Basic,50,0,67,36.38805970149254,2,14.0,7.5,5,1.0,0.4
4810,USA,Education,Enterprise,Basic,50,0,64,33.359375,1,5.0,6.0,7,0.8571428571428571,0.5714285714285714
4811,UK,Retail,Small,Pro,150,0,109,34.669724770642205,0,,,15,0.8,0.4666666666666667
4812,Germany,Education,Medium,Basic,50,0,62,33.88709677419355,4,34.0,7.75,14,0.7142857142857143,0.6428571428571429
4813,India,Education,Medium,Basic,50,1,12,4.75,5,48.4,2.2,1,0.0,0.0
4814,Canada,SaaS,Medium,Basic,50,1,17,5.294117647058823,5,79.6,3.6,2,0.5,0.5
4815,USA,Finance,Small,Enterprise,500,0,65,32.4,3,16.333333333333332,7.666666666666667,14,0.9285714285714286,0.7857142857142857
4816,UK,Retail,Medium,Basic,50,0,101,32.495049504950494,1,17.0,8.0,14,0.8571428571428571,0.6428571428571429
4817,India,Finance,Enterprise,Basic,50,0,78,35.61538461538461,1,27.0,9.0,15,0.8666666666666667,0.7333333333333333
4818,USA,Healthcare,Medium,Pro,150,0,68,34.338235294117645,0,,,7,0.8571428571428571,0.5714285714285714
4819,India,Healthcare,Medium,Basic,50,0,53,36.056603773584904,1,3.0,8.0,12,0.8333333333333334,0.5833333333333334
4820,Canada,Healthcare,Small,Enterprise,500,0,99,34.98989898989899,2,10.0,9.0,12,0.9166666666666666,0.5833333333333334
4821,Germany,Education,Medium,Pro,150,0,101,35.722772277227726,1,21.0,8.0,9,0.5555555555555556,0.4444444444444444
4822,Canada,Education,Enterprise,Basic,50,0,45,37.24444444444445,0,,,15,0.8,0.6666666666666666
4823,Germany,Retail,Medium,Basic,50,0,87,33.32183908045977,1,14.0,9.0,12,0.8333333333333334,0.6666666666666666
4824,UK,Finance,Enterprise,Basic,50,0,76,34.078947368421055,3,16.333333333333332,6.666666666666667,15,0.8,0.6666666666666666
4825,India,Education,Medium,Basic,50,0,99,33.94949494949495,0,,,10,0.8,0.4
4826,Germany,Retail,Medium,Basic,50,0,66,34.15151515151515,4,25.0,8.5,8,0.875,0.75
4827,USA,Healthcare,Enterprise,Basic,50,0,54,34.05555555555556,0,,,10,0.9,0.6
4828,USA,Retail,Medium,Basic,50,0,112,35.348214285714285,1,5.0,8.0,8,0.875,0.875
4829,India,Education,Medium,Pro,150,0,93,35.666666666666664,0,,,11,0.6363636363636364,0.8181818181818182
4830,Canada,SaaS,Small,Enterprise,500,0,85,38.07058823529412,1,46.0,6.0,13,0.9230769230769231,0.3076923076923077
4831,Canada,Healthcare,Medium,Basic,50,0,83,36.42168674698795,0,,,14,0.7857142857142857,0.5
4832,Canada,Education,Small,Basic,50,0,96,36.447916666666664,3,24.333333333333332,7.0,14,0.7857142857142857,0.7857142857142857
4833,Canada,Healthcare,Small,Basic,50,0,114,34.48245614035088,2,20.0,7.5,12,0.8333333333333334,0.8333333333333334
4834,India,SaaS,Small,Pro,150,0,99,34.54545454545455,4,21.75,7.25,10,0.8,0.7
4835,India,Healthcare,Medium,Basic,50,1,14,4.357142857142857,8,76.25,3.5,2,0.5,0.5
4836,Germany,Retail,Small,Basic,50,0,114,36.228070175438596,3,22.666666666666668,7.666666666666667,12,1.0,0.5
4837,Germany,SaaS,Enterprise,Basic,50,0,55,33.21818181818182,2,27.5,8.0,6,0.8333333333333334,0.5
4838,UK,Healthcare,Small,Pro,150,0,107,32.26168224299065,4,12.75,7.25,12,0.75,0.75
4839,India,Finance,Small,Basic,50,0,67,33.701492537313435,3,24.0,8.0,7,0.7142857142857143,1.0
4840,UK,Healthcare,Small,Basic,50,1,17,3.9411764705882355,10,78.1,2.5,2,0.0,0.0
4841,Germany,SaaS,Enterprise,Pro,150,0,78,32.833333333333336,0,,,13,0.8461538461538461,0.46153846153846156
4842,UK,Healthcare,Enterprise,Basic,50,0,63,37.74603174603175,4,25.25,7.75,6,0.6666666666666666,0.6666666666666666
4843,Canada,Finance,Small,Basic,50,0,49,33.6530612244898,1,2.0,7.0,5,0.8,1.0
4844,Germany,Healthcare,Medium,Basic,50,1,10,5.4,5,62.6,2.4,2,0.5,0.0
4845,USA,Retail,Enterprise,Basic,50,1,11,3.272727272727273,4,50.75,4.25,3,0.3333333333333333,0.0
4846,Germany,Healthcare,Medium,Basic,50,0,95,36.473684210526315,2,22.5,8.0,6,1.0,0.6666666666666666
4847,Germany,Retail,Enterprise,Basic,50,1,19,4.842105263157895,4,74.0,2.0,3,0.0,0.0
4848,UK,SaaS,Medium,Pro,150,0,82,35.5609756097561,1,8.0,9.0,8,0.625,0.5
4849,UK,Finance,Small,Pro,150,0,75,33.38666666666666,0,,,12,0.9166666666666666,0.5833333333333334
4850,Germany,Finance,Medium,Basic,50,0,116,31.56896551724138,3,32.0,7.0,11,0.8181818181818182,0.6363636363636364
4851,Germany,Education,Medium,Pro,150,1,19,3.8421052631578947,6,66.5,3.3333333333333335,5,0.0,0.0
4852,Canada,SaaS,Medium,Basic,50,0,109,36.39449541284404,3,14.666666666666666,7.666666666666667,10,0.9,0.5
4853,Germany,Education,Small,Basic,50,0,105,34.457142857142856,4,40.0,6.5,14,0.5714285714285714,0.6428571428571429
4854,UK,Education,Small,Basic,50,1,17,3.5294117647058822,5,65.4,2.4,4,0.75,0.5
4855,UK,Finance,Medium,Basic,50,0,108,34.870370370370374,0,,,11,0.8181818181818182,0.5454545454545454
4856,India,Education,Small,Basic,50,0,47,34.276595744680854,0,,,6,0.8333333333333334,0.5
4857,Canada,Education,Medium,Basic,50,0,102,36.509803921568626,0,,,14,0.9285714285714286,0.42857142857142855
4858,USA,Healthcare,Small,Basic,50,1,16,4.9375,3,64.0,2.6666666666666665,5,0.4,0.0
4859,Germany,Healthcare,Small,Pro,150,0,86,36.01162790697674,4,32.75,8.0,5,0.8,0.2
4860,UK,Finance,Medium,Basic,50,0,93,33.333333333333336,3,21.0,8.0,11,0.7272727272727273,0.6363636363636364
4861,USA,Finance,Medium,Pro,150,0,104,33.00961538461539,2,36.5,6.0,6,1.0,1.0
4862,UK,Retail,Small,Basic,50,0,104,33.92307692307692,4,18.25,7.25,11,0.9090909090909091,0.6363636363636364
4863,India,Finance,Medium,Basic,50,0,72,34.138888888888886,2,37.5,7.5,12,0.8333333333333334,0.75
4864,Germany,SaaS,Medium,Basic,50,1,12,4.583333333333333,4,82.25,3.25,5,0.4,0.2
4865,Germany,Healthcare,Small,Basic,50,0,45,36.2,2,42.5,7.5,8,0.75,0.75
4866,Germany,Education,Small,Basic,50,0,68,34.94117647058823,4,22.5,7.5,13,0.9230769230769231,0.46153846153846156
4867,Germany,SaaS,Medium,Basic,50,0,100,35.77,4,24.75,7.75,12,0.75,0.5
4868,USA,Retail,Small,Pro,150,0,91,34.1978021978022,0,,,14,0.7857142857142857,0.5714285714285714
4869,UK,Finance,Small,Basic,50,1,18,4.666666666666667,5,83.8,2.2,1,0.0,0.0
4870,Canada,Education,Medium,Basic,50,0,88,33.85227272727273,2,34.5,6.0,13,0.9230769230769231,0.6923076923076923
4871,Germany,SaaS,Medium,Pro,150,0,103,35.650485436893206,0,,,11,1.0,0.6363636363636364
4872,Germany,Retail,Small,Pro,150,0,90,33.65555555555556,4,18.5,8.0,9,0.8888888888888888,0.6666666666666666
4873,India,Retail,Medium,Basic,50,1,20,3.95,3,74.0,3.3333333333333335,1,1.0,0.0
4874,USA,Education,Medium,Pro,150,0,109,35.788990825688074,1,12.0,6.0,6,1.0,0.8333333333333334
4875,Canada,Finance,Medium,Basic,50,0,46,32.17391304347826,2,28.0,8.5,13,0.7692307692307693,0.6923076923076923
4876,India,Education,Medium,Basic,50,0,97,33.94845360824742,0,,,15,0.8666666666666667,0.4666666666666667
4877,USA,Healthcare,Medium,Enterprise,500,0,59,31.864406779661017,2,8.0,8.0,8,0.875,0.25
4878,Canada,Retail,Enterprise,Enterprise,500,0,44,30.954545454545453,2,10.5,6.5,15,0.6666666666666666,0.5333333333333333
4879,USA,Healthcare,Small,Enterprise,500,1,16,3.6875,9,88.44444444444444,3.4444444444444446,2,0.0,0.0
4880,India,Education,Medium,Basic,50,0,44,33.56818181818182,2,26.5,9.0,6,1.0,0.5
4881,UK,Education,Enterprise,Pro,150,0,82,34.75609756097561,0,,,14,0.9285714285714286,0.7142857142857143
4882,Germany,Retail,Small,Basic,50,0,62,27.983870967741936,2,24.5,8.0,13,0.9230769230769231,0.5384615384615384
4883,Germany,Finance,Small,Basic,50,1,18,4.833333333333333,9,78.77777777777777,2.888888888888889,4,0.25,0.0
4884,USA,Retail,Medium,Basic,50,0,74,30.2027027027027,1,45.0,8.0,13,0.7692307692307693,0.7692307692307693
4885,India,SaaS,Enterprise,Basic,50,1,11,2.727272727272727,9,84.11111111111111,2.7777777777777777,4,0.0,0.0
4886,India,Finance,Medium,Basic,50,1,12,5.25,5,72.2,4.0,4,0.25,0.0
4887,India,Finance,Small,Pro,150,0,73,33.63013698630137,0,,,6,0.8333333333333334,0.3333333333333333
4888,Canada,Finance,Small,Basic,50,0,57,30.228070175438596,3,14.0,8.0,6,0.6666666666666666,0.5
4889,India,Finance,Medium,Basic,50,1,6,5.166666666666667,3,40.0,4.0,4,0.0,0.0
4890,USA,Retail,Medium,Basic,50,0,105,33.56190476190476,2,39.5,7.0,14,0.8571428571428571,0.7857142857142857
4891,India,SaaS,Enterprise,Pro,150,0,79,32.34177215189873,4,37.5,8.0,5,1.0,0.6
4892,USA,Finance,Enterprise,Basic,50,0,73,37.12328767123287,1,37.0,7.0,15,0.8666666666666667,0.6666666666666666
4893,USA,Education,Enterprise,Enterprise,500,0,51,34.8235294117647,1,39.0,9.0,15,0.8666666666666667,0.6
4894,Germany,Healthcare,Small,Enterprise,500,0,78,35.37179487179487,0,,,9,0.7777777777777778,0.5555555555555556
4895,USA,Education,Small,Basic,50,0,69,32.2463768115942,3,31.0,9.0,15,0.6,0.4
4896,UK,Healthcare,Enterprise,Basic,50,0,54,31.537037037037038,0,,,10,0.8,0.7
4897,Germany,Retail,Medium,Basic,50,0,108,34.80555555555556,1,14.0,8.0,9,0.6666666666666666,0.4444444444444444
4898,India,Retail,Enterprise,Basic,50,0,71,34.49295774647887,3,15.0,7.666666666666667,13,0.6153846153846154,0.6153846153846154
4899,Canada,Healthcare,Enterprise,Basic,50,1,20,5.4,5,97.4,3.0,5,0.2,0.0
4900,Canada,Education,Medium,Basic,50,1,20,5.85,7,65.28571428571429,2.857142857142857,4,0.5,0.0
4901,USA,SaaS,Medium,Pro,150,1,13,5.230769230769231,5,71.6,2.4,5,0.0,0.2
4902,India,SaaS,Small,Basic,50,0,45,32.68888888888889,1,22.0,6.0,7,0.8571428571428571,1.0
4903,Canada,SaaS,Medium,Basic,50,1,19,4.421052631578948,7,67.42857142857143,3.5714285714285716,3,0.0,0.0
4904,Canada,SaaS,Medium,Basic,50,1,9,5.333333333333333,9,61.0,3.0,4,0.5,0.25
4905,India,Retail,Medium,Basic,50,0,87,32.264367816091955,2,26.5,7.0,15,0.8,0.5333333333333333
4906,USA,Healthcare,Enterprise,Basic,50,0,104,34.39423076923077,1,29.0,6.0,9,0.8888888888888888,0.6666666666666666
4907,India,SaaS,Medium,Pro,150,0,52,34.42307692307692,1,21.0,6.0,15,0.9333333333333333,0.7333333333333333
4908,USA,Healthcare,Enterprise,Basic,50,1,8,5.0,3,71.0,4.666666666666667,3,0.0,0.0
4909,India,Finance,Enterprise,Basic,50,0,103,35.18446601941748,3,20.0,7.0,7,0.8571428571428571,0.42857142857142855
4910,Canada,Education,Small,Basic,50,0,51,37.254901960784316,2,5.0,6.5,9,0.6666666666666666,0.3333333333333333
4911,USA,Finance,Enterprise,Pro,150,0,119,36.9327731092437,4,29.75,6.5,14,0.9285714285714286,0.5714285714285714
4912,Germany,Healthcare,Medium,Basic,50,1,6,4.833333333333333,4,94.0,3.75,2,0.0,0.0
4913,India,Healthcare,Medium,Enterprise,500,0,114,34.29824561403509,4,35.0,7.25,7,0.8571428571428571,0.8571428571428571
4914,Canada,SaaS,Enterprise,Basic,50,1,14,5.357142857142857,5,71.8,3.2,3,0.6666666666666666,0.0
4915,Germany,Healthcare,Enterprise,Basic,50,0,116,33.76724137931034,2,16.0,7.0,11,0.8181818181818182,0.6363636363636364
4916,India,Finance,Small,Enterprise,500,0,87,33.747126436781606,0,,,10,0.6,0.4
4917,Germany,Healthcare,Small,Basic,50,1,15,4.8,7,80.42857142857143,3.0,2,0.0,0.0
4918,Germany,Healthcare,Medium,Basic,50,1,18,4.611111111111111,7,79.71428571428571,3.0,4,0.75,0.0
4919,India,Retail,Enterprise,Basic,50,1,18,5.277777777777778,5,41.2,3.4,2,0.0,0.0
4920,India,SaaS,Small,Basic,50,1,17,5.176470588235294,10,95.7,3.8,2,1.0,0.0
4921,UK,SaaS,Enterprise,Pro,150,0,52,33.78846153846154,0,,,12,0.5833333333333334,0.5
4922,India,Healthcare,Small,Basic,50,1,17,4.294117647058823,6,75.0,2.6666666666666665,2,0.0,0.0
4923,Canada,Finance,Enterprise,Basic,50,0,89,35.7752808988764,1,21.0,9.0,9,1.0,0.7777777777777778
4924,Canada,Retail,Enterprise,Basic,50,1,19,5.947368421052632,9,65.22222222222223,3.5555555555555554,2,0.5,0.0
4925,Germany,Education,Medium,Pro,150,0,50,34.1,0,,,9,0.7777777777777778,0.3333333333333333
4926,Canada,Retail,Medium,Basic,50,1,13,5.538461538461538,10,56.9,2.5,4,0.25,0.0
4927,Canada,SaaS,Medium,Basic,50,0,93,30.150537634408604,0,,,8,1.0,0.625
4928,India,Finance,Medium,Enterprise,500,0,52,35.44230769230769,4,23.5,6.75,7,0.5714285714285714,0.7142857142857143
4929,Germany,Healthcare,Medium,Basic,50,1,11,5.090909090909091,5,62.0,2.8,3,0.0,0.0
4930,Germany,Healthcare,Enterprise,Basic,50,0,60,32.53333333333333,3,35.333333333333336,7.0,12,0.8333333333333334,0.5833333333333334
4931,UK,Retail,Medium,Basic,50,1,16,5.1875,10,67.9,3.5,4,0.25,0.0
4932,Germany,SaaS,Enterprise,Pro,150,0,117,36.1965811965812,1,45.0,6.0,5,0.8,0.4
4933,Canada,SaaS,Enterprise,Enterprise,500,0,54,34.592592592592595,2,12.5,9.0,11,0.6363636363636364,0.36363636363636365
4934,Germany,Education,Medium,Basic,50,0,114,35.24561403508772,1,39.0,6.0,11,0.7272727272727273,0.36363636363636365
4935,USA,Healthcare,Enterprise,Pro,150,0,87,35.89655172413793,0,,,10,0.8,0.4
4936,Canada,Finance,Medium,Basic,50,0,57,36.31578947368421,2,23.5,8.0,8,0.75,0.5
4937,India,Finance,Medium,Basic,50,1,16,4.9375,4,80.75,3.0,1,0.0,0.0
4938,Germany,SaaS,Small,Basic,50,1,13,5.846153846153846,4,64.75,2.5,1,0.0,0.0
4939,Canada,Education,Small,Basic,50,0,72,34.291666666666664,3,28.333333333333332,7.333333333333333,7,0.8571428571428571,0.8571428571428571
4940,Canada,Finance,Enterprise,Pro,150,0,117,31.846153846153847,0,,,10,1.0,0.7
4941,Germany,Retail,Small,Basic,50,0,80,37.025,4,22.0,7.75,15,0.9333333333333333,0.4
4942,India,Education,Enterprise,Basic,50,1,7,4.0,5,80.8,2.8,3,0.6666666666666666,0.0
4943,Germany,Healthcare,Medium,Basic,50,0,89,30.797752808988765,0,,,5,1.0,0.6
4944,Canada,Healthcare,Medium,Basic,50,0,64,35.59375,1,18.0,6.0,15,0.6666666666666666,0.6666666666666666
4945,Canada,SaaS,Small,Basic,50,0,76,32.276315789473685,2,26.5,9.0,11,0.9090909090909091,0.5454545454545454
4946,Germany,Healthcare,Small,Basic,50,0,80,37.5375,3,21.0,8.333333333333334,8,0.75,0.5
4947,USA,Education,Medium,Enterprise,500,0,72,35.263888888888886,0,,,7,0.7142857142857143,0.5714285714285714
4948,UK,Healthcare,Enterprise,Basic,50,1,20,5.35,7,71.57142857142857,2.4285714285714284,2,0.0,0.0
4949,Germany,Education,Medium,Basic,50,0,111,33.108108108108105,0,,,9,0.7777777777777778,0.8888888888888888
4950,India,Healthcare,Medium,Pro,150,1,5,5.0,8,62.875,3.75,5,0.4,0.0
4951,Canada,Finance,Medium,Basic,50,0,112,34.3125,0,,,5,1.0,0.4
4952,India,SaaS,Enterprise,Basic,50,0,94,36.93617021276596,0,,,15,0.6666666666666666,0.4666666666666667
4953,India,Education,Enterprise,Basic,50,0,63,35.44444444444444,1,15.0,9.0,15,0.8,0.4666666666666667
4954,Canada,Retail,Small,Pro,150,0,114,34.51754385964912,0,,,5,0.6,0.8
4955,Germany,Retail,Medium,Basic,50,0,84,32.726190476190474,0,,,9,0.8888888888888888,0.7777777777777778
4956,India,Retail,Small,Pro,150,0,95,33.73684210526316,1,3.0,8.0,9,0.6666666666666666,0.6666666666666666
4957,UK,Retail,Medium,Enterprise,500,0,113,34.442477876106196,4,10.0,7.75,13,0.8461538461538461,0.6923076923076923
4958,USA,Education,Medium,Basic,50,0,93,35.634408602150536,4,27.75,7.0,7,1.0,0.2857142857142857
4959,Germany,Healthcare,Enterprise,Basic,50,0,60,34.31666666666667,3,25.333333333333332,7.333333333333333,6,0.8333333333333334,0.6666666666666666
4960,USA,Retail,Enterprise,Basic,50,1,19,4.473684210526316,6,63.5,2.3333333333333335,2,0.0,0.0
4961,Germany,Retail,Medium,Pro,150,0,51,36.294117647058826,0,,,14,0.5714285714285714,0.35714285714285715
4962,UK,SaaS,Enterprise,Basic,50,1,16,4.4375,9,69.0,2.7777777777777777,1,1.0,0.0
4963,UK,Healthcare,Enterprise,Basic,50,0,89,34.235955056179776,3,15.333333333333334,8.0,5,1.0,0.4
4964,Canada,Education,Small,Basic,50,0,61,36.09836065573771,4,5.75,8.25,12,0.8333333333333334,0.5833333333333334
4965,Canada,Education,Enterprise,Basic,50,1,14,4.785714285714286,3,96.66666666666667,3.3333333333333335,4,0.5,0.0
4966,Germany,SaaS,Medium,Basic,50,1,8,4.875,3,86.33333333333333,2.6666666666666665,3,0.3333333333333333,0.0
4967,Canada,Healthcare,Small,Basic,50,1,6,4.0,8,66.75,3.25,1,0.0,1.0
4968,Canada,Retail,Enterprise,Enterprise,500,0,76,35.05263157894737,3,29.666666666666668,7.0,10,0.7,0.9
4969,USA,Finance,Small,Basic,50,0,95,32.757894736842104,2,29.0,8.5,5,0.8,1.0
4970,Canada,Retail,Enterprise,Pro,150,0,87,36.229885057471265,0,,,10,0.9,0.5
4971,Canada,Healthcare,Small,Pro,150,0,58,35.6551724137931,0,,,12,0.9166666666666666,0.75
4972,Germany,Finance,Enterprise,Pro,150,0,105,35.095238095238095,0,,,9,1.0,0.4444444444444444
4973,UK,Healthcare,Medium,Basic,50,1,20,5.0,8,66.625,3.5,5,0.2,0.0
4974,UK,Finance,Small,Basic,50,0,100,33.69,4,20.75,8.5,9,0.6666666666666666,0.4444444444444444
4975,India,SaaS,Small,Basic,50,0,65,37.06153846153846,2,40.0,9.0,6,0.8333333333333334,0.6666666666666666
4976,UK,Education,Medium,Basic,50,0,77,34.8051948051948,0,,,8,0.875,0.625
4977,Germany,Healthcare,Enterprise,Enterprise,500,0,73,35.205479452054796,3,23.666666666666668,7.0,6,0.8333333333333334,0.6666666666666666
4978,Canada,Retail,Small,Pro,150,1,7,3.142857142857143,9,72.11111111111111,4.222222222222222,1,0.0,0.0
4979,UK,Retail,Enterprise,Basic,50,1,12,6.083333333333333,7,58.285714285714285,2.4285714285714284,2,0.5,0.0
4980,USA,Education,Medium,Basic,50,1,12,4.666666666666667,10,69.8,3.0,5,0.0,0.2
4981,UK,Healthcare,Medium,Pro,150,0,60,31.9,1,41.0,7.0,14,0.8571428571428571,0.5
4982,USA,SaaS,Enterprise,Pro,150,0,90,35.0,2,23.0,7.0,13,0.6923076923076923,0.7692307692307693
4983,USA,Retail,Enterprise,Basic,50,1,13,5.461538461538462,7,64.42857142857143,2.4285714285714284,5,0.2,0.0
4984,Germany,Retail,Small,Pro,150,1,16,5.5,6,59.833333333333336,3.1666666666666665,5,0.6,0.2
4985,Germany,Finance,Enterprise,Basic,50,1,20,4.15,9,56.55555555555556,3.6666666666666665,3,0.6666666666666666,0.0
4986,Canada,SaaS,Enterprise,Enterprise,500,0,90,33.766666666666666,1,11.0,9.0,14,0.7142857142857143,0.42857142857142855
4987,Canada,Education,Enterprise,Enterprise,500,0,92,34.380434782608695,0,,,8,0.625,0.625
4988,USA,Retail,Medium,Enterprise,500,0,51,35.666666666666664,3,10.0,8.0,11,1.0,0.5454545454545454
4989,USA,Finance,Medium,Pro,150,1,8,5.625,10,63.4,3.3,3,0.0,0.0
4990,USA,Finance,Medium,Basic,50,0,42,36.023809523809526,2,29.5,7.0,9,0.6666666666666666,0.6666666666666666
4991,Canada,Retail,Medium,Basic,50,1,16,6.0,8,67.75,3.125,4,0.25,0.0
4992,USA,SaaS,Small,Pro,150,0,76,34.94736842105263,0,,,12,0.8333333333333334,0.5833333333333334
4993,India,Education,Small,Basic,50,1,7,5.285714285714286,8,75.5,3.125,2,0.0,0.0
4994,UK,Finance,Medium,Basic,50,0,43,36.093023255813954,2,24.0,8.5,14,0.5714285714285714,0.5
4995,India,Healthcare,Small,Basic,50,0,47,35.42553191489362,1,17.0,9.0,10,0.9,0.4
4996,Germany,Healthcare,Medium,Basic,50,0,61,34.49180327868852,4,12.5,7.5,7,0.7142857142857143,0.8571428571428571
4997,USA,Finance,Enterprise,Basic,50,0,95,34.72631578947368,3,25.666666666666668,8.0,13,1.0,0.38461538461538464
4998,USA,Retail,Enterprise,Pro,150,0,47,35.638297872340424,4,29.75,7.75,11,0.8181818181818182,0.6363636363636364
4999,Germany,Healthcare,Medium,Basic,50,0,118,33.19491525423729,3,30.333333333333332,7.0,7,0.8571428571428571,0.7142857142857143
5000,India,Finance,Enterprise,Basic,50,0,84,31.916666666666668,0,,,12,0.5833333333333334,0.6666666666666666
