subscription_id,user_id,plan_type,monthly_revenue,is_churned
52341,1,Pro,150,0
51126,2,Basic,50,1
46528,3,Basic,50,1
72821,4,Basic,50,0
69740,5,Basic,50,0
86929,6,Pro,150,0
98867,7,Basic,50,1
73711,8,Pro,150,0
65248,9,Basic,50,0
97935,10,Basic,50,1
49379,11,Enterprise,500,0
51327,12,Pro,150,0
93143,13,Pro,150,0
34821,14,Pro,150,0
49267,15,Basic,50,0
24899,16,Basic,50,1
95948,17,Pro,150,0
75361,18,Pro,150,1
52399,19,Basic,50,0
43580,20,Basic,50,0
49817,21,Basic,50,0
39390,22,Enterprise,500,0
87842,23,Pro,150,0
67415,24,Enterprise,500,0
42587,25,Basic,50,1
27144,26,Pro,150,0
45645,27,Basic,50,1
36631,28,Enterprise,500,0
97656,29,Basic,50,0
41619,30,Basic,50,1
24097,31,Basic,50,0
61212,32,Enterprise,500,0
69017,33,Enterprise,500,0
33200,34,Pro,150,0
58794,35,Basic,50,0
83026,36,Enterprise,500,0
20561,37,Basic,50,0
50937,38,Pro,150,0
38574,39,Pro,150,0
79860,40,Basic,50,0
79948,41,Pro,150,1
89045,42,Basic,50,0
32950,43,Basic,50,1
90531,44,Basic,50,0
41785,45,Pro,150,0
54415,46,Basic,50,0
63256,47,Pro,150,0
53481,48,Pro,150,0
35511,49,Pro,150,0
90410,50,Pro,150,0
98487,51,Basic,50,0
45384,52,Basic,50,0
73545,53,Enterprise,500,0
22958,54,Pro,150,0
14035,55,Basic,50,0
93274,56,Basic,50,0
97115,57,Basic,50,1
25722,58,Basic,50,1
51459,59,Enterprise,500,0
92567,60,Enterprise,500,0
57686,61,Basic,50,1
17135,62,Enterprise,500,0
92424,63,Enterprise,500,0
19345,64,Pro,150,0
86362,65,Pro,150,0
22953,66,Basic,50,1
28809,67,Enterprise,500,0
74379,68,Basic,50,1
32205,69,Basic,50,1
85896,70,Enterprise,500,1
49730,71,Enterprise,500,0
27877,72,Basic,50,1
39583,73,Basic,50,1
63657,74,Basic,50,0
19807,75,Pro,150,0
95703,76,Basic,50,1
49635,77,Pro,150,0
76492,78,Basic,50,0
65709,79,Pro,150,0
44304,80,Pro,150,0
94222,81,Basic,50,0
96372,82,Basic,50,0
49121,83,Enterprise,500,0
79230,84,Basic,50,0
54305,85,Pro,150,0
59097,86,Basic,50,0
30244,87,Basic,50,0
94522,88,Basic,50,0
35831,89,Basic,50,0
82896,90,Basic,50,0
69185,91,Pro,150,0
91140,92,Basic,50,0
80649,93,Basic,50,0
48725,94,Pro,150,0
50157,95,Basic,50,0
95757,96,Basic,50,0
42786,97,Basic,50,0
66912,98,Basic,50,0
14956,99,Basic,50,1
87432,100,Basic,50,1
97772,101,Pro,150,0
96984,102,Pro,150,0
31236,103,Pro,150,0
45786,104,Basic,50,0
42758,105,Basic,50,0
39452,106,Basic,50,1
31180,107,Basic,50,1
24788,108,Enterprise,500,0
43132,109,Pro,150,1
35985,110,Basic,50,0
46258,111,Basic,50,1
16852,112,Basic,50,0
53045,113,Basic,50,1
94456,114,Basic,50,1
32625,115,Basic,50,0
72004,116,Pro,150,0
43804,117,Pro,150,0
89658,118,Basic,50,0
43372,119,Pro,150,0
39785,120,Basic,50,0
31297,121,Pro,150,0
77177,122,Enterprise,500,0
83034,123,Pro,150,0
54937,124,Pro,150,0
78667,125,Pro,150,0
43590,126,Pro,150,0
84026,127,Pro,150,1
97914,128,Pro,150,0
24258,129,Basic,50,0
92733,130,Basic,50,0
48246,131,Basic,50,0
92107,132,Basic,50,0
81152,133,Pro,150,0
36213,134,Enterprise,500,0
19422,135,Basic,50,1
13897,136,Basic,50,1
62646,137,Basic,50,1
60347,138,Pro,150,0
96250,139,Basic,50,0
63692,140,Basic,50,0
31454,141,Basic,50,0
98374,142,Basic,50,1
15774,143,Pro,150,1
46806,144,Basic,50,0
61288,145,Basic,50,1
27720,146,Pro,150,1
87166,147,Pro,150,0
63976,148,Basic,50,0
98727,149,Basic,50,0
19902,150,Basic,50,1
48289,151,Basic,50,1
58528,152,Basic,50,0
43626,153,Basic,50,1
12129,154,Basic,50,0
15530,155,Pro,150,1
11468,156,Basic,50,0
49311,157,Basic,50,1
46109,158,Basic,50,1
75304,159,Pro,150,0
76603,160,Basic,50,0
59898,161,Basic,50,1
83435,162,Basic,50,1
82005,163,Basic,50,0
83293,164,Basic,50,0
35924,165,Basic,50,0
18215,166,Basic,50,1
61732,167,Basic,50,1
20895,168,Basic,50,1
30044,169,Basic,50,1
24770,170,Enterprise,500,0
34668,171,Basic,50,1
74230,172,Basic,50,1
11239,173,Basic,50,1
64992,174,Enterprise,500,0
85988,175,Basic,50,0
74637,176,Pro,150,0
67225,177,Basic,50,0
88121,178,Basic,50,0
52855,179,Pro,150,0
71789,180,Pro,150,0
24712,181,Pro,150,0
39853,182,Pro,150,0
49056,183,Basic,50,0
42732,184,Basic,50,0
87650,185,Pro,150,0
77530,186,Basic,50,0
36324,187,Basic,50,0
24594,188,Basic,50,1
21004,189,Pro,150,0
47722,190,Pro,150,0
80933,191,Pro,150,1
65940,192,Basic,50,1
85270,193,Pro,150,0
43691,194,Basic,50,0
55721,195,Basic,50,1
29886,196,Pro,150,0
52920,197,Pro,150,0
11256,198,Enterprise,500,0
54332,199,Basic,50,1
48599,200,Enterprise,500,0
52053,201,Basic,50,0
68494,202,Pro,150,0
64715,203,Enterprise,500,0
59667,204,Pro,150,0
14113,205,Pro,150,0
19005,206,Pro,150,1
76992,207,Enterprise,500,0
45314,208,Basic,50,0
72882,209,Pro,150,0
86376,210,Pro,150,1
44036,211,Pro,150,0
15793,212,Pro,150,1
77240,213,Basic,50,0
35374,214,Basic,50,0
28300,215,Basic,50,0
21606,216,Basic,50,1
93954,217,Pro,150,0
35917,218,Basic,50,1
72631,219,Enterprise,500,0
51865,220,Pro,150,0
83922,221,Basic,50,0
40353,222,Basic,50,0
62612,223,Basic,50,0
30353,224,Pro,150,0
93577,225,Pro,150,0
49571,226,Basic,50,1
64114,227,Pro,150,0
66010,228,Basic,50,1
99434,229,Basic,50,0
45261,230,Pro,150,0
40182,231,Pro,150,0
71858,232,Basic,50,0
59831,233,Basic,50,0
24109,234,Basic,50,0
18435,235,Basic,50,0
66383,236,Basic,50,0
52559,237,Enterprise,500,0
66724,238,Basic,50,1
69461,239,Pro,150,0
93346,240,Enterprise,500,0
62626,241,Pro,150,0
10839,242,Basic,50,0
55621,243,Basic,50,1
70161,244,Basic,50,1
16135,245,Basic,50,0
19320,246,Enterprise,500,0
79745,247,Basic,50,0
78085,248,Pro,150,1
13018,249,Basic,50,0
67943,250,Basic,50,1
32609,251,Enterprise,500,0
21787,252,Basic,50,0
29168,253,Basic,50,0
35139,254,Basic,50,0
42704,255,Basic,50,0
42354,256,Basic,50,0
95363,257,Basic,50,1
95914,258,Basic,50,1
51801,259,Basic,50,0
45065,260,Basic,50,0
28453,261,Basic,50,0
60211,262,Basic,50,0
17296,263,Basic,50,0
28801,264,Pro,150,0
93376,265,Pro,150,0
48311,266,Basic,50,1
48359,267,Basic,50,0
73938,268,Basic,50,1
67384,269,Pro,150,1
43039,270,Basic,50,0
82182,271,Enterprise,500,0
98185,272,Basic,50,1
79751,273,Basic,50,0
27493,274,Pro,150,0
74713,275,Enterprise,500,0
64818,276,Basic,50,1
66009,277,Basic,50,0
94684,278,Basic,50,1
91552,279,Pro,150,0
94452,280,Pro,150,0
75768,281,Basic,50,1
34691,282,Basic,50,0
86759,283,Basic,50,1
72551,284,Basic,50,0
37760,285,Basic,50,0
14446,286,Pro,150,0
27059,287,Pro,150,0
71001,288,Enterprise,500,0
45429,289,Pro,150,0
26147,290,Basic,50,0
27062,291,Pro,150,0
97020,292,Pro,150,0
69279,293,Pro,150,1
93146,294,Enterprise,500,0
87761,295,Basic,50,0
87482,296,Pro,150,0
84303,297,Pro,150,0
62185,298,Basic,50,0
42176,299,Basic,50,0
65567,300,Basic,50,0
69967,301,Basic,50,0
23396,302,Basic,50,0
14422,303,Basic,50,1
37110,304,Basic,50,1
47311,305,Basic,50,0
77976,306,Enterprise,500,1
88216,307,Basic,50,0
94906,308,Basic,50,0
95033,309,Basic,50,0
82349,310,Pro,150,0
78910,311,Basic,50,0
49800,312,Enterprise,500,0
35908,313,Basic,50,0
65988,314,Enterprise,500,0
61336,315,Basic,50,0
55987,316,Basic,50,1
99895,317,Basic,50,1
49993,318,Basic,50,0
24112,319,Basic,50,0
76200,320,Basic,50,0
99651,321,Pro,150,0
13393,322,Pro,150,0
37499,323,Basic,50,1
66793,324,Basic,50,1
23094,325,Basic,50,0
35378,326,Basic,50,1
53799,327,Basic,50,0
32655,328,Pro,150,1
42559,329,Basic,50,0
87976,330,Enterprise,500,0
98776,331,Basic,50,0
27006,332,Basic,50,0
72566,333,Basic,50,0
51946,334,Enterprise,500,0
13170,335,Basic,50,1
65583,336,Pro,150,0
92097,337,Basic,50,1
56171,338,Pro,150,0
15469,339,Basic,50,0
96076,340,Basic,50,1
87362,341,Basic,50,1
70137,342,Basic,50,1
38053,343,Basic,50,1
60476,344,Enterprise,500,0
99639,345,Pro,150,1
71441,346,Pro,150,0
28630,347,Basic,50,0
56589,348,Basic,50,0
86879,349,Basic,50,1
49507,350,Basic,50,0
69674,351,Basic,50,1
41011,352,Basic,50,0
90917,353,Basic,50,0
12365,354,Basic,50,0
60896,355,Pro,150,0
68443,356,Basic,50,0
21410,357,Basic,50,0
25293,358,Basic,50,0
20469,359,Basic,50,0
54886,360,Basic,50,0
44992,361,Basic,50,0
71154,362,Basic,50,0
28517,363,Basic,50,1
45303,364,Basic,50,0
61012,365,Pro,150,0
88029,366,Pro,150,0
38511,367,Basic,50,0
29701,368,Enterprise,500,0
26880,369,Enterprise,500,0
23849,370,Basic,50,0
60047,371,Basic,50,1
76052,372,Enterprise,500,0
31364,373,Pro,150,0
97383,374,Basic,50,1
10876,375,Basic,50,1
28240,376,Basic,50,0
95059,377,Basic,50,0
17938,378,Pro,150,0
12117,379,Basic,50,0
56585,380,Basic,50,0
21235,381,Basic,50,1
39266,382,Enterprise,500,1
55047,383,Enterprise,500,0
25272,384,Pro,150,1
72126,385,Basic,50,1
63743,386,Basic,50,0
71088,387,Basic,50,0
34817,388,Enterprise,500,0
47163,389,Basic,50,0
39529,390,Basic,50,1
43682,391,Basic,50,0
11791,392,Enterprise,500,0
63492,393,Pro,150,0
35652,394,Basic,50,0
99122,395,Basic,50,0
41309,396,Enterprise,500,0
34968,397,Enterprise,500,0
13912,398,Basic,50,0
16665,399,Basic,50,1
25422,400,Basic,50,0
14999,401,Pro,150,0
36236,402,Basic,50,0
39224,403,Pro,150,0
17123,404,Pro,150,0
62914,405,Basic,50,0
71779,406,Basic,50,0
80612,407,Basic,50,0
65181,408,Basic,50,0
50840,409,Enterprise,500,1
17771,410,Basic,50,0
91038,411,Basic,50,0
94301,412,Basic,50,1
59384,413,Basic,50,0
58281,414,Pro,150,0
96330,415,Basic,50,0
62178,416,Enterprise,500,1
46385,417,Basic,50,0
58363,418,Basic,50,0
42763,419,Basic,50,0
22989,420,Pro,150,1
89454,421,Pro,150,1
26173,422,Basic,50,0
87495,423,Basic,50,0
74573,424,Basic,50,1
95011,425,Basic,50,1
73372,426,Pro,150,0
70169,427,Basic,50,1
48287,428,Enterprise,500,0
86427,429,Basic,50,0
54392,430,Basic,50,0
79121,431,Basic,50,0
41377,432,Pro,150,0
69270,433,Pro,150,0
10463,434,Basic,50,0
92808,435,Basic,50,0
47316,436,Pro,150,1
62900,437,Basic,50,0
99715,438,Basic,50,1
49268,439,Basic,50,0
61114,440,Basic,50,1
78634,441,Enterprise,500,0
87760,442,Pro,150,0
13792,443,Pro,150,0
73469,444,Basic,50,0
19412,445,Basic,50,1
61302,446,Basic,50,0
72753,447,Pro,150,0
53935,448,Basic,50,0
26122,449,Basic,50,0
93020,450,Pro,150,0
90970,451,Pro,150,1
89297,452,Pro,150,0
55127,453,Basic,50,0
10529,454,Pro,150,0
77116,455,Pro,150,0
21636,456,Basic,50,1
44309,457,Pro,150,1
53551,458,Pro,150,0
71063,459,Enterprise,500,0
85441,460,Basic,50,0
11675,461,Basic,50,0
33864,462,Basic,50,1
61293,463,Basic,50,0
53736,464,Pro,150,1
47828,465,Basic,50,1
71923,466,Pro,150,0
95189,467,Basic,50,0
78731,468,Pro,150,1
50631,469,Basic,50,0
31905,470,Pro,150,0
44464,471,Basic,50,0
31579,472,Basic,50,0
52388,473,Pro,150,1
70544,474,Basic,50,1
23600,475,Enterprise,500,0
66566,476,Pro,150,0
18343,477,Pro,150,0
33871,478,Pro,150,0
49527,479,Basic,50,1
24774,480,Pro,150,0
76609,481,Enterprise,500,0
92894,482,Enterprise,500,1
33507,483,Pro,150,0
65209,484,Basic,50,0
34839,485,Pro,150,1
93741,486,Basic,50,1
78653,487,Enterprise,500,0
41461,488,Enterprise,500,0
52995,489,Basic,50,1
87623,490,Pro,150,0
82941,491,Pro,150,0
32132,492,Basic,50,0
42071,493,Basic,50,0
88810,494,Basic,50,1
28594,495,Basic,50,0
42473,496,Basic,50,0
42988,497,Basic,50,0
41299,498,Basic,50,0
24950,499,Basic,50,1
64556,500,Pro,150,0
52793,501,Pro,150,1
66620,502,Basic,50,1
66540,503,Pro,150,0
97088,504,Basic,50,1
83700,505,Basic,50,0
77415,506,Pro,150,1
70227,507,Basic,50,0
83362,508,Basic,50,0
62789,509,Basic,50,1
24054,510,Enterprise,500,0
48231,511,Enterprise,500,0
57962,512,Basic,50,0
90631,513,Basic,50,0
30861,514,Pro,150,0
92247,515,Pro,150,0
25951,516,Basic,50,0
20387,517,Enterprise,500,0
85963,518,Pro,150,0
70553,519,Basic,50,0
72221,520,Pro,150,0
49776,521,Basic,50,0
19039,522,Basic,50,1
50866,523,Basic,50,1
70604,524,Enterprise,500,0
24848,525,Basic,50,0
80871,526,Enterprise,500,0
73500,527,Pro,150,0
10353,528,Basic,50,0
40960,529,Pro,150,1
21157,530,Pro,150,0
14477,531,Pro,150,0
23602,532,Basic,50,1
61107,533,Enterprise,500,1
46813,534,Basic,50,0
59212,535,Basic,50,1
82533,536,Basic,50,0
81255,537,Pro,150,0
40049,538,Pro,150,0
50017,539,Basic,50,1
88109,540,Pro,150,0
43824,541,Pro,150,0
52586,542,Basic,50,0
99266,543,Basic,50,0
40209,544,Pro,150,0
14580,545,Basic,50,1
60324,546,Pro,150,0
91626,547,Basic,50,0
27066,548,Pro,150,0
77553,549,Pro,150,0
16827,550,Basic,50,0
38603,551,Basic,50,0
44540,552,Basic,50,1
18849,553,Basic,50,0
47830,554,Basic,50,0
31824,555,Pro,150,0
27097,556,Basic,50,0
61775,557,Enterprise,500,0
72670,558,Pro,150,0
16231,559,Pro,150,0
75272,560,Pro,150,0
68390,561,Basic,50,0
82743,562,Pro,150,0
64905,563,Basic,50,0
96999,564,Basic,50,0
70833,565,Basic,50,1
90377,566,Basic,50,0
79935,567,Basic,50,0
40089,568,Enterprise,500,0
83091,569,Basic,50,0
41171,570,Basic,50,1
54932,571,Basic,50,0
42273,572,Basic,50,1
72763,573,Basic,50,0
77936,574,Pro,150,0
29620,575,Basic,50,1
65834,576,Pro,150,0
46843,577,Basic,50,0
71637,578,Pro,150,0
67297,579,Basic,50,0
85508,580,Enterprise,500,0
38924,581,Pro,150,0
69940,582,Basic,50,0
99946,583,Pro,150,1
23225,584,Enterprise,500,0
81119,585,Basic,50,0
46711,586,Basic,50,0
70839,587,Basic,50,1
28437,588,Basic,50,0
68224,589,Pro,150,0
59530,590,Basic,50,1
78351,591,Pro,150,0
34759,592,Basic,50,0
72278,593,Basic,50,0
64906,594,Pro,150,0
27882,595,Pro,150,0
94248,596,Basic,50,0
12234,597,Pro,150,0
13078,598,Basic,50,0
37580,599,Enterprise,500,0
39711,600,Pro,150,0
19096,601,Pro,150,0
41033,602,Basic,50,0
18138,603,Basic,50,1
10130,604,Basic,50,1
38590,605,Pro,150,0
44903,606,Basic,50,0
21726,607,Basic,50,1
46644,608,Basic,50,0
49001,609,Enterprise,500,0
48058,610,Basic,50,0
24232,611,Pro,150,0
89909,612,Enterprise,500,0
50855,613,Pro,150,0
50953,614,Pro,150,0
47670,615,Basic,50,0
58418,616,Basic,50,0
20238,617,Pro,150,1
53518,618,Pro,150,0
89240,619,Pro,150,0
97579,620,Pro,150,0
47376,621,Basic,50,0
83263,622,Basic,50,0
31974,623,Basic,50,1
57810,624,Basic,50,0
42754,625,Basic,50,0
97099,626,Enterprise,500,0
35488,627,Enterprise,500,1
27881,628,Enterprise,500,0
65022,629,Basic,50,0
73916,630,Pro,150,0
97903,631,Basic,50,0
89066,632,Pro,150,0
54904,633,Basic,50,1
72530,634,Basic,50,1
39926,635,Enterprise,500,0
55805,636,Basic,50,1
51513,637,Basic,50,1
18009,638,Pro,150,0
42799,639,Basic,50,0
63398,640,Basic,50,1
48818,641,Enterprise,500,0
36154,642,Pro,150,0
93655,643,Pro,150,0
10001,644,Basic,50,0
11853,645,Pro,150,0
82892,646,Basic,50,1
68135,647,Basic,50,0
26074,648,Basic,50,0
37666,649,Pro,150,0
80583,650,Pro,150,0
95939,651,Basic,50,0
29037,652,Pro,150,0
40966,653,Pro,150,0
61693,654,Basic,50,1
24115,655,Basic,50,1
95042,656,Basic,50,0
34288,657,Pro,150,0
91088,658,Pro,150,1
35114,659,Pro,150,0
77904,660,Pro,150,0
38568,661,Basic,50,0
98693,662,Basic,50,1
13811,663,Basic,50,1
20448,664,Basic,50,0
66585,665,Basic,50,0
88883,666,Basic,50,1
82700,667,Enterprise,500,0
93212,668,Basic,50,1
29767,669,Basic,50,1
76238,670,Pro,150,1
72027,671,Pro,150,0
48709,672,Enterprise,500,0
99387,673,Enterprise,500,0
44775,674,Basic,50,1
15955,675,Basic,50,1
71637,676,Basic,50,1
59364,677,Pro,150,0
55303,678,Enterprise,500,0
22612,679,Basic,50,1
36159,680,Basic,50,0
44838,681,Basic,50,0
27947,682,Basic,50,1
70667,683,Enterprise,500,0
56667,684,Basic,50,0
66373,685,Basic,50,1
39190,686,Basic,50,1
10107,687,Basic,50,0
73586,688,Enterprise,500,0
81907,689,Basic,50,0
12566,690,Basic,50,0
41395,691,Basic,50,1
75492,692,Basic,50,0
21553,693,Basic,50,0
78454,694,Basic,50,0
10517,695,Basic,50,0
81917,696,Pro,150,0
15109,697,Basic,50,0
91565,698,Pro,150,0
97422,699,Basic,50,0
51157,700,Basic,50,0
19663,701,Pro,150,1
59261,702,Basic,50,0
36146,703,Pro,150,0
82511,704,Enterprise,500,0
39062,705,Pro,150,0
77742,706,Pro,150,0
18257,707,Basic,50,0
50041,708,Basic,50,0
26008,709,Basic,50,0
59224,710,Enterprise,500,0
48684,711,Enterprise,500,0
86811,712,Basic,50,0
16432,713,Basic,50,0
46043,714,Basic,50,0
64678,715,Basic,50,1
86495,716,Basic,50,0
30944,717,Pro,150,0
55364,718,Basic,50,1
12055,719,Basic,50,0
32881,720,Basic,50,0
53320,721,Basic,50,0
81245,722,Basic,50,0
93122,723,Basic,50,1
12028,724,Pro,150,0
63236,725,Basic,50,1
54320,726,Basic,50,0
58640,727,Basic,50,1
60104,728,Pro,150,0
86868,729,Basic,50,0
51658,730,Basic,50,1
70833,731,Pro,150,0
17286,732,Enterprise,500,0
64854,733,Basic,50,0
99551,734,Pro,150,0
35796,735,Pro,150,0
28995,736,Pro,150,0
35283,737,Basic,50,0
37534,738,Basic,50,0
55356,739,Pro,150,0
64840,740,Basic,50,1
85679,741,Pro,150,1
22734,742,Pro,150,0
32879,743,Basic,50,0
83336,744,Pro,150,0
77347,745,Basic,50,0
81909,746,Basic,50,0
27684,747,Basic,50,0
20989,748,Basic,50,1
22424,749,Basic,50,0
50526,750,Pro,150,0
53220,751,Basic,50,0
82545,752,Basic,50,1
55515,753,Basic,50,1
47249,754,Basic,50,1
56698,755,Pro,150,0
84691,756,Basic,50,0
58399,757,Basic,50,1
27459,758,Basic,50,0
47668,759,Basic,50,0
85454,760,Basic,50,1
71946,761,Basic,50,0
54840,762,Basic,50,1
33799,763,Basic,50,0
54591,764,Enterprise,500,0
57487,765,Enterprise,500,0
94422,766,Pro,150,0
72178,767,Basic,50,1
31684,768,Pro,150,0
86404,769,Pro,150,1
24530,770,Pro,150,0
48782,771,Enterprise,500,1
95868,772,Pro,150,0
85619,773,Pro,150,0
10230,774,Pro,150,0
19809,775,Pro,150,0
93319,776,Basic,50,0
57333,777,Basic,50,1
92564,778,Basic,50,0
55613,779,Enterprise,500,0
36688,780,Basic,50,1
65841,781,Pro,150,1
21306,782,Basic,50,0
15615,783,Enterprise,500,0
33943,784,Pro,150,0
54981,785,Pro,150,0
57388,786,Pro,150,0
60012,787,Basic,50,0
69821,788,Pro,150,0
84252,789,Basic,50,1
32010,790,Basic,50,1
62240,791,Basic,50,0
31355,792,Basic,50,0
43588,793,Basic,50,0
86386,794,Basic,50,0
74015,795,Pro,150,0
22889,796,Basic,50,1
70533,797,Basic,50,0
52602,798,Basic,50,1
74524,799,Pro,150,0
95804,800,Basic,50,0
18109,801,Enterprise,500,0
41749,802,Enterprise,500,0
60030,803,Basic,50,1
57790,804,Basic,50,0
37046,805,Basic,50,0
59741,806,Basic,50,0
25395,807,Pro,150,0
20728,808,Basic,50,1
18003,809,Pro,150,0
28916,810,Basic,50,1
67793,811,Basic,50,0
34674,812,Basic,50,0
47284,813,Pro,150,0
45105,814,Basic,50,1
57784,815,Basic,50,1
94783,816,Basic,50,0
37022,817,Pro,150,0
69440,818,Basic,50,0
69558,819,Basic,50,0
20475,820,Basic,50,1
11582,821,Pro,150,0
13202,822,Pro,150,0
75006,823,Basic,50,1
88929,824,Basic,50,0
65851,825,Basic,50,0
44391,826,Basic,50,1
50355,827,Pro,150,0
42744,828,Enterprise,500,0
34679,829,Basic,50,0
99234,830,Pro,150,0
52253,831,Basic,50,0
98771,832,Enterprise,500,0
81734,833,Basic,50,1
67402,834,Basic,50,1
71161,835,Pro,150,0
49527,836,Basic,50,0
45556,837,Enterprise,500,0
15960,838,Basic,50,0
31908,839,Pro,150,0
35551,840,Pro,150,0
93137,841,Basic,50,0
15337,842,Basic,50,0
99333,843,Basic,50,0
55815,844,Basic,50,0
88043,845,Pro,150,0
69948,846,Basic,50,1
72680,847,Basic,50,0
10586,848,Basic,50,1
14567,849,Basic,50,1
29333,850,Basic,50,0
82921,851,Basic,50,0
12422,852,Basic,50,0
40257,853,Basic,50,0
64285,854,Basic,50,0
58006,855,Basic,50,0
74934,856,Pro,150,0
21331,857,Pro,150,0
93178,858,Enterprise,500,0
25936,859,Basic,50,0
84951,860,Basic,50,1
38818,861,Basic,50,0
29726,862,Pro,150,0
83800,863,Pro,150,0
34916,864,Enterprise,500,0
36181,865,Pro,150,0
77935,866,Basic,50,0
61366,867,Basic,50,0
15689,868,Basic,50,0
66549,869,Basic,50,0
33151,870,Basic,50,0
72869,871,Pro,150,0
30230,872,Pro,150,0
68631,873,Basic,50,1
15110,874,Enterprise,500,0
97733,875,Pro,150,0
73172,876,Basic,50,0
27417,877,Pro,150,0
77705,878,Basic,50,1
79354,879,Basic,50,1
93081,880,Pro,150,0
48294,881,Basic,50,0
82504,882,Basic,50,0
46072,883,Pro,150,0
28333,884,Pro,150,0
77532,885,Pro,150,0
22089,886,Basic,50,0
42355,887,Basic,50,1
50403,888,Pro,150,1
83626,889,Basic,50,0
82313,890,Basic,50,1
91042,891,Enterprise,500,0
90413,892,Basic,50,0
80787,893,Basic,50,0
38381,894,Basic,50,1
26161,895,Basic,50,0
74672,896,Pro,150,0
73080,897,Enterprise,500,0
33335,898,Pro,150,0
82366,899,Pro,150,1
24800,900,Pro,150,0
80650,901,Pro,150,1
78181,902,Enterprise,500,0
55063,903,Basic,50,0
48575,904,Pro,150,0
45986,905,Pro,150,0
14234,906,Pro,150,0
44696,907,Basic,50,1
14671,908,Basic,50,0
72127,909,Basic,50,0
68931,910,Basic,50,1
46219,911,Enterprise,500,0
73319,912,Basic,50,1
84042,913,Pro,150,0
36955,914,Pro,150,0
31288,915,Enterprise,500,0
43663,916,Pro,150,0
81070,917,Basic,50,0
72005,918,Enterprise,500,0
16477,919,Pro,150,0
15923,920,Basic,50,0
76669,921,Pro,150,0
53612,922,Basic,50,0
59608,923,Pro,150,1
88006,924,Basic,50,1
77972,925,Basic,50,1
78305,926,Enterprise,500,0
35198,927,Basic,50,0
55644,928,Basic,50,1
76095,929,Basic,50,0
47665,930,Basic,50,0
36500,931,Pro,150,0
96310,932,Basic,50,1
17807,933,Pro,150,0
25002,934,Pro,150,0
19365,935,Basic,50,0
40136,936,Pro,150,0
88782,937,Basic,50,0
50943,938,Basic,50,1
39853,939,Basic,50,0
41188,940,Pro,150,0
98087,941,Basic,50,0
67705,942,Basic,50,0
31802,943,Basic,50,1
80648,944,Pro,150,0
99598,945,Pro,150,0
27107,946,Basic,50,0
37741,947,Basic,50,1
80614,948,Pro,150,0
19602,949,Basic,50,1
91804,950,Basic,50,0
75485,951,Basic,50,1
57074,952,Basic,50,0
75714,953,Basic,50,1
57604,954,Basic,50,1
86257,955,Basic,50,0
22937,956,Pro,150,0
58229,957,Pro,150,0
37726,958,Basic,50,0
69158,959,Pro,150,0
37254,960,Pro,150,0
74306,961,Basic,50,0
49226,962,Basic,50,0
90367,963,Pro,150,0
15090,964,Basic,50,0
92804,965,Pro,150,1
98293,966,Basic,50,1
18025,967,Pro,150,0
97377,968,Pro,150,0
74452,969,Basic,50,0
84727,970,Basic,50,0
43930,971,Basic,50,0
49958,972,Pro,150,0
48274,973,Basic,50,0
37871,974,Pro,150,1
99430,975,Pro,150,0
97632,976,Pro,150,0
73384,977,Pro,150,0
49223,978,Pro,150,1
15125,979,Pro,150,0
32897,980,Pro,150,0
87099,981,Basic,50,1
68000,982,Enterprise,500,0
69117,983,Pro,150,0
78134,984,Basic,50,1
55145,985,Basic,50,1
40488,986,Basic,50,1
62164,987,Basic,50,0
49561,988,Basic,50,1
76343,989,Basic,50,0
69681,990,Basic,50,0
39098,991,Basic,50,1
47022,992,Basic,50,0
63816,993,Pro,150,0
89891,994,Basic,50,0
27065,995,Basic,50,1
82667,996,Pro,150,0
61817,997,Enterprise,500,0
93233,998,Basic,50,0
25751,999,Basic,50,1
17335,1000,Enterprise,500,0
77476,1001,Basic,50,0
74391,1002,Basic,50,0
60613,1003,Pro,150,0
14997,1004,Basic,50,0
80394,1005,Pro,150,1
18185,1006,Basic,50,0
84725,1007,Enterprise,500,0
85421,1008,Basic,50,0
28686,1009,Basic,50,0
77704,1010,Pro,150,0
19921,1011,Basic,50,0
39968,1012,Pro,150,0
49101,1013,Basic,50,0
62788,1014,Basic,50,1
33262,1015,Basic,50,0
85843,1016,Pro,150,0
44092,1017,Basic,50,1
39403,1018,Pro,150,0
56234,1019,Pro,150,0
83725,1020,Basic,50,0
18494,1021,Basic,50,1
48991,1022,Pro,150,0
70199,1023,Basic,50,0
67729,1024,Basic,50,1
21954,1025,Basic,50,1
69628,1026,Basic,50,0
58331,1027,Basic,50,0
48212,1028,Pro,150,0
20778,1029,Pro,150,0
33363,1030,Basic,50,1
45053,1031,Pro,150,0
53549,1032,Pro,150,0
87613,1033,Pro,150,0
67929,1034,Enterprise,500,0
68618,1035,Basic,50,0
15261,1036,Pro,150,0
46140,1037,Pro,150,0
98841,1038,Pro,150,1
60167,1039,Pro,150,0
30889,1040,Enterprise,500,0
74805,1041,Basic,50,0
12668,1042,Basic,50,1
67370,1043,Pro,150,0
54888,1044,Basic,50,0
80117,1045,Basic,50,0
67016,1046,Basic,50,0
24167,1047,Basic,50,0
20504,1048,Pro,150,0
75370,1049,Pro,150,0
70094,1050,Pro,150,1
50044,1051,Basic,50,1
29078,1052,Basic,50,0
31526,1053,Basic,50,1
57280,1054,Pro,150,0
58699,1055,Pro,150,0
55851,1056,Pro,150,0
53792,1057,Basic,50,0
77800,1058,Basic,50,0
17534,1059,Basic,50,1
57702,1060,Pro,150,0
96926,1061,Basic,50,0
95244,1062,Pro,150,0
97920,1063,Basic,50,1
77046,1064,Basic,50,0
44755,1065,Enterprise,500,0
85315,1066,Pro,150,0
99320,1067,Basic,50,0
83103,1068,Basic,50,1
43368,1069,Basic,50,0
76654,1070,Basic,50,0
82112,1071,Basic,50,1
99110,1072,Basic,50,0
16190,1073,Basic,50,0
25625,1074,Basic,50,0
41536,1075,Basic,50,0
18479,1076,Basic,50,0
38692,1077,Enterprise,500,0
30193,1078,Basic,50,1
71556,1079,Pro,150,0
34849,1080,Basic,50,1
11238,1081,Basic,50,1
90134,1082,Pro,150,0
63199,1083,Basic,50,0
34596,1084,Basic,50,1
89108,1085,Basic,50,0
97683,1086,Pro,150,1
77346,1087,Basic,50,0
14784,1088,Pro,150,1
98484,1089,Pro,150,0
78637,1090,Basic,50,1
70032,1091,Pro,150,0
24181,1092,Enterprise,500,0
12033,1093,Basic,50,0
35917,1094,Enterprise,500,0
42350,1095,Pro,150,0
46603,1096,Enterprise,500,0
87589,1097,Basic,50,1
48615,1098,Basic,50,0
13400,1099,Basic,50,1
59256,1100,Basic,50,0
95032,1101,Basic,50,0
60432,1102,Enterprise,500,0
61532,1103,Basic,50,0
19283,1104,Pro,150,0
18886,1105,Pro,150,0
26392,1106,Pro,150,0
21014,1107,Pro,150,0
55391,1108,Basic,50,0
99254,1109,Basic,50,1
62836,1110,Basic,50,0
83835,1111,Basic,50,0
71820,1112,Pro,150,0
12899,1113,Basic,50,0
39901,1114,Pro,150,0
96230,1115,Basic,50,0
64372,1116,Basic,50,0
30163,1117,Basic,50,0
68616,1118,Basic,50,0
43462,1119,Basic,50,1
56969,1120,Basic,50,0
44412,1121,Pro,150,1
25395,1122,Pro,150,1
59939,1123,Enterprise,500,0
94270,1124,Enterprise,500,0
22205,1125,Basic,50,1
30171,1126,Basic,50,0
35388,1127,Basic,50,0
80616,1128,Basic,50,0
33849,1129,Pro,150,0
28995,1130,Basic,50,1
86535,1131,Pro,150,0
16055,1132,Pro,150,0
73018,1133,Pro,150,0
47659,1134,Basic,50,1
63481,1135,Basic,50,1
86808,1136,Basic,50,0
11537,1137,Basic,50,1
10157,1138,Pro,150,1
79265,1139,Basic,50,1
95125,1140,Basic,50,0
20546,1141,Basic,50,0
62772,1142,Basic,50,0
94226,1143,Basic,50,0
36783,1144,Basic,50,0
49588,1145,Basic,50,1
25455,1146,Basic,50,0
57636,1147,Basic,50,0
27408,1148,Basic,50,1
28525,1149,Basic,50,0
63113,1150,Enterprise,500,1
69454,1151,Basic,50,0
43854,1152,Enterprise,500,0
15388,1153,Basic,50,0
84453,1154,Basic,50,0
43338,1155,Pro,150,1
90356,1156,Basic,50,1
75523,1157,Basic,50,1
69633,1158,Basic,50,0
45016,1159,Pro,150,0
97768,1160,Enterprise,500,0
48778,1161,Basic,50,0
35021,1162,Basic,50,1
47834,1163,Basic,50,0
82677,1164,Basic,50,0
62048,1165,Pro,150,0
62600,1166,Basic,50,1
30258,1167,Basic,50,0
52226,1168,Basic,50,0
10991,1169,Basic,50,1
47080,1170,Basic,50,0
64247,1171,Pro,150,0
43369,1172,Enterprise,500,0
89362,1173,Basic,50,0
73051,1174,Basic,50,1
92131,1175,Pro,150,1
52916,1176,Pro,150,0
10673,1177,Basic,50,0
80228,1178,Basic,50,0
98398,1179,Basic,50,0
68413,1180,Basic,50,0
26599,1181,Pro,150,0
25877,1182,Basic,50,0
52520,1183,Basic,50,0
89585,1184,Pro,150,0
10861,1185,Basic,50,0
90441,1186,Basic,50,0
20860,1187,Basic,50,0
25676,1188,Basic,50,0
60690,1189,Basic,50,0
32139,1190,Pro,150,0
51400,1191,Basic,50,1
30777,1192,Pro,150,0
12634,1193,Basic,50,1
69930,1194,Basic,50,0
30386,1195,Basic,50,0
70727,1196,Basic,50,1
17837,1197,Pro,150,0
43233,1198,Enterprise,500,0
78575,1199,Pro,150,1
76365,1200,Enterprise,500,0
88680,1201,Enterprise,500,0
12633,1202,Pro,150,0
91116,1203,Basic,50,0
84499,1204,Basic,50,1
91168,1205,Basic,50,1
40721,1206,Basic,50,0
12747,1207,Pro,150,1
53682,1208,Basic,50,0
70065,1209,Basic,50,0
35548,1210,Basic,50,1
18818,1211,Basic,50,1
14342,1212,Basic,50,0
77704,1213,Basic,50,0
91731,1214,Pro,150,1
46711,1215,Pro,150,0
39227,1216,Enterprise,500,0
83162,1217,Basic,50,0
72243,1218,Enterprise,500,0
20617,1219,Basic,50,0
71629,1220,Basic,50,1
31970,1221,Basic,50,0
36775,1222,Basic,50,0
43661,1223,Basic,50,1
57554,1224,Basic,50,0
66342,1225,Basic,50,0
62607,1226,Basic,50,0
85908,1227,Basic,50,0
95168,1228,Pro,150,0
17125,1229,Pro,150,0
77425,1230,Basic,50,0
52144,1231,Pro,150,0
33913,1232,Pro,150,0
26715,1233,Enterprise,500,0
84176,1234,Basic,50,0
83217,1235,Enterprise,500,0
83417,1236,Pro,150,0
34303,1237,Basic,50,0
59823,1238,Pro,150,0
63976,1239,Basic,50,1
73843,1240,Basic,50,0
12333,1241,Enterprise,500,0
11269,1242,Basic,50,0
28799,1243,Basic,50,0
77436,1244,Basic,50,1
42539,1245,Basic,50,1
85179,1246,Pro,150,0
49398,1247,Basic,50,1
93694,1248,Pro,150,0
90244,1249,Basic,50,0
69730,1250,Enterprise,500,0
27957,1251,Basic,50,0
48914,1252,Pro,150,0
56488,1253,Pro,150,0
70581,1254,Basic,50,0
49543,1255,Basic,50,1
82352,1256,Basic,50,0
80541,1257,Pro,150,0
92914,1258,Basic,50,1
42646,1259,Basic,50,1
83255,1260,Basic,50,0
75698,1261,Enterprise,500,0
71886,1262,Basic,50,0
56968,1263,Basic,50,0
94588,1264,Basic,50,1
64200,1265,Basic,50,0
52562,1266,Pro,150,1
38406,1267,Pro,150,0
14263,1268,Basic,50,0
87838,1269,Basic,50,1
90524,1270,Basic,50,0
99013,1271,Enterprise,500,0
36145,1272,Basic,50,0
34642,1273,Basic,50,1
67729,1274,Pro,150,0
69160,1275,Pro,150,0
52410,1276,Basic,50,1
28535,1277,Pro,150,0
35880,1278,Basic,50,1
62451,1279,Basic,50,0
94846,1280,Basic,50,0
27908,1281,Enterprise,500,0
79360,1282,Pro,150,0
26059,1283,Basic,50,0
14561,1284,Basic,50,0
70642,1285,Pro,150,0
52914,1286,Pro,150,0
49382,1287,Pro,150,0
94447,1288,Pro,150,0
86915,1289,Basic,50,0
89273,1290,Basic,50,1
65592,1291,Basic,50,0
94700,1292,Basic,50,0
39051,1293,Basic,50,0
84377,1294,Pro,150,0
50310,1295,Basic,50,1
11272,1296,Basic,50,0
13253,1297,Basic,50,0
77212,1298,Pro,150,0
21846,1299,Pro,150,0
28888,1300,Basic,50,0
48061,1301,Pro,150,0
22663,1302,Basic,50,0
31779,1303,Basic,50,1
46539,1304,Enterprise,500,0
17769,1305,Pro,150,0
74615,1306,Basic,50,1
62448,1307,Basic,50,0
70123,1308,Pro,150,0
11501,1309,Basic,50,1
69242,1310,Enterprise,500,0
60870,1311,Basic,50,1
14801,1312,Basic,50,1
70302,1313,Basic,50,1
55783,1314,Enterprise,500,0
68194,1315,Basic,50,0
43605,1316,Basic,50,1
70914,1317,Basic,50,0
47630,1318,Basic,50,1
23089,1319,Basic,50,0
20650,1320,Basic,50,1
71643,1321,Enterprise,500,0
66162,1322,Pro,150,1
41161,1323,Pro,150,1
41536,1324,Basic,50,0
30565,1325,Basic,50,0
53615,1326,Basic,50,1
22169,1327,Basic,50,1
46944,1328,Enterprise,500,0
90004,1329,Pro,150,0
48272,1330,Basic,50,0
97096,1331,Basic,50,0
10103,1332,Basic,50,0
79470,1333,Pro,150,0
63579,1334,Basic,50,0
18552,1335,Enterprise,500,1
30501,1336,Pro,150,1
56494,1337,Enterprise,500,0
84427,1338,Pro,150,1
86672,1339,Pro,150,0
43759,1340,Basic,50,0
17644,1341,Basic,50,1
69973,1342,Pro,150,0
35577,1343,Pro,150,1
46406,1344,Basic,50,0
24827,1345,Basic,50,1
27645,1346,Basic,50,0
26580,1347,Basic,50,0
92488,1348,Enterprise,500,0
73710,1349,Basic,50,0
17101,1350,Enterprise,500,1
48738,1351,Pro,150,1
39943,1352,Basic,50,0
21964,1353,Basic,50,0
16990,1354,Basic,50,1
90549,1355,Basic,50,0
37559,1356,Pro,150,0
31463,1357,Basic,50,0
98467,1358,Basic,50,0
69876,1359,Basic,50,1
66928,1360,Basic,50,0
39786,1361,Pro,150,1
15437,1362,Basic,50,1
53024,1363,Enterprise,500,0
93635,1364,Basic,50,1
27879,1365,Enterprise,500,1
94957,1366,Basic,50,1
28461,1367,Basic,50,1
68751,1368,Basic,50,0
56682,1369,Basic,50,0
37182,1370,Basic,50,0
61119,1371,Basic,50,1
20074,1372,Basic,50,0
27318,1373,Enterprise,500,0
83299,1374,Basic,50,1
51156,1375,Basic,50,1
49085,1376,Basic,50,0
76162,1377,Basic,50,1
89017,1378,Basic,50,0
51718,1379,Basic,50,1
15486,1380,Basic,50,0
61022,1381,Basic,50,1
38712,1382,Pro,150,0
90326,1383,Pro,150,0
34015,1384,Basic,50,1
71913,1385,Basic,50,0
11929,1386,Enterprise,500,0
75982,1387,Basic,50,1
59294,1388,Pro,150,0
17942,1389,Basic,50,1
25210,1390,Pro,150,0
82229,1391,Pro,150,0
24039,1392,Basic,50,0
23566,1393,Pro,150,0
65852,1394,Basic,50,0
50562,1395,Pro,150,0
27363,1396,Enterprise,500,0
19934,1397,Basic,50,0
23896,1398,Pro,150,0
71844,1399,Basic,50,1
76636,1400,Pro,150,0
38547,1401,Pro,150,0
91421,1402,Basic,50,1
84636,1403,Enterprise,500,0
54016,1404,Basic,50,0
26449,1405,Basic,50,0
92513,1406,Pro,150,0
54176,1407,Basic,50,1
61960,1408,Pro,150,0
59192,1409,Basic,50,1
24861,1410,Basic,50,0
70905,1411,Enterprise,500,1
20343,1412,Basic,50,1
32871,1413,Enterprise,500,0
92796,1414,Basic,50,0
99787,1415,Pro,150,0
53335,1416,Basic,50,0
71107,1417,Basic,50,0
79366,1418,Basic,50,0
77579,1419,Pro,150,0
42035,1420,Pro,150,0
99488,1421,Basic,50,0
69812,1422,Basic,50,0
68386,1423,Basic,50,0
91796,1424,Pro,150,0
99423,1425,Basic,50,0
42022,1426,Basic,50,1
61774,1427,Basic,50,0
92106,1428,Pro,150,0
59507,1429,Basic,50,0
97443,1430,Basic,50,0
56521,1431,Basic,50,1
53330,1432,Enterprise,500,0
58065,1433,Basic,50,0
49195,1434,Enterprise,500,0
55241,1435,Basic,50,1
81743,1436,Basic,50,0
44975,1437,Basic,50,0
69897,1438,Pro,150,0
11639,1439,Pro,150,1
45598,1440,Basic,50,0
40898,1441,Pro,150,0
31268,1442,Pro,150,0
93402,1443,Pro,150,0
14677,1444,Enterprise,500,0
73169,1445,Basic,50,0
43039,1446,Pro,150,0
63154,1447,Enterprise,500,0
93424,1448,Basic,50,1
40975,1449,Pro,150,0
96339,1450,Basic,50,0
91436,1451,Basic,50,0
12144,1452,Basic,50,0
70700,1453,Basic,50,1
40500,1454,Basic,50,0
28677,1455,Basic,50,0
26675,1456,Pro,150,0
60648,1457,Basic,50,1
26430,1458,Basic,50,0
94898,1459,Basic,50,0
44648,1460,Basic,50,1
73635,1461,Basic,50,0
86617,1462,Basic,50,1
50336,1463,Basic,50,0
51146,1464,Basic,50,0
66197,1465,Basic,50,0
72412,1466,Pro,150,0
43079,1467,Pro,150,0
39261,1468,Basic,50,0
26831,1469,Basic,50,0
76021,1470,Basic,50,0
17415,1471,Pro,150,0
67246,1472,Pro,150,0
46308,1473,Pro,150,0
89363,1474,Pro,150,1
13005,1475,Basic,50,0
97978,1476,Basic,50,1
13781,1477,Basic,50,0
31670,1478,Pro,150,0
35119,1479,Pro,150,0
77317,1480,Enterprise,500,0
14164,1481,Basic,50,0
60613,1482,Basic,50,0
66877,1483,Basic,50,0
49092,1484,Enterprise,500,0
87615,1485,Basic,50,0
92876,1486,Basic,50,1
58202,1487,Basic,50,0
90286,1488,Basic,50,0
82251,1489,Basic,50,1
74158,1490,Basic,50,0
81732,1491,Basic,50,0
44149,1492,Basic,50,0
37806,1493,Basic,50,1
89775,1494,Enterprise,500,0
92906,1495,Basic,50,0
10713,1496,Basic,50,1
65410,1497,Pro,150,0
14484,1498,Enterprise,500,0
44752,1499,Basic,50,0
14288,1500,Basic,50,1
16477,1501,Basic,50,0
73224,1502,Basic,50,0
54464,1503,Pro,150,0
35078,1504,Pro,150,0
28215,1505,Pro,150,0
48723,1506,Basic,50,1
47133,1507,Basic,50,0
66117,1508,Enterprise,500,0
82178,1509,Basic,50,0
76080,1510,Basic,50,0
86067,1511,Enterprise,500,0
91007,1512,Enterprise,500,0
99705,1513,Basic,50,1
84414,1514,Enterprise,500,0
38969,1515,Pro,150,0
90863,1516,Pro,150,0
79413,1517,Basic,50,0
22814,1518,Pro,150,0
81682,1519,Enterprise,500,0
24798,1520,Basic,50,1
27658,1521,Basic,50,0
28203,1522,Pro,150,0
58729,1523,Basic,50,0
76944,1524,Basic,50,1
53917,1525,Basic,50,0
23950,1526,Basic,50,0
48748,1527,Basic,50,0
93467,1528,Basic,50,1
33031,1529,Basic,50,0
84928,1530,Basic,50,1
43145,1531,Pro,150,1
21981,1532,Pro,150,0
55820,1533,Basic,50,0
40104,1534,Basic,50,0
36814,1535,Basic,50,0
87119,1536,Basic,50,0
60717,1537,Basic,50,0
47001,1538,Pro,150,0
99929,1539,Basic,50,1
36404,1540,Enterprise,500,1
97697,1541,Basic,50,0
69831,1542,Pro,150,0
95934,1543,Basic,50,1
71146,1544,Basic,50,1
47677,1545,Basic,50,0
83450,1546,Basic,50,0
17956,1547,Basic,50,1
48835,1548,Pro,150,1
50213,1549,Basic,50,1
41751,1550,Pro,150,0
93215,1551,Pro,150,0
38045,1552,Basic,50,1
41324,1553,Basic,50,0
20265,1554,Basic,50,1
41795,1555,Pro,150,0
84358,1556,Basic,50,0
60992,1557,Basic,50,1
81229,1558,Basic,50,0
31415,1559,Pro,150,1
63216,1560,Basic,50,1
96002,1561,Basic,50,1
78555,1562,Basic,50,1
46500,1563,Basic,50,1
93568,1564,Basic,50,1
18008,1565,Basic,50,0
86625,1566,Pro,150,0
23185,1567,Pro,150,0
15219,1568,Pro,150,0
55591,1569,Pro,150,0
79462,1570,Basic,50,0
97820,1571,Basic,50,0
27226,1572,Basic,50,1
70649,1573,Pro,150,0
35621,1574,Basic,50,0
94820,1575,Enterprise,500,0
24641,1576,Basic,50,1
81206,1577,Basic,50,1
49076,1578,Basic,50,0
99483,1579,Basic,50,0
25488,1580,Pro,150,0
51574,1581,Basic,50,1
68800,1582,Pro,150,1
42761,1583,Pro,150,0
72056,1584,Basic,50,1
33357,1585,Pro,150,1
88294,1586,Basic,50,1
86168,1587,Pro,150,0
66610,1588,Basic,50,1
23320,1589,Basic,50,0
46816,1590,Basic,50,1
25823,1591,Basic,50,1
30357,1592,Enterprise,500,0
45781,1593,Enterprise,500,0
33849,1594,Enterprise,500,0
54282,1595,Pro,150,0
17746,1596,Basic,50,0
42650,1597,Pro,150,0
41607,1598,Basic,50,0
32032,1599,Basic,50,1
26155,1600,Basic,50,0
53536,1601,Basic,50,1
54248,1602,Basic,50,0
89668,1603,Enterprise,500,0
32967,1604,Pro,150,0
20258,1605,Basic,50,1
43818,1606,Basic,50,1
59066,1607,Basic,50,0
28328,1608,Basic,50,1
21280,1609,Basic,50,0
81515,1610,Enterprise,500,0
53614,1611,Basic,50,0
63895,1612,Basic,50,1
81354,1613,Basic,50,0
55192,1614,Pro,150,0
75681,1615,Pro,150,0
77854,1616,Basic,50,1
91609,1617,Basic,50,0
62422,1618,Basic,50,0
98077,1619,Pro,150,0
45458,1620,Pro,150,0
28265,1621,Basic,50,1
91075,1622,Basic,50,1
16566,1623,Basic,50,1
81954,1624,Basic,50,0
74709,1625,Pro,150,0
74951,1626,Basic,50,0
58960,1627,Basic,50,1
13803,1628,Pro,150,0
64324,1629,Basic,50,1
95798,1630,Pro,150,0
74222,1631,Enterprise,500,1
76722,1632,Basic,50,0
29480,1633,Pro,150,0
56719,1634,Basic,50,0
71573,1635,Pro,150,1
57418,1636,Basic,50,0
28002,1637,Basic,50,1
23763,1638,Pro,150,0
22111,1639,Basic,50,1
71953,1640,Basic,50,1
17207,1641,Basic,50,0
26144,1642,Enterprise,500,0
87437,1643,Basic,50,0
13975,1644,Pro,150,0
93668,1645,Pro,150,0
76964,1646,Basic,50,0
12108,1647,Enterprise,500,1
20799,1648,Pro,150,0
14032,1649,Basic,50,1
33749,1650,Basic,50,0
47937,1651,Basic,50,1
74467,1652,Pro,150,0
93587,1653,Pro,150,0
49599,1654,Basic,50,0
61071,1655,Pro,150,0
11927,1656,Pro,150,0
58694,1657,Basic,50,0
33834,1658,Basic,50,1
27508,1659,Pro,150,0
28664,1660,Pro,150,0
86272,1661,Basic,50,1
30575,1662,Basic,50,0
12137,1663,Pro,150,0
27783,1664,Basic,50,1
40297,1665,Basic,50,0
80234,1666,Basic,50,1
71895,1667,Basic,50,1
43258,1668,Basic,50,1
93741,1669,Pro,150,0
92508,1670,Pro,150,0
25943,1671,Pro,150,0
23951,1672,Basic,50,0
82360,1673,Basic,50,0
12553,1674,Pro,150,0
90756,1675,Pro,150,0
26267,1676,Basic,50,0
44060,1677,Basic,50,0
38010,1678,Basic,50,1
74084,1679,Pro,150,0
41003,1680,Basic,50,0
31611,1681,Pro,150,0
75976,1682,Basic,50,0
72449,1683,Enterprise,500,0
12078,1684,Basic,50,0
69004,1685,Basic,50,0
58646,1686,Basic,50,0
90020,1687,Pro,150,0
39267,1688,Pro,150,1
36126,1689,Basic,50,0
15116,1690,Pro,150,1
34335,1691,Basic,50,0
51053,1692,Pro,150,0
94582,1693,Pro,150,1
94776,1694,Enterprise,500,0
90036,1695,Enterprise,500,1
74526,1696,Pro,150,0
53479,1697,Basic,50,0
32064,1698,Pro,150,0
71237,1699,Basic,50,0
45637,1700,Basic,50,0
91345,1701,Basic,50,1
85177,1702,Pro,150,0
95213,1703,Pro,150,0
91928,1704,Basic,50,0
34647,1705,Basic,50,0
63937,1706,Basic,50,0
42124,1707,Basic,50,0
82279,1708,Basic,50,0
17193,1709,Pro,150,0
53970,1710,Basic,50,0
59959,1711,Basic,50,0
48192,1712,Basic,50,1
94942,1713,Enterprise,500,0
63845,1714,Basic,50,0
20776,1715,Basic,50,1
27429,1716,Pro,150,1
11024,1717,Basic,50,0
89924,1718,Pro,150,1
47668,1719,Enterprise,500,0
46714,1720,Basic,50,1
18466,1721,Basic,50,0
90141,1722,Basic,50,0
60252,1723,Pro,150,0
75714,1724,Pro,150,1
55752,1725,Pro,150,0
57024,1726,Enterprise,500,0
41641,1727,Pro,150,1
73320,1728,Pro,150,0
96448,1729,Enterprise,500,0
21694,1730,Pro,150,0
57625,1731,Pro,150,0
14450,1732,Enterprise,500,1
12263,1733,Basic,50,0
49683,1734,Pro,150,0
22916,1735,Basic,50,1
10926,1736,Pro,150,0
76310,1737,Pro,150,0
69324,1738,Basic,50,1
75371,1739,Pro,150,1
92079,1740,Basic,50,0
69315,1741,Basic,50,0
25423,1742,Basic,50,0
69479,1743,Basic,50,0
89336,1744,Basic,50,0
66980,1745,Pro,150,0
68921,1746,Pro,150,0
79600,1747,Pro,150,0
70118,1748,Basic,50,1
94683,1749,Basic,50,1
81690,1750,Pro,150,0
99000,1751,Basic,50,1
28584,1752,Basic,50,0
21395,1753,Pro,150,0
87528,1754,Basic,50,0
98926,1755,Pro,150,0
86641,1756,Pro,150,1
95711,1757,Basic,50,0
84053,1758,Enterprise,500,0
90084,1759,Basic,50,0
35698,1760,Basic,50,1
62946,1761,Basic,50,0
77912,1762,Basic,50,0
84953,1763,Basic,50,0
58576,1764,Pro,150,0
55772,1765,Basic,50,0
81150,1766,Basic,50,0
13344,1767,Basic,50,0
81256,1768,Enterprise,500,0
41632,1769,Basic,50,1
81029,1770,Basic,50,0
86844,1771,Pro,150,0
46356,1772,Basic,50,1
15662,1773,Basic,50,1
94658,1774,Pro,150,1
73866,1775,Basic,50,0
71677,1776,Pro,150,0
63090,1777,Pro,150,0
70745,1778,Basic,50,1
21000,1779,Basic,50,1
65492,1780,Basic,50,1
74152,1781,Basic,50,0
84311,1782,Basic,50,0
72273,1783,Pro,150,0
64343,1784,Basic,50,1
78038,1785,Basic,50,0
46414,1786,Pro,150,0
32891,1787,Basic,50,0
83521,1788,Pro,150,0
35846,1789,Basic,50,1
28269,1790,Pro,150,0
79339,1791,Pro,150,0
87442,1792,Basic,50,0
13474,1793,Enterprise,500,0
26746,1794,Basic,50,0
55041,1795,Pro,150,1
61948,1796,Basic,50,0
54602,1797,Pro,150,0
69365,1798,Basic,50,1
74909,1799,Basic,50,0
82820,1800,Basic,50,1
95667,1801,Enterprise,500,0
73766,1802,Basic,50,0
96727,1803,Pro,150,0
68722,1804,Basic,50,0
34227,1805,Basic,50,0
51802,1806,Basic,50,0
68892,1807,Pro,150,0
28243,1808,Basic,50,1
61845,1809,Basic,50,0
48466,1810,Pro,150,0
39208,1811,Enterprise,500,0
46816,1812,Pro,150,1
21174,1813,Pro,150,1
38421,1814,Basic,50,1
74139,1815,Basic,50,1
42984,1816,Basic,50,0
70501,1817,Enterprise,500,0
97101,1818,Basic,50,0
76971,1819,Pro,150,0
38273,1820,Basic,50,0
78297,1821,Basic,50,1
93711,1822,Pro,150,1
56233,1823,Basic,50,0
74085,1824,Enterprise,500,0
81989,1825,Pro,150,1
85166,1826,Basic,50,0
59928,1827,Basic,50,0
20595,1828,Basic,50,0
71539,1829,Enterprise,500,0
78391,1830,Basic,50,0
81185,1831,Basic,50,0
80942,1832,Basic,50,1
91439,1833,Basic,50,0
81367,1834,Basic,50,0
12730,1835,Pro,150,1
81805,1836,Pro,150,0
61840,1837,Basic,50,0
19558,1838,Basic,50,0
72963,1839,Basic,50,0
68576,1840,Pro,150,0
37243,1841,Basic,50,1
25988,1842,Enterprise,500,0
22837,1843,Pro,150,0
34388,1844,Basic,50,0
67407,1845,Basic,50,0
79832,1846,Pro,150,1
58192,1847,Basic,50,0
29759,1848,Basic,50,0
45413,1849,Basic,50,0
78613,1850,Basic,50,0
33250,1851,Pro,150,0
49740,1852,Basic,50,0
94050,1853,Basic,50,1
84347,1854,Enterprise,500,0
28201,1855,Basic,50,0
68591,1856,Pro,150,0
58632,1857,Basic,50,0
45351,1858,Basic,50,0
29887,1859,Basic,50,0
75412,1860,Basic,50,0
10514,1861,Pro,150,0
81856,1862,Pro,150,0
61523,1863,Basic,50,0
29170,1864,Enterprise,500,0
94327,1865,Basic,50,0
89131,1866,Pro,150,0
34194,1867,Pro,150,0
11853,1868,Enterprise,500,0
14852,1869,Pro,150,0
94257,1870,Pro,150,1
78973,1871,Basic,50,0
71262,1872,Pro,150,0
65262,1873,Pro,150,0
63742,1874,Basic,50,0
19752,1875,Enterprise,500,0
19577,1876,Basic,50,1
99244,1877,Pro,150,1
79547,1878,Basic,50,0
42587,1879,Basic,50,1
66919,1880,Basic,50,0
28338,1881,Basic,50,1
49107,1882,Enterprise,500,0
19334,1883,Pro,150,0
12416,1884,Pro,150,1
67814,1885,Basic,50,0
21069,1886,Pro,150,0
30210,1887,Enterprise,500,0
43199,1888,Basic,50,0
57776,1889,Basic,50,1
69565,1890,Enterprise,500,0
88797,1891,Basic,50,0
13768,1892,Pro,150,0
40035,1893,Enterprise,500,0
49977,1894,Basic,50,0
97211,1895,Enterprise,500,0
91584,1896,Basic,50,0
54940,1897,Basic,50,0
58428,1898,Basic,50,1
57602,1899,Basic,50,1
78235,1900,Pro,150,1
36501,1901,Enterprise,500,0
18753,1902,Basic,50,0
12384,1903,Enterprise,500,0
82029,1904,Basic,50,1
51253,1905,Pro,150,0
54670,1906,Pro,150,0
52927,1907,Basic,50,0
92891,1908,Basic,50,0
44921,1909,Pro,150,0
40733,1910,Pro,150,0
20441,1911,Pro,150,1
13889,1912,Basic,50,0
73041,1913,Basic,50,0
16269,1914,Basic,50,0
54216,1915,Pro,150,0
85970,1916,Basic,50,0
23621,1917,Basic,50,1
38523,1918,Pro,150,0
61751,1919,Pro,150,0
19073,1920,Basic,50,0
48817,1921,Basic,50,0
70848,1922,Pro,150,0
60792,1923,Pro,150,0
64979,1924,Basic,50,1
79699,1925,Basic,50,1
57310,1926,Pro,150,0
14376,1927,Basic,50,0
87813,1928,Enterprise,500,0
10442,1929,Basic,50,1
46200,1930,Pro,150,0
58130,1931,Pro,150,1
52910,1932,Basic,50,0
49383,1933,Basic,50,1
33966,1934,Basic,50,1
60298,1935,Basic,50,0
32281,1936,Pro,150,1
33093,1937,Basic,50,1
60348,1938,Enterprise,500,0
36686,1939,Basic,50,0
83108,1940,Pro,150,0
31131,1941,Basic,50,0
46103,1942,Basic,50,0
91547,1943,Basic,50,1
64870,1944,Pro,150,1
92386,1945,Pro,150,0
30669,1946,Basic,50,1
89372,1947,Basic,50,0
58771,1948,Basic,50,1
46419,1949,Pro,150,0
94802,1950,Pro,150,0
67715,1951,Basic,50,1
31231,1952,Pro,150,0
52602,1953,Pro,150,0
58639,1954,Pro,150,0
41232,1955,Basic,50,1
97121,1956,Basic,50,0
70217,1957,Basic,50,0
13488,1958,Basic,50,0
63221,1959,Pro,150,0
66869,1960,Pro,150,0
68178,1961,Pro,150,0
72691,1962,Pro,150,0
87797,1963,Pro,150,0
91541,1964,Basic,50,0
26780,1965,Basic,50,1
31322,1966,Pro,150,0
90161,1967,Pro,150,0
97213,1968,Basic,50,0
78801,1969,Basic,50,0
78118,1970,Basic,50,1
82321,1971,Pro,150,0
66538,1972,Basic,50,0
68513,1973,Basic,50,1
46732,1974,Pro,150,0
49718,1975,Pro,150,0
24821,1976,Enterprise,500,0
91726,1977,Pro,150,0
57538,1978,Basic,50,0
88305,1979,Pro,150,0
41336,1980,Basic,50,1
45040,1981,Pro,150,0
64647,1982,Basic,50,1
59153,1983,Pro,150,0
14439,1984,Basic,50,1
76359,1985,Basic,50,0
56506,1986,Basic,50,1
56457,1987,Enterprise,500,0
23329,1988,Pro,150,0
20825,1989,Basic,50,0
87518,1990,Basic,50,0
80917,1991,Basic,50,1
35238,1992,Basic,50,1
58804,1993,Basic,50,0
28314,1994,Basic,50,0
95233,1995,Pro,150,0
78191,1996,Basic,50,0
84914,1997,Basic,50,0
78541,1998,Pro,150,0
94354,1999,Basic,50,0
17113,2000,Enterprise,500,0
81484,2001,Enterprise,500,0
11505,2002,Basic,50,0
13635,2003,Basic,50,1
57598,2004,Basic,50,1
47550,2005,Basic,50,0
34296,2006,Pro,150,1
23207,2007,Basic,50,0
34360,2008,Enterprise,500,1
86470,2009,Basic,50,0
98637,2010,Basic,50,0
32794,2011,Pro,150,0
66215,2012,Pro,150,0
56501,2013,Basic,50,1
56085,2014,Basic,50,1
59679,2015,Basic,50,1
84991,2016,Pro,150,0
64911,2017,Pro,150,0
59079,2018,Pro,150,0
34762,2019,Enterprise,500,0
72967,2020,Enterprise,500,1
62266,2021,Pro,150,1
84624,2022,Basic,50,0
14437,2023,Pro,150,1
24116,2024,Basic,50,1
87928,2025,Basic,50,0
87394,2026,Enterprise,500,0
17821,2027,Pro,150,0
91830,2028,Enterprise,500,0
70577,2029,Pro,150,0
38020,2030,Basic,50,0
75185,2031,Enterprise,500,0
14079,2032,Basic,50,0
34503,2033,Basic,50,1
91937,2034,Pro,150,0
44840,2035,Pro,150,0
96729,2036,Basic,50,1
82051,2037,Basic,50,1
91668,2038,Basic,50,0
63695,2039,Basic,50,0
69414,2040,Basic,50,1
76894,2041,Basic,50,0
76535,2042,Enterprise,500,1
17771,2043,Pro,150,1
23004,2044,Pro,150,0
20954,2045,Basic,50,0
37104,2046,Basic,50,0
70908,2047,Basic,50,0
71363,2048,Basic,50,1
15254,2049,Pro,150,0
51826,2050,Basic,50,0
63798,2051,Basic,50,0
96815,2052,Basic,50,0
34695,2053,Pro,150,0
56442,2054,Pro,150,0
84099,2055,Pro,150,0
24559,2056,Basic,50,0
68389,2057,Basic,50,0
42090,2058,Pro,150,0
19409,2059,Basic,50,0
79773,2060,Basic,50,1
36881,2061,Basic,50,0
76907,2062,Basic,50,0
54347,2063,Basic,50,1
86480,2064,Basic,50,1
46294,2065,Basic,50,1
97843,2066,Pro,150,0
22064,2067,Basic,50,0
45374,2068,Pro,150,0
51033,2069,Pro,150,0
70332,2070,Pro,150,0
41573,2071,Pro,150,0
56527,2072,Enterprise,500,0
76446,2073,Pro,150,0
36956,2074,Basic,50,0
83453,2075,Basic,50,0
42567,2076,Basic,50,0
25905,2077,Basic,50,1
64229,2078,Basic,50,1
56853,2079,Pro,150,0
24481,2080,Pro,150,0
49556,2081,Pro,150,0
51873,2082,Basic,50,0
82968,2083,Pro,150,0
15493,2084,Pro,150,0
27297,2085,Enterprise,500,0
21301,2086,Enterprise,500,0
86846,2087,Pro,150,0
26429,2088,Basic,50,0
10536,2089,Pro,150,0
79220,2090,Basic,50,0
87177,2091,Enterprise,500,0
34538,2092,Basic,50,0
78501,2093,Pro,150,0
97199,2094,Enterprise,500,0
20457,2095,Pro,150,0
12826,2096,Basic,50,0
42292,2097,Pro,150,0
66981,2098,Basic,50,1
59778,2099,Basic,50,1
78364,2100,Pro,150,0
58180,2101,Basic,50,1
21804,2102,Basic,50,0
63465,2103,Basic,50,0
27492,2104,Enterprise,500,0
36584,2105,Pro,150,0
10878,2106,Basic,50,1
77782,2107,Basic,50,0
62077,2108,Pro,150,0
94265,2109,Basic,50,0
53539,2110,Pro,150,0
17366,2111,Enterprise,500,0
38941,2112,Basic,50,0
97319,2113,Enterprise,500,1
11292,2114,Basic,50,0
45209,2115,Basic,50,0
65398,2116,Basic,50,1
96430,2117,Pro,150,0
58499,2118,Basic,50,1
16773,2119,Basic,50,1
73852,2120,Pro,150,0
56004,2121,Basic,50,1
89060,2122,Pro,150,0
20634,2123,Pro,150,0
61809,2124,Pro,150,0
94493,2125,Basic,50,0
22066,2126,Pro,150,1
33663,2127,Enterprise,500,0
81855,2128,Basic,50,0
79575,2129,Enterprise,500,1
56600,2130,Basic,50,0
78314,2131,Basic,50,0
80266,2132,Basic,50,0
17096,2133,Pro,150,0
78193,2134,Basic,50,1
55602,2135,Basic,50,0
40752,2136,Pro,150,0
46073,2137,Pro,150,0
91857,2138,Enterprise,500,0
17355,2139,Basic,50,1
55073,2140,Pro,150,1
45215,2141,Pro,150,0
46782,2142,Pro,150,0
85189,2143,Pro,150,0
75849,2144,Basic,50,0
29394,2145,Basic,50,1
89804,2146,Basic,50,0
25597,2147,Basic,50,1
65028,2148,Basic,50,1
61222,2149,Basic,50,1
30212,2150,Basic,50,1
14578,2151,Basic,50,0
56249,2152,Enterprise,500,0
23500,2153,Basic,50,1
64274,2154,Pro,150,0
48494,2155,Pro,150,1
62233,2156,Basic,50,0
75279,2157,Basic,50,1
33816,2158,Pro,150,0
68976,2159,Basic,50,0
76805,2160,Basic,50,1
83603,2161,Pro,150,0
95320,2162,Pro,150,0
57831,2163,Basic,50,0
85356,2164,Basic,50,0
36930,2165,Basic,50,0
49243,2166,Basic,50,1
80873,2167,Basic,50,0
76107,2168,Pro,150,0
44795,2169,Pro,150,0
38965,2170,Basic,50,1
10629,2171,Pro,150,0
99255,2172,Enterprise,500,0
96009,2173,Basic,50,0
97037,2174,Basic,50,0
46814,2175,Basic,50,0
62596,2176,Basic,50,0
27997,2177,Pro,150,0
26211,2178,Basic,50,0
66133,2179,Basic,50,1
67423,2180,Enterprise,500,0
85986,2181,Pro,150,0
90495,2182,Basic,50,0
77665,2183,Basic,50,1
91605,2184,Basic,50,0
55003,2185,Basic,50,1
87884,2186,Enterprise,500,0
80673,2187,Pro,150,1
87829,2188,Basic,50,0
31253,2189,Basic,50,1
23630,2190,Enterprise,500,0
19277,2191,Pro,150,0
70450,2192,Pro,150,0
41713,2193,Pro,150,0
16898,2194,Pro,150,0
52073,2195,Pro,150,0
24444,2196,Pro,150,0
66512,2197,Basic,50,1
26471,2198,Basic,50,0
99273,2199,Pro,150,0
73037,2200,Basic,50,0
83329,2201,Pro,150,0
36395,2202,Basic,50,0
99575,2203,Pro,150,0
68372,2204,Basic,50,0
23215,2205,Basic,50,0
18993,2206,Pro,150,0
95331,2207,Basic,50,1
32280,2208,Pro,150,0
28519,2209,Basic,50,1
97769,2210,Basic,50,0
42212,2211,Pro,150,0
84837,2212,Basic,50,1
96738,2213,Basic,50,0
27973,2214,Basic,50,1
71295,2215,Enterprise,500,0
98932,2216,Basic,50,0
19955,2217,Pro,150,0
49302,2218,Basic,50,0
41230,2219,Basic,50,0
66802,2220,Basic,50,1
66689,2221,Basic,50,0
55205,2222,Basic,50,0
94646,2223,Basic,50,0
96599,2224,Pro,150,0
44341,2225,Basic,50,0
46955,2226,Basic,50,0
67359,2227,Basic,50,0
36789,2228,Basic,50,0
12246,2229,Pro,150,0
66749,2230,Basic,50,0
91892,2231,Pro,150,0
66302,2232,Basic,50,1
57124,2233,Basic,50,0
55213,2234,Basic,50,1
15726,2235,Basic,50,1
12180,2236,Pro,150,0
40950,2237,Basic,50,0
37219,2238,Basic,50,0
34590,2239,Basic,50,0
62010,2240,Basic,50,0
44381,2241,Basic,50,0
78758,2242,Basic,50,0
32017,2243,Basic,50,1
99016,2244,Basic,50,1
52404,2245,Pro,150,0
60223,2246,Enterprise,500,0
93492,2247,Pro,150,1
91642,2248,Basic,50,0
12802,2249,Basic,50,1
32448,2250,Pro,150,1
81095,2251,Pro,150,0
47701,2252,Basic,50,1
18770,2253,Pro,150,0
47963,2254,Basic,50,0
53720,2255,Pro,150,0
97317,2256,Basic,50,1
39016,2257,Pro,150,0
41533,2258,Basic,50,0
47800,2259,Pro,150,0
16386,2260,Basic,50,0
67970,2261,Pro,150,0
97628,2262,Pro,150,0
18226,2263,Pro,150,1
93343,2264,Pro,150,0
33466,2265,Pro,150,0
22205,2266,Basic,50,1
75596,2267,Pro,150,0
88156,2268,Basic,50,1
74816,2269,Basic,50,1
20158,2270,Basic,50,0
42218,2271,Pro,150,0
12012,2272,Pro,150,0
16089,2273,Pro,150,0
98308,2274,Basic,50,0
24439,2275,Basic,50,0
40671,2276,Basic,50,0
84712,2277,Pro,150,0
70399,2278,Basic,50,0
94925,2279,Pro,150,0
75636,2280,Basic,50,1
41825,2281,Basic,50,1
93045,2282,Pro,150,0
36679,2283,Basic,50,1
31187,2284,Pro,150,0
17950,2285,Basic,50,1
39541,2286,Basic,50,0
85564,2287,Basic,50,0
74391,2288,Enterprise,500,0
80670,2289,Pro,150,1
80407,2290,Pro,150,0
68709,2291,Basic,50,0
57591,2292,Basic,50,1
62848,2293,Basic,50,0
38517,2294,Basic,50,1
17343,2295,Basic,50,1
21241,2296,Basic,50,0
48621,2297,Pro,150,0
91423,2298,Pro,150,0
18761,2299,Basic,50,1
71679,2300,Basic,50,1
64747,2301,Enterprise,500,0
33111,2302,Pro,150,0
69846,2303,Pro,150,0
41758,2304,Basic,50,0
95212,2305,Basic,50,0
23085,2306,Pro,150,0
92054,2307,Enterprise,500,0
86024,2308,Pro,150,0
97941,2309,Pro,150,0
36403,2310,Basic,50,0
35813,2311,Pro,150,1
34067,2312,Pro,150,0
98857,2313,Enterprise,500,0
49529,2314,Basic,50,0
29846,2315,Pro,150,0
73871,2316,Enterprise,500,0
21558,2317,Basic,50,0
97503,2318,Basic,50,1
65701,2319,Basic,50,0
63103,2320,Pro,150,1
88424,2321,Basic,50,1
51068,2322,Basic,50,0
59026,2323,Pro,150,0
20782,2324,Pro,150,0
62491,2325,Basic,50,0
93375,2326,Pro,150,0
15162,2327,Basic,50,1
33158,2328,Basic,50,1
38594,2329,Pro,150,1
49939,2330,Enterprise,500,0
95136,2331,Basic,50,0
18324,2332,Basic,50,1
25362,2333,Basic,50,1
26572,2334,Pro,150,1
78518,2335,Basic,50,0
22991,2336,Basic,50,0
50343,2337,Pro,150,0
38615,2338,Enterprise,500,0
86641,2339,Basic,50,0
19201,2340,Enterprise,500,0
30845,2341,Basic,50,0
60583,2342,Basic,50,0
44719,2343,Basic,50,0
41602,2344,Pro,150,0
44403,2345,Basic,50,0
72587,2346,Basic,50,0
85484,2347,Basic,50,0
26154,2348,Pro,150,1
80608,2349,Basic,50,1
48574,2350,Basic,50,1
70044,2351,Basic,50,1
40151,2352,Pro,150,0
87816,2353,Basic,50,0
33231,2354,Basic,50,0
82266,2355,Pro,150,0
88747,2356,Pro,150,0
48244,2357,Pro,150,1
73699,2358,Enterprise,500,0
79699,2359,Basic,50,1
93831,2360,Basic,50,0
89676,2361,Pro,150,0
73525,2362,Pro,150,0
39767,2363,Pro,150,0
63679,2364,Basic,50,0
69728,2365,Basic,50,0
72948,2366,Pro,150,0
12779,2367,Basic,50,0
18402,2368,Basic,50,0
23154,2369,Pro,150,1
50757,2370,Pro,150,0
40646,2371,Basic,50,0
37368,2372,Pro,150,0
51295,2373,Enterprise,500,0
65336,2374,Basic,50,0
35488,2375,Basic,50,0
75361,2376,Pro,150,0
62812,2377,Basic,50,1
51954,2378,Pro,150,0
35425,2379,Pro,150,0
10337,2380,Basic,50,0
18942,2381,Pro,150,0
13559,2382,Pro,150,0
52334,2383,Pro,150,0
96100,2384,Pro,150,0
42117,2385,Basic,50,1
37869,2386,Basic,50,1
92888,2387,Enterprise,500,1
22132,2388,Basic,50,0
31026,2389,Enterprise,500,0
73389,2390,Basic,50,1
28610,2391,Basic,50,0
23618,2392,Enterprise,500,0
63784,2393,Pro,150,0
79564,2394,Pro,150,0
83306,2395,Basic,50,0
86596,2396,Pro,150,0
99560,2397,Basic,50,0
29786,2398,Pro,150,0
75076,2399,Basic,50,0
64994,2400,Basic,50,1
35202,2401,Pro,150,0
63488,2402,Basic,50,1
25204,2403,Pro,150,1
37264,2404,Pro,150,0
55946,2405,Basic,50,1
27433,2406,Pro,150,0
38340,2407,Basic,50,0
89586,2408,Basic,50,0
98768,2409,Basic,50,0
69722,2410,Pro,150,0
71270,2411,Pro,150,0
19007,2412,Pro,150,1
80910,2413,Enterprise,500,0
68684,2414,Pro,150,0
63309,2415,Basic,50,0
33381,2416,Pro,150,0
58495,2417,Basic,50,0
94820,2418,Basic,50,1
40331,2419,Enterprise,500,0
89652,2420,Basic,50,0
94969,2421,Pro,150,0
45808,2422,Basic,50,1
86593,2423,Pro,150,0
81578,2424,Basic,50,0
75663,2425,Basic,50,0
10527,2426,Basic,50,0
65763,2427,Basic,50,0
84152,2428,Basic,50,0
52522,2429,Enterprise,500,0
32376,2430,Pro,150,0
45080,2431,Basic,50,1
68402,2432,Basic,50,0
30898,2433,Basic,50,0
11611,2434,Basic,50,0
99896,2435,Enterprise,500,0
25349,2436,Enterprise,500,0
60264,2437,Basic,50,0
85913,2438,Pro,150,0
55788,2439,Basic,50,0
84895,2440,Basic,50,1
12545,2441,Basic,50,0
20479,2442,Basic,50,1
86748,2443,Basic,50,1
95262,2444,Pro,150,0
99132,2445,Basic,50,1
32486,2446,Basic,50,1
36138,2447,Pro,150,0
75662,2448,Enterprise,500,0
25890,2449,Enterprise,500,0
94595,2450,Basic,50,1
35072,2451,Basic,50,0
13246,2452,Basic,50,0
73990,2453,Basic,50,0
37457,2454,Basic,50,1
17004,2455,Pro,150,1
76415,2456,Pro,150,0
83395,2457,Basic,50,1
52290,2458,Basic,50,0
83966,2459,Basic,50,0
85305,2460,Basic,50,0
86528,2461,Basic,50,0
98336,2462,Pro,150,0
94216,2463,Enterprise,500,0
81292,2464,Pro,150,0
34930,2465,Pro,150,0
92184,2466,Basic,50,0
13577,2467,Pro,150,1
22759,2468,Basic,50,0
61302,2469,Basic,50,0
49535,2470,Enterprise,500,1
13501,2471,Basic,50,0
63706,2472,Basic,50,0
67676,2473,Basic,50,0
78705,2474,Basic,50,0
26890,2475,Basic,50,0
27747,2476,Pro,150,0
53885,2477,Pro,150,0
87224,2478,Enterprise,500,0
75447,2479,Basic,50,0
94961,2480,Basic,50,0
78843,2481,Pro,150,1
26075,2482,Basic,50,1
21884,2483,Enterprise,500,0
38985,2484,Pro,150,0
35417,2485,Pro,150,0
77338,2486,Pro,150,1
47944,2487,Basic,50,0
66888,2488,Basic,50,1
39196,2489,Basic,50,1
37446,2490,Pro,150,0
93619,2491,Pro,150,1
54422,2492,Enterprise,500,0
74552,2493,Pro,150,1
26505,2494,Pro,150,0
44368,2495,Basic,50,1
84311,2496,Basic,50,1
52318,2497,Basic,50,0
49536,2498,Pro,150,0
42590,2499,Pro,150,0
83583,2500,Pro,150,0
12164,2501,Basic,50,0
71668,2502,Pro,150,1
74235,2503,Pro,150,0
62680,2504,Enterprise,500,0
68744,2505,Pro,150,0
74100,2506,Basic,50,1
95173,2507,Basic,50,0
97731,2508,Basic,50,1
45295,2509,Basic,50,1
88738,2510,Basic,50,0
35347,2511,Basic,50,1
49706,2512,Enterprise,500,0
90412,2513,Basic,50,1
77394,2514,Basic,50,1
67538,2515,Pro,150,0
89414,2516,Basic,50,1
69908,2517,Basic,50,0
12243,2518,Pro,150,0
30995,2519,Basic,50,1
79255,2520,Basic,50,0
70984,2521,Basic,50,0
54286,2522,Basic,50,1
68133,2523,Basic,50,0
15039,2524,Basic,50,1
93983,2525,Enterprise,500,0
40845,2526,Basic,50,0
77876,2527,Basic,50,0
82410,2528,Basic,50,1
55306,2529,Basic,50,0
47046,2530,Pro,150,0
74028,2531,Pro,150,0
76841,2532,Pro,150,1
63808,2533,Enterprise,500,0
20783,2534,Enterprise,500,0
56596,2535,Basic,50,0
44923,2536,Basic,50,1
46128,2537,Basic,50,1
72362,2538,Basic,50,0
25155,2539,Basic,50,0
41416,2540,Basic,50,0
98410,2541,Enterprise,500,0
30351,2542,Basic,50,1
75989,2543,Pro,150,0
58715,2544,Basic,50,0
84420,2545,Pro,150,0
81883,2546,Basic,50,1
73367,2547,Basic,50,0
44619,2548,Basic,50,1
69274,2549,Basic,50,0
82937,2550,Basic,50,1
57826,2551,Basic,50,0
84587,2552,Basic,50,0
17329,2553,Basic,50,0
42748,2554,Pro,150,0
27616,2555,Basic,50,0
82858,2556,Basic,50,1
61136,2557,Pro,150,0
35650,2558,Pro,150,0
86741,2559,Pro,150,0
66346,2560,Enterprise,500,0
83591,2561,Pro,150,0
78194,2562,Basic,50,0
97944,2563,Basic,50,0
35893,2564,Basic,50,0
55571,2565,Basic,50,0
85766,2566,Basic,50,0
19278,2567,Basic,50,1
56715,2568,Pro,150,0
80945,2569,Basic,50,0
83787,2570,Pro,150,0
69483,2571,Pro,150,1
69877,2572,Basic,50,0
75639,2573,Pro,150,0
29116,2574,Basic,50,1
45571,2575,Pro,150,0
78393,2576,Basic,50,0
76399,2577,Enterprise,500,0
48473,2578,Enterprise,500,0
32231,2579,Basic,50,0
16886,2580,Basic,50,0
29118,2581,Basic,50,0
29398,2582,Basic,50,0
82316,2583,Pro,150,0
24865,2584,Basic,50,1
30666,2585,Enterprise,500,0
67951,2586,Basic,50,0
63793,2587,Basic,50,1
80297,2588,Pro,150,1
58116,2589,Basic,50,0
37517,2590,Basic,50,0
45973,2591,Basic,50,1
56366,2592,Pro,150,1
76479,2593,Basic,50,0
57498,2594,Basic,50,0
20549,2595,Basic,50,0
19362,2596,Basic,50,1
37105,2597,Pro,150,1
76443,2598,Basic,50,0
92976,2599,Basic,50,0
53573,2600,Pro,150,1
51342,2601,Basic,50,1
44656,2602,Pro,150,0
94601,2603,Enterprise,500,0
22130,2604,Basic,50,0
83123,2605,Basic,50,0
18277,2606,Enterprise,500,0
74511,2607,Basic,50,0
98274,2608,Basic,50,1
85670,2609,Basic,50,0
76613,2610,Pro,150,0
97538,2611,Pro,150,0
59484,2612,Basic,50,0
34043,2613,Pro,150,0
22683,2614,Pro,150,0
61960,2615,Enterprise,500,0
15450,2616,Basic,50,0
50676,2617,Pro,150,0
69431,2618,Basic,50,0
86407,2619,Pro,150,0
86499,2620,Basic,50,1
12869,2621,Pro,150,0
48132,2622,Pro,150,0
55944,2623,Basic,50,0
23400,2624,Pro,150,0
67437,2625,Basic,50,0
32119,2626,Pro,150,0
41316,2627,Pro,150,0
73513,2628,Pro,150,0
77959,2629,Pro,150,0
73452,2630,Basic,50,0
99231,2631,Basic,50,0
34990,2632,Pro,150,1
91202,2633,Basic,50,0
64401,2634,Pro,150,0
58116,2635,Basic,50,0
20520,2636,Basic,50,0
57490,2637,Pro,150,0
50222,2638,Pro,150,0
50250,2639,Basic,50,1
85360,2640,Basic,50,1
59450,2641,Basic,50,1
39855,2642,Pro,150,0
61336,2643,Basic,50,0
79037,2644,Pro,150,0
29973,2645,Pro,150,0
49967,2646,Pro,150,0
19791,2647,Basic,50,1
99356,2648,Basic,50,0
67090,2649,Basic,50,1
59102,2650,Basic,50,0
69830,2651,Basic,50,0
17717,2652,Basic,50,1
20034,2653,Basic,50,0
65391,2654,Pro,150,1
31325,2655,Pro,150,1
28486,2656,Basic,50,0
35565,2657,Pro,150,0
45776,2658,Basic,50,0
84363,2659,Pro,150,0
92321,2660,Pro,150,0
48671,2661,Pro,150,0
31058,2662,Basic,50,1
47105,2663,Basic,50,0
51164,2664,Pro,150,0
71582,2665,Enterprise,500,0
93687,2666,Enterprise,500,0
17183,2667,Basic,50,0
87110,2668,Basic,50,0
45174,2669,Basic,50,0
63154,2670,Pro,150,0
72997,2671,Basic,50,1
20219,2672,Basic,50,0
11565,2673,Pro,150,0
36799,2674,Basic,50,1
41035,2675,Enterprise,500,0
83282,2676,Basic,50,1
79953,2677,Basic,50,0
41896,2678,Enterprise,500,0
89810,2679,Pro,150,1
46307,2680,Basic,50,0
93384,2681,Basic,50,1
39241,2682,Pro,150,0
35111,2683,Pro,150,0
36183,2684,Pro,150,0
47640,2685,Basic,50,0
18796,2686,Basic,50,1
40948,2687,Basic,50,1
53564,2688,Basic,50,1
12462,2689,Pro,150,0
84461,2690,Basic,50,0
20938,2691,Basic,50,0
13517,2692,Basic,50,0
76903,2693,Pro,150,0
16482,2694,Basic,50,1
33099,2695,Basic,50,1
12748,2696,Basic,50,0
13821,2697,Basic,50,0
78249,2698,Pro,150,0
92484,2699,Basic,50,0
93440,2700,Basic,50,0
67917,2701,Pro,150,0
72331,2702,Pro,150,1
47989,2703,Basic,50,1
46396,2704,Basic,50,1
30759,2705,Enterprise,500,1
33502,2706,Pro,150,0
96939,2707,Basic,50,0
38817,2708,Pro,150,0
68303,2709,Basic,50,0
37308,2710,Basic,50,1
73567,2711,Basic,50,0
13095,2712,Pro,150,0
15450,2713,Pro,150,1
73155,2714,Pro,150,0
88321,2715,Basic,50,0
71548,2716,Basic,50,0
29801,2717,Pro,150,0
32226,2718,Pro,150,0
42715,2719,Enterprise,500,0
83626,2720,Basic,50,0
66091,2721,Basic,50,1
23436,2722,Basic,50,0
42475,2723,Pro,150,1
56157,2724,Basic,50,0
26199,2725,Enterprise,500,0
44705,2726,Basic,50,0
66068,2727,Pro,150,0
96325,2728,Basic,50,0
95879,2729,Basic,50,0
96129,2730,Basic,50,0
52513,2731,Basic,50,0
52730,2732,Basic,50,1
92808,2733,Basic,50,0
62698,2734,Enterprise,500,0
41869,2735,Enterprise,500,0
16509,2736,Pro,150,0
49523,2737,Basic,50,1
63792,2738,Basic,50,0
52073,2739,Basic,50,0
93478,2740,Basic,50,0
93810,2741,Pro,150,0
96032,2742,Basic,50,0
47218,2743,Basic,50,0
78237,2744,Basic,50,0
92800,2745,Pro,150,0
27153,2746,Pro,150,1
67003,2747,Basic,50,0
57144,2748,Basic,50,0
81401,2749,Pro,150,0
78316,2750,Pro,150,0
21044,2751,Basic,50,0
24196,2752,Pro,150,0
61386,2753,Basic,50,0
20820,2754,Basic,50,0
45984,2755,Basic,50,0
80509,2756,Pro,150,0
60199,2757,Basic,50,1
21715,2758,Basic,50,0
79722,2759,Pro,150,0
87834,2760,Basic,50,0
42357,2761,Enterprise,500,0
99958,2762,Basic,50,1
62016,2763,Basic,50,1
11735,2764,Basic,50,1
60856,2765,Basic,50,1
92040,2766,Basic,50,0
27789,2767,Enterprise,500,0
15045,2768,Enterprise,500,0
13723,2769,Basic,50,1
84555,2770,Pro,150,0
75997,2771,Basic,50,1
86678,2772,Pro,150,0
78741,2773,Pro,150,1
87509,2774,Basic,50,0
29991,2775,Pro,150,0
11156,2776,Pro,150,0
48097,2777,Basic,50,0
80012,2778,Basic,50,1
48382,2779,Basic,50,1
26685,2780,Pro,150,0
51430,2781,Basic,50,0
66033,2782,Basic,50,0
54223,2783,Basic,50,0
35674,2784,Pro,150,0
98320,2785,Basic,50,1
89796,2786,Basic,50,0
49538,2787,Pro,150,0
35279,2788,Basic,50,0
96026,2789,Basic,50,1
81082,2790,Basic,50,0
22412,2791,Basic,50,0
73533,2792,Basic,50,0
99700,2793,Basic,50,1
28978,2794,Basic,50,0
83457,2795,Basic,50,0
13560,2796,Basic,50,0
42018,2797,Pro,150,0
38404,2798,Basic,50,1
85270,2799,Enterprise,500,0
69358,2800,Basic,50,0
64131,2801,Basic,50,0
79181,2802,Pro,150,0
52590,2803,Pro,150,0
96139,2804,Basic,50,1
90317,2805,Basic,50,0
74563,2806,Pro,150,0
10931,2807,Basic,50,1
56205,2808,Basic,50,0
55676,2809,Pro,150,0
70142,2810,Pro,150,0
26475,2811,Pro,150,1
31945,2812,Pro,150,1
40659,2813,Basic,50,1
47380,2814,Basic,50,0
30148,2815,Enterprise,500,0
40568,2816,Basic,50,0
82584,2817,Basic,50,1
91276,2818,Pro,150,0
37919,2819,Basic,50,0
68630,2820,Pro,150,0
49875,2821,Pro,150,0
24185,2822,Basic,50,0
89354,2823,Pro,150,0
37660,2824,Enterprise,500,0
24703,2825,Basic,50,0
59016,2826,Pro,150,0
67939,2827,Basic,50,1
72360,2828,Basic,50,1
44648,2829,Pro,150,0
95947,2830,Pro,150,0
95179,2831,Basic,50,1
84558,2832,Basic,50,1
39383,2833,Basic,50,0
86633,2834,Pro,150,0
31374,2835,Basic,50,0
78186,2836,Basic,50,1
73866,2837,Basic,50,0
89479,2838,Basic,50,1
75657,2839,Pro,150,0
50044,2840,Basic,50,1
43311,2841,Basic,50,1
73211,2842,Pro,150,0
54154,2843,Enterprise,500,0
66817,2844,Basic,50,0
91453,2845,Basic,50,0
33169,2846,Basic,50,0
40493,2847,Basic,50,0
23208,2848,Basic,50,1
75191,2849,Basic,50,0
82051,2850,Basic,50,0
55214,2851,Basic,50,0
85973,2852,Enterprise,500,0
23983,2853,Basic,50,1
14206,2854,Pro,150,0
97243,2855,Pro,150,0
55851,2856,Basic,50,0
39340,2857,Basic,50,1
27713,2858,Basic,50,0
19337,2859,Basic,50,1
20301,2860,Basic,50,0
29958,2861,Basic,50,0
44056,2862,Basic,50,0
75427,2863,Basic,50,1
82804,2864,Basic,50,0
79646,2865,Enterprise,500,0
99822,2866,Basic,50,1
97362,2867,Pro,150,0
50235,2868,Pro,150,1
23490,2869,Basic,50,0
65306,2870,Enterprise,500,0
99011,2871,Basic,50,0
51970,2872,Pro,150,0
27907,2873,Basic,50,0
54637,2874,Enterprise,500,0
68479,2875,Pro,150,0
16640,2876,Basic,50,0
33369,2877,Basic,50,0
18693,2878,Pro,150,0
99383,2879,Basic,50,0
31090,2880,Basic,50,1
48808,2881,Pro,150,0
42357,2882,Pro,150,0
72157,2883,Basic,50,0
45428,2884,Pro,150,0
93282,2885,Basic,50,0
33204,2886,Basic,50,0
49474,2887,Pro,150,0
42262,2888,Basic,50,1
23984,2889,Basic,50,0
76792,2890,Basic,50,0
95872,2891,Basic,50,1
46850,2892,Basic,50,1
73696,2893,Basic,50,1
57053,2894,Basic,50,0
78084,2895,Basic,50,0
28786,2896,Pro,150,0
63017,2897,Basic,50,0
34755,2898,Basic,50,1
50914,2899,Basic,50,0
85628,2900,Pro,150,0
49216,2901,Enterprise,500,0
24365,2902,Basic,50,0
49967,2903,Basic,50,0
46606,2904,Basic,50,1
49120,2905,Basic,50,0
22007,2906,Pro,150,0
86636,2907,Basic,50,1
60193,2908,Basic,50,0
76095,2909,Basic,50,1
62416,2910,Basic,50,0
75375,2911,Enterprise,500,0
24842,2912,Enterprise,500,0
76648,2913,Basic,50,1
23975,2914,Basic,50,1
79949,2915,Pro,150,0
57444,2916,Basic,50,1
80123,2917,Pro,150,1
57446,2918,Basic,50,0
34201,2919,Basic,50,0
69349,2920,Basic,50,0
59104,2921,Basic,50,0
96206,2922,Basic,50,0
83281,2923,Pro,150,0
40088,2924,Basic,50,0
70213,2925,Pro,150,0
59220,2926,Pro,150,0
94208,2927,Pro,150,0
61608,2928,Basic,50,0
51544,2929,Basic,50,1
51647,2930,Basic,50,1
30684,2931,Basic,50,0
76536,2932,Basic,50,0
19494,2933,Pro,150,1
97424,2934,Basic,50,0
31585,2935,Basic,50,0
98447,2936,Pro,150,0
89821,2937,Basic,50,0
74422,2938,Enterprise,500,0
15836,2939,Basic,50,0
98970,2940,Basic,50,1
52178,2941,Basic,50,0
89773,2942,Basic,50,0
81804,2943,Basic,50,0
32314,2944,Basic,50,0
72431,2945,Basic,50,0
49493,2946,Pro,150,1
53860,2947,Enterprise,500,0
31313,2948,Pro,150,0
64021,2949,Pro,150,0
40707,2950,Basic,50,1
91434,2951,Enterprise,500,0
78485,2952,Basic,50,1
94600,2953,Basic,50,0
98154,2954,Pro,150,0
98765,2955,Basic,50,0
73014,2956,Basic,50,1
69673,2957,Basic,50,1
90106,2958,Enterprise,500,0
93490,2959,Enterprise,500,0
87212,2960,Basic,50,0
33177,2961,Basic,50,0
56607,2962,Pro,150,0
50909,2963,Pro,150,1
37466,2964,Enterprise,500,0
20890,2965,Basic,50,0
41056,2966,Basic,50,0
98001,2967,Basic,50,0
60644,2968,Pro,150,0
95768,2969,Basic,50,0
89560,2970,Enterprise,500,0
42363,2971,Enterprise,500,0
90166,2972,Basic,50,1
23484,2973,Basic,50,0
36814,2974,Basic,50,0
32074,2975,Enterprise,500,0
32129,2976,Basic,50,0
20290,2977,Basic,50,1
39714,2978,Basic,50,0
97537,2979,Pro,150,0
38693,2980,Basic,50,0
15981,2981,Pro,150,0
49912,2982,Basic,50,1
75192,2983,Basic,50,1
81365,2984,Basic,50,0
78255,2985,Basic,50,0
54442,2986,Basic,50,1
53711,2987,Basic,50,0
85122,2988,Basic,50,1
60538,2989,Basic,50,0
36914,2990,Basic,50,1
21291,2991,Basic,50,0
77010,2992,Basic,50,0
81757,2993,Basic,50,0
18225,2994,Pro,150,0
85156,2995,Basic,50,1
20638,2996,Basic,50,0
19334,2997,Basic,50,0
72018,2998,Pro,150,0
13004,2999,Basic,50,0
23028,3000,Basic,50,0
93716,3001,Basic,50,0
27175,3002,Basic,50,0
56736,3003,Basic,50,0
20407,3004,Basic,50,0
74065,3005,Basic,50,1
55391,3006,Pro,150,0
46887,3007,Basic,50,0
40485,3008,Pro,150,1
65865,3009,Pro,150,0
63981,3010,Basic,50,0
90346,3011,Pro,150,0
75563,3012,Basic,50,0
51896,3013,Basic,50,0
50667,3014,Basic,50,0
96224,3015,Basic,50,0
76516,3016,Basic,50,0
41280,3017,Basic,50,0
27634,3018,Pro,150,0
61442,3019,Pro,150,0
33978,3020,Pro,150,0
35402,3021,Pro,150,0
96395,3022,Pro,150,1
17078,3023,Basic,50,1
46250,3024,Basic,50,1
42790,3025,Basic,50,1
91543,3026,Pro,150,0
29413,3027,Enterprise,500,0
30890,3028,Basic,50,0
87403,3029,Basic,50,0
45196,3030,Pro,150,1
95158,3031,Pro,150,0
42163,3032,Basic,50,0
12330,3033,Enterprise,500,0
51735,3034,Pro,150,1
49609,3035,Basic,50,1
96130,3036,Basic,50,0
23248,3037,Basic,50,0
31499,3038,Basic,50,1
92882,3039,Pro,150,0
65054,3040,Pro,150,0
52362,3041,Basic,50,1
35910,3042,Pro,150,0
34758,3043,Basic,50,0
30863,3044,Basic,50,0
95193,3045,Basic,50,0
55861,3046,Basic,50,0
71351,3047,Pro,150,0
35519,3048,Basic,50,1
85996,3049,Pro,150,0
73046,3050,Basic,50,0
85591,3051,Pro,150,0
69900,3052,Enterprise,500,0
80308,3053,Basic,50,0
90295,3054,Basic,50,0
99674,3055,Basic,50,0
28721,3056,Basic,50,1
72323,3057,Pro,150,0
71899,3058,Basic,50,0
24681,3059,Basic,50,0
93021,3060,Basic,50,1
41728,3061,Basic,50,1
72831,3062,Basic,50,1
17783,3063,Basic,50,0
72146,3064,Enterprise,500,0
63824,3065,Pro,150,0
25060,3066,Basic,50,0
36776,3067,Basic,50,0
56000,3068,Basic,50,0
28764,3069,Pro,150,0
54963,3070,Basic,50,1
92373,3071,Basic,50,0
53076,3072,Basic,50,0
85525,3073,Basic,50,0
48707,3074,Basic,50,0
72706,3075,Pro,150,0
52805,3076,Basic,50,1
13240,3077,Pro,150,1
77362,3078,Basic,50,0
74950,3079,Basic,50,0
28899,3080,Pro,150,0
15773,3081,Basic,50,1
70203,3082,Pro,150,0
80350,3083,Basic,50,1
20931,3084,Basic,50,0
97790,3085,Basic,50,1
29332,3086,Pro,150,0
89404,3087,Enterprise,500,0
95605,3088,Basic,50,0
71299,3089,Basic,50,1
55580,3090,Pro,150,1
35840,3091,Enterprise,500,0
19980,3092,Basic,50,0
94173,3093,Basic,50,0
52352,3094,Basic,50,0
71534,3095,Basic,50,0
90366,3096,Basic,50,0
62385,3097,Basic,50,1
91319,3098,Basic,50,1
64126,3099,Basic,50,1
97863,3100,Enterprise,500,0
18953,3101,Enterprise,500,0
12519,3102,Basic,50,1
78910,3103,Basic,50,0
88669,3104,Basic,50,0
79513,3105,Pro,150,1
74679,3106,Basic,50,1
91110,3107,Enterprise,500,0
66008,3108,Basic,50,1
13390,3109,Pro,150,0
28661,3110,Pro,150,0
31530,3111,Basic,50,0
75551,3112,Pro,150,0
83618,3113,Pro,150,0
46329,3114,Basic,50,1
44619,3115,Pro,150,0
23498,3116,Basic,50,1
71356,3117,Basic,50,1
44406,3118,Basic,50,0
18181,3119,Pro,150,0
83656,3120,Basic,50,0
92801,3121,Basic,50,1
28960,3122,Basic,50,1
94546,3123,Pro,150,0
79025,3124,Basic,50,0
96028,3125,Basic,50,0
45509,3126,Enterprise,500,0
51642,3127,Basic,50,1
34843,3128,Enterprise,500,0
39579,3129,Basic,50,0
81605,3130,Basic,50,1
72965,3131,Basic,50,0
12252,3132,Pro,150,0
76891,3133,Pro,150,0
59907,3134,Basic,50,0
13073,3135,Basic,50,0
69123,3136,Basic,50,1
93207,3137,Basic,50,0
81137,3138,Pro,150,0
82418,3139,Pro,150,1
35111,3140,Basic,50,1
44438,3141,Pro,150,0
88175,3142,Pro,150,0
70881,3143,Basic,50,0
17547,3144,Basic,50,1
56074,3145,Basic,50,0
20502,3146,Pro,150,0
41421,3147,Basic,50,0
19753,3148,Basic,50,0
79715,3149,Basic,50,1
16319,3150,Enterprise,500,0
93648,3151,Basic,50,1
32765,3152,Basic,50,0
98113,3153,Basic,50,0
94663,3154,Pro,150,0
24879,3155,Basic,50,0
59440,3156,Basic,50,0
15643,3157,Pro,150,0
94908,3158,Basic,50,1
63094,3159,Basic,50,0
96150,3160,Pro,150,0
97235,3161,Pro,150,1
81738,3162,Basic,50,0
99645,3163,Pro,150,1
89389,3164,Basic,50,0
28172,3165,Basic,50,1
80310,3166,Basic,50,0
25615,3167,Pro,150,0
11575,3168,Basic,50,1
63722,3169,Basic,50,0
58966,3170,Pro,150,1
89773,3171,Basic,50,1
97451,3172,Pro,150,0
27594,3173,Pro,150,1
62963,3174,Enterprise,500,0
86846,3175,Pro,150,0
84484,3176,Enterprise,500,0
13899,3177,Basic,50,0
19026,3178,Pro,150,0
87537,3179,Basic,50,0
25396,3180,Pro,150,0
23411,3181,Pro,150,0
27515,3182,Basic,50,0
92108,3183,Pro,150,0
36109,3184,Pro,150,0
30671,3185,Pro,150,1
56658,3186,Basic,50,1
63013,3187,Pro,150,0
91031,3188,Basic,50,1
66124,3189,Basic,50,0
46591,3190,Basic,50,0
22183,3191,Basic,50,1
90543,3192,Basic,50,1
27537,3193,Basic,50,0
44029,3194,Basic,50,1
16851,3195,Pro,150,0
38936,3196,Pro,150,1
92316,3197,Enterprise,500,0
69415,3198,Basic,50,0
14565,3199,Pro,150,0
84422,3200,Basic,50,0
62356,3201,Pro,150,0
40501,3202,Enterprise,500,0
42489,3203,Basic,50,1
41144,3204,Basic,50,0
20935,3205,Basic,50,0
85362,3206,Basic,50,0
86202,3207,Basic,50,1
85972,3208,Pro,150,0
13415,3209,Basic,50,0
76615,3210,Basic,50,1
32098,3211,Basic,50,1
18849,3212,Basic,50,0
93338,3213,Basic,50,1
48457,3214,Basic,50,0
72794,3215,Basic,50,1
82799,3216,Pro,150,0
53429,3217,Basic,50,0
87764,3218,Basic,50,1
62462,3219,Basic,50,0
38275,3220,Enterprise,500,0
87600,3221,Basic,50,0
96334,3222,Enterprise,500,0
78368,3223,Basic,50,0
89836,3224,Pro,150,0
28987,3225,Pro,150,0
65816,3226,Basic,50,0
93341,3227,Enterprise,500,0
17452,3228,Enterprise,500,0
32127,3229,Basic,50,0
96983,3230,Basic,50,0
43003,3231,Pro,150,0
88905,3232,Basic,50,0
30135,3233,Basic,50,0
99229,3234,Basic,50,0
51551,3235,Basic,50,0
43731,3236,Basic,50,0
98746,3237,Enterprise,500,0
12134,3238,Basic,50,1
55915,3239,Basic,50,0
98706,3240,Basic,50,1
45408,3241,Enterprise,500,0
69420,3242,Pro,150,1
52140,3243,Pro,150,1
83748,3244,Basic,50,0
90925,3245,Enterprise,500,0
95191,3246,Basic,50,1
39890,3247,Pro,150,0
40660,3248,Basic,50,0
22799,3249,Basic,50,1
73164,3250,Pro,150,0
68326,3251,Pro,150,1
73702,3252,Basic,50,1
10401,3253,Basic,50,0
46555,3254,Pro,150,1
86877,3255,Basic,50,0
88231,3256,Basic,50,1
62255,3257,Basic,50,1
33772,3258,Basic,50,0
42595,3259,Pro,150,1
52839,3260,Pro,150,0
75807,3261,Basic,50,1
21552,3262,Pro,150,0
82414,3263,Basic,50,1
84557,3264,Pro,150,1
16631,3265,Basic,50,0
92962,3266,Pro,150,1
80086,3267,Basic,50,0
63280,3268,Basic,50,1
35126,3269,Basic,50,0
21533,3270,Pro,150,0
34287,3271,Basic,50,1
73628,3272,Basic,50,0
50960,3273,Basic,50,1
32532,3274,Basic,50,0
75342,3275,Enterprise,500,0
91444,3276,Basic,50,1
88134,3277,Basic,50,0
15792,3278,Basic,50,0
75408,3279,Pro,150,0
39785,3280,Basic,50,0
88273,3281,Basic,50,1
14247,3282,Basic,50,1
56754,3283,Basic,50,1
44258,3284,Basic,50,1
27806,3285,Basic,50,1
98710,3286,Basic,50,1
86708,3287,Basic,50,0
64486,3288,Basic,50,1
77558,3289,Basic,50,0
61101,3290,Basic,50,1
16733,3291,Basic,50,0
75263,3292,Pro,150,0
16487,3293,Pro,150,0
46723,3294,Enterprise,500,1
85452,3295,Pro,150,0
77460,3296,Pro,150,0
27092,3297,Pro,150,0
94082,3298,Basic,50,0
60325,3299,Pro,150,0
74027,3300,Pro,150,0
21610,3301,Pro,150,0
86182,3302,Basic,50,0
50778,3303,Basic,50,0
76174,3304,Pro,150,1
15561,3305,Basic,50,1
27204,3306,Pro,150,1
46911,3307,Pro,150,0
11803,3308,Basic,50,0
91603,3309,Basic,50,0
34080,3310,Enterprise,500,0
76298,3311,Basic,50,0
51032,3312,Pro,150,0
16109,3313,Basic,50,0
54672,3314,Basic,50,0
47153,3315,Basic,50,0
37308,3316,Pro,150,0
77652,3317,Basic,50,0
87103,3318,Pro,150,0
91543,3319,Pro,150,0
49431,3320,Basic,50,1
66925,3321,Basic,50,1
27163,3322,Basic,50,1
50519,3323,Basic,50,1
16508,3324,Basic,50,1
57137,3325,Basic,50,0
36720,3326,Enterprise,500,0
51072,3327,Pro,150,0
26986,3328,Basic,50,0
51300,3329,Basic,50,0
27679,3330,Basic,50,1
55333,3331,Pro,150,0
27961,3332,Basic,50,1
96128,3333,Pro,150,0
88849,3334,Basic,50,0
98438,3335,Enterprise,500,0
93364,3336,Basic,50,0
43101,3337,Basic,50,0
61104,3338,Pro,150,1
49930,3339,Pro,150,0
84662,3340,Pro,150,0
61272,3341,Basic,50,0
93930,3342,Pro,150,0
90003,3343,Basic,50,0
19228,3344,Basic,50,0
98429,3345,Basic,50,0
19100,3346,Enterprise,500,0
60346,3347,Pro,150,0
60496,3348,Pro,150,1
86608,3349,Basic,50,1
25758,3350,Basic,50,0
88474,3351,Basic,50,1
20642,3352,Enterprise,500,0
60159,3353,Pro,150,0
54094,3354,Pro,150,1
63079,3355,Pro,150,0
49478,3356,Basic,50,0
68828,3357,Pro,150,0
96262,3358,Basic,50,0
25166,3359,Basic,50,1
68086,3360,Pro,150,0
64332,3361,Basic,50,0
81726,3362,Pro,150,1
73518,3363,Basic,50,1
96333,3364,Basic,50,0
98775,3365,Basic,50,0
98567,3366,Pro,150,1
97060,3367,Pro,150,0
76136,3368,Pro,150,0
30472,3369,Enterprise,500,0
95135,3370,Basic,50,0
66776,3371,Basic,50,1
82436,3372,Enterprise,500,1
49009,3373,Pro,150,0
29244,3374,Basic,50,0
74713,3375,Enterprise,500,0
72554,3376,Basic,50,0
59369,3377,Basic,50,0
48490,3378,Pro,150,0
15845,3379,Pro,150,1
47739,3380,Basic,50,0
27797,3381,Basic,50,1
90895,3382,Basic,50,0
10625,3383,Enterprise,500,0
17400,3384,Basic,50,0
41070,3385,Pro,150,1
87774,3386,Enterprise,500,0
83726,3387,Pro,150,0
11995,3388,Pro,150,0
44119,3389,Pro,150,0
12640,3390,Basic,50,0
30109,3391,Pro,150,0
82031,3392,Basic,50,0
92640,3393,Pro,150,0
97019,3394,Basic,50,0
62415,3395,Basic,50,1
26797,3396,Enterprise,500,0
81651,3397,Basic,50,0
19746,3398,Basic,50,1
96353,3399,Pro,150,0
70807,3400,Basic,50,1
79888,3401,Enterprise,500,1
79654,3402,Basic,50,1
52138,3403,Basic,50,1
51951,3404,Basic,50,0
85476,3405,Basic,50,0
86729,3406,Pro,150,0
22500,3407,Enterprise,500,0
24526,3408,Basic,50,0
94630,3409,Pro,150,0
46786,3410,Enterprise,500,0
69079,3411,Basic,50,0
23855,3412,Enterprise,500,0
28412,3413,Basic,50,0
62844,3414,Basic,50,0
12463,3415,Basic,50,1
52570,3416,Pro,150,0
67650,3417,Basic,50,0
65356,3418,Pro,150,0
44970,3419,Pro,150,1
35872,3420,Basic,50,0
66283,3421,Basic,50,0
24104,3422,Pro,150,0
91490,3423,Basic,50,1
41800,3424,Basic,50,1
82726,3425,Basic,50,0
22871,3426,Basic,50,0
69136,3427,Pro,150,1
34689,3428,Basic,50,0
23995,3429,Basic,50,1
16435,3430,Basic,50,1
52532,3431,Pro,150,0
13371,3432,Pro,150,0
56505,3433,Enterprise,500,0
77050,3434,Basic,50,1
51132,3435,Pro,150,0
62316,3436,Basic,50,0
31522,3437,Pro,150,0
25667,3438,Enterprise,500,0
85925,3439,Pro,150,0
34791,3440,Pro,150,1
18933,3441,Basic,50,0
96996,3442,Basic,50,0
29655,3443,Pro,150,0
22202,3444,Basic,50,1
83127,3445,Basic,50,0
79208,3446,Pro,150,0
75227,3447,Pro,150,1
49885,3448,Basic,50,0
87959,3449,Enterprise,500,0
71897,3450,Basic,50,0
42035,3451,Pro,150,1
37146,3452,Enterprise,500,0
56870,3453,Pro,150,0
79565,3454,Enterprise,500,0
16886,3455,Pro,150,1
18115,3456,Pro,150,0
51966,3457,Pro,150,0
73321,3458,Basic,50,0
46531,3459,Pro,150,1
31960,3460,Basic,50,0
86530,3461,Basic,50,0
24778,3462,Basic,50,1
40387,3463,Basic,50,0
61880,3464,Basic,50,0
31116,3465,Pro,150,0
14023,3466,Pro,150,0
31776,3467,Basic,50,1
80586,3468,Basic,50,1
37999,3469,Basic,50,0
32734,3470,Pro,150,0
13954,3471,Enterprise,500,0
19471,3472,Basic,50,0
61753,3473,Basic,50,0
94867,3474,Basic,50,1
44656,3475,Pro,150,0
46159,3476,Basic,50,0
34004,3477,Basic,50,0
89962,3478,Basic,50,0
87339,3479,Pro,150,1
48357,3480,Basic,50,0
66337,3481,Basic,50,1
56591,3482,Pro,150,0
95401,3483,Basic,50,0
72189,3484,Basic,50,0
66660,3485,Basic,50,0
70975,3486,Basic,50,0
24053,3487,Basic,50,0
50644,3488,Pro,150,0
49917,3489,Basic,50,0
41172,3490,Basic,50,1
32661,3491,Basic,50,0
34455,3492,Pro,150,1
23509,3493,Enterprise,500,0
28146,3494,Basic,50,1
17901,3495,Basic,50,0
19611,3496,Pro,150,0
43215,3497,Basic,50,1
29667,3498,Enterprise,500,0
37804,3499,Pro,150,0
36197,3500,Basic,50,0
42576,3501,Basic,50,0
85268,3502,Basic,50,0
68577,3503,Pro,150,1
20518,3504,Pro,150,0
63561,3505,Basic,50,0
22329,3506,Basic,50,0
84726,3507,Basic,50,0
96357,3508,Basic,50,0
77896,3509,Basic,50,1
27502,3510,Pro,150,1
86044,3511,Enterprise,500,0
24611,3512,Enterprise,500,0
40605,3513,Basic,50,0
94807,3514,Basic,50,0
20771,3515,Pro,150,0
67690,3516,Basic,50,1
32756,3517,Enterprise,500,0
19612,3518,Pro,150,0
62572,3519,Pro,150,0
24821,3520,Basic,50,0
16216,3521,Pro,150,0
96626,3522,Pro,150,0
84496,3523,Basic,50,1
90506,3524,Basic,50,0
39632,3525,Basic,50,0
95471,3526,Basic,50,1
33444,3527,Basic,50,0
25434,3528,Basic,50,0
22437,3529,Basic,50,0
21201,3530,Basic,50,0
68921,3531,Pro,150,0
14078,3532,Pro,150,0
26023,3533,Pro,150,0
19741,3534,Basic,50,0
44903,3535,Pro,150,1
81930,3536,Basic,50,0
94934,3537,Pro,150,0
42245,3538,Basic,50,0
78903,3539,Basic,50,0
60343,3540,Pro,150,0
68477,3541,Pro,150,0
25901,3542,Enterprise,500,0
75920,3543,Pro,150,0
85410,3544,Pro,150,0
44746,3545,Basic,50,0
67824,3546,Basic,50,1
18592,3547,Basic,50,0
32390,3548,Basic,50,1
39765,3549,Pro,150,0
67824,3550,Basic,50,1
20915,3551,Basic,50,0
61758,3552,Basic,50,0
19128,3553,Basic,50,0
34111,3554,Basic,50,0
26396,3555,Enterprise,500,0
47266,3556,Enterprise,500,0
77909,3557,Basic,50,1
32048,3558,Enterprise,500,0
68063,3559,Enterprise,500,0
61962,3560,Basic,50,0
65831,3561,Enterprise,500,0
45657,3562,Pro,150,0
61396,3563,Pro,150,0
48823,3564,Basic,50,0
67231,3565,Enterprise,500,0
73663,3566,Pro,150,1
47180,3567,Enterprise,500,0
46034,3568,Pro,150,1
18034,3569,Basic,50,1
80620,3570,Pro,150,0
71310,3571,Basic,50,0
28289,3572,Pro,150,0
44721,3573,Basic,50,0
90104,3574,Basic,50,1
47007,3575,Basic,50,0
65221,3576,Basic,50,1
41695,3577,Basic,50,0
97104,3578,Enterprise,500,0
53060,3579,Basic,50,0
76599,3580,Enterprise,500,0
51114,3581,Basic,50,0
67928,3582,Pro,150,0
71787,3583,Basic,50,0
47646,3584,Basic,50,1
14777,3585,Basic,50,1
65274,3586,Pro,150,0
92995,3587,Basic,50,0
56196,3588,Basic,50,0
73953,3589,Basic,50,1
57014,3590,Basic,50,1
17237,3591,Basic,50,1
57457,3592,Basic,50,0
45496,3593,Pro,150,0
45711,3594,Basic,50,0
62091,3595,Basic,50,0
40953,3596,Basic,50,0
78322,3597,Basic,50,0
49121,3598,Basic,50,0
48086,3599,Basic,50,0
44084,3600,Enterprise,500,0
27486,3601,Basic,50,0
69594,3602,Basic,50,0
43914,3603,Pro,150,1
61473,3604,Basic,50,1
21768,3605,Enterprise,500,0
42318,3606,Basic,50,0
15371,3607,Basic,50,1
80017,3608,Basic,50,0
42195,3609,Enterprise,500,0
22511,3610,Basic,50,0
69712,3611,Basic,50,1
22191,3612,Basic,50,1
78937,3613,Enterprise,500,0
27837,3614,Basic,50,0
31783,3615,Basic,50,0
25384,3616,Enterprise,500,0
34445,3617,Basic,50,0
27217,3618,Basic,50,0
23085,3619,Enterprise,500,0
87950,3620,Basic,50,1
85545,3621,Basic,50,0
17728,3622,Basic,50,1
70959,3623,Pro,150,1
58531,3624,Basic,50,1
27106,3625,Pro,150,0
38134,3626,Basic,50,1
17153,3627,Basic,50,0
84532,3628,Basic,50,1
87492,3629,Pro,150,0
85797,3630,Basic,50,0
79180,3631,Basic,50,1
27367,3632,Enterprise,500,0
12035,3633,Basic,50,1
98995,3634,Basic,50,0
49125,3635,Basic,50,0
97905,3636,Pro,150,0
41205,3637,Enterprise,500,0
71903,3638,Pro,150,0
75487,3639,Pro,150,0
36207,3640,Basic,50,0
63090,3641,Basic,50,1
27771,3642,Basic,50,0
89306,3643,Basic,50,1
71954,3644,Pro,150,0
93962,3645,Basic,50,0
35017,3646,Basic,50,0
87769,3647,Basic,50,1
37513,3648,Basic,50,1
18899,3649,Basic,50,0
99028,3650,Basic,50,0
22335,3651,Pro,150,0
80449,3652,Pro,150,0
19309,3653,Basic,50,0
57615,3654,Enterprise,500,0
65094,3655,Pro,150,0
99526,3656,Pro,150,0
51217,3657,Basic,50,1
52419,3658,Basic,50,1
31360,3659,Pro,150,0
44580,3660,Basic,50,0
14272,3661,Basic,50,0
28192,3662,Pro,150,1
62064,3663,Pro,150,0
63114,3664,Pro,150,1
77888,3665,Pro,150,0
44999,3666,Basic,50,0
38506,3667,Basic,50,0
26553,3668,Basic,50,1
17561,3669,Basic,50,1
77550,3670,Pro,150,0
62491,3671,Basic,50,0
51219,3672,Pro,150,0
56370,3673,Basic,50,1
87457,3674,Basic,50,0
58430,3675,Enterprise,500,0
75426,3676,Pro,150,0
38172,3677,Basic,50,1
54362,3678,Basic,50,1
46387,3679,Basic,50,1
57819,3680,Enterprise,500,0
63514,3681,Basic,50,1
72181,3682,Pro,150,1
73757,3683,Basic,50,0
31554,3684,Basic,50,0
68413,3685,Basic,50,0
97024,3686,Pro,150,1
43497,3687,Pro,150,0
71811,3688,Pro,150,0
24974,3689,Basic,50,0
43078,3690,Basic,50,1
65520,3691,Basic,50,0
38123,3692,Enterprise,500,0
33152,3693,Enterprise,500,0
60305,3694,Pro,150,0
25470,3695,Basic,50,0
36696,3696,Basic,50,0
42704,3697,Basic,50,0
56229,3698,Basic,50,0
20639,3699,Basic,50,0
97825,3700,Basic,50,0
65023,3701,Basic,50,0
61676,3702,Basic,50,0
12965,3703,Pro,150,0
35241,3704,Pro,150,0
40805,3705,Pro,150,1
72340,3706,Pro,150,1
86974,3707,Pro,150,0
89871,3708,Basic,50,1
77246,3709,Pro,150,0
46258,3710,Basic,50,0
33687,3711,Basic,50,0
46741,3712,Basic,50,0
44057,3713,Basic,50,0
16691,3714,Pro,150,0
25329,3715,Basic,50,0
48691,3716,Basic,50,0
29580,3717,Basic,50,0
12351,3718,Basic,50,1
96778,3719,Basic,50,1
31409,3720,Basic,50,1
33593,3721,Pro,150,1
14421,3722,Basic,50,0
41295,3723,Basic,50,1
58652,3724,Basic,50,0
49673,3725,Basic,50,0
76079,3726,Basic,50,0
10157,3727,Basic,50,1
92342,3728,Pro,150,0
72957,3729,Basic,50,1
45645,3730,Basic,50,0
83076,3731,Basic,50,0
11702,3732,Pro,150,0
48567,3733,Basic,50,0
98498,3734,Enterprise,500,0
65301,3735,Pro,150,0
59880,3736,Pro,150,1
25215,3737,Pro,150,0
10501,3738,Pro,150,0
47300,3739,Pro,150,0
84028,3740,Basic,50,0
18519,3741,Basic,50,1
57115,3742,Basic,50,0
90850,3743,Basic,50,0
16872,3744,Pro,150,0
18218,3745,Basic,50,1
54917,3746,Basic,50,1
62808,3747,Enterprise,500,0
74847,3748,Basic,50,0
95300,3749,Basic,50,0
16476,3750,Basic,50,0
81275,3751,Basic,50,0
85883,3752,Pro,150,0
38315,3753,Basic,50,0
35373,3754,Pro,150,0
59182,3755,Pro,150,0
80583,3756,Basic,50,0
43415,3757,Pro,150,0
83809,3758,Basic,50,1
23631,3759,Basic,50,0
24180,3760,Pro,150,0
73149,3761,Basic,50,0
52059,3762,Basic,50,0
48234,3763,Enterprise,500,0
43138,3764,Basic,50,1
44299,3765,Pro,150,0
74601,3766,Basic,50,0
61028,3767,Basic,50,1
75408,3768,Pro,150,0
76528,3769,Basic,50,0
45850,3770,Basic,50,0
36984,3771,Pro,150,0
92952,3772,Basic,50,0
75929,3773,Basic,50,0
22930,3774,Pro,150,0
46967,3775,Enterprise,500,0
59528,3776,Basic,50,0
36920,3777,Pro,150,0
64393,3778,Basic,50,1
44277,3779,Basic,50,0
33116,3780,Basic,50,1
75167,3781,Enterprise,500,0
10920,3782,Basic,50,1
66975,3783,Pro,150,0
67674,3784,Basic,50,0
58235,3785,Basic,50,1
29891,3786,Basic,50,0
26740,3787,Basic,50,1
24453,3788,Basic,50,1
95910,3789,Pro,150,0
41566,3790,Basic,50,0
91742,3791,Basic,50,0
64026,3792,Basic,50,0
38326,3793,Basic,50,1
91563,3794,Basic,50,1
24715,3795,Basic,50,0
94416,3796,Basic,50,0
91641,3797,Pro,150,0
20877,3798,Basic,50,1
17580,3799,Basic,50,1
50442,3800,Pro,150,0
87790,3801,Basic,50,1
12322,3802,Basic,50,0
76191,3803,Basic,50,0
87632,3804,Basic,50,0
62091,3805,Pro,150,0
56237,3806,Enterprise,500,0
55293,3807,Basic,50,0
33795,3808,Enterprise,500,0
73920,3809,Enterprise,500,0
47421,3810,Pro,150,1
10473,3811,Basic,50,0
10982,3812,Basic,50,0
94089,3813,Basic,50,0
94869,3814,Pro,150,0
42775,3815,Basic,50,1
52087,3816,Basic,50,1
42729,3817,Pro,150,0
43466,3818,Basic,50,0
70085,3819,Basic,50,1
39068,3820,Basic,50,0
16640,3821,Enterprise,500,1
92361,3822,Basic,50,0
80843,3823,Pro,150,0
34598,3824,Pro,150,0
83834,3825,Basic,50,0
95354,3826,Basic,50,0
88624,3827,Pro,150,1
47530,3828,Basic,50,1
64708,3829,Enterprise,500,0
97020,3830,Pro,150,0
55575,3831,Basic,50,0
88243,3832,Basic,50,0
74912,3833,Basic,50,0
91860,3834,Basic,50,1
68854,3835,Enterprise,500,1
59808,3836,Enterprise,500,0
14916,3837,Enterprise,500,0
41951,3838,Basic,50,0
69174,3839,Enterprise,500,0
13047,3840,Basic,50,0
76995,3841,Pro,150,0
31762,3842,Basic,50,0
56629,3843,Basic,50,0
70810,3844,Enterprise,500,0
94373,3845,Pro,150,0
66630,3846,Basic,50,1
44344,3847,Pro,150,0
64743,3848,Basic,50,1
90283,3849,Basic,50,0
45474,3850,Basic,50,1
35294,3851,Pro,150,0
37789,3852,Pro,150,1
57255,3853,Basic,50,1
77858,3854,Basic,50,0
26008,3855,Pro,150,0
25593,3856,Pro,150,0
82652,3857,Basic,50,1
68057,3858,Pro,150,1
89784,3859,Basic,50,1
25210,3860,Enterprise,500,1
50640,3861,Basic,50,1
52855,3862,Basic,50,0
37540,3863,Enterprise,500,0
85960,3864,Pro,150,1
54430,3865,Basic,50,0
69254,3866,Pro,150,0
64779,3867,Enterprise,500,0
53936,3868,Pro,150,0
64758,3869,Basic,50,0
92932,3870,Basic,50,1
45004,3871,Basic,50,0
96329,3872,Basic,50,0
92122,3873,Basic,50,0
81163,3874,Basic,50,1
35593,3875,Basic,50,1
59984,3876,Basic,50,1
31959,3877,Basic,50,0
32502,3878,Pro,150,0
22661,3879,Basic,50,1
28335,3880,Basic,50,0
71966,3881,Enterprise,500,0
20781,3882,Pro,150,1
40906,3883,Basic,50,0
56211,3884,Basic,50,0
23538,3885,Basic,50,0
76331,3886,Basic,50,1
91164,3887,Pro,150,0
59411,3888,Pro,150,0
77924,3889,Enterprise,500,0
97421,3890,Basic,50,0
88978,3891,Basic,50,0
24517,3892,Basic,50,1
64189,3893,Enterprise,500,0
65684,3894,Basic,50,0
86385,3895,Basic,50,1
94238,3896,Basic,50,1
62699,3897,Basic,50,0
72885,3898,Basic,50,0
53354,3899,Basic,50,1
24805,3900,Pro,150,0
88527,3901,Basic,50,0
50550,3902,Basic,50,0
97639,3903,Pro,150,0
76741,3904,Basic,50,1
21302,3905,Basic,50,0
80443,3906,Basic,50,1
87485,3907,Basic,50,0
95755,3908,Basic,50,1
80857,3909,Basic,50,1
91341,3910,Basic,50,0
64139,3911,Enterprise,500,0
71550,3912,Enterprise,500,0
82701,3913,Basic,50,0
88412,3914,Basic,50,0
60823,3915,Basic,50,0
75073,3916,Enterprise,500,0
98393,3917,Basic,50,0
25071,3918,Basic,50,0
57473,3919,Basic,50,0
40101,3920,Basic,50,0
91484,3921,Basic,50,0
45046,3922,Pro,150,0
47396,3923,Basic,50,0
84699,3924,Pro,150,0
14911,3925,Basic,50,1
70799,3926,Basic,50,0
47397,3927,Basic,50,0
31134,3928,Basic,50,0
73871,3929,Enterprise,500,0
94633,3930,Pro,150,0
88127,3931,Basic,50,0
93638,3932,Basic,50,0
58739,3933,Pro,150,0
83908,3934,Pro,150,1
14761,3935,Basic,50,1
83307,3936,Pro,150,0
51067,3937,Basic,50,0
97755,3938,Basic,50,1
86117,3939,Pro,150,0
51356,3940,Pro,150,1
46899,3941,Basic,50,0
22397,3942,Pro,150,1
59245,3943,Pro,150,1
66906,3944,Enterprise,500,0
87043,3945,Enterprise,500,0
54451,3946,Pro,150,1
41378,3947,Pro,150,0
20450,3948,Pro,150,0
54767,3949,Pro,150,1
71229,3950,Basic,50,0
41516,3951,Basic,50,0
98989,3952,Pro,150,1
14750,3953,Basic,50,1
98120,3954,Pro,150,0
99189,3955,Basic,50,0
49292,3956,Pro,150,0
58943,3957,Pro,150,1
53553,3958,Basic,50,0
69765,3959,Basic,50,1
36587,3960,Pro,150,0
22468,3961,Basic,50,0
62537,3962,Basic,50,1
71275,3963,Pro,150,0
32907,3964,Basic,50,0
94909,3965,Basic,50,1
23480,3966,Pro,150,1
31047,3967,Basic,50,1
41033,3968,Basic,50,1
78587,3969,Pro,150,0
54542,3970,Pro,150,0
21556,3971,Basic,50,1
39552,3972,Basic,50,0
96904,3973,Enterprise,500,0
25063,3974,Basic,50,1
93781,3975,Basic,50,0
42621,3976,Pro,150,1
91750,3977,Basic,50,0
47509,3978,Basic,50,1
63489,3979,Pro,150,0
33500,3980,Basic,50,0
45436,3981,Basic,50,1
18442,3982,Basic,50,0
13415,3983,Basic,50,0
31319,3984,Pro,150,0
57495,3985,Pro,150,0
47125,3986,Pro,150,1
17597,3987,Enterprise,500,0
84002,3988,Basic,50,1
73433,3989,Basic,50,1
51723,3990,Basic,50,1
44020,3991,Basic,50,0
20179,3992,Basic,50,0
88291,3993,Basic,50,0
68690,3994,Basic,50,0
66694,3995,Pro,150,0
22439,3996,Pro,150,0
21540,3997,Enterprise,500,1
68698,3998,Pro,150,1
66645,3999,Basic,50,0
31877,4000,Basic,50,0
50153,4001,Basic,50,0
37298,4002,Pro,150,0
87753,4003,Basic,50,0
14404,4004,Basic,50,0
77186,4005,Pro,150,0
53147,4006,Pro,150,0
47372,4007,Pro,150,0
25197,4008,Basic,50,0
81683,4009,Basic,50,0
36107,4010,Basic,50,1
90254,4011,Pro,150,0
96067,4012,Basic,50,1
39612,4013,Basic,50,1
81851,4014,Pro,150,0
17217,4015,Basic,50,0
99100,4016,Basic,50,0
20203,4017,Basic,50,0
73499,4018,Enterprise,500,0
55388,4019,Basic,50,1
97211,4020,Basic,50,0
80473,4021,Pro,150,0
37694,4022,Pro,150,0
87568,4023,Basic,50,0
41882,4024,Pro,150,0
98220,4025,Enterprise,500,0
97390,4026,Basic,50,1
52692,4027,Basic,50,0
58521,4028,Basic,50,0
33175,4029,Basic,50,0
82545,4030,Basic,50,0
47262,4031,Pro,150,0
56918,4032,Basic,50,0
37540,4033,Basic,50,0
89231,4034,Basic,50,0
67933,4035,Basic,50,0
45868,4036,Enterprise,500,0
20057,4037,Basic,50,0
77411,4038,Basic,50,0
67672,4039,Basic,50,0
49971,4040,Enterprise,500,0
35487,4041,Basic,50,0
60295,4042,Pro,150,0
35267,4043,Basic,50,1
95166,4044,Enterprise,500,0
23709,4045,Basic,50,0
64993,4046,Pro,150,0
44141,4047,Basic,50,0
24534,4048,Pro,150,1
60027,4049,Enterprise,500,0
82783,4050,Basic,50,1
17583,4051,Basic,50,0
78997,4052,Enterprise,500,0
19030,4053,Basic,50,0
76862,4054,Pro,150,0
25342,4055,Basic,50,0
94083,4056,Basic,50,0
23184,4057,Basic,50,1
81078,4058,Pro,150,1
46441,4059,Basic,50,0
15357,4060,Basic,50,1
25188,4061,Basic,50,0
56234,4062,Pro,150,0
95142,4063,Basic,50,0
29264,4064,Pro,150,1
57103,4065,Basic,50,1
10151,4066,Enterprise,500,0
26558,4067,Enterprise,500,0
78199,4068,Pro,150,0
58606,4069,Enterprise,500,0
98129,4070,Basic,50,1
70205,4071,Basic,50,0
41979,4072,Enterprise,500,0
64359,4073,Enterprise,500,0
93596,4074,Pro,150,0
44145,4075,Basic,50,0
47567,4076,Basic,50,1
46752,4077,Pro,150,0
43390,4078,Basic,50,1
65416,4079,Basic,50,0
48762,4080,Basic,50,0
48746,4081,Pro,150,0
71319,4082,Enterprise,500,1
42341,4083,Basic,50,0
10721,4084,Basic,50,0
90636,4085,Pro,150,1
70415,4086,Basic,50,0
32571,4087,Basic,50,0
29409,4088,Basic,50,0
95085,4089,Basic,50,0
87193,4090,Basic,50,0
60843,4091,Basic,50,0
53103,4092,Basic,50,0
74880,4093,Basic,50,1
96032,4094,Basic,50,1
27217,4095,Basic,50,1
68921,4096,Basic,50,0
97000,4097,Pro,150,0
78143,4098,Pro,150,0
94616,4099,Pro,150,0
79919,4100,Pro,150,0
71500,4101,Pro,150,1
69893,4102,Pro,150,0
32275,4103,Basic,50,0
55414,4104,Basic,50,0
70060,4105,Pro,150,0
36948,4106,Basic,50,1
49947,4107,Enterprise,500,0
87788,4108,Basic,50,1
35439,4109,Basic,50,0
98733,4110,Pro,150,1
83587,4111,Pro,150,0
82350,4112,Basic,50,0
43037,4113,Pro,150,0
95478,4114,Basic,50,0
46564,4115,Basic,50,0
75735,4116,Basic,50,0
74900,4117,Basic,50,1
71317,4118,Pro,150,0
38559,4119,Basic,50,0
94433,4120,Pro,150,0
27401,4121,Pro,150,0
85101,4122,Basic,50,0
56242,4123,Basic,50,1
90700,4124,Basic,50,1
29510,4125,Basic,50,0
68046,4126,Basic,50,0
48100,4127,Basic,50,0
14304,4128,Basic,50,0
79389,4129,Pro,150,0
78935,4130,Basic,50,0
97721,4131,Basic,50,0
77164,4132,Pro,150,0
18055,4133,Basic,50,1
98488,4134,Basic,50,0
71772,4135,Pro,150,0
91068,4136,Pro,150,0
42104,4137,Basic,50,0
40000,4138,Basic,50,0
99472,4139,Pro,150,0
60607,4140,Pro,150,0
43712,4141,Basic,50,0
39235,4142,Basic,50,0
58801,4143,Basic,50,0
39409,4144,Basic,50,0
90161,4145,Basic,50,1
48158,4146,Basic,50,0
12337,4147,Basic,50,0
66748,4148,Enterprise,500,0
33382,4149,Basic,50,0
35146,4150,Pro,150,0
49573,4151,Pro,150,0
39160,4152,Pro,150,0
47564,4153,Pro,150,0
61035,4154,Basic,50,0
69331,4155,Pro,150,1
64888,4156,Basic,50,0
98295,4157,Pro,150,0
54519,4158,Basic,50,0
34899,4159,Basic,50,0
52101,4160,Enterprise,500,0
38794,4161,Basic,50,0
82087,4162,Basic,50,0
49564,4163,Enterprise,500,0
43516,4164,Enterprise,500,0
53079,4165,Basic,50,0
36613,4166,Basic,50,1
30944,4167,Basic,50,0
40216,4168,Basic,50,1
74973,4169,Basic,50,0
10228,4170,Basic,50,1
28350,4171,Basic,50,0
53049,4172,Pro,150,0
73282,4173,Pro,150,0
80159,4174,Basic,50,0
92729,4175,Basic,50,1
95775,4176,Pro,150,0
21988,4177,Basic,50,0
77923,4178,Basic,50,0
51841,4179,Basic,50,0
34678,4180,Basic,50,1
52480,4181,Basic,50,0
62646,4182,Basic,50,0
77565,4183,Basic,50,0
45833,4184,Basic,50,0
18192,4185,Basic,50,0
31471,4186,Pro,150,0
29034,4187,Pro,150,1
73768,4188,Basic,50,1
67179,4189,Basic,50,1
84750,4190,Basic,50,0
84575,4191,Basic,50,0
52116,4192,Pro,150,0
53145,4193,Basic,50,1
33098,4194,Pro,150,0
85994,4195,Basic,50,0
67163,4196,Basic,50,1
27338,4197,Basic,50,0
60361,4198,Basic,50,0
56600,4199,Pro,150,0
11214,4200,Basic,50,0
61356,4201,Basic,50,1
68167,4202,Basic,50,1
86465,4203,Basic,50,0
61419,4204,Basic,50,0
72849,4205,Basic,50,0
16456,4206,Basic,50,0
16140,4207,Basic,50,0
71861,4208,Basic,50,0
40288,4209,Pro,150,0
44878,4210,Enterprise,500,0
38475,4211,Pro,150,0
77550,4212,Basic,50,1
77129,4213,Pro,150,0
82532,4214,Enterprise,500,0
39104,4215,Pro,150,0
55534,4216,Basic,50,0
33151,4217,Pro,150,1
42977,4218,Pro,150,0
97265,4219,Enterprise,500,0
79340,4220,Basic,50,0
78752,4221,Basic,50,0
67817,4222,Basic,50,1
48451,4223,Enterprise,500,0
63816,4224,Basic,50,1
61092,4225,Basic,50,0
57698,4226,Basic,50,0
85884,4227,Basic,50,0
97805,4228,Basic,50,1
36082,4229,Basic,50,0
73065,4230,Basic,50,0
66090,4231,Basic,50,1
72253,4232,Basic,50,0
53253,4233,Pro,150,0
63483,4234,Pro,150,0
83065,4235,Basic,50,1
60479,4236,Pro,150,1
33880,4237,Basic,50,0
55668,4238,Basic,50,0
10085,4239,Basic,50,0
78475,4240,Basic,50,0
40316,4241,Basic,50,0
42600,4242,Basic,50,0
89949,4243,Basic,50,0
85133,4244,Basic,50,0
97961,4245,Basic,50,1
24357,4246,Pro,150,0
47555,4247,Basic,50,0
59567,4248,Basic,50,1
64766,4249,Basic,50,1
61622,4250,Basic,50,0
12261,4251,Basic,50,0
32961,4252,Basic,50,0
93970,4253,Basic,50,0
74194,4254,Pro,150,0
89277,4255,Basic,50,0
98566,4256,Enterprise,500,0
24988,4257,Basic,50,0
53413,4258,Enterprise,500,0
55528,4259,Basic,50,1
47870,4260,Basic,50,0
63691,4261,Pro,150,1
92386,4262,Pro,150,0
68693,4263,Basic,50,0
83609,4264,Pro,150,0
15274,4265,Basic,50,0
57346,4266,Basic,50,0
64127,4267,Pro,150,0
52814,4268,Basic,50,1
77959,4269,Pro,150,0
81776,4270,Pro,150,1
48241,4271,Basic,50,1
89697,4272,Basic,50,1
80634,4273,Basic,50,0
74153,4274,Basic,50,0
56897,4275,Pro,150,0
47568,4276,Basic,50,0
46949,4277,Basic,50,0
12401,4278,Basic,50,0
75787,4279,Basic,50,1
35270,4280,Pro,150,0
43543,4281,Basic,50,0
52415,4282,Basic,50,1
12555,4283,Basic,50,0
65443,4284,Basic,50,1
10135,4285,Basic,50,1
25904,4286,Basic,50,0
47384,4287,Pro,150,1
87434,4288,Pro,150,0
46019,4289,Basic,50,1
65012,4290,Basic,50,0
41282,4291,Basic,50,1
10149,4292,Pro,150,0
64850,4293,Basic,50,0
98339,4294,Basic,50,1
21230,4295,Basic,50,1
31478,4296,Pro,150,1
24198,4297,Basic,50,0
74721,4298,Basic,50,0
30636,4299,Basic,50,0
80412,4300,Basic,50,0
98768,4301,Basic,50,0
14476,4302,Basic,50,1
15250,4303,Basic,50,0
61814,4304,Basic,50,0
49151,4305,Pro,150,0
26300,4306,Pro,150,0
70165,4307,Basic,50,1
53972,4308,Basic,50,1
22721,4309,Basic,50,1
97322,4310,Enterprise,500,0
83397,4311,Pro,150,0
62981,4312,Pro,150,0
14018,4313,Basic,50,0
24055,4314,Basic,50,1
13030,4315,Basic,50,0
34124,4316,Basic,50,1
51447,4317,Enterprise,500,0
28617,4318,Enterprise,500,0
56239,4319,Basic,50,1
26549,4320,Pro,150,0
76949,4321,Basic,50,0
14925,4322,Pro,150,0
97471,4323,Basic,50,1
72016,4324,Pro,150,0
73398,4325,Pro,150,0
90257,4326,Basic,50,0
56560,4327,Pro,150,0
82965,4328,Enterprise,500,0
73793,4329,Pro,150,0
29281,4330,Enterprise,500,1
55331,4331,Enterprise,500,0
25718,4332,Basic,50,0
15949,4333,Pro,150,0
38964,4334,Pro,150,0
77621,4335,Basic,50,0
44268,4336,Basic,50,1
51201,4337,Basic,50,1
54259,4338,Basic,50,0
87945,4339,Basic,50,0
49099,4340,Basic,50,0
28647,4341,Pro,150,0
75970,4342,Basic,50,1
23124,4343,Pro,150,0
31971,4344,Pro,150,0
66104,4345,Basic,50,0
25324,4346,Pro,150,0
18190,4347,Pro,150,0
55609,4348,Basic,50,1
73530,4349,Pro,150,1
48203,4350,Pro,150,0
48578,4351,Pro,150,0
79692,4352,Basic,50,0
19806,4353,Pro,150,1
97415,4354,Basic,50,1
88285,4355,Basic,50,0
57127,4356,Enterprise,500,0
83770,4357,Enterprise,500,0
31259,4358,Basic,50,0
67662,4359,Pro,150,0
81629,4360,Basic,50,0
93909,4361,Basic,50,0
99272,4362,Basic,50,1
94063,4363,Basic,50,0
74487,4364,Basic,50,1
20639,4365,Basic,50,0
23065,4366,Basic,50,0
69994,4367,Basic,50,0
56567,4368,Pro,150,1
12248,4369,Pro,150,0
52620,4370,Basic,50,0
54443,4371,Basic,50,0
53844,4372,Basic,50,1
58914,4373,Pro,150,0
86200,4374,Basic,50,0
63257,4375,Basic,50,0
39927,4376,Basic,50,0
37385,4377,Basic,50,0
71318,4378,Pro,150,0
42285,4379,Basic,50,1
53303,4380,Basic,50,0
38577,4381,Basic,50,0
13172,4382,Enterprise,500,0
70356,4383,Pro,150,0
62195,4384,Basic,50,0
63419,4385,Basic,50,1
82028,4386,Pro,150,0
90007,4387,Basic,50,1
73624,4388,Basic,50,1
47367,4389,Pro,150,0
90534,4390,Basic,50,0
72700,4391,Basic,50,0
22755,4392,Pro,150,1
93824,4393,Pro,150,0
58476,4394,Basic,50,0
63707,4395,Enterprise,500,0
19154,4396,Basic,50,0
53783,4397,Basic,50,1
94532,4398,Pro,150,0
38902,4399,Basic,50,1
18440,4400,Pro,150,0
56009,4401,Pro,150,0
89704,4402,Pro,150,0
37080,4403,Enterprise,500,0
10854,4404,Enterprise,500,0
36877,4405,Enterprise,500,0
67181,4406,Pro,150,1
27421,4407,Basic,50,0
40300,4408,Basic,50,0
64787,4409,Pro,150,1
36644,4410,Pro,150,0
94240,4411,Basic,50,0
38351,4412,Enterprise,500,0
57376,4413,Basic,50,0
19301,4414,Basic,50,0
73597,4415,Pro,150,1
57257,4416,Basic,50,0
56645,4417,Pro,150,0
51953,4418,Basic,50,0
73346,4419,Basic,50,1
86083,4420,Pro,150,0
56519,4421,Pro,150,0
72742,4422,Basic,50,0
95680,4423,Basic,50,0
36813,4424,Enterprise,500,0
14497,4425,Pro,150,0
68149,4426,Basic,50,0
83599,4427,Basic,50,0
72424,4428,Basic,50,0
85075,4429,Pro,150,0
11976,4430,Basic,50,0
49988,4431,Pro,150,0
43247,4432,Basic,50,1
92994,4433,Basic,50,1
25236,4434,Basic,50,1
55155,4435,Basic,50,0
32400,4436,Basic,50,1
58903,4437,Pro,150,1
43320,4438,Basic,50,1
42959,4439,Basic,50,0
63827,4440,Basic,50,1
36091,4441,Basic,50,1
69059,4442,Pro,150,0
29492,4443,Pro,150,1
30450,4444,Pro,150,0
88409,4445,Basic,50,0
31110,4446,Pro,150,0
92886,4447,Basic,50,1
57403,4448,Enterprise,500,0
97956,4449,Enterprise,500,1
63503,4450,Enterprise,500,1
16891,4451,Basic,50,0
79429,4452,Enterprise,500,0
84435,4453,Basic,50,0
35729,4454,Basic,50,0
55470,4455,Pro,150,0
36257,4456,Pro,150,0
86792,4457,Basic,50,0
79763,4458,Basic,50,1
55756,4459,Basic,50,1
77885,4460,Pro,150,0
19064,4461,Basic,50,0
76705,4462,Pro,150,0
77083,4463,Basic,50,1
55976,4464,Pro,150,0
49455,4465,Enterprise,500,0
17534,4466,Basic,50,1
52968,4467,Basic,50,0
50109,4468,Pro,150,0
87025,4469,Enterprise,500,1
53435,4470,Pro,150,0
82907,4471,Pro,150,0
26277,4472,Basic,50,1
91065,4473,Basic,50,1
96255,4474,Basic,50,1
29007,4475,Basic,50,0
29964,4476,Pro,150,0
31796,4477,Pro,150,0
33818,4478,Pro,150,0
75674,4479,Basic,50,0
36188,4480,Enterprise,500,0
47816,4481,Pro,150,1
79719,4482,Basic,50,1
19980,4483,Pro,150,0
49705,4484,Basic,50,0
62852,4485,Enterprise,500,0
95318,4486,Enterprise,500,0
74874,4487,Basic,50,0
34960,4488,Basic,50,1
55594,4489,Basic,50,0
72713,4490,Pro,150,0
15610,4491,Pro,150,0
52686,4492,Basic,50,0
42973,4493,Basic,50,0
69653,4494,Pro,150,1
14680,4495,Pro,150,1
34055,4496,Pro,150,0
33703,4497,Basic,50,0
33228,4498,Pro,150,0
73786,4499,Basic,50,1
39212,4500,Basic,50,0
79764,4501,Basic,50,0
91236,4502,Basic,50,0
87704,4503,Pro,150,0
78349,4504,Pro,150,0
83302,4505,Enterprise,500,0
18592,4506,Pro,150,0
73136,4507,Enterprise,500,0
91777,4508,Basic,50,0
27539,4509,Basic,50,0
97708,4510,Basic,50,0
90094,4511,Basic,50,1
52608,4512,Basic,50,1
96468,4513,Pro,150,0
76341,4514,Pro,150,0
88687,4515,Basic,50,1
73722,4516,Basic,50,0
45964,4517,Basic,50,0
68602,4518,Pro,150,1
79642,4519,Basic,50,1
57180,4520,Basic,50,0
42791,4521,Basic,50,0
95007,4522,Pro,150,0
99272,4523,Basic,50,0
86127,4524,Pro,150,0
90488,4525,Basic,50,1
20393,4526,Basic,50,0
69053,4527,Basic,50,0
42817,4528,Basic,50,0
22261,4529,Pro,150,1
35441,4530,Pro,150,1
76858,4531,Basic,50,0
26382,4532,Pro,150,0
52921,4533,Basic,50,1
17589,4534,Enterprise,500,0
65067,4535,Enterprise,500,1
44632,4536,Enterprise,500,0
61613,4537,Basic,50,1
52877,4538,Basic,50,0
92741,4539,Pro,150,0
12784,4540,Basic,50,0
40723,4541,Pro,150,0
94217,4542,Basic,50,0
37749,4543,Pro,150,0
68893,4544,Enterprise,500,0
90744,4545,Basic,50,0
25385,4546,Basic,50,0
23301,4547,Basic,50,1
73790,4548,Basic,50,0
29569,4549,Basic,50,0
50195,4550,Pro,150,0
92894,4551,Basic,50,1
78980,4552,Basic,50,0
44149,4553,Basic,50,0
44698,4554,Basic,50,1
57334,4555,Pro,150,1
76290,4556,Basic,50,0
77151,4557,Pro,150,1
32829,4558,Pro,150,0
89140,4559,Pro,150,0
76429,4560,Basic,50,1
80867,4561,Enterprise,500,0
95323,4562,Basic,50,0
24631,4563,Pro,150,0
60156,4564,Enterprise,500,0
89812,4565,Basic,50,0
24752,4566,Pro,150,0
36955,4567,Pro,150,0
69493,4568,Enterprise,500,0
69059,4569,Basic,50,0
19566,4570,Basic,50,0
11679,4571,Basic,50,0
34688,4572,Basic,50,1
20796,4573,Enterprise,500,0
20713,4574,Basic,50,0
28262,4575,Pro,150,0
71990,4576,Enterprise,500,0
20370,4577,Basic,50,0
92635,4578,Pro,150,0
74365,4579,Basic,50,0
65330,4580,Pro,150,0
36516,4581,Pro,150,0
26786,4582,Basic,50,0
61037,4583,Basic,50,1
15449,4584,Basic,50,0
33492,4585,Pro,150,0
20933,4586,Basic,50,1
12371,4587,Pro,150,0
58134,4588,Basic,50,1
62910,4589,Basic,50,1
46529,4590,Basic,50,0
99280,4591,Enterprise,500,0
52056,4592,Pro,150,0
90687,4593,Basic,50,1
77474,4594,Basic,50,0
57709,4595,Basic,50,1
95897,4596,Basic,50,0
33875,4597,Basic,50,0
94838,4598,Enterprise,500,0
43230,4599,Basic,50,0
51684,4600,Enterprise,500,0
48612,4601,Basic,50,0
26976,4602,Basic,50,0
76475,4603,Pro,150,0
50512,4604,Basic,50,0
62588,4605,Pro,150,0
35270,4606,Basic,50,0
96313,4607,Basic,50,1
68105,4608,Pro,150,0
41054,4609,Basic,50,1
53026,4610,Basic,50,0
94400,4611,Basic,50,0
95666,4612,Basic,50,0
87759,4613,Pro,150,1
45930,4614,Pro,150,0
33307,4615,Basic,50,0
65955,4616,Pro,150,0
37160,4617,Basic,50,0
15654,4618,Basic,50,0
68735,4619,Pro,150,0
81322,4620,Pro,150,0
40519,4621,Basic,50,0
88853,4622,Pro,150,0
35554,4623,Basic,50,1
33687,4624,Pro,150,1
63556,4625,Basic,50,0
10176,4626,Pro,150,0
78938,4627,Basic,50,1
12427,4628,Pro,150,0
19047,4629,Pro,150,1
39489,4630,Pro,150,0
87901,4631,Pro,150,1
76219,4632,Basic,50,1
78176,4633,Pro,150,1
60622,4634,Basic,50,0
62296,4635,Basic,50,0
72860,4636,Basic,50,0
56364,4637,Pro,150,0
17122,4638,Basic,50,1
37422,4639,Pro,150,0
63164,4640,Pro,150,0
47548,4641,Basic,50,0
17208,4642,Pro,150,0
55799,4643,Basic,50,1
43705,4644,Basic,50,0
99707,4645,Basic,50,0
45860,4646,Basic,50,0
31672,4647,Basic,50,0
78932,4648,Basic,50,0
28904,4649,Basic,50,1
22381,4650,Basic,50,0
57801,4651,Basic,50,1
75854,4652,Pro,150,0
84019,4653,Basic,50,1
62109,4654,Pro,150,1
88054,4655,Basic,50,1
98808,4656,Basic,50,0
49410,4657,Pro,150,0
80299,4658,Pro,150,0
29402,4659,Pro,150,1
87104,4660,Basic,50,1
50322,4661,Pro,150,0
68786,4662,Pro,150,0
81826,4663,Pro,150,1
21894,4664,Enterprise,500,0
31353,4665,Pro,150,0
67768,4666,Basic,50,0
72333,4667,Basic,50,1
13876,4668,Basic,50,0
52702,4669,Pro,150,0
67536,4670,Pro,150,0
45105,4671,Basic,50,0
76804,4672,Basic,50,0
51397,4673,Enterprise,500,0
48969,4674,Basic,50,1
67047,4675,Pro,150,0
89345,4676,Enterprise,500,0
53335,4677,Pro,150,0
65599,4678,Basic,50,1
94748,4679,Pro,150,1
26786,4680,Enterprise,500,0
20105,4681,Basic,50,1
79430,4682,Pro,150,1
66435,4683,Basic,50,0
61587,4684,Enterprise,500,0
43700,4685,Enterprise,500,0
53399,4686,Basic,50,0
59333,4687,Enterprise,500,0
69542,4688,Basic,50,0
59989,4689,Basic,50,1
42117,4690,Basic,50,1
59515,4691,Enterprise,500,0
47674,4692,Enterprise,500,0
84739,4693,Pro,150,0
77957,4694,Enterprise,500,0
42650,4695,Pro,150,0
90990,4696,Enterprise,500,0
80792,4697,Basic,50,0
89718,4698,Basic,50,0
54170,4699,Basic,50,0
26348,4700,Basic,50,0
88721,4701,Basic,50,0
83096,4702,Basic,50,0
25026,4703,Basic,50,0
83144,4704,Enterprise,500,1
57416,4705,Basic,50,1
58530,4706,Pro,150,0
39791,4707,Pro,150,0
11375,4708,Basic,50,1
95744,4709,Pro,150,0
56293,4710,Enterprise,500,0
46464,4711,Pro,150,0
28547,4712,Basic,50,1
68836,4713,Basic,50,1
28162,4714,Pro,150,0
39118,4715,Enterprise,500,0
66729,4716,Basic,50,1
39752,4717,Basic,50,1
35113,4718,Pro,150,0
44419,4719,Pro,150,0
47458,4720,Pro,150,0
65712,4721,Basic,50,1
60038,4722,Basic,50,0
66950,4723,Basic,50,0
65859,4724,Pro,150,0
44166,4725,Enterprise,500,0
70715,4726,Basic,50,0
54927,4727,Pro,150,0
11907,4728,Pro,150,0
99836,4729,Pro,150,0
19610,4730,Basic,50,0
47239,4731,Basic,50,1
89160,4732,Basic,50,0
76299,4733,Basic,50,0
68792,4734,Basic,50,1
26297,4735,Basic,50,1
88186,4736,Basic,50,0
92092,4737,Pro,150,0
37205,4738,Basic,50,1
57294,4739,Basic,50,0
62866,4740,Pro,150,1
24983,4741,Basic,50,0
53939,4742,Pro,150,0
88843,4743,Basic,50,0
40603,4744,Enterprise,500,0
28342,4745,Basic,50,1
21071,4746,Basic,50,0
28098,4747,Basic,50,0
64881,4748,Basic,50,1
62349,4749,Basic,50,0
54968,4750,Basic,50,1
11785,4751,Basic,50,0
48327,4752,Pro,150,0
74090,4753,Pro,150,1
74590,4754,Basic,50,0
98842,4755,Basic,50,1
59710,4756,Basic,50,0
50339,4757,Pro,150,1
65597,4758,Basic,50,1
93918,4759,Basic,50,0
11337,4760,Enterprise,500,0
26154,4761,Basic,50,0
47351,4762,Basic,50,1
99429,4763,Basic,50,0
12978,4764,Pro,150,0
79540,4765,Basic,50,0
35918,4766,Basic,50,0
59103,4767,Enterprise,500,0
94319,4768,Pro,150,1
88136,4769,Basic,50,0
56966,4770,Basic,50,0
11804,4771,Basic,50,1
35523,4772,Pro,150,0
18969,4773,Basic,50,0
81950,4774,Basic,50,0
21337,4775,Basic,50,0
77021,4776,Basic,50,0
30381,4777,Pro,150,0
52774,4778,Basic,50,0
15818,4779,Pro,150,0
90545,4780,Pro,150,0
38395,4781,Enterprise,500,0
82787,4782,Enterprise,500,0
57513,4783,Pro,150,0
39291,4784,Pro,150,0
93405,4785,Basic,50,1
23648,4786,Basic,50,1
69523,4787,Basic,50,1
47007,4788,Basic,50,1
87986,4789,Pro,150,1
20453,4790,Basic,50,0
50602,4791,Basic,50,0
62707,4792,Basic,50,1
93671,4793,Basic,50,0
46095,4794,Basic,50,0
92946,4795,Basic,50,0
37881,4796,Basic,50,0
55009,4797,Enterprise,500,0
26920,4798,Enterprise,500,0
58132,4799,Pro,150,0
83809,4800,Pro,150,0
84029,4801,Pro,150,1
71048,4802,Pro,150,0
11886,4803,Basic,50,0
21037,4804,Pro,150,0
83129,4805,Basic,50,1
13203,4806,Basic,50,0
82648,4807,Basic,50,0
91320,4808,Pro,150,1
11860,4809,Basic,50,0
84276,4810,Basic,50,0
14226,4811,Pro,150,0
90947,4812,Basic,50,0
89422,4813,Basic,50,1
39329,4814,Basic,50,1
95069,4815,Enterprise,500,0
19862,4816,Basic,50,0
28374,4817,Basic,50,0
57761,4818,Pro,150,0
29053,4819,Basic,50,0
71524,4820,Enterprise,500,0
60866,4821,Pro,150,0
23856,4822,Basic,50,0
61816,4823,Basic,50,0
85397,4824,Basic,50,0
92799,4825,Basic,50,0
64775,4826,Basic,50,0
22972,4827,Basic,50,0
50328,4828,Basic,50,0
21884,4829,Pro,150,0
92514,4830,Enterprise,500,0
67292,4831,Basic,50,0
21434,4832,Basic,50,0
85178,4833,Basic,50,0
70173,4834,Pro,150,0
41967,4835,Basic,50,1
12092,4836,Basic,50,0
60398,4837,Basic,50,0
26927,4838,Pro,150,0
16217,4839,Basic,50,0
43299,4840,Basic,50,1
39704,4841,Pro,150,0
80469,4842,Basic,50,0
77460,4843,Basic,50,0
25758,4844,Basic,50,1
83067,4845,Basic,50,1
50018,4846,Basic,50,0
72610,4847,Basic,50,1
69117,4848,Pro,150,0
39426,4849,Pro,150,0
38234,4850,Basic,50,0
61029,4851,Pro,150,1
62714,4852,Basic,50,0
61349,4853,Basic,50,0
67008,4854,Basic,50,1
50387,4855,Basic,50,0
15915,4856,Basic,50,0
90427,4857,Basic,50,0
48249,4858,Basic,50,1
26682,4859,Pro,150,0
88247,4860,Basic,50,0
14038,4861,Pro,150,0
99817,4862,Basic,50,0
63468,4863,Basic,50,0
20209,4864,Basic,50,1
72876,4865,Basic,50,0
57389,4866,Basic,50,0
45517,4867,Basic,50,0
84134,4868,Pro,150,0
39078,4869,Basic,50,1
33229,4870,Basic,50,0
16906,4871,Pro,150,0
39017,4872,Pro,150,0
60218,4873,Basic,50,1
56138,4874,Pro,150,0
40261,4875,Basic,50,0
56169,4876,Basic,50,0
16400,4877,Enterprise,500,0
18429,4878,Enterprise,500,0
49002,4879,Enterprise,500,1
49816,4880,Basic,50,0
34482,4881,Pro,150,0
20260,4882,Basic,50,0
91726,4883,Basic,50,1
90745,4884,Basic,50,0
39894,4885,Basic,50,1
39257,4886,Basic,50,1
32736,4887,Pro,150,0
48034,4888,Basic,50,0
50314,4889,Basic,50,1
52759,4890,Basic,50,0
55620,4891,Pro,150,0
23300,4892,Basic,50,0
91305,4893,Enterprise,500,0
34293,4894,Enterprise,500,0
31915,4895,Basic,50,0
48004,4896,Basic,50,0
66946,4897,Basic,50,0
23874,4898,Basic,50,0
15621,4899,Basic,50,1
34867,4900,Basic,50,1
83526,4901,Pro,150,1
94233,4902,Basic,50,0
60338,4903,Basic,50,1
86108,4904,Basic,50,1
18032,4905,Basic,50,0
17133,4906,Basic,50,0
64325,4907,Pro,150,0
20023,4908,Basic,50,1
58561,4909,Basic,50,0
80358,4910,Basic,50,0
50985,4911,Pro,150,0
26065,4912,Basic,50,1
38130,4913,Enterprise,500,0
19810,4914,Basic,50,1
76087,4915,Basic,50,0
46555,4916,Enterprise,500,0
39248,4917,Basic,50,1
16235,4918,Basic,50,1
53778,4919,Basic,50,1
32501,4920,Basic,50,1
14337,4921,Pro,150,0
93293,4922,Basic,50,1
85853,4923,Basic,50,0
14075,4924,Basic,50,1
66525,4925,Pro,150,0
65622,4926,Basic,50,1
86531,4927,Basic,50,0
68817,4928,Enterprise,500,0
74544,4929,Basic,50,1
55802,4930,Basic,50,0
28210,4931,Basic,50,1
85318,4932,Pro,150,0
18460,4933,Enterprise,500,0
37223,4934,Basic,50,0
96549,4935,Pro,150,0
59656,4936,Basic,50,0
15612,4937,Basic,50,1
59793,4938,Basic,50,1
52340,4939,Basic,50,0
75950,4940,Pro,150,0
11660,4941,Basic,50,0
14501,4942,Basic,50,1
72057,4943,Basic,50,0
77469,4944,Basic,50,0
42061,4945,Basic,50,0
35313,4946,Basic,50,0
43838,4947,Enterprise,500,0
62916,4948,Basic,50,1
20505,4949,Basic,50,0
16367,4950,Pro,150,1
30057,4951,Basic,50,0
41132,4952,Basic,50,0
16519,4953,Basic,50,0
37177,4954,Pro,150,0
22611,4955,Basic,50,0
92994,4956,Pro,150,0
17956,4957,Enterprise,500,0
70897,4958,Basic,50,0
19723,4959,Basic,50,0
31935,4960,Basic,50,1
59059,4961,Pro,150,0
13669,4962,Basic,50,1
58974,4963,Basic,50,0
86862,4964,Basic,50,0
98242,4965,Basic,50,1
40430,4966,Basic,50,1
83194,4967,Basic,50,1
42373,4968,Enterprise,500,0
58179,4969,Basic,50,0
16098,4970,Pro,150,0
81137,4971,Pro,150,0
78987,4972,Pro,150,0
79046,4973,Basic,50,1
62807,4974,Basic,50,0
68279,4975,Basic,50,0
36156,4976,Basic,50,0
26978,4977,Enterprise,500,0
96136,4978,Pro,150,1
13198,4979,Basic,50,1
15991,4980,Basic,50,1
30818,4981,Pro,150,0
24458,4982,Pro,150,0
10416,4983,Basic,50,1
32683,4984,Pro,150,1
38830,4985,Basic,50,1
31333,4986,Enterprise,500,0
78113,4987,Enterprise,500,0
57669,4988,Enterprise,500,0
67340,4989,Pro,150,1
89756,4990,Basic,50,0
28047,4991,Basic,50,1
86811,4992,Pro,150,0
42793,4993,Basic,50,1
64577,4994,Basic,50,0
33827,4995,Basic,50,0
26269,4996,Basic,50,0
82779,4997,Basic,50,0
44435,4998,Pro,150,0
79337,4999,Basic,50,0
51946,5000,Basic,50,0
