ticket_id,user_id,priority,resolution_time_hours,satisfaction_score,created_at
1,2,High,75,5,2026-03-31 22:29:09
2,2,Medium,38,3,2026-01-29 13:46:29
3,2,Low,95,5,2026-03-31 09:22:00
4,3,Low,44,2,2026-05-15 11:29:23
5,3,High,106,3,2026-01-27 01:01:34
6,3,Low,98,5,2026-05-19 11:59:04
7,3,High,47,3,2026-05-02 18:45:51
8,3,High,45,5,2025-12-06 21:12:52
9,3,High,25,4,2026-02-22 22:19:45
10,5,Medium,30,7,2026-04-09 22:22:00
11,5,Low,2,9,2026-02-06 08:58:57
12,5,Low,21,6,2026-04-26 16:19:45
13,5,Low,12,7,2026-01-17 20:18:34
14,6,Low,22,6,2026-02-07 00:30:26
15,7,High,112,1,2026-03-07 15:31:01
16,7,Low,114,3,2026-01-06 23:05:39
17,7,High,65,4,2026-01-27 23:18:10
18,8,Medium,16,8,2026-02-06 03:25:33
19,8,Low,47,7,2026-02-16 22:38:32
20,8,Medium,44,8,2025-11-30 20:21:59
21,8,High,3,6,2026-01-12 09:17:44
22,9,Low,7,6,2026-01-17 14:43:54
23,9,Low,9,8,2026-05-19 16:59:27
24,10,Medium,41,4,2026-01-04 03:07:02
25,10,Medium,112,4,2026-03-31 19:37:44
26,10,Low,37,2,2026-05-19 00:25:04
27,10,Low,32,2,2025-12-15 09:54:29
28,10,Medium,76,2,2026-01-16 01:49:19
29,10,Low,107,4,2026-01-15 06:25:57
30,10,Low,83,4,2026-05-08 23:53:54
31,10,Medium,31,3,2025-11-25 13:32:17
32,10,Low,101,1,2026-03-20 11:05:29
33,11,Medium,36,7,2026-03-10 23:18:19
34,11,High,40,9,2026-02-28 02:15:27
35,12,Low,2,7,2026-01-03 10:03:53
36,12,High,6,7,2026-04-06 18:39:45
37,13,High,42,9,2026-05-06 01:13:20
38,13,Low,29,8,2026-02-28 21:06:17
39,13,Medium,18,7,2025-11-25 18:28:54
40,15,Medium,44,7,2025-11-26 02:39:51
41,15,High,10,7,2025-12-02 08:33:07
42,15,High,36,7,2025-12-04 06:06:56
43,15,Medium,31,9,2026-04-26 12:52:27
44,16,High,38,4,2025-11-22 08:39:59
45,16,Low,85,5,2025-11-19 12:34:06
46,16,Low,103,5,2025-11-19 22:01:11
47,16,High,105,5,2025-12-25 15:42:48
48,16,Low,47,2,2025-12-13 11:59:38
49,16,Medium,112,4,2026-04-03 12:58:56
50,18,Low,83,4,2026-05-15 07:03:10
51,18,Medium,64,5,2026-01-23 03:51:34
52,18,Medium,38,5,2026-01-29 22:16:18
53,18,Medium,88,1,2026-03-03 21:27:09
54,18,High,94,1,2026-04-27 02:06:44
55,18,Medium,111,1,2026-02-11 12:24:05
56,19,Medium,44,9,2026-04-24 00:27:47
57,20,Low,24,8,2026-02-12 01:37:19
58,20,High,11,8,2025-12-17 02:40:34
59,21,High,17,9,2026-03-29 08:20:13
60,21,High,35,8,2026-04-21 15:26:43
61,23,High,33,8,2026-04-13 09:59:27
62,23,Low,5,7,2026-04-22 08:57:46
63,23,High,39,7,2026-03-10 21:20:28
64,23,High,41,9,2026-05-09 16:57:47
65,24,Low,7,6,2026-03-28 00:45:27
66,25,Medium,95,4,2026-05-02 11:48:26
67,25,Medium,57,1,2026-04-16 12:28:24
68,25,High,71,5,2026-03-14 07:05:37
69,25,High,67,3,2026-01-11 15:38:39
70,25,High,58,1,2026-01-23 04:10:04
71,25,Low,70,3,2026-03-08 12:08:21
72,25,High,24,5,2025-12-02 22:15:40
73,25,Medium,113,3,2026-02-06 13:17:38
74,25,Low,32,2,2026-04-25 20:04:50
75,25,Low,65,4,2026-05-01 06:52:18
76,27,Medium,100,3,2026-01-16 15:40:03
77,27,Medium,86,1,2026-01-26 23:06:44
78,27,Low,75,5,2026-03-24 09:41:53
79,27,Low,119,4,2026-04-15 07:56:45
80,27,High,117,5,2026-02-17 20:00:43
81,27,High,46,5,2026-02-21 21:48:58
82,27,Medium,38,3,2025-11-25 16:16:55
83,27,Low,52,4,2025-11-21 16:40:04
84,28,Medium,13,9,2025-12-28 03:15:56
85,28,High,7,8,2025-12-21 09:52:47
86,28,Medium,22,9,2026-01-19 02:36:53
87,29,Medium,2,7,2025-12-16 06:05:04
88,30,Low,68,1,2026-02-17 03:48:31
89,30,High,29,4,2026-01-27 00:57:24
90,30,High,51,4,2026-04-29 19:21:27
91,30,High,67,4,2026-01-24 02:59:30
92,30,Medium,53,3,2026-03-11 06:03:53
93,31,Medium,28,6,2026-01-28 06:33:07
94,31,High,39,7,2026-04-08 22:01:12
95,31,Medium,33,6,2026-02-01 18:06:21
96,31,Medium,27,7,2026-02-26 18:29:31
97,32,Low,13,6,2026-02-05 23:11:36
98,33,Medium,3,8,2025-12-14 09:32:26
99,33,Low,6,9,2025-12-24 23:50:08
100,33,Low,27,6,2026-02-14 23:55:44
101,33,Low,37,6,2026-03-22 18:56:16
102,34,High,42,9,2026-02-07 07:14:47
103,35,High,24,8,2026-02-21 21:08:53
104,36,High,32,9,2026-02-28 04:28:19
105,36,Low,24,6,2025-11-20 10:26:02
106,36,Medium,12,7,2025-12-26 20:49:13
107,37,High,39,7,2026-05-17 08:00:34
108,37,Medium,3,6,2025-11-19 06:06:41
109,37,High,37,6,2026-04-30 06:36:29
110,38,High,17,8,2026-02-25 18:38:08
111,38,Low,2,7,2026-05-19 04:48:50
112,40,Medium,28,7,2026-03-07 08:18:02
113,40,High,23,6,2026-02-01 11:48:35
114,40,Medium,32,6,2026-04-11 12:02:23
115,40,Low,1,8,2026-04-12 07:06:35
116,41,Medium,25,5,2026-01-07 06:30:43
117,41,Low,67,2,2026-01-20 17:50:41
118,41,Medium,55,4,2026-02-10 22:04:19
119,41,Low,78,3,2026-01-27 03:02:08
120,41,High,79,3,2025-12-18 06:12:26
121,41,High,40,5,2025-12-30 08:22:09
122,41,Medium,93,3,2026-03-02 13:31:24
123,42,Low,16,6,2025-11-28 15:57:38
124,42,High,9,9,2026-03-16 10:51:00
125,42,Low,6,9,2026-01-09 19:08:18
126,42,High,29,8,2026-05-12 11:49:10
127,43,High,43,4,2025-12-07 17:53:19
128,43,High,82,4,2025-12-19 17:43:08
129,43,High,42,2,2026-03-17 07:48:53
130,43,Low,90,3,2025-11-28 11:25:04
131,43,Low,43,4,2026-01-01 15:49:55
132,43,Medium,56,2,2026-05-14 09:39:36
133,43,Low,24,3,2026-03-06 15:58:08
134,44,High,28,6,2026-04-21 12:34:41
135,44,Low,25,7,2025-12-31 22:30:31
136,44,High,23,8,2025-12-27 17:20:46
137,44,Medium,30,7,2026-04-02 03:29:02
138,45,Low,35,8,2025-11-22 19:49:24
139,45,Low,16,7,2026-02-17 13:39:41
140,45,Medium,2,6,2026-02-26 03:30:16
141,46,Low,12,6,2025-12-17 09:07:22
142,46,Low,37,9,2026-01-27 09:01:13
143,47,High,9,6,2026-03-06 09:19:08
144,50,Low,35,8,2025-12-24 05:58:33
145,50,High,16,8,2026-02-24 11:06:45
146,50,Low,20,9,2026-03-03 06:15:56
147,51,High,33,9,2026-01-28 11:34:55
148,52,High,11,6,2026-03-26 11:55:13
149,52,Low,8,9,2026-01-31 15:39:43
150,52,Medium,38,9,2025-12-03 08:26:20
151,53,High,20,7,2026-02-19 16:08:08
152,53,Medium,35,9,2026-02-01 02:32:59
153,53,Low,25,8,2026-04-09 04:47:19
154,53,High,25,6,2026-03-04 07:00:27
155,54,High,18,9,2025-12-24 13:33:22
156,55,Medium,46,7,2026-01-06 03:21:49
157,55,High,2,7,2025-12-03 07:08:54
158,56,Medium,35,9,2026-01-26 14:41:43
159,56,High,41,9,2025-11-23 03:49:14
160,57,Low,56,4,2026-02-09 12:55:12
161,57,Low,56,5,2025-12-27 03:04:14
162,57,Low,71,4,2025-12-01 22:06:16
163,57,Low,31,3,2026-04-29 20:16:30
164,57,Medium,40,1,2026-03-16 16:00:08
165,57,Low,71,4,2026-01-30 04:58:45
166,57,High,82,3,2026-01-08 22:26:15
167,57,High,109,5,2026-02-05 17:47:13
168,57,Low,74,3,2026-04-01 13:28:06
169,57,High,50,2,2026-04-03 12:11:49
170,58,Low,44,1,2026-01-06 02:24:40
171,58,Low,51,1,2026-01-03 04:36:21
172,58,High,92,4,2026-01-14 15:22:49
173,58,High,84,3,2025-11-23 15:12:08
174,58,Low,27,3,2026-04-27 11:42:36
175,58,Low,87,1,2026-05-04 12:59:50
176,61,Low,40,4,2025-12-12 20:11:48
177,61,High,115,5,2026-02-08 16:30:02
178,61,Low,69,5,2025-12-12 23:49:11
179,61,Medium,29,3,2026-02-11 20:31:36
180,61,High,60,5,2026-03-19 11:00:11
181,61,Medium,69,5,2026-03-28 18:36:01
182,61,Low,118,3,2026-01-23 23:21:41
183,61,High,83,1,2026-02-04 11:25:46
184,62,High,21,9,2025-12-29 11:50:36
185,63,High,23,6,2026-05-03 11:55:58
186,63,Medium,3,9,2026-01-07 15:32:33
187,63,Low,18,6,2026-01-12 22:08:56
188,63,Medium,42,8,2026-01-07 01:57:45
189,64,Low,3,9,2026-03-21 01:47:29
190,64,Low,46,9,2026-04-08 19:47:28
191,64,Low,32,8,2026-02-23 22:33:06
192,65,Medium,22,8,2026-03-29 09:11:44
193,65,Medium,2,8,2025-11-23 14:31:19
194,65,Medium,27,7,2025-12-09 19:46:03
195,66,High,25,2,2026-04-11 07:03:27
196,66,Low,40,1,2026-01-08 02:33:51
197,66,High,32,3,2026-01-18 18:47:53
198,66,High,71,5,2026-04-24 08:44:00
199,66,High,65,2,2026-02-09 21:08:27
200,66,Low,73,1,2026-05-14 20:42:53
201,66,Low,47,5,2025-12-15 17:02:25
202,66,Medium,83,2,2026-02-11 04:10:05
203,66,High,30,1,2026-04-21 12:42:31
204,66,Medium,59,5,2025-12-20 05:10:40
205,68,Low,43,1,2025-11-25 22:32:12
206,68,Low,31,4,2026-04-16 23:41:36
207,68,High,110,4,2026-03-04 18:32:24
208,68,Medium,89,3,2026-02-03 00:31:25
209,68,Low,48,2,2026-02-14 11:03:04
210,68,Medium,86,5,2026-02-13 18:48:56
211,69,Medium,45,2,2026-01-14 15:39:33
212,69,Medium,81,1,2026-02-04 16:34:40
213,69,Low,75,2,2026-05-17 11:29:37
214,69,Low,93,3,2026-04-12 06:04:12
215,69,Medium,83,5,2026-03-11 07:27:45
216,70,Low,31,5,2026-03-21 08:35:54
217,70,High,83,4,2026-01-04 17:02:18
218,70,High,28,4,2026-02-25 23:21:52
219,70,Low,29,5,2026-05-09 13:31:30
220,72,Low,119,4,2025-12-08 07:46:30
221,72,Medium,117,3,2026-03-12 15:50:11
222,72,Medium,78,4,2026-05-01 13:02:09
223,72,Medium,39,5,2026-03-06 09:37:06
224,72,Low,53,3,2025-12-19 10:17:48
225,72,Medium,40,3,2026-03-24 06:59:20
226,73,Low,115,2,2025-12-24 23:01:57
227,73,Medium,78,2,2026-01-10 07:12:12
228,73,Low,113,5,2026-02-20 17:42:26
229,74,Medium,23,8,2026-01-02 09:28:27
230,74,Medium,9,9,2026-04-29 01:48:46
231,74,Medium,1,7,2026-02-13 07:06:00
232,75,High,1,8,2026-02-22 01:11:20
233,75,High,34,9,2026-03-24 03:08:35
234,75,High,25,9,2026-04-02 21:41:28
235,76,Low,24,5,2026-03-10 04:43:07
236,76,Low,87,5,2026-02-16 16:58:37
237,76,Medium,45,5,2026-01-11 02:26:35
238,76,Low,90,4,2025-12-03 01:02:09
239,76,Low,49,3,2026-04-24 12:12:54
240,76,High,109,1,2026-05-17 03:32:03
241,76,High,52,4,2025-12-15 11:24:53
242,76,High,92,1,2026-04-07 22:29:19
243,76,Low,117,4,2026-02-12 08:08:19
244,76,High,92,4,2025-11-29 17:07:28
245,77,Low,16,7,2025-12-10 18:20:08
246,77,Low,26,9,2025-12-14 19:38:06
247,78,Medium,21,8,2026-01-17 14:29:37
248,78,High,36,6,2026-03-02 14:35:08
249,78,High,30,6,2026-04-10 02:54:57
250,78,Low,23,7,2026-03-03 15:09:09
251,80,Low,10,7,2026-01-06 20:12:13
252,80,Low,5,9,2026-03-19 22:49:41
253,80,Low,34,9,2025-12-19 11:08:00
254,80,High,31,7,2025-11-19 12:16:25
255,82,Medium,19,7,2026-05-03 07:52:19
256,84,Low,32,6,2025-11-28 03:05:07
257,84,High,5,6,2026-03-09 20:52:28
258,84,High,4,9,2026-03-10 08:47:55
259,84,Low,24,9,2026-05-11 14:43:45
260,85,Low,2,6,2025-12-18 10:23:43
261,85,Medium,28,9,2026-02-18 05:34:14
262,85,High,32,8,2026-01-01 02:11:24
263,85,High,20,9,2026-04-28 13:46:33
264,86,High,12,7,2026-01-14 16:40:35
265,86,Medium,35,9,2025-12-29 21:08:50
266,86,Medium,33,6,2026-04-18 18:10:58
267,86,Low,43,6,2025-12-14 13:06:11
268,87,Low,12,8,2026-02-15 06:39:56
269,87,Medium,1,6,2026-03-09 10:04:00
270,88,Low,40,7,2025-12-31 19:33:04
271,88,High,43,9,2026-02-26 23:24:02
272,88,High,29,6,2026-03-28 22:38:37
273,89,Medium,12,8,2026-01-23 05:04:47
274,89,Medium,46,7,2025-12-19 20:51:37
275,92,High,35,8,2026-02-08 10:28:36
276,92,High,17,7,2025-12-26 16:50:50
277,92,Low,8,6,2026-01-09 17:24:57
278,94,Low,26,7,2025-12-07 01:21:40
279,94,High,26,7,2026-04-21 15:52:30
280,94,Medium,34,8,2026-01-10 04:10:39
281,94,Low,41,8,2026-02-15 01:27:51
282,95,Low,4,7,2025-12-14 21:36:13
283,95,Low,45,8,2026-05-17 01:21:39
284,96,Medium,29,9,2026-04-13 07:02:30
285,96,Low,36,6,2026-01-10 22:42:49
286,97,High,21,6,2025-11-24 06:16:59
287,97,High,36,7,2026-03-31 07:55:29
288,97,Medium,37,6,2025-12-25 14:19:48
289,98,High,24,9,2026-03-02 14:10:07
290,98,High,35,6,2026-05-08 08:52:17
291,98,Low,35,9,2025-12-13 17:39:31
292,98,High,36,7,2026-02-15 00:08:07
293,99,High,119,5,2026-02-04 08:48:10
294,99,Low,35,1,2026-01-14 09:47:50
295,99,Low,78,5,2026-01-02 03:19:51
296,99,Medium,46,1,2026-03-26 04:47:49
297,99,Low,53,1,2025-11-20 08:25:04
298,99,Low,85,4,2026-05-02 10:33:51
299,99,High,112,5,2026-05-04 21:26:55
300,100,Medium,82,3,2026-03-31 23:56:16
301,100,Medium,72,4,2026-04-04 10:01:24
302,100,High,35,5,2026-04-22 18:30:56
303,100,Low,42,4,2025-11-23 05:57:04
304,100,High,32,4,2026-01-11 13:14:43
305,101,Low,14,8,2026-03-06 14:32:46
306,101,High,19,7,2026-01-08 07:25:32
307,102,High,47,9,2026-03-25 02:20:43
308,102,Medium,5,8,2026-04-06 11:50:22
309,103,Low,12,6,2025-11-25 18:24:49
310,103,Low,21,9,2026-02-21 23:09:09
311,104,Medium,23,9,2026-03-23 04:20:56
312,104,Low,39,6,2026-01-01 00:53:11
313,104,Low,42,7,2026-03-28 01:33:03
314,105,Low,39,7,2026-04-17 23:16:28
315,105,High,31,7,2026-04-03 02:46:27
316,106,Low,28,3,2026-02-17 10:56:11
317,106,High,110,5,2026-01-19 07:07:57
318,106,Medium,98,2,2026-03-15 15:33:59
319,106,High,99,1,2026-01-22 23:11:19
320,106,High,97,2,2026-02-19 13:08:15
321,106,Medium,40,5,2026-03-05 16:22:26
322,106,High,30,5,2026-04-02 22:59:03
323,107,Low,63,2,2026-04-01 03:30:57
324,107,Low,32,2,2025-12-19 22:01:36
325,107,High,50,2,2026-03-02 03:52:52
326,108,High,2,6,2026-05-04 11:33:33
327,109,Medium,52,5,2026-03-05 04:32:00
328,109,High,61,3,2025-12-11 07:59:26
329,109,High,31,5,2026-03-04 10:57:22
330,110,Medium,1,7,2025-11-24 13:44:22
331,111,Low,40,1,2026-01-04 20:41:10
332,111,Medium,68,4,2025-11-28 10:23:13
333,111,Medium,59,4,2026-05-08 21:24:38
334,111,Low,54,3,2026-01-24 11:35:38
335,111,Medium,84,4,2025-12-19 08:19:04
336,112,High,39,8,2026-02-02 11:36:36
337,113,High,97,2,2026-04-01 09:38:13
338,113,Low,42,3,2025-11-28 18:53:08
339,113,Medium,68,5,2026-05-11 21:32:50
340,113,High,115,2,2026-04-29 20:22:53
341,113,Medium,43,4,2026-02-27 06:03:31
342,113,High,95,5,2026-04-12 19:41:26
343,114,Low,62,1,2026-01-10 03:50:29
344,114,Low,26,5,2026-03-14 23:24:31
345,114,Low,115,1,2025-12-12 02:35:42
346,114,Medium,86,4,2025-12-01 01:23:43
347,114,Low,48,1,2026-04-02 00:58:42
348,115,High,38,6,2026-05-07 13:34:55
349,116,Medium,6,7,2026-04-26 04:38:25
350,116,High,44,6,2025-12-12 17:42:08
351,117,Medium,32,6,2026-04-12 17:02:43
352,118,High,47,6,2026-03-22 04:49:54
353,120,Low,16,7,2026-03-07 08:19:49
354,120,Medium,21,8,2025-11-27 00:25:45
355,120,Low,37,9,2025-12-23 02:03:07
356,121,Medium,35,8,2026-02-10 00:26:43
357,122,Medium,20,6,2026-04-08 07:35:12
358,122,Low,18,8,2026-01-09 02:59:23
359,123,Low,41,6,2026-04-11 19:04:30
360,124,Medium,14,8,2026-03-04 10:23:56
361,125,Medium,31,6,2026-03-03 07:39:18
362,125,Low,3,9,2026-02-25 10:40:26
363,126,Medium,23,6,2026-03-01 07:33:58
364,126,High,11,9,2025-11-29 14:39:48
365,127,High,97,4,2025-12-08 02:43:15
366,127,High,47,4,2026-04-26 11:12:18
367,127,Medium,31,2,2025-12-26 03:42:24
368,127,Low,115,4,2026-02-12 18:13:47
369,127,Low,113,2,2025-12-09 06:11:51
370,127,Medium,83,2,2025-11-19 08:39:40
371,127,Low,51,4,2026-03-17 08:56:45
372,127,High,64,4,2026-02-15 19:58:21
373,127,Medium,87,3,2026-05-06 05:26:01
374,130,Medium,17,6,2026-02-05 02:24:25
375,130,Medium,33,6,2025-12-12 18:29:07
376,130,High,20,6,2026-04-16 09:51:39
377,130,Medium,28,9,2026-04-25 08:04:12
378,131,High,29,6,2026-01-02 16:27:59
379,131,High,46,8,2026-03-07 21:40:27
380,131,Low,6,7,2026-02-05 08:20:31
381,132,High,5,8,2026-02-22 02:13:30
382,132,Low,25,7,2026-03-01 08:05:38
383,132,Medium,10,9,2026-03-21 04:06:08
384,134,Low,30,7,2026-04-09 13:49:44
385,134,High,45,6,2026-02-04 09:20:29
386,134,High,33,7,2026-01-15 02:36:49
387,135,Medium,88,2,2026-05-16 05:52:59
388,135,Medium,119,1,2026-01-15 21:05:21
389,135,Low,34,5,2026-01-09 07:02:36
390,135,High,49,1,2026-03-31 18:30:50
391,135,Medium,109,3,2026-02-04 07:27:04
392,135,High,50,1,2026-01-21 12:17:17
393,136,High,100,1,2026-03-29 00:44:04
394,136,Low,24,5,2026-04-12 08:03:46
395,136,High,78,4,2026-05-19 04:07:06
396,136,Medium,104,5,2026-03-11 18:44:13
397,136,High,118,5,2026-02-13 18:19:08
398,136,Medium,26,5,2025-12-05 01:18:08
399,136,High,46,5,2025-12-22 23:09:45
400,136,Medium,76,5,2026-01-04 02:39:01
401,137,Medium,97,2,2026-04-23 09:02:32
402,137,High,106,1,2026-03-28 09:19:06
403,137,Medium,108,1,2026-03-07 02:23:39
404,137,High,24,3,2026-02-21 04:34:24
405,137,Low,68,5,2025-12-12 05:34:45
406,137,Low,27,1,2025-12-07 16:04:57
407,137,Medium,55,2,2026-05-13 18:54:01
408,137,High,115,2,2026-04-08 14:50:59
409,138,High,34,7,2026-04-08 15:12:23
410,138,High,3,8,2026-03-02 01:10:47
411,138,Low,12,6,2025-11-26 03:52:19
412,139,High,44,6,2026-03-26 04:49:43
413,139,Medium,30,7,2026-01-20 04:05:27
414,139,Medium,17,9,2026-01-20 16:51:25
415,139,High,47,8,2026-04-03 14:10:59
416,141,Medium,15,6,2026-01-19 03:06:05
417,141,Low,21,7,2025-12-18 16:45:28
418,142,High,89,3,2026-05-07 07:46:39
419,142,High,74,4,2026-04-06 21:27:45
420,142,High,61,2,2026-03-06 19:46:18
421,142,Medium,105,3,2025-12-25 21:45:19
422,142,Medium,74,2,2025-11-30 04:44:49
423,142,Medium,75,1,2026-03-29 21:13:14
424,142,Medium,61,1,2026-01-17 17:44:14
425,142,High,111,4,2025-12-27 01:34:50
426,142,Low,53,2,2026-03-21 05:51:45
427,143,High,74,1,2026-02-15 13:29:18
428,143,Low,28,5,2026-02-23 09:44:04
429,143,High,27,2,2026-04-16 23:56:00
430,143,Low,79,1,2026-01-04 17:28:56
431,143,Medium,97,1,2026-01-11 09:07:11
432,143,High,107,5,2026-04-16 10:45:44
433,143,High,57,5,2026-01-30 09:17:11
434,143,High,89,5,2026-03-06 16:20:33
435,143,High,66,3,2026-04-08 18:44:53
436,143,Medium,46,3,2026-01-28 04:22:38
437,145,High,39,4,2026-02-25 13:41:02
438,145,Medium,27,1,2025-12-16 21:08:27
439,145,Low,90,3,2025-12-17 09:27:42
440,145,Low,50,5,2026-02-12 15:07:10
441,145,Low,55,2,2026-01-24 20:19:15
442,145,Low,84,2,2026-03-25 03:57:01
443,146,Low,74,3,2025-12-09 13:33:00
444,146,Medium,44,5,2026-05-11 12:49:38
445,146,High,105,4,2026-04-09 09:31:30
446,148,Medium,42,6,2026-04-19 11:18:47
447,148,High,22,6,2026-05-06 21:15:38
448,148,High,6,6,2026-05-03 11:16:12
449,149,High,5,6,2025-11-22 06:29:53
450,150,Medium,35,2,2026-02-25 14:10:16
451,150,Medium,69,2,2025-12-19 02:57:04
452,150,Low,72,2,2026-02-01 06:40:12
453,150,Low,68,3,2026-01-03 19:34:44
454,150,High,96,2,2025-11-25 06:25:06
455,150,High,70,1,2026-05-14 16:13:44
456,150,Low,109,3,2025-11-29 05:22:14
457,150,Low,86,5,2026-02-26 02:56:07
458,150,Medium,104,2,2026-01-31 21:44:07
459,151,Low,59,1,2025-12-20 13:30:32
460,151,High,31,1,2025-12-26 12:55:07
461,151,High,75,2,2026-04-01 14:35:37
462,151,Medium,51,2,2026-02-28 05:05:04
463,151,Low,49,3,2026-02-17 08:48:54
464,151,High,79,3,2026-02-21 18:31:54
465,152,Low,7,8,2026-02-18 00:03:45
466,153,Low,46,3,2026-04-25 16:35:37
467,153,Medium,41,2,2026-03-19 21:10:05
468,153,High,61,3,2026-03-01 05:31:59
469,153,High,38,1,2025-12-15 08:51:30
470,153,High,51,2,2025-12-04 18:50:13
471,153,High,62,1,2026-02-12 15:03:24
472,153,Medium,40,2,2026-03-20 21:35:15
473,153,Medium,67,1,2025-12-22 15:16:01
474,153,High,40,5,2026-05-13 12:48:10
475,153,High,107,1,2025-12-27 15:08:08
476,154,Medium,4,7,2026-01-10 02:49:30
477,154,High,3,6,2026-01-25 11:35:41
478,154,Medium,45,7,2025-12-28 11:12:35
479,154,Low,47,9,2026-03-13 11:05:52
480,155,Medium,109,2,2026-02-26 16:54:23
481,155,Medium,31,1,2026-05-15 13:08:06
482,155,Low,106,2,2026-02-27 05:10:27
483,155,High,64,5,2026-03-30 04:21:26
484,155,Medium,29,4,2026-01-30 04:59:25
485,155,High,49,2,2026-01-29 13:39:29
486,155,Medium,82,3,2026-04-26 14:48:03
487,155,High,93,5,2026-03-01 15:35:47
488,155,Low,56,5,2025-12-13 14:37:44
489,155,Medium,45,5,2025-12-27 18:53:15
490,156,Low,6,7,2026-04-20 04:40:48
491,156,High,4,7,2026-01-15 14:15:52
492,156,Medium,11,7,2026-02-27 16:12:54
493,157,Medium,85,1,2026-02-15 06:25:24
494,157,Medium,26,3,2026-04-16 18:49:14
495,157,Medium,54,5,2026-05-10 20:40:11
496,157,High,59,2,2026-03-13 01:33:02
497,157,Low,107,4,2026-03-21 06:51:01
498,157,Low,98,4,2026-04-22 06:35:46
499,158,Low,102,1,2025-12-10 01:06:57
500,158,Medium,117,3,2026-01-21 12:50:37
501,158,High,85,1,2026-03-20 16:52:54
502,158,Low,89,3,2025-11-29 03:04:30
503,158,High,31,2,2026-01-28 21:20:25
504,159,Low,45,9,2026-04-06 02:24:02
505,160,Medium,5,7,2026-02-09 10:15:34
506,160,Medium,26,7,2026-04-11 21:57:46
507,160,High,4,8,2026-03-28 09:10:45
508,161,Medium,107,1,2026-01-02 00:38:34
509,161,Low,43,1,2026-02-13 09:22:42
510,161,Low,35,1,2026-05-01 07:30:32
511,161,Medium,113,5,2026-03-12 19:10:08
512,161,Medium,34,4,2026-03-13 08:35:25
513,161,High,100,3,2026-02-05 04:54:20
514,161,High,26,1,2026-04-23 19:26:50
515,161,Low,29,2,2025-12-09 03:42:04
516,161,High,33,5,2025-11-20 09:58:03
517,161,Medium,46,2,2026-02-26 17:49:27
518,162,Low,67,2,2025-12-02 21:33:32
519,162,Medium,36,2,2026-04-04 00:49:22
520,162,Medium,107,1,2026-02-17 02:26:47
521,162,Medium,86,5,2025-12-02 19:57:38
522,162,Medium,96,1,2025-11-29 03:50:37
523,162,High,32,3,2025-12-13 08:33:36
524,162,High,38,3,2026-04-18 07:08:53
525,162,High,117,1,2026-02-02 03:11:52
526,162,High,92,4,2026-03-18 06:35:32
527,162,High,73,5,2026-02-05 13:02:31
528,163,Medium,11,6,2026-03-17 00:02:14
529,164,Medium,34,9,2026-05-01 03:40:09
530,165,Medium,35,8,2026-02-27 02:02:37
531,165,Low,1,9,2026-02-13 21:25:07
532,165,Medium,22,9,2025-11-27 16:20:26
533,166,High,87,5,2026-02-17 16:26:52
534,166,High,95,3,2026-05-09 07:59:35
535,166,Medium,37,4,2025-12-24 08:46:21
536,166,High,53,3,2025-12-02 04:29:39
537,166,Low,108,5,2026-04-25 17:11:20
538,166,Medium,28,3,2025-11-26 14:06:52
539,166,Low,101,2,2026-03-08 19:55:44
540,166,High,85,4,2025-11-22 13:20:18
541,167,Medium,112,5,2025-12-26 23:55:40
542,167,High,65,1,2026-05-14 05:55:34
543,167,High,41,3,2025-12-11 06:20:45
544,168,Low,61,1,2026-02-28 11:48:13
545,168,High,46,1,2026-02-12 19:22:10
546,168,Medium,48,1,2026-03-19 05:02:34
547,169,Medium,89,5,2026-02-12 17:00:01
548,169,Low,74,3,2026-02-04 23:24:00
549,169,Low,93,3,2026-01-10 00:14:12
550,169,Medium,30,3,2026-01-26 22:18:48
551,169,Medium,95,2,2026-05-03 07:03:34
552,170,Low,15,8,2025-12-16 17:23:42
553,170,Medium,29,6,2025-12-23 20:49:04
554,171,Medium,117,3,2025-11-28 02:34:47
555,171,Medium,59,5,2025-12-18 01:44:51
556,171,Medium,61,1,2025-12-07 16:14:23
557,171,Medium,50,1,2025-12-14 02:01:25
558,171,Medium,91,2,2026-05-11 15:26:32
559,171,Low,33,5,2026-01-27 10:56:14
560,171,Medium,97,1,2026-01-29 14:50:15
561,171,Low,61,5,2026-04-06 06:35:35
562,172,Medium,54,4,2026-05-03 11:10:06
563,172,Low,111,4,2026-01-13 02:27:14
564,172,High,79,5,2026-01-04 13:52:03
565,173,High,31,5,2025-12-10 14:47:42
566,173,Low,52,4,2026-02-24 02:35:59
567,173,Low,99,5,2026-02-08 01:48:57
568,173,Low,25,3,2026-03-20 19:57:50
569,174,Low,31,8,2025-11-23 01:05:50
570,175,Low,36,9,2025-11-27 18:23:30
571,175,Low,26,8,2025-11-22 12:33:46
572,175,Low,27,6,2025-11-22 07:52:33
573,175,Medium,20,8,2026-05-19 00:39:16
574,177,Low,10,9,2026-04-13 07:32:12
575,177,Medium,38,7,2026-03-07 07:41:38
576,177,High,8,8,2026-01-31 22:13:55
577,177,Medium,47,7,2026-02-09 07:13:39
578,178,Low,46,8,2026-01-01 10:45:55
579,178,High,12,7,2026-01-15 19:17:01
580,179,High,13,9,2026-02-05 13:45:13
581,179,High,18,6,2026-05-06 03:40:20
582,179,Low,33,8,2026-02-11 07:20:24
583,179,Low,40,9,2026-01-14 04:16:20
584,180,Low,43,9,2026-01-17 18:05:19
585,180,High,44,9,2026-01-15 14:58:47
586,182,High,4,6,2026-03-21 10:45:09
587,182,High,37,9,2025-12-21 21:22:04
588,183,Medium,42,6,2026-01-03 22:07:49
589,183,High,28,8,2025-12-08 17:29:38
590,183,Low,9,7,2026-03-27 05:26:10
591,185,High,29,7,2026-02-03 18:57:07
592,185,High,40,6,2026-02-23 09:11:36
593,185,Low,22,8,2026-05-12 18:14:39
594,185,Low,23,6,2025-12-27 20:28:35
595,186,High,46,6,2026-04-26 18:23:14
596,186,High,21,7,2026-02-19 14:02:36
597,188,Medium,59,1,2026-02-03 02:51:23
598,188,High,24,3,2026-04-13 02:40:27
599,188,Medium,63,5,2026-01-28 20:30:11
600,189,Low,47,6,2026-04-01 19:44:20
601,189,High,9,7,2025-12-07 10:39:37
602,190,Low,26,6,2026-02-11 04:03:27
603,190,Medium,35,8,2026-01-27 16:09:03
604,191,Low,48,2,2026-02-14 14:55:01
605,191,Medium,98,2,2025-12-01 18:04:12
606,191,Medium,30,2,2026-05-06 14:27:23
607,191,High,114,2,2026-01-13 11:38:10
608,191,Medium,114,1,2026-05-03 05:24:32
609,191,High,66,3,2026-03-25 01:23:22
610,191,Low,74,1,2025-12-22 21:22:35
611,191,Medium,94,4,2026-03-07 18:36:32
612,191,Low,93,5,2026-03-31 14:00:43
613,191,High,111,1,2026-03-12 13:32:48
614,192,High,72,5,2026-05-04 05:15:22
615,192,High,86,3,2026-02-22 08:16:41
616,192,Medium,45,2,2025-12-03 11:40:06
617,192,Medium,51,2,2026-02-01 03:27:44
618,192,Medium,108,1,2026-05-04 22:42:47
619,192,High,94,1,2026-05-08 09:15:24
620,192,High,107,1,2026-01-12 13:11:58
621,193,Medium,20,7,2025-12-25 02:54:16
622,193,Low,22,9,2026-03-15 08:10:43
623,195,Medium,86,5,2025-12-03 08:35:11
624,195,Low,72,1,2026-04-23 17:28:48
625,195,Medium,119,5,2025-12-18 03:32:55
626,195,High,117,3,2025-12-22 20:58:22
627,195,High,79,3,2026-02-23 15:38:04
628,195,High,85,5,2025-11-19 13:28:54
629,195,Medium,72,5,2026-03-05 07:30:51
630,196,Low,29,7,2025-12-19 04:29:20
631,196,Medium,16,9,2026-02-04 00:57:53
632,197,Low,19,7,2026-05-09 08:04:18
633,197,Medium,1,7,2025-12-12 16:09:06
634,198,Medium,47,7,2025-11-25 16:37:20
635,199,Medium,89,4,2026-03-03 19:06:14
636,199,Medium,117,3,2026-04-09 10:11:27
637,199,High,86,4,2026-05-13 03:32:42
638,199,High,24,5,2026-04-14 05:21:38
639,199,Medium,78,3,2025-12-03 11:12:09
640,199,High,55,2,2026-04-12 05:32:39
641,199,Low,97,3,2026-01-22 10:06:41
642,200,Low,46,7,2025-12-02 11:32:42
643,200,Low,33,8,2026-01-18 20:18:01
644,200,Low,28,9,2026-01-18 22:05:16
645,200,High,7,6,2026-01-05 17:07:52
646,201,Medium,8,6,2026-03-22 21:42:23
647,201,High,3,9,2026-04-30 04:02:25
648,201,Low,23,8,2025-12-12 00:46:47
649,202,High,8,7,2025-12-27 14:14:02
650,202,High,47,6,2026-02-13 16:06:15
651,202,Medium,3,8,2026-03-30 15:48:51
652,203,Low,33,9,2026-02-02 01:51:44
653,203,Low,47,9,2026-03-01 00:34:13
654,203,Medium,34,8,2025-12-08 22:47:30
655,204,Medium,32,9,2025-12-22 13:13:44
656,205,Medium,14,9,2026-02-11 00:48:45
657,206,Medium,69,3,2026-05-17 08:09:09
658,206,High,39,4,2025-11-23 13:16:25
659,206,High,60,5,2026-03-25 19:32:52
660,206,Medium,37,2,2026-03-04 03:18:34
661,206,Medium,30,2,2026-01-27 03:48:22
662,206,High,30,1,2026-05-05 08:54:41
663,206,High,46,5,2025-11-25 00:43:30
664,206,Medium,42,5,2026-03-06 17:30:37
665,207,High,19,9,2026-03-19 22:19:21
666,207,Medium,29,9,2026-05-01 06:04:52
667,208,Medium,18,7,2026-03-22 06:48:53
668,208,Medium,1,8,2026-02-12 18:14:32
669,209,Low,5,9,2026-03-11 21:47:50
670,210,Medium,34,2,2026-04-19 06:41:28
671,210,Low,25,3,2025-12-16 20:20:21
672,210,High,110,4,2026-03-06 11:54:06
673,210,High,43,5,2025-11-19 05:53:26
674,210,High,60,1,2026-01-07 16:32:41
675,210,Low,76,4,2026-01-25 13:47:22
676,211,Low,35,9,2026-01-22 08:38:01
677,212,Medium,109,4,2025-11-25 09:53:39
678,212,High,47,1,2025-12-11 19:08:46
679,212,High,97,3,2026-01-11 12:02:39
680,212,High,110,1,2025-12-19 12:49:55
681,212,High,104,1,2026-05-10 18:09:06
682,212,Medium,63,2,2025-12-12 05:48:29
683,212,Low,48,1,2025-12-23 05:09:48
684,212,Low,45,3,2026-03-14 20:42:50
685,212,Medium,27,2,2026-01-14 02:01:14
686,212,Low,81,5,2026-03-01 23:54:05
687,213,Low,45,7,2025-12-18 06:22:12
688,213,Medium,23,6,2026-02-28 09:42:11
689,215,Low,11,7,2026-05-14 22:21:01
690,215,Medium,18,9,2025-12-13 19:02:38
691,215,Low,21,7,2026-05-05 22:03:37
692,215,Low,36,6,2026-01-01 06:31:35
693,216,High,61,2,2025-11-21 20:51:03
694,216,Low,40,5,2026-03-10 14:01:19
695,216,High,48,2,2026-03-27 01:24:35
696,216,Medium,99,5,2026-01-01 06:30:11
697,216,Low,109,5,2025-11-18 13:55:10
698,216,Low,50,1,2026-04-28 05:33:49
699,216,High,54,3,2025-12-22 22:42:02
700,217,Medium,40,7,2026-02-08 10:49:59
701,217,Medium,12,6,2025-11-30 00:45:55
702,218,Medium,76,2,2026-02-02 22:42:02
703,218,Low,68,1,2026-01-11 15:43:33
704,218,Low,49,5,2026-01-19 04:01:29
705,218,Medium,115,2,2026-05-03 13:49:06
706,218,Medium,69,2,2026-03-21 11:14:06
707,218,Low,77,3,2025-12-07 05:11:07
708,218,Low,88,3,2025-12-24 14:35:32
709,218,Medium,76,4,2025-12-14 19:42:09
710,218,Medium,49,5,2026-01-08 16:07:10
711,218,Low,44,3,2026-03-05 17:24:58
712,219,High,40,8,2026-03-26 11:30:49
713,219,High,36,6,2026-02-28 05:32:22
714,219,Low,39,9,2026-02-18 06:17:18
715,219,Low,35,7,2025-11-23 11:43:07
716,220,High,34,8,2026-03-31 05:33:48
717,221,Low,47,9,2026-03-26 16:37:13
718,221,Low,22,6,2026-02-19 22:38:37
719,223,Medium,33,7,2026-03-26 08:12:14
720,223,High,36,8,2026-01-06 08:11:22
721,223,High,20,8,2026-01-06 11:13:02
722,223,High,35,9,2025-12-28 17:17:59
723,224,High,43,6,2026-04-01 02:03:24
724,225,Medium,45,8,2026-01-08 00:55:25
725,225,Medium,34,6,2025-12-16 04:37:06
726,225,Medium,26,7,2026-04-24 21:06:51
727,226,Medium,96,1,2026-01-16 04:07:36
728,226,High,63,1,2026-01-28 01:57:46
729,226,High,24,1,2026-01-15 17:15:04
730,226,Low,84,3,2026-03-24 13:18:11
731,226,High,65,1,2026-03-25 17:38:54
732,226,High,62,3,2026-01-20 13:09:04
733,226,Low,26,2,2026-03-02 13:47:51
734,226,Low,67,3,2026-02-03 01:26:44
735,226,High,117,2,2026-02-07 08:00:05
736,227,Medium,12,8,2026-01-11 16:42:28
737,228,Low,67,3,2026-01-17 03:01:25
738,228,Low,72,5,2026-03-01 22:23:53
739,228,Low,40,2,2026-05-01 19:33:33
740,228,High,80,1,2026-04-11 16:58:05
741,230,Low,47,9,2026-02-03 03:02:01
742,231,Medium,16,9,2026-01-12 14:29:40
743,231,High,19,9,2025-12-12 16:21:46
744,231,High,31,6,2026-03-27 16:51:12
745,232,Medium,17,8,2026-05-08 03:22:12
746,232,Low,37,7,2026-02-27 11:45:47
747,232,Low,16,7,2025-12-29 05:19:02
748,233,High,8,6,2026-01-26 13:45:13
749,233,Medium,18,6,2026-04-16 14:25:11
750,234,Low,12,8,2026-05-05 04:10:13
751,234,High,26,6,2026-04-11 23:56:05
752,234,Low,45,7,2026-02-18 15:07:44
753,235,High,47,9,2026-03-26 10:56:52
754,235,High,10,9,2026-01-11 19:04:24
755,236,Medium,7,6,2026-03-27 14:34:13
756,238,High,46,2,2025-12-25 17:37:49
757,238,Low,108,2,2026-05-04 23:52:58
758,238,Medium,30,5,2026-04-20 01:14:17
759,238,Low,30,1,2026-01-10 21:53:50
760,238,Low,71,2,2026-01-13 01:03:17
761,238,Low,82,5,2026-03-15 17:14:10
762,239,Medium,18,8,2026-03-16 23:28:40
763,240,High,30,9,2025-12-28 13:35:22
764,240,High,39,8,2025-12-19 07:56:45
765,240,Medium,18,8,2025-12-18 05:15:22
766,240,Medium,42,8,2025-11-28 15:52:12
767,242,High,17,7,2026-05-18 10:00:23
768,242,Medium,31,9,2025-12-08 19:36:39
769,242,High,35,9,2026-03-18 18:53:48
770,243,Medium,83,5,2026-02-25 02:55:48
771,243,High,26,5,2026-02-28 04:22:35
772,243,High,66,2,2026-01-14 09:18:43
773,243,Medium,78,4,2026-05-17 02:56:28
774,243,Medium,62,1,2026-05-09 11:52:05
775,243,Low,27,5,2025-11-19 23:48:20
776,243,High,109,1,2026-02-11 02:58:15
777,243,Low,36,2,2026-02-10 06:27:02
778,243,Medium,56,5,2026-03-22 12:50:52
779,244,High,65,4,2026-05-06 05:31:03
780,244,Medium,89,3,2025-12-02 02:58:17
781,244,Low,65,2,2026-03-24 19:37:48
782,244,Low,53,3,2026-04-05 21:12:32
783,244,Low,36,5,2026-04-10 10:44:20
784,244,High,41,3,2026-01-25 09:03:44
785,244,High,62,4,2026-01-15 09:05:14
786,244,High,52,1,2026-01-18 15:25:44
787,246,High,29,7,2026-01-21 02:55:01
788,246,Low,44,6,2026-01-28 01:34:08
789,247,Medium,16,9,2025-12-13 06:59:10
790,248,Medium,33,1,2026-03-30 12:29:15
791,248,Low,107,5,2025-12-18 06:52:25
792,248,High,88,1,2025-11-27 20:34:55
793,248,Medium,26,5,2026-04-22 20:23:39
794,248,High,37,2,2026-03-26 15:43:31
795,248,Medium,91,2,2026-04-10 01:18:40
796,248,Low,85,5,2026-01-18 13:08:21
797,248,Medium,48,1,2025-12-25 20:57:44
798,248,Medium,76,1,2026-03-29 13:15:35
799,248,Medium,38,1,2026-02-19 05:24:33
800,249,Medium,24,9,2026-01-11 19:02:52
801,249,High,12,8,2026-04-22 23:32:00
802,250,Low,60,5,2025-12-06 07:10:48
803,250,Medium,66,4,2026-04-15 06:01:50
804,250,Medium,93,3,2025-11-27 09:23:43
805,250,High,85,5,2026-05-18 15:39:02
806,251,Medium,34,6,2025-12-25 14:38:54
807,251,High,7,9,2026-03-17 05:13:13
808,251,Medium,4,8,2025-11-22 23:53:40
809,252,Low,8,9,2026-03-06 18:40:50
810,252,Medium,29,8,2025-12-25 21:20:26
811,252,Low,45,7,2026-04-19 15:16:30
812,252,Medium,10,8,2025-12-09 01:57:52
813,253,Medium,34,6,2026-05-12 05:05:35
814,253,Low,26,6,2025-12-24 22:20:47
815,254,High,3,9,2026-04-23 00:15:43
816,254,Low,6,6,2026-03-22 17:53:40
817,254,High,5,7,2025-12-17 16:35:02
818,255,Medium,47,8,2025-12-15 21:26:30
819,255,Medium,9,8,2026-03-27 23:55:32
820,255,Low,20,7,2026-01-03 08:36:33
821,255,Low,42,8,2025-12-18 13:43:25
822,256,Medium,18,7,2026-04-14 23:09:29
823,256,High,17,9,2026-01-23 00:46:37
824,256,Medium,3,9,2026-02-14 17:37:28
825,256,High,35,7,2026-01-16 13:30:41
826,257,Low,36,5,2026-01-31 09:41:00
827,257,Low,112,1,2025-11-26 11:05:49
828,257,Medium,91,5,2026-04-15 08:30:27
829,257,High,34,1,2026-04-30 20:27:04
830,257,Low,79,3,2025-12-02 22:42:56
831,257,Medium,115,5,2026-02-17 00:00:10
832,257,Medium,32,3,2026-04-20 01:31:14
833,257,High,48,2,2025-12-24 04:52:04
834,257,Medium,99,2,2026-02-08 05:46:02
835,257,Low,32,1,2026-05-17 19:26:19
836,258,High,28,3,2026-04-24 14:11:27
837,258,High,82,2,2026-03-27 06:20:52
838,258,Low,111,4,2025-12-21 16:09:58
839,259,Medium,15,7,2026-05-08 21:31:28
840,260,Low,8,8,2026-01-29 00:40:00
841,260,High,5,9,2026-04-19 00:23:56
842,260,Medium,26,7,2026-01-02 06:25:57
843,260,Low,6,6,2025-12-22 13:44:38
844,261,Low,13,9,2026-04-25 00:49:09
845,262,Low,5,6,2025-12-16 19:41:30
846,262,High,17,7,2026-03-29 11:52:56
847,262,Low,40,6,2026-04-19 22:26:14
848,263,High,32,7,2026-03-15 17:41:50
849,263,Medium,29,8,2026-01-17 18:34:42
850,263,High,3,9,2026-03-19 11:37:24
851,264,Medium,40,7,2025-12-30 12:57:29
852,264,Medium,40,8,2026-04-13 18:59:21
853,265,Low,13,6,2026-04-25 07:01:03
854,265,Medium,33,7,2026-02-15 13:36:06
855,265,High,24,8,2026-01-12 09:27:23
856,266,Medium,103,4,2025-12-14 19:50:48
857,266,Low,82,3,2026-02-06 12:15:40
858,266,High,71,1,2026-02-16 06:21:58
859,266,High,36,3,2025-11-23 16:23:47
860,266,High,68,1,2025-11-20 01:55:56
861,267,Low,42,9,2026-05-08 23:54:57
862,268,Medium,86,3,2026-03-17 06:15:20
863,268,Medium,61,4,2026-03-22 04:48:16
864,268,High,30,5,2026-03-07 03:36:46
865,268,Medium,68,2,2025-12-14 11:38:45
866,268,Low,54,2,2026-05-14 04:52:32
867,268,Medium,33,3,2026-04-06 12:39:05
868,268,High,76,2,2026-05-19 01:53:05
869,269,High,25,5,2026-01-11 19:38:37
870,269,High,116,4,2025-12-24 12:47:44
871,269,High,62,2,2026-04-25 13:38:26
872,269,Medium,119,5,2026-03-01 20:54:24
873,269,Low,69,3,2026-03-05 09:07:43
874,269,Medium,40,2,2026-05-07 01:15:23
875,269,High,83,5,2026-02-05 03:33:25
876,270,Medium,35,9,2026-03-11 07:15:35
877,270,Medium,6,8,2026-01-20 09:06:48
878,270,High,30,8,2025-12-29 04:03:23
879,271,Medium,10,6,2026-02-02 09:26:19
880,271,Medium,32,7,2026-04-24 15:00:03
881,271,Medium,28,9,2025-12-01 09:59:11
882,271,Low,15,7,2026-03-06 14:42:47
883,272,High,60,5,2025-12-18 12:01:51
884,272,Medium,45,4,2026-01-27 14:04:43
885,272,Low,43,4,2026-01-13 09:22:31
886,272,Medium,91,3,2026-01-20 18:46:44
887,272,Low,87,1,2026-01-17 00:30:54
888,272,Medium,35,1,2026-04-03 09:31:39
889,273,High,10,7,2026-03-24 18:28:30
890,273,Medium,1,7,2026-01-31 19:24:57
891,273,Medium,26,9,2025-12-12 20:53:31
892,274,Medium,18,7,2026-03-23 05:07:35
893,276,High,37,5,2025-12-03 10:08:47
894,276,High,99,4,2026-01-13 09:12:11
895,276,Medium,75,5,2026-01-22 06:35:14
896,276,Low,99,5,2025-11-25 23:27:29
897,276,Medium,34,1,2026-02-20 18:50:26
898,278,Low,29,3,2026-03-30 15:56:22
899,278,High,98,2,2026-04-25 10:21:45
900,278,Low,110,2,2026-05-18 12:48:18
901,278,Medium,69,2,2026-05-15 15:08:56
902,278,High,52,4,2026-05-01 10:19:50
903,278,Low,104,3,2026-04-17 12:06:40
904,278,Low,36,1,2026-02-19 15:39:41
905,278,Medium,62,5,2026-04-07 17:20:44
906,278,Medium,52,3,2026-02-24 03:20:51
907,278,Medium,55,2,2026-03-27 01:06:12
908,279,High,47,7,2026-01-20 21:54:24
909,279,Medium,20,7,2026-02-20 23:15:19
910,279,High,11,8,2025-11-30 19:53:11
911,279,Low,3,6,2026-04-17 15:09:38
912,280,High,44,9,2025-11-27 12:15:00
913,280,High,28,6,2026-05-16 19:14:28
914,281,Medium,44,5,2026-01-23 05:45:21
915,281,High,82,4,2026-01-17 13:53:26
916,281,High,29,3,2025-12-31 13:49:21
917,281,Medium,80,5,2026-03-10 04:34:45
918,281,High,26,3,2026-01-27 01:52:20
919,281,Low,24,2,2026-01-30 11:42:24
920,281,High,61,2,2026-04-17 00:29:04
921,281,Low,84,3,2026-01-04 21:43:36
922,281,Low,87,1,2025-12-08 20:45:44
923,282,Low,25,9,2026-04-20 22:24:12
924,282,High,12,7,2026-01-25 13:13:39
925,283,Medium,38,4,2025-12-15 13:07:21
926,283,Low,103,3,2026-04-12 11:44:50
927,283,High,95,4,2026-01-26 05:51:59
928,283,High,69,1,2025-12-01 15:21:19
929,285,Low,17,6,2026-03-27 11:17:04
930,285,High,8,8,2026-02-16 06:19:38
931,285,Medium,27,7,2026-03-25 12:48:32
932,288,Low,7,8,2026-02-09 11:40:53
933,288,Medium,29,9,2026-05-19 15:10:12
934,289,Medium,44,6,2026-04-03 18:23:37
935,289,Medium,24,9,2025-12-28 07:36:58
936,290,Low,3,9,2026-04-04 04:47:37
937,291,Medium,46,8,2026-01-31 18:18:36
938,291,High,25,7,2026-01-06 02:35:56
939,291,High,14,8,2025-11-30 22:22:51
940,291,Low,17,7,2026-03-03 14:05:47
941,292,Low,44,9,2026-04-12 07:31:16
942,293,High,32,1,2026-01-02 17:19:27
943,293,Medium,83,5,2025-12-08 13:06:16
944,293,High,25,3,2025-12-11 10:42:35
945,293,High,87,5,2025-12-19 15:52:13
946,294,Medium,17,9,2026-05-10 09:41:37
947,295,Low,21,7,2026-02-24 15:52:15
948,295,Low,30,9,2025-11-25 13:15:31
949,295,Medium,18,7,2025-12-06 08:01:06
950,295,High,47,8,2025-12-07 11:53:00
951,296,Medium,38,9,2026-03-13 15:20:52
952,296,Medium,11,6,2026-03-02 02:31:14
953,298,Medium,25,6,2025-12-01 21:22:29
954,298,High,38,6,2025-12-12 12:31:27
955,298,High,8,8,2026-01-11 00:24:52
956,299,Low,22,8,2025-12-31 20:54:08
957,300,Medium,24,6,2025-12-02 10:30:55
958,300,High,17,9,2026-02-26 06:31:18
959,300,Medium,46,9,2025-12-11 14:00:28
960,301,High,15,9,2026-02-14 01:07:56
961,301,Medium,22,9,2025-11-25 11:43:30
962,301,Medium,20,6,2026-03-21 11:41:32
963,302,Low,10,9,2026-02-15 05:02:46
964,302,Medium,32,7,2025-12-26 11:08:10
965,303,Low,25,1,2025-12-21 04:38:45
966,303,Low,56,1,2026-04-05 07:44:17
967,303,Medium,100,1,2025-12-17 21:07:10
968,303,High,100,4,2026-02-28 20:21:08
969,303,Medium,49,2,2026-05-09 01:37:53
970,303,High,61,2,2026-05-02 06:42:07
971,303,Medium,69,2,2025-12-24 14:31:05
972,303,High,38,2,2026-04-13 16:46:52
973,303,Medium,67,1,2025-11-21 19:55:23
974,303,Low,98,5,2026-01-26 06:35:58
975,304,Medium,90,3,2026-01-23 00:02:03
976,304,Low,29,1,2026-05-11 07:20:27
977,304,High,29,1,2026-01-17 22:29:04
978,304,High,118,1,2026-02-18 23:47:30
979,304,High,99,2,2026-04-30 12:57:22
980,304,Low,115,4,2026-04-23 17:14:15
981,304,High,85,3,2026-03-29 12:16:21
982,304,High,30,3,2026-02-24 22:51:46
983,304,Medium,107,4,2026-02-20 02:06:34
984,305,Low,6,7,2026-01-14 17:54:33
985,305,High,22,7,2026-01-26 16:06:38
986,306,Low,26,1,2026-02-05 10:10:08
987,306,High,83,2,2026-04-20 14:44:29
988,306,Low,37,3,2026-05-03 02:16:36
989,306,High,105,4,2026-02-27 22:33:15
990,306,Medium,110,4,2025-12-13 02:21:11
991,306,High,36,1,2026-04-19 03:10:22
992,306,High,68,3,2026-04-01 13:16:42
993,306,High,42,4,2026-05-14 10:56:25
994,307,High,45,9,2026-02-07 13:34:02
995,310,Medium,29,8,2025-12-03 22:15:30
996,310,Low,32,8,2026-04-26 06:31:41
997,311,Medium,44,7,2025-12-14 16:32:25
998,311,High,6,7,2026-01-29 04:28:14
999,311,Low,19,7,2025-12-16 22:33:44
1000,311,Low,37,9,2026-01-04 12:46:51
1001,312,Medium,41,8,2026-03-28 15:00:27
1002,312,High,3,9,2026-05-16 16:46:14
1003,313,Low,10,8,2025-12-01 18:09:36
1004,313,Low,35,6,2026-04-17 01:17:32
1005,313,Low,29,7,2026-03-23 23:37:25
1006,314,Medium,15,6,2025-12-24 16:18:36
1007,314,High,7,9,2026-01-05 05:32:23
1008,314,High,30,6,2025-12-29 23:12:31
1009,314,Medium,31,7,2026-03-30 12:36:05
1010,315,Medium,24,9,2026-04-02 18:29:15
1011,316,Medium,60,4,2026-05-14 10:36:27
1012,316,High,115,4,2026-05-16 00:18:15
1013,316,Medium,43,4,2026-02-15 00:26:05
1014,316,Low,47,2,2026-02-03 16:14:14
1015,316,Medium,72,3,2026-02-25 06:10:35
1016,316,Low,119,1,2026-03-01 23:02:09
1017,316,Low,59,2,2026-02-13 16:20:16
1018,316,Low,89,2,2026-01-03 21:48:20
1019,316,High,59,2,2025-12-05 09:38:06
1020,316,High,81,5,2026-03-15 22:42:01
1021,317,High,35,3,2026-04-21 00:08:22
1022,317,Medium,41,5,2026-02-26 12:25:10
1023,317,Low,38,1,2026-04-09 08:55:11
1024,317,Medium,49,4,2026-02-04 14:58:06
1025,317,Low,117,2,2026-05-02 08:14:27
1026,317,Medium,67,2,2025-11-19 13:16:21
1027,317,High,60,5,2025-11-26 08:52:07
1028,317,Low,61,5,2026-02-04 05:12:44
1029,317,Medium,64,4,2026-01-31 03:39:00
1030,318,High,47,7,2025-12-22 19:35:38
1031,318,High,39,6,2026-03-10 13:21:32
1032,319,High,20,7,2026-02-05 23:12:43
1033,319,Medium,39,7,2026-04-29 03:50:49
1034,320,Low,17,8,2026-03-07 02:11:44
1035,320,High,25,6,2026-01-26 18:46:26
1036,321,Medium,28,7,2026-02-22 19:56:45
1037,323,High,58,5,2026-02-10 12:52:41
1038,323,Low,28,1,2026-02-17 01:18:38
1039,323,High,63,4,2026-01-21 04:53:00
1040,323,Low,79,4,2026-03-07 10:25:27
1041,323,High,68,3,2025-11-23 00:14:29
1042,323,Medium,33,3,2026-04-21 23:29:43
1043,323,High,37,2,2026-05-10 03:12:28
1044,323,Medium,116,2,2026-04-11 09:59:08
1045,324,Low,99,1,2026-05-08 01:28:37
1046,324,Low,24,5,2026-01-08 13:06:09
1047,324,Low,43,3,2026-02-07 03:59:38
1048,324,Low,99,1,2026-03-04 20:30:01
1049,324,Medium,80,4,2026-04-08 00:33:42
1050,324,Medium,51,1,2026-05-02 17:31:52
1051,324,Low,60,5,2026-04-16 09:26:40
1052,324,Low,99,5,2026-04-27 06:26:06
1053,324,Low,72,1,2026-03-05 01:47:58
1054,325,Low,44,9,2026-01-13 15:14:27
1055,325,Medium,28,8,2025-12-15 18:54:04
1056,325,Medium,15,7,2025-11-19 12:55:28
1057,325,Medium,44,8,2025-12-18 06:30:38
1058,326,High,84,4,2026-02-21 10:01:28
1059,326,High,101,2,2026-01-26 11:20:10
1060,326,High,96,5,2026-03-23 14:24:08
1061,326,Low,43,2,2026-03-20 00:24:03
1062,326,Medium,52,1,2026-05-08 20:29:52
1063,326,High,58,5,2026-01-02 11:29:37
1064,326,Low,82,5,2026-01-14 14:53:21
1065,326,Medium,56,1,2026-02-24 04:18:00
1066,326,High,74,4,2026-02-19 21:33:54
1067,327,Medium,42,9,2026-01-09 23:20:56
1068,327,Low,24,8,2026-03-07 17:02:03
1069,327,High,43,7,2026-02-05 23:46:45
1070,328,Low,112,2,2026-02-18 17:45:04
1071,328,Medium,52,1,2026-03-17 04:58:17
1072,328,Medium,62,3,2026-03-13 03:03:49
1073,328,Low,73,4,2026-02-22 06:58:06
1074,328,Medium,61,4,2026-02-20 01:15:15
1075,328,Low,46,5,2025-11-24 14:34:44
1076,328,High,75,2,2026-02-25 15:24:47
1077,328,Medium,31,2,2026-04-23 10:14:18
1078,329,High,21,6,2026-05-06 15:44:36
1079,329,Medium,8,6,2026-01-10 10:11:02
1080,329,Low,32,7,2025-12-10 08:21:52
1081,329,Medium,5,8,2026-04-02 19:42:22
1082,330,Low,22,8,2025-12-22 22:08:16
1083,330,Low,34,6,2025-12-27 13:18:37
1084,331,Low,26,8,2026-04-30 09:38:07
1085,331,High,10,7,2026-01-01 14:52:32
1086,331,Low,18,6,2026-04-23 15:14:57
1087,332,Low,26,9,2026-05-08 00:46:15
1088,332,Low,47,9,2026-05-13 03:49:30
1089,332,Medium,12,8,2026-01-31 15:14:38
1090,332,Low,8,6,2025-11-18 08:36:49
1091,333,High,46,9,2025-12-13 10:56:04
1092,334,Low,33,6,2026-05-19 16:02:17
1093,335,High,42,5,2026-05-01 23:30:35
1094,335,Low,71,5,2026-04-22 03:44:02
1095,335,Low,113,4,2026-02-20 00:13:44
1096,335,Medium,89,2,2026-04-18 02:58:19
1097,335,Low,87,1,2025-12-27 11:54:26
1098,335,High,56,1,2026-02-20 09:00:13
1099,337,Low,112,5,2026-03-25 09:38:33
1100,337,Low,96,5,2026-03-26 03:31:38
1101,337,High,100,1,2026-03-31 17:28:35
1102,337,Medium,98,4,2025-12-19 21:05:16
1103,337,Low,27,3,2026-05-05 14:54:28
1104,337,Low,93,2,2026-03-21 23:54:04
1105,337,High,105,5,2026-03-04 14:25:35
1106,339,Low,41,8,2026-04-28 19:03:53
1107,340,Low,106,5,2026-01-12 14:29:31
1108,340,High,98,1,2026-01-24 08:03:26
1109,340,Medium,111,1,2026-02-06 23:35:26
1110,340,Low,108,1,2025-12-21 10:47:25
1111,340,Low,99,2,2026-03-03 18:24:21
1112,340,Medium,94,5,2026-01-18 00:04:06
1113,340,Low,42,4,2026-01-21 22:24:05
1114,340,Low,116,1,2026-04-12 22:36:08
1115,341,High,56,1,2026-04-03 15:12:44
1116,341,Low,119,1,2025-12-29 04:55:19
1117,341,High,58,4,2026-01-04 14:14:11
1118,341,Low,113,3,2026-05-11 15:19:02
1119,341,Medium,95,2,2026-01-04 19:49:05
1120,341,Medium,89,1,2026-01-20 14:26:26
1121,341,Medium,26,5,2026-05-05 22:37:33
1122,341,High,49,2,2025-12-21 04:41:55
1123,341,High,93,4,2026-05-08 14:00:29
1124,342,Medium,116,2,2025-12-21 23:18:28
1125,342,High,48,4,2026-03-13 08:41:19
1126,342,Low,28,2,2026-05-10 02:17:17
1127,342,High,71,5,2026-03-11 01:50:20
1128,343,High,102,4,2026-01-29 03:27:00
1129,343,High,38,3,2026-01-03 04:51:52
1130,343,High,71,2,2026-05-14 17:21:59
1131,344,Medium,44,8,2025-12-07 00:17:57
1132,344,High,43,6,2026-03-19 11:29:41
1133,345,Low,44,3,2025-12-23 03:34:10
1134,345,Medium,103,5,2026-04-04 20:49:36
1135,345,Medium,38,1,2026-03-04 10:17:40
1136,346,High,36,8,2025-12-29 22:07:20
1137,346,Low,15,9,2025-12-14 08:47:13
1138,346,Medium,21,6,2026-05-17 02:32:43
1139,347,Low,22,8,2026-01-16 15:37:14
1140,347,Low,34,7,2025-12-26 23:42:56
1141,347,Medium,4,9,2026-03-12 12:14:40
1142,348,Low,46,8,2026-02-22 16:07:36
1143,348,Low,29,8,2026-01-16 00:00:13
1144,348,Low,28,8,2026-02-25 20:25:46
1145,348,Medium,8,9,2026-01-15 05:05:39
1146,349,Medium,59,2,2026-02-14 14:02:51
1147,349,High,25,1,2026-03-18 03:57:22
1148,349,High,100,4,2026-03-06 11:40:01
1149,349,Medium,113,1,2026-01-12 01:17:54
1150,349,Medium,117,3,2026-02-19 04:07:42
1151,349,High,30,4,2025-12-22 17:05:31
1152,349,High,97,5,2026-01-19 04:27:48
1153,349,Medium,54,1,2026-02-22 14:47:55
1154,351,High,65,5,2026-05-06 14:31:59
1155,351,High,65,4,2026-01-03 19:32:22
1156,351,High,107,4,2026-05-17 23:37:07
1157,351,High,30,1,2026-01-07 15:28:21
1158,352,Medium,44,9,2026-02-03 09:58:18
1159,353,Low,45,7,2025-12-11 08:59:59
1160,353,Medium,47,8,2025-11-19 18:36:52
1161,353,Medium,13,8,2026-03-10 03:00:58
1162,354,Medium,22,7,2025-11-25 17:08:38
1163,354,Medium,21,7,2026-02-10 01:30:39
1164,354,High,28,6,2026-04-23 07:48:24
1165,356,Medium,26,6,2026-02-12 16:21:49
1166,356,Medium,15,7,2026-04-12 23:28:46
1167,357,Medium,24,7,2026-03-14 18:49:57
1168,357,Low,42,9,2025-12-25 16:25:24
1169,358,Low,24,9,2026-05-14 08:09:36
1170,358,Low,26,8,2026-05-11 17:52:32
1171,358,Low,37,9,2026-04-06 12:13:56
1172,360,Low,24,8,2026-03-27 09:22:38
1173,360,High,36,9,2026-03-24 09:54:45
1174,360,High,39,7,2026-03-11 20:18:11
1175,361,Low,25,7,2025-12-27 04:56:17
1176,361,High,19,9,2026-03-30 02:16:44
1177,363,High,97,1,2026-05-09 00:13:07
1178,363,Low,78,2,2025-12-29 19:05:20
1179,363,Medium,92,1,2026-02-17 02:32:37
1180,363,Medium,56,5,2026-02-10 02:39:32
1181,363,High,104,5,2026-01-15 13:23:09
1182,363,Medium,38,3,2026-03-07 01:42:53
1183,363,High,115,3,2025-12-05 02:34:31
1184,363,Low,33,1,2026-02-06 08:47:31
1185,364,High,14,6,2026-04-03 22:02:01
1186,364,Medium,25,7,2025-12-19 19:41:51
1187,365,Low,35,8,2026-03-09 02:04:41
1188,365,High,21,7,2026-01-26 18:16:02
1189,366,Low,3,7,2026-05-10 14:53:17
1190,366,Low,39,6,2026-05-01 15:39:15
1191,366,High,11,8,2026-05-18 09:25:02
1192,366,Medium,24,9,2025-12-31 16:29:44
1193,367,Low,46,8,2026-02-13 04:09:03
1194,368,High,4,7,2026-02-23 09:03:10
1195,368,Medium,38,7,2026-02-07 02:31:40
1196,370,High,32,8,2025-11-26 07:08:28
1197,370,Low,45,7,2025-11-26 14:38:18
1198,371,High,59,5,2026-03-09 14:15:56
1199,371,High,59,3,2026-03-22 02:20:52
1200,371,High,96,1,2026-02-02 02:31:18
1201,371,High,93,1,2026-05-13 19:25:44
1202,371,High,91,5,2026-02-02 15:14:23
1203,371,High,72,4,2026-01-19 00:44:53
1204,371,Low,25,4,2026-01-14 08:57:12
1205,371,High,28,4,2026-03-16 05:56:13
1206,371,High,50,5,2026-03-03 00:01:08
1207,372,Low,8,7,2026-04-07 11:59:17
1208,372,Low,8,7,2026-05-08 14:35:54
1209,373,High,3,7,2025-12-29 11:20:34
1210,373,Medium,44,6,2026-03-22 10:54:02
1211,374,Medium,81,3,2026-01-09 11:56:27
1212,374,Low,109,2,2026-02-06 10:47:49
1213,374,Low,110,4,2025-11-26 18:53:35
1214,374,Low,25,1,2026-02-15 10:15:15
1215,374,High,58,2,2026-03-14 12:25:12
1216,374,High,110,4,2026-02-08 00:49:20
1217,374,Medium,31,4,2025-12-30 02:12:08
1218,374,Low,81,4,2025-12-08 17:14:41
1219,375,High,92,5,2026-01-22 11:59:19
1220,375,High,116,1,2026-04-24 10:34:37
1221,375,Low,78,2,2026-04-19 10:18:10
1222,375,Low,85,1,2026-01-14 01:29:28
1223,375,High,78,4,2025-11-28 09:11:05
1224,376,Low,17,9,2025-11-20 17:15:04
1225,376,Medium,12,9,2025-12-06 17:15:43
1226,376,Medium,20,8,2026-05-01 08:40:55
1227,376,Medium,16,7,2026-03-05 14:57:25
1228,377,Low,45,8,2026-01-09 14:08:07
1229,377,Medium,28,8,2026-04-08 12:33:34
1230,378,High,40,7,2026-03-26 02:32:09
1231,378,Medium,5,9,2026-05-17 17:42:24
1232,379,High,40,9,2025-11-27 16:27:51
1233,379,Low,44,6,2026-01-05 21:37:53
1234,379,Low,30,6,2026-04-06 21:10:48
1235,379,Low,20,7,2026-01-20 12:31:39
1236,380,High,22,7,2025-12-13 07:16:31
1237,381,High,95,1,2026-03-18 09:52:50
1238,381,Low,39,4,2026-01-02 00:54:35
1239,381,Medium,61,4,2025-11-29 06:54:35
1240,382,High,37,4,2026-03-29 14:49:21
1241,382,Medium,46,2,2026-01-08 04:51:27
1242,382,Medium,89,1,2026-02-12 13:22:30
1243,382,High,108,2,2025-11-30 16:08:49
1244,382,Medium,114,1,2026-03-04 17:34:45
1245,382,Medium,96,1,2026-02-21 07:22:37
1246,382,Medium,98,3,2026-03-17 19:53:38
1247,382,Low,75,2,2026-01-01 21:33:53
1248,382,High,91,2,2026-04-05 20:56:07
1249,382,Low,78,3,2025-12-31 08:38:53
1250,383,Medium,22,8,2026-02-15 12:12:31
1251,383,Low,15,7,2026-01-10 00:18:01
1252,384,High,83,5,2026-02-18 04:02:12
1253,384,High,35,1,2026-04-18 10:05:07
1254,384,High,65,2,2026-04-20 17:34:25
1255,384,Medium,68,3,2025-12-19 07:38:40
1256,384,High,53,2,2025-11-28 06:20:30
1257,384,High,53,3,2026-04-09 07:46:15
1258,384,Medium,103,4,2026-04-26 09:56:35
1259,385,Low,37,1,2026-01-04 21:12:51
1260,385,Medium,38,5,2026-05-02 11:40:54
1261,385,High,58,2,2026-02-11 22:39:20
1262,388,Medium,27,7,2026-03-27 21:11:06
1263,389,Low,35,7,2026-03-14 18:39:38
1264,390,Medium,101,4,2026-04-05 09:19:42
1265,390,Medium,105,2,2026-04-12 08:35:46
1266,390,Low,48,2,2026-01-06 07:45:01
1267,390,Low,48,5,2026-02-28 11:48:21
1268,390,Medium,77,1,2026-05-04 18:18:14
1269,390,High,59,1,2026-05-05 23:13:58
1270,390,Medium,103,5,2026-05-04 17:09:12
1271,391,Low,3,8,2025-12-07 23:17:54
1272,392,High,41,7,2026-02-23 21:45:23
1273,392,High,25,6,2025-12-23 10:18:23
1274,392,Low,34,9,2026-02-11 17:24:07
1275,393,High,21,7,2026-01-07 11:23:50
1276,393,High,4,6,2026-03-12 06:54:09
1277,393,Medium,15,9,2026-03-14 15:03:38
1278,393,Low,45,9,2025-12-15 20:58:52
1279,394,High,12,9,2026-01-29 05:47:25
1280,394,Low,32,9,2026-05-05 05:45:52
1281,394,Medium,13,8,2026-04-06 12:51:08
1282,396,Low,14,9,2026-01-19 14:34:45
1283,396,Medium,18,6,2026-04-04 17:11:22
1284,396,High,6,9,2026-04-25 03:21:52
1285,397,High,29,8,2025-12-14 08:52:19
1286,397,Medium,2,9,2026-04-08 07:35:04
1287,397,High,23,8,2025-12-30 05:40:15
1288,398,Medium,31,8,2025-12-28 22:22:57
1289,398,Low,5,8,2026-04-25 05:20:40
1290,398,Medium,34,7,2026-03-30 22:08:09
1291,399,Medium,112,2,2026-05-15 17:08:13
1292,399,Low,34,2,2026-01-14 11:08:14
1293,399,High,54,1,2026-02-24 06:55:30
1294,400,High,23,8,2025-12-12 08:37:08
1295,400,Medium,9,8,2025-12-22 07:04:17
1296,400,Low,21,6,2026-04-03 21:54:30
1297,401,Low,28,7,2026-03-07 17:59:41
1298,401,Low,46,8,2026-05-14 03:26:42
1299,401,Medium,7,9,2026-05-16 01:51:22
1300,402,Medium,16,9,2025-12-24 16:29:38
1301,402,High,33,9,2026-04-26 18:20:31
1302,402,Low,4,8,2026-05-01 17:58:56
1303,402,Medium,40,6,2026-03-04 05:12:36
1304,403,High,37,8,2026-05-18 12:59:59
1305,403,Medium,29,9,2026-05-01 03:03:03
1306,404,Medium,36,9,2026-05-03 23:27:57
1307,405,Low,38,8,2026-01-02 19:43:14
1308,406,High,37,9,2025-11-28 21:14:11
1309,406,Low,35,8,2025-12-03 05:42:34
1310,406,High,27,9,2026-05-16 06:23:46
1311,406,High,22,7,2026-02-06 23:04:51
1312,407,Medium,7,6,2026-03-28 15:16:37
1313,408,High,22,6,2026-03-12 16:34:32
1314,408,High,2,7,2026-01-15 19:45:20
1315,409,Low,114,5,2026-03-20 16:03:51
1316,409,Low,102,5,2026-02-02 15:18:59
1317,409,Low,33,2,2026-01-04 20:20:41
1318,409,Medium,62,5,2026-04-18 08:00:37
1319,409,Low,88,5,2026-01-27 02:53:58
1320,410,High,21,7,2025-12-18 14:03:45
1321,411,High,45,6,2026-04-30 15:05:54
1322,412,Low,76,2,2026-03-13 06:16:22
1323,412,High,68,4,2026-02-15 02:05:55
1324,412,Medium,104,3,2026-03-23 12:47:46
1325,412,Medium,83,3,2026-01-27 16:22:18
1326,413,High,21,9,2026-03-11 06:25:59
1327,413,Medium,26,7,2026-03-04 21:55:36
1328,413,High,4,7,2025-11-25 11:35:37
1329,413,High,18,9,2026-03-24 16:59:32
1330,414,Medium,35,6,2026-01-20 19:05:02
1331,414,High,29,9,2025-11-21 15:13:04
1332,414,Medium,29,7,2026-03-12 21:48:59
1333,414,Low,42,6,2026-01-04 18:29:54
1334,415,Low,42,6,2026-01-02 13:53:36
1335,415,Medium,41,9,2025-12-07 10:01:21
1336,415,Medium,17,9,2026-02-07 02:03:43
1337,416,Medium,32,1,2026-02-23 05:00:59
1338,416,High,24,2,2026-03-02 20:01:54
1339,416,Low,83,5,2026-04-09 08:04:43
1340,416,Medium,33,2,2026-03-10 11:47:57
1341,416,High,81,4,2026-04-12 06:36:42
1342,416,Low,44,4,2025-12-23 15:35:04
1343,416,Medium,98,2,2026-04-03 01:39:22
1344,417,Medium,8,8,2026-03-28 14:44:52
1345,417,Low,22,9,2026-02-09 09:47:52
1346,417,Low,15,6,2025-11-29 12:19:17
1347,418,Medium,23,9,2026-03-13 07:00:07
1348,418,Low,45,8,2026-05-01 06:49:19
1349,420,Medium,92,4,2025-12-20 03:56:26
1350,420,High,88,5,2026-02-16 07:53:42
1351,420,High,31,5,2026-03-25 15:59:25
1352,420,High,95,1,2025-11-19 19:30:49
1353,420,Low,110,3,2026-02-24 10:43:31
1354,420,Medium,24,5,2026-02-18 07:16:33
1355,420,High,74,3,2026-03-01 11:40:29
1356,420,High,47,1,2026-02-08 12:42:50
1357,420,Low,28,4,2026-03-12 22:17:03
1358,421,High,44,2,2026-01-03 22:46:54
1359,421,Medium,54,4,2026-01-16 17:46:15
1360,421,High,34,4,2026-05-07 04:23:25
1361,421,Low,38,3,2025-11-28 15:43:54
1362,421,Low,30,3,2026-04-10 05:15:04
1363,421,Medium,51,3,2026-05-10 16:18:26
1364,421,Low,81,5,2025-11-25 06:34:20
1365,421,Medium,28,2,2026-01-02 03:00:37
1366,423,High,38,8,2026-03-05 23:46:35
1367,423,Low,32,9,2026-03-29 13:12:23
1368,423,Low,28,6,2026-03-12 14:33:18
1369,423,Low,31,9,2026-04-10 04:05:34
1370,424,Medium,48,1,2026-01-21 01:20:28
1371,424,High,89,2,2025-12-11 16:47:32
1372,424,High,90,1,2026-04-25 18:29:48
1373,424,High,59,4,2026-05-14 21:54:51
1374,424,Low,101,1,2026-05-08 12:53:50
1375,424,Medium,64,1,2026-04-14 15:14:22
1376,424,Medium,85,2,2026-05-08 10:48:15
1377,424,Medium,33,5,2026-05-02 20:02:38
1378,424,Medium,59,4,2025-12-19 07:26:20
1379,424,Medium,114,2,2026-03-22 07:05:09
1380,425,High,36,5,2025-12-15 23:08:50
1381,425,High,55,4,2026-02-05 03:41:01
1382,425,Low,34,2,2026-05-07 00:39:56
1383,425,High,38,1,2026-01-14 00:04:56
1384,425,High,63,2,2026-03-24 08:58:42
1385,425,Medium,78,1,2025-12-14 03:49:45
1386,425,Low,48,3,2026-05-01 17:36:55
1387,425,Medium,101,4,2026-02-05 23:46:29
1388,427,Medium,112,2,2026-03-01 09:46:18
1389,427,Medium,45,4,2026-01-07 16:49:23
1390,427,High,53,4,2026-03-06 09:51:47
1391,427,High,108,4,2025-12-18 10:35:32
1392,427,High,55,3,2026-03-30 11:55:54
1393,427,Low,69,1,2026-05-17 00:44:12
1394,427,Medium,44,3,2026-03-31 20:13:15
1395,427,Low,55,1,2026-03-17 04:19:35
1396,427,High,35,1,2026-02-14 09:11:56
1397,428,Medium,47,7,2025-11-21 12:55:50
1398,429,High,21,6,2025-12-07 17:17:35
1399,429,High,21,7,2026-03-26 23:18:13
1400,430,Low,8,7,2025-12-29 07:04:46
1401,430,High,40,7,2026-03-03 21:56:59
1402,430,High,7,8,2026-05-15 02:55:26
1403,432,High,44,9,2026-02-15 16:26:39
1404,432,Medium,11,9,2025-11-22 02:50:34
1405,433,Low,22,7,2026-05-07 12:48:28
1406,433,High,43,6,2026-02-06 04:50:02
1407,434,Low,22,9,2026-03-17 02:15:16
1408,434,High,29,6,2026-05-17 18:23:21
1409,434,High,18,7,2026-01-04 13:56:51
1410,434,Medium,29,6,2026-03-21 23:25:00
1411,435,Medium,15,9,2026-04-07 12:32:22
1412,435,Low,27,7,2026-04-18 01:31:50
1413,435,Medium,31,8,2025-12-10 10:56:21
1414,435,Medium,23,9,2025-11-19 15:27:52
1415,436,Low,67,5,2025-11-19 23:43:16
1416,436,Medium,45,3,2026-01-11 13:38:36
1417,436,Medium,60,5,2026-01-13 13:36:42
1418,436,Low,79,3,2025-12-26 18:35:01
1419,436,Low,86,3,2026-05-18 11:25:46
1420,437,Low,23,6,2025-12-20 21:46:40
1421,438,Medium,53,4,2026-04-06 12:30:25
1422,438,Low,48,5,2026-03-26 07:36:00
1423,438,High,31,2,2025-11-29 18:38:23
1424,438,High,81,1,2026-05-13 16:59:12
1425,439,Low,44,6,2025-11-28 13:54:54
1426,439,High,3,6,2025-11-27 17:12:31
1427,439,Medium,4,9,2026-04-14 17:31:10
1428,439,High,35,9,2026-04-27 14:27:11
1429,440,High,87,2,2026-04-30 08:45:13
1430,440,Medium,112,2,2026-04-30 03:35:16
1431,440,Low,44,3,2026-05-08 08:17:20
1432,440,Low,50,2,2026-04-22 16:53:33
1433,440,Low,64,5,2025-11-23 20:36:20
1434,441,Low,9,9,2026-02-14 17:01:58
1435,441,High,36,7,2026-02-26 15:03:23
1436,441,Medium,42,7,2026-01-27 06:07:33
1437,441,Low,12,6,2026-01-09 00:20:28
1438,442,Medium,14,7,2026-02-09 21:07:28
1439,442,High,34,6,2025-12-10 19:09:59
1440,442,High,20,8,2026-02-27 11:47:00
1441,443,Medium,16,8,2025-12-22 18:52:46
1442,444,Medium,31,8,2026-05-04 14:50:13
1443,444,High,6,9,2026-05-02 02:29:58
1444,444,Medium,19,6,2026-05-07 20:28:32
1445,444,Low,4,8,2025-12-04 03:39:11
1446,445,Medium,27,4,2026-02-15 16:34:22
1447,445,Medium,33,3,2026-01-25 10:20:35
1448,445,Low,49,5,2026-02-10 00:46:35
1449,445,Medium,108,5,2026-03-24 21:51:13
1450,445,High,97,4,2026-03-09 07:03:26
1451,445,High,83,1,2025-12-27 18:52:29
1452,446,Medium,45,9,2026-01-08 18:55:17
1453,446,Medium,17,8,2026-03-29 17:09:58
1454,446,Medium,7,9,2026-03-26 22:27:36
1455,447,High,29,7,2026-01-08 10:38:13
1456,447,Medium,3,9,2026-05-19 12:00:18
1457,447,Low,37,9,2025-11-21 15:33:32
1458,447,Low,4,9,2025-12-06 23:56:14
1459,448,Low,24,7,2026-02-25 00:23:53
1460,448,Medium,30,7,2025-11-29 21:56:19
1461,448,Low,19,8,2026-03-29 05:42:56
1462,448,High,19,6,2026-01-26 16:06:57
1463,449,Medium,46,8,2025-12-02 02:28:32
1464,449,High,22,9,2025-12-04 08:37:34
1465,449,Low,45,9,2026-02-08 00:17:06
1466,450,Low,30,7,2025-12-31 09:07:17
1467,450,Medium,38,6,2026-02-01 23:35:04
1468,450,Low,31,9,2026-05-06 22:15:18
1469,450,Low,19,9,2026-02-04 23:33:39
1470,451,Medium,68,4,2026-01-31 16:38:29
1471,451,High,117,1,2025-11-25 01:59:44
1472,451,Low,78,1,2025-12-05 02:59:43
1473,451,Medium,41,4,2026-01-27 12:20:47
1474,451,Low,115,3,2025-12-16 23:02:28
1475,451,Low,70,3,2025-12-27 12:02:10
1476,451,Medium,80,4,2026-03-25 09:12:00
1477,452,Low,45,6,2025-12-31 08:59:59
1478,452,Medium,17,7,2026-01-07 03:09:27
1479,454,High,4,9,2026-01-15 15:39:14
1480,454,Medium,47,8,2026-04-07 22:50:37
1481,454,Low,15,7,2025-12-31 10:02:49
1482,455,Low,47,7,2026-03-14 08:07:09
1483,455,Medium,11,8,2026-04-12 06:47:32
1484,455,Low,9,7,2026-01-02 12:08:57
1485,456,Medium,39,5,2026-05-14 04:44:43
1486,456,Low,84,2,2025-12-23 11:54:12
1487,456,High,73,3,2026-01-15 06:32:05
1488,457,Low,100,3,2026-03-21 16:42:08
1489,457,Low,117,5,2026-01-22 05:09:59
1490,457,Low,93,1,2026-01-21 23:04:52
1491,457,Medium,74,5,2025-11-28 10:54:19
1492,457,Medium,42,2,2026-01-21 06:59:56
1493,457,High,58,2,2025-12-02 01:23:29
1494,457,Low,92,5,2026-01-02 16:49:18
1495,457,High,87,5,2026-03-20 17:44:08
1496,458,Medium,20,6,2026-02-15 17:19:33
1497,458,High,21,7,2026-01-02 19:18:06
1498,458,Low,5,9,2026-05-09 08:09:29
1499,461,Low,6,7,2025-11-23 21:16:00
1500,461,Low,4,7,2026-02-26 13:07:14
1501,462,Low,62,2,2026-04-28 18:11:18
1502,462,Medium,58,1,2026-03-25 01:04:13
1503,462,Low,47,1,2025-12-27 16:42:08
1504,462,Medium,93,1,2026-03-02 16:43:07
1505,462,Low,77,4,2026-05-19 09:14:44
1506,462,Low,83,1,2026-05-09 12:34:36
1507,462,Low,54,4,2026-04-03 00:49:04
1508,462,Medium,47,1,2025-11-28 19:17:22
1509,462,High,59,5,2026-03-29 09:28:48
1510,463,Medium,30,9,2026-04-16 09:08:54
1511,463,Low,44,7,2026-03-05 10:05:03
1512,463,Low,30,7,2025-12-16 09:28:25
1513,463,Medium,28,8,2026-02-16 08:38:18
1514,464,High,58,4,2026-04-19 05:53:23
1515,464,High,37,2,2025-11-29 05:27:52
1516,464,High,103,2,2026-04-13 08:59:21
1517,465,High,112,5,2026-05-07 23:21:03
1518,465,Low,93,4,2026-05-14 05:30:05
1519,465,Medium,96,5,2025-12-21 19:07:22
1520,465,Medium,79,3,2026-02-17 19:30:36
1521,465,Low,107,2,2026-02-04 00:40:11
1522,465,High,80,5,2025-11-22 11:52:32
1523,466,Low,4,7,2026-04-20 22:52:49
1524,466,High,33,8,2026-02-09 15:27:11
1525,467,Low,7,7,2026-01-22 19:36:21
1526,467,High,15,7,2026-04-09 10:45:40
1527,467,High,32,9,2026-03-28 17:01:21
1528,468,High,98,4,2026-04-02 23:26:25
1529,468,Medium,111,5,2026-02-20 15:15:58
1530,468,Low,65,2,2026-04-04 09:18:23
1531,468,High,37,1,2026-03-03 21:14:08
1532,469,High,37,7,2026-01-28 06:17:21
1533,469,High,21,7,2026-05-19 01:17:26
1534,469,High,5,8,2026-02-06 00:19:03
1535,469,Low,23,7,2026-05-01 19:24:30
1536,470,Medium,37,9,2026-05-18 07:11:00
1537,470,Low,19,8,2025-12-09 05:49:31
1538,470,High,25,6,2026-04-01 13:55:19
1539,471,Medium,12,6,2026-01-02 09:50:59
1540,471,Medium,41,6,2026-01-31 08:17:36
1541,471,High,4,8,2026-03-23 11:44:31
1542,473,Low,94,1,2025-12-24 06:26:57
1543,473,Medium,104,5,2025-12-25 20:48:54
1544,473,Low,84,2,2026-01-05 01:39:04
1545,473,High,51,2,2026-01-27 08:11:46
1546,473,High,66,1,2026-02-04 02:05:14
1547,473,High,62,1,2026-03-05 22:08:05
1548,473,Low,40,2,2026-05-09 20:40:28
1549,473,High,93,2,2026-01-17 10:43:15
1550,474,Low,88,2,2026-01-26 19:37:19
1551,474,Low,108,5,2026-02-18 07:42:25
1552,474,Medium,25,1,2026-02-17 10:16:02
1553,474,High,89,2,2026-01-07 23:43:37
1554,474,Medium,39,3,2025-12-30 04:50:18
1555,474,High,62,4,2026-04-02 06:24:42
1556,474,Low,111,4,2026-01-21 14:03:23
1557,474,High,82,2,2025-11-29 15:21:03
1558,475,High,35,9,2026-03-05 18:44:19
1559,475,Medium,32,8,2025-12-28 22:15:57
1560,475,High,21,9,2026-03-13 10:35:14
1561,476,Low,26,8,2026-05-14 17:24:17
1562,478,Low,4,7,2026-03-08 21:40:48
1563,478,Medium,22,8,2026-02-28 12:13:55
1564,478,Low,40,6,2025-11-29 12:46:21
1565,479,Low,102,4,2026-02-07 09:27:38
1566,479,Low,115,3,2026-01-21 07:04:18
1567,479,Medium,63,2,2025-11-27 03:19:11
1568,480,High,28,7,2026-02-21 04:07:08
1569,480,Medium,2,6,2025-12-04 18:06:31
1570,481,Medium,3,9,2026-04-14 02:03:09
1571,481,Medium,44,6,2026-04-21 19:43:56
1572,481,Low,42,9,2026-03-10 03:56:48
1573,481,High,35,7,2026-04-28 03:50:43
1574,482,Medium,62,4,2026-05-11 17:00:31
1575,482,Medium,46,1,2026-02-17 04:48:09
1576,482,Low,73,3,2026-03-26 20:37:04
1577,482,High,42,5,2026-01-13 23:16:43
1578,482,Medium,74,3,2026-03-15 17:47:02
1579,482,Medium,35,2,2026-01-24 09:03:30
1580,484,Medium,8,9,2026-04-13 05:21:39
1581,484,Medium,28,6,2025-11-29 04:44:34
1582,485,Medium,59,5,2025-12-05 09:04:10
1583,485,Medium,108,1,2026-04-12 10:40:05
1584,485,Low,70,2,2026-04-19 21:46:33
1585,485,Medium,65,4,2025-12-15 21:09:12
1586,485,High,107,4,2026-03-02 00:38:43
1587,485,Medium,25,3,2026-03-08 05:01:05
1588,485,Medium,26,3,2026-05-07 02:55:25
1589,485,High,63,1,2026-03-27 11:35:31
1590,485,Medium,115,1,2026-03-05 01:46:49
1591,485,Low,31,5,2026-01-09 09:38:35
1592,486,Low,55,4,2026-02-28 12:42:11
1593,486,Medium,71,3,2026-01-29 19:46:05
1594,486,High,27,3,2026-03-21 15:54:43
1595,486,Low,55,1,2026-04-18 01:04:53
1596,486,High,35,3,2026-01-02 15:21:39
1597,486,Medium,69,1,2026-03-09 10:47:05
1598,486,Medium,86,5,2026-04-04 01:18:11
1599,486,Low,44,5,2026-04-15 11:32:47
1600,486,Low,57,4,2025-12-03 19:48:10
1601,487,High,28,7,2026-04-04 00:01:40
1602,487,Medium,31,8,2025-12-26 22:17:14
1603,488,Medium,27,6,2026-05-16 23:45:18
1604,488,High,25,8,2026-02-28 20:37:04
1605,489,Low,91,1,2026-05-18 13:29:52
1606,489,High,43,2,2026-02-21 09:08:38
1607,489,Medium,49,5,2026-04-08 03:35:58
1608,489,Medium,84,4,2026-01-10 15:17:03
1609,489,Medium,116,1,2026-04-25 01:26:04
1610,489,Low,73,3,2025-12-01 08:26:15
1611,489,High,83,4,2026-01-17 23:00:48
1612,489,Medium,34,2,2026-01-31 02:20:45
1613,489,High,70,4,2026-03-28 14:45:59
1614,490,Medium,44,6,2026-03-05 02:59:01
1615,490,High,21,9,2026-01-26 17:42:17
1616,490,Low,34,7,2025-11-27 10:51:59
1617,492,Medium,3,9,2026-02-10 15:10:11
1618,492,High,28,7,2025-12-13 02:35:06
1619,492,High,26,9,2026-02-13 19:05:47
1620,493,Low,21,9,2026-01-27 15:01:59
1621,494,High,113,1,2026-04-26 20:46:02
1622,494,High,108,3,2026-03-03 11:56:26
1623,494,Medium,75,2,2026-04-21 00:40:04
1624,494,Low,64,3,2026-01-18 17:40:52
1625,494,Low,70,2,2026-02-13 19:53:35
1626,496,High,11,6,2026-04-16 17:01:25
1627,497,Medium,23,9,2026-05-19 12:04:22
1628,497,Medium,22,6,2026-03-24 16:43:45
1629,498,Low,5,9,2026-02-21 01:55:08
1630,498,High,11,7,2026-03-20 20:32:27
1631,498,Low,15,8,2026-01-29 11:59:39
1632,498,High,35,6,2026-05-03 15:31:00
1633,499,Medium,107,5,2026-01-11 21:37:02
1634,499,Medium,39,2,2025-12-28 16:25:15
1635,499,Medium,89,3,2026-03-14 01:03:37
1636,499,Low,63,4,2026-01-17 14:17:08
1637,499,High,70,1,2026-04-30 17:12:25
1638,499,Low,43,4,2026-04-27 12:54:42
1639,499,High,24,3,2026-01-15 03:52:56
1640,499,Medium,27,2,2026-02-25 09:44:25
1641,499,Medium,48,5,2026-03-30 21:43:04
1642,499,Medium,80,5,2026-03-17 15:04:15
1643,500,Low,46,9,2026-01-28 11:55:47
1644,500,Low,14,9,2026-02-04 07:06:04
1645,501,High,99,1,2026-03-16 05:32:49
1646,501,Low,62,1,2026-04-19 08:03:56
1647,501,Medium,100,2,2026-02-01 01:58:37
1648,502,High,29,3,2025-12-21 16:40:51
1649,502,Low,114,3,2026-04-07 15:36:45
1650,502,Medium,114,2,2025-11-26 21:51:27
1651,502,Medium,69,4,2026-01-13 05:00:33
1652,502,High,95,3,2026-03-01 01:13:44
1653,502,Medium,42,3,2026-04-26 17:53:26
1654,502,Low,107,1,2026-05-17 10:36:36
1655,502,High,48,2,2026-03-29 23:14:44
1656,502,Medium,110,1,2026-05-12 02:03:48
1657,503,Low,19,7,2026-03-11 18:37:56
1658,503,Low,3,7,2026-03-17 06:35:07
1659,503,Low,19,6,2025-11-22 18:41:26
1660,504,Medium,51,4,2025-12-11 06:41:29
1661,504,Low,68,1,2026-05-14 09:49:57
1662,504,High,42,4,2026-01-21 20:13:58
1663,504,Medium,37,5,2026-05-09 15:46:12
1664,506,High,84,4,2026-05-10 12:16:35
1665,506,Medium,63,1,2025-12-22 23:12:08
1666,506,High,53,1,2026-01-05 10:49:52
1667,506,Low,87,1,2026-05-09 12:49:39
1668,506,High,75,1,2026-01-12 09:47:23
1669,506,High,37,3,2025-11-20 10:17:08
1670,506,Medium,76,3,2026-02-21 13:07:33
1671,506,Medium,82,1,2026-03-31 14:39:02
1672,507,High,4,8,2025-12-28 16:07:37
1673,508,Medium,4,9,2026-04-08 18:59:53
1674,509,Low,31,2,2025-12-15 09:46:15
1675,509,Low,109,1,2025-12-26 08:40:46
1676,509,Low,78,5,2026-03-21 15:54:57
1677,509,Low,85,1,2026-05-07 05:48:34
1678,509,Medium,71,4,2025-11-30 00:31:13
1679,509,Low,58,3,2026-04-16 23:25:58
1680,510,High,46,7,2026-03-20 20:17:49
1681,510,High,21,8,2026-04-30 15:19:40
1682,511,Medium,21,6,2026-01-23 00:49:30
1683,511,High,20,6,2026-05-03 00:23:08
1684,512,High,3,9,2026-03-31 23:07:29
1685,515,Medium,33,6,2026-03-29 20:17:09
1686,515,High,9,6,2025-11-27 18:26:59
1687,516,High,9,9,2026-05-17 04:41:01
1688,516,Medium,35,6,2025-11-24 06:34:41
1689,516,Medium,34,9,2025-12-19 21:51:55
1690,517,Low,32,6,2026-04-19 07:29:37
1691,517,Low,8,6,2026-03-25 05:47:56
1692,517,Medium,23,8,2026-03-02 01:23:05
1693,517,High,40,9,2026-05-03 10:07:36
1694,519,Medium,12,7,2026-05-03 08:30:24
1695,519,High,47,8,2026-04-27 21:21:52
1696,519,High,41,8,2026-03-12 00:21:22
1697,520,Low,26,9,2025-12-17 20:48:05
1698,520,High,29,7,2026-04-29 11:42:26
1699,521,Low,40,6,2026-02-28 08:56:07
1700,521,Low,38,9,2025-12-30 17:31:34
1701,521,Medium,29,8,2025-12-27 12:14:06
1702,521,High,4,8,2025-11-30 05:23:32
1703,522,Low,94,4,2026-02-19 19:43:15
1704,522,High,51,4,2026-01-04 07:11:46
1705,522,Low,45,4,2026-03-20 20:53:39
1706,523,Low,68,3,2026-02-12 17:45:21
1707,523,Low,109,4,2026-03-24 23:54:52
1708,523,Medium,89,2,2026-05-06 23:28:26
1709,523,High,114,1,2026-02-14 22:07:29
1710,523,Low,24,1,2026-04-06 11:43:22
1711,523,Medium,105,1,2026-04-21 12:51:23
1712,523,High,84,4,2026-01-16 01:13:53
1713,524,Low,6,7,2026-01-13 06:38:03
1714,524,Medium,27,9,2026-03-11 08:26:49
1715,525,High,19,9,2025-12-27 23:33:26
1716,526,Medium,42,6,2026-01-04 21:23:57
1717,526,Low,29,6,2026-01-22 04:10:36
1718,526,High,35,9,2025-11-24 01:32:34
1719,526,Medium,14,8,2026-04-22 21:40:37
1720,527,High,45,9,2026-04-26 23:50:24
1721,527,Low,13,6,2025-12-16 06:19:16
1722,527,High,38,6,2025-12-02 20:39:40
1723,527,High,46,6,2026-03-17 01:49:25
1724,528,High,8,8,2026-01-20 02:55:08
1725,529,Low,43,4,2026-02-04 05:22:31
1726,529,High,113,5,2026-03-31 10:56:13
1727,529,High,72,2,2026-02-18 05:33:28
1728,529,High,77,1,2026-01-09 01:42:05
1729,529,High,32,5,2026-04-18 23:22:49
1730,530,High,41,6,2026-01-24 13:51:56
1731,530,Low,24,6,2026-05-15 23:17:21
1732,532,Low,74,3,2025-12-12 20:48:46
1733,532,High,62,1,2026-05-19 01:10:48
1734,532,High,62,5,2025-12-21 10:47:31
1735,532,Medium,87,3,2026-05-02 09:02:17
1736,533,High,42,3,2026-05-10 22:13:34
1737,533,Medium,100,5,2026-02-20 12:05:20
1738,533,High,24,4,2025-12-25 13:14:58
1739,533,High,42,4,2026-05-13 19:58:11
1740,533,Low,95,5,2026-02-23 08:42:05
1741,533,Medium,35,5,2026-04-16 06:11:13
1742,534,Medium,33,6,2026-04-05 03:38:53
1743,534,High,26,8,2026-04-02 09:55:02
1744,534,Medium,28,7,2026-03-09 18:23:16
1745,534,Medium,5,9,2026-02-18 19:18:33
1746,535,High,48,3,2026-03-15 05:30:51
1747,535,Medium,69,5,2026-04-14 07:19:27
1748,535,Medium,70,1,2026-01-30 14:02:17
1749,535,Medium,70,4,2026-01-01 08:30:53
1750,535,Low,105,2,2025-12-12 14:35:38
1751,535,High,89,4,2025-11-23 16:35:29
1752,537,Medium,30,6,2026-05-10 18:31:08
1753,538,Medium,36,7,2026-04-12 10:18:56
1754,538,Medium,37,8,2026-03-29 22:44:50
1755,538,Low,47,9,2026-04-22 21:39:02
1756,539,High,63,4,2025-12-17 10:19:01
1757,539,Low,99,2,2025-12-19 07:12:58
1758,539,Medium,38,1,2026-01-10 13:07:33
1759,539,High,62,2,2025-11-26 07:08:01
1760,539,Medium,86,5,2026-05-12 12:31:01
1761,539,High,97,2,2026-05-09 19:39:45
1762,539,Medium,74,3,2026-05-08 20:37:15
1763,539,Medium,100,2,2025-12-31 00:05:47
1764,540,Medium,14,7,2025-12-26 20:41:02
1765,541,High,9,6,2026-01-30 01:47:42
1766,541,Low,39,9,2026-02-25 19:39:36
1767,541,Medium,3,9,2026-03-11 14:50:18
1768,541,Low,6,8,2026-01-18 01:38:38
1769,542,Low,2,6,2026-03-21 10:20:07
1770,542,Medium,38,8,2026-02-20 04:55:51
1771,542,Medium,16,7,2026-04-01 16:31:18
1772,543,Low,40,7,2026-02-22 00:03:25
1773,545,Medium,104,1,2026-02-04 23:56:38
1774,545,Medium,35,3,2026-01-23 17:33:14
1775,545,High,88,5,2025-12-10 07:02:42
1776,546,Low,15,7,2026-02-19 13:11:22
1777,546,Low,37,6,2025-12-25 00:55:44
1778,546,Medium,31,6,2026-03-25 12:59:40
1779,547,High,23,9,2025-12-25 02:38:57
1780,547,Medium,38,9,2026-03-13 02:24:05
1781,547,Low,21,7,2026-01-09 14:17:46
1782,547,Low,43,7,2025-11-29 06:06:37
1783,548,High,36,8,2026-01-26 00:10:49
1784,548,Medium,45,8,2026-03-23 04:20:12
1785,548,Medium,9,6,2026-01-15 15:02:27
1786,549,Medium,38,7,2026-03-17 14:36:04
1787,549,Low,30,9,2026-02-12 11:37:01
1788,551,High,44,7,2026-04-30 18:57:11
1789,551,Medium,32,8,2026-03-10 14:30:24
1790,551,Low,3,9,2025-12-27 06:58:45
1791,552,High,67,1,2026-04-14 17:21:14
1792,552,Medium,86,3,2025-12-29 11:55:28
1793,552,Low,71,2,2026-01-10 17:38:51
1794,552,Low,80,4,2026-05-15 04:15:23
1795,552,Medium,56,2,2026-01-31 11:45:33
1796,552,Medium,79,4,2026-03-20 20:49:30
1797,553,High,37,8,2025-12-10 20:19:23
1798,553,High,4,6,2026-01-29 02:44:39
1799,553,Medium,1,6,2026-05-04 22:05:38
1800,553,Medium,47,9,2026-01-30 19:24:47
1801,554,Low,19,6,2026-02-06 15:13:01
1802,554,Low,10,9,2026-01-13 00:57:36
1803,554,Medium,18,9,2026-03-09 19:15:07
1804,554,Low,35,8,2026-01-02 20:02:25
1805,555,High,47,8,2026-04-08 17:36:04
1806,555,Medium,27,7,2026-02-01 23:16:02
1807,556,Medium,11,6,2026-01-14 12:06:44
1808,556,Low,38,9,2025-12-25 06:48:17
1809,556,Medium,5,9,2025-12-07 17:00:22
1810,558,High,34,9,2026-02-23 03:25:24
1811,558,Low,12,7,2026-01-07 01:28:40
1812,558,Medium,1,8,2025-11-18 17:14:33
1813,558,High,4,6,2026-03-20 07:40:56
1814,559,Low,45,7,2026-02-19 14:17:06
1815,559,Medium,5,7,2025-12-12 21:53:13
1816,560,Medium,24,8,2026-03-29 10:09:20
1817,560,High,3,8,2025-12-18 15:30:38
1818,560,Medium,45,9,2026-04-07 08:49:44
1819,560,High,26,8,2026-02-01 01:47:13
1820,561,Low,46,7,2026-02-05 04:39:11
1821,561,Low,43,9,2026-01-17 14:26:16
1822,561,Low,27,7,2026-01-30 16:37:18
1823,561,Medium,6,8,2025-12-03 16:33:14
1824,562,Medium,15,6,2026-03-24 05:41:31
1825,562,High,30,7,2026-01-18 19:18:58
1826,563,Low,37,7,2026-01-25 09:43:03
1827,563,Low,37,7,2026-03-10 23:18:24
1828,564,High,37,8,2026-01-31 07:58:53
1829,564,Medium,23,7,2026-05-19 18:39:38
1830,564,High,4,7,2026-04-25 06:07:02
1831,564,Low,9,6,2026-01-07 18:15:10
1832,565,Low,52,5,2026-01-11 01:31:43
1833,565,Low,82,4,2025-12-04 21:54:11
1834,565,High,40,5,2026-02-06 20:07:55
1835,566,Medium,32,9,2026-03-01 08:47:28
1836,566,High,22,9,2025-12-12 08:09:18
1837,567,Low,5,6,2026-03-03 15:51:36
1838,567,High,41,6,2026-04-27 02:00:57
1839,567,High,13,7,2026-03-10 12:40:05
1840,568,Medium,45,7,2026-02-06 02:26:47
1841,569,Medium,23,8,2025-12-02 14:11:06
1842,569,Low,3,7,2025-11-21 22:52:46
1843,569,Medium,34,9,2026-01-28 11:16:03
1844,569,High,45,8,2025-12-20 22:27:20
1845,570,High,108,4,2025-11-28 15:03:30
1846,570,Medium,44,4,2026-01-07 11:45:29
1847,570,High,34,4,2026-04-16 12:01:37
1848,570,High,24,4,2026-02-07 21:21:47
1849,570,High,86,5,2026-02-22 14:29:08
1850,570,Medium,36,2,2026-04-27 13:47:29
1851,570,High,34,4,2026-02-12 10:50:45
1852,571,Medium,17,8,2026-03-11 18:04:52
1853,571,Medium,18,9,2026-01-19 04:23:59
1854,571,Low,22,6,2025-11-28 11:09:32
1855,571,Medium,24,7,2025-12-18 17:52:03
1856,572,High,42,5,2025-12-27 15:58:37
1857,572,Low,108,4,2026-05-03 16:42:18
1858,572,Medium,28,1,2025-12-07 14:17:08
1859,572,High,59,3,2026-05-10 05:33:38
1860,572,Medium,87,3,2025-12-13 03:05:14
1861,572,High,34,5,2025-11-29 18:38:49
1862,572,High,70,4,2026-01-23 07:57:58
1863,572,High,44,3,2026-03-23 11:23:02
1864,574,Medium,39,9,2026-03-23 12:06:52
1865,574,Medium,5,6,2026-01-20 10:42:15
1866,574,High,20,6,2026-03-27 15:47:27
1867,574,High,46,7,2026-04-01 18:59:33
1868,575,High,35,1,2026-03-03 18:36:50
1869,575,Low,42,2,2026-04-19 20:19:46
1870,575,High,71,4,2025-12-11 20:17:55
1871,575,Medium,75,2,2026-01-26 09:55:23
1872,575,Low,98,1,2026-01-09 06:56:38
1873,575,High,85,3,2025-12-10 00:45:08
1874,576,Medium,11,9,2026-05-10 23:18:12
1875,576,Low,17,8,2025-12-09 18:36:12
1876,576,High,14,8,2026-01-18 16:55:38
1877,576,Low,18,9,2026-03-17 20:56:19
1878,578,High,47,8,2026-05-06 07:49:18
1879,578,Low,47,9,2026-01-04 09:51:23
1880,578,Low,7,6,2026-02-22 19:22:20
1881,578,Low,35,9,2025-12-13 06:30:23
1882,579,Medium,9,9,2026-01-29 15:47:46
1883,579,Medium,45,6,2026-02-21 18:57:53
1884,579,Low,17,6,2026-02-28 09:28:12
1885,580,High,33,9,2026-02-07 18:59:04
1886,580,Low,8,8,2026-05-15 05:42:02
1887,580,Medium,38,8,2025-11-20 07:11:00
1888,581,High,5,6,2026-05-07 05:41:03
1889,581,Medium,47,7,2026-03-16 13:42:23
1890,581,High,31,8,2026-03-12 18:35:13
1891,581,High,16,7,2026-03-27 09:20:08
1892,583,High,119,5,2026-03-01 04:26:15
1893,583,Low,109,3,2025-11-23 03:30:18
1894,583,High,90,2,2026-01-14 02:29:04
1895,583,Medium,65,5,2026-01-25 21:11:25
1896,583,High,103,4,2025-12-24 07:50:18
1897,584,High,2,6,2026-03-27 09:18:31
1898,584,Medium,24,8,2025-12-13 14:49:24
1899,584,Medium,30,6,2025-11-25 10:05:36
1900,585,Medium,30,8,2026-02-19 08:31:22
1901,586,Medium,35,8,2025-12-30 11:31:32
1902,586,High,8,7,2026-03-02 18:02:24
1903,586,Medium,40,8,2026-04-30 10:54:18
1904,586,High,30,8,2026-01-20 00:32:53
1905,587,High,90,1,2025-12-01 19:35:10
1906,587,Medium,59,1,2026-01-07 19:29:17
1907,587,Low,60,1,2025-12-26 05:43:03
1908,587,Low,38,5,2026-02-04 12:49:30
1909,587,Medium,36,5,2026-05-11 12:30:15
1910,587,High,83,1,2026-03-25 18:46:03
1911,587,Medium,24,4,2025-12-22 08:42:15
1912,588,Medium,35,7,2025-12-12 11:44:10
1913,589,High,40,8,2026-05-17 10:35:59
1914,589,Low,9,7,2025-11-21 08:54:09
1915,590,Medium,69,4,2026-03-20 18:00:46
1916,590,Medium,53,3,2026-01-06 12:54:06
1917,590,Medium,95,3,2026-01-19 16:33:19
1918,590,High,37,4,2026-03-25 20:21:09
1919,590,High,100,5,2026-04-24 00:28:02
1920,590,Medium,119,2,2025-12-27 21:14:02
1921,590,Medium,68,5,2026-02-22 23:55:20
1922,590,Low,106,3,2026-05-01 03:37:35
1923,590,High,39,2,2026-03-31 21:15:41
1924,590,High,63,1,2025-12-11 21:26:41
1925,591,Medium,34,7,2026-03-27 02:30:12
1926,591,Medium,16,7,2025-12-27 14:48:39
1927,591,Medium,2,7,2026-03-08 07:53:47
1928,591,Low,26,6,2025-11-21 20:32:57
1929,592,Low,47,8,2026-03-14 19:07:37
1930,592,Medium,34,8,2026-05-02 01:48:21
1931,594,Medium,3,9,2026-03-21 08:25:33
1932,594,High,23,7,2026-01-17 13:04:24
1933,595,High,27,7,2026-04-29 15:38:56
1934,595,Medium,29,8,2025-12-31 11:21:47
1935,596,Low,39,6,2026-01-28 05:31:57
1936,597,Medium,17,6,2025-12-04 09:07:49
1937,597,High,30,6,2026-01-28 12:45:16
1938,597,High,13,6,2026-03-10 12:48:50
1939,597,Medium,19,6,2026-04-16 19:06:32
1940,598,Low,19,6,2026-02-12 15:07:40
1941,599,High,25,7,2026-02-17 16:15:50
1942,599,High,31,6,2026-02-15 14:10:49
1943,599,Low,23,9,2026-02-06 19:17:47
1944,599,Low,10,7,2025-12-05 00:24:26
1945,601,Low,36,9,2025-11-27 05:43:33
1946,601,High,20,9,2026-05-04 01:04:51
1947,601,Low,14,7,2025-12-20 23:01:35
1948,601,Low,28,7,2025-12-28 23:14:26
1949,603,Medium,76,4,2026-05-14 19:35:23
1950,603,High,100,3,2026-01-25 11:12:28
1951,603,Medium,110,2,2026-05-03 11:54:12
1952,603,Low,35,2,2026-02-26 21:55:22
1953,603,High,105,2,2025-12-18 21:12:54
1954,603,Low,98,1,2026-03-25 03:30:49
1955,603,Low,99,1,2026-05-09 09:58:53
1956,603,High,102,1,2025-12-08 17:11:55
1957,603,Low,118,1,2026-02-08 00:49:45
1958,604,High,116,2,2026-04-02 15:09:22
1959,604,Medium,41,1,2026-04-18 01:49:46
1960,604,Medium,110,2,2026-02-21 20:39:54
1961,604,High,31,1,2026-05-18 23:08:17
1962,604,Low,29,5,2026-04-05 03:36:47
1963,604,Medium,67,1,2026-01-20 08:31:49
1964,604,Medium,87,5,2026-05-05 03:42:45
1965,604,Medium,51,3,2026-02-01 02:26:04
1966,604,High,88,3,2026-05-13 03:14:51
1967,607,High,42,1,2025-12-19 10:48:29
1968,607,High,50,2,2026-04-12 03:45:28
1969,607,High,67,4,2026-04-28 16:12:50
1970,607,Low,105,3,2026-01-21 07:12:28
1971,607,Low,36,3,2026-01-01 01:42:30
1972,607,Medium,72,4,2025-12-03 05:51:43
1973,608,Low,37,6,2026-03-16 02:36:26
1974,609,Medium,23,7,2025-12-14 00:28:33
1975,609,Low,29,6,2026-01-25 06:53:35
1976,609,High,27,6,2025-12-14 07:59:16
1977,610,Low,10,8,2025-12-11 22:18:43
1978,610,Low,23,6,2026-04-11 17:18:21
1979,611,High,21,8,2026-02-02 02:24:21
1980,611,High,13,6,2026-01-01 02:00:10
1981,613,Medium,33,9,2026-02-15 21:21:24
1982,613,Medium,44,8,2025-12-28 06:34:31
1983,614,High,17,9,2026-03-25 01:11:05
1984,614,Medium,47,6,2026-05-07 09:46:33
1985,614,Low,30,6,2026-01-30 08:49:44
1986,614,High,21,9,2026-01-27 04:34:01
1987,615,Medium,19,8,2025-11-21 04:33:11
1988,615,Low,12,6,2026-05-17 05:50:09
1989,615,Low,42,6,2026-03-15 04:00:30
1990,616,Low,37,7,2026-04-04 00:23:44
1991,616,High,39,9,2026-04-09 02:05:12
1992,617,High,64,3,2026-01-18 17:14:19
1993,617,Medium,70,2,2026-01-13 12:13:54
1994,617,High,101,3,2026-02-10 17:34:34
1995,617,Low,94,1,2026-03-27 21:38:35
1996,617,Low,36,2,2026-05-17 17:56:51
1997,617,High,36,4,2026-03-11 08:23:42
1998,617,Medium,54,2,2026-04-18 16:08:12
1999,617,Medium,39,1,2025-12-27 20:08:56
2000,617,High,96,3,2026-03-28 06:18:07
2001,617,High,77,1,2026-01-05 18:24:44
2002,618,Low,36,6,2026-05-02 04:57:18
2003,619,High,23,6,2026-03-09 02:41:36
2004,619,Medium,45,7,2026-03-13 06:20:31
2005,619,Medium,9,9,2026-04-19 23:55:38
2006,619,High,8,8,2025-12-18 15:10:30
2007,620,Low,36,7,2026-01-12 23:36:11
2008,620,Medium,3,9,2026-03-01 10:11:08
2009,622,Low,6,9,2026-03-08 22:29:39
2010,623,Medium,67,5,2026-04-10 10:03:54
2011,623,Low,51,1,2025-12-24 09:59:52
2012,623,Low,44,4,2026-02-04 01:01:02
2013,623,Medium,36,1,2026-01-25 23:35:31
2014,623,Medium,72,2,2026-05-03 09:50:18
2015,623,Low,76,4,2025-12-28 21:33:29
2016,623,Medium,70,5,2026-02-02 09:27:33
2017,623,Medium,97,5,2025-11-18 13:40:23
2018,623,Medium,60,2,2026-01-07 01:51:38
2019,623,Medium,109,1,2025-12-28 18:00:37
2020,624,High,36,7,2025-12-11 06:15:11
2021,624,High,10,8,2025-12-24 04:30:54
2022,624,Low,25,8,2026-02-16 07:45:19
2023,624,Medium,47,7,2025-12-30 21:17:13
2024,625,High,17,9,2025-12-22 16:26:43
2025,625,Low,24,6,2026-02-24 16:22:54
2026,627,Medium,66,1,2026-04-05 17:52:07
2027,627,Medium,83,2,2026-02-08 01:08:24
2028,627,Low,88,4,2026-03-11 04:10:55
2029,627,Medium,51,1,2026-03-26 03:40:57
2030,628,High,40,9,2025-11-29 17:04:13
2031,628,Medium,12,8,2026-01-14 19:59:58
2032,628,High,42,8,2026-03-19 16:22:32
2033,628,Low,47,7,2026-03-17 04:55:36
2034,629,Medium,41,7,2026-02-14 16:33:13
2035,629,High,37,7,2025-12-01 22:26:24
2036,630,Low,7,9,2025-12-09 06:09:13
2037,631,Medium,32,6,2026-01-16 04:31:27
2038,632,Medium,25,6,2026-04-06 14:57:41
2039,633,Medium,78,2,2026-02-08 11:31:23
2040,633,High,30,4,2025-12-24 12:48:43
2041,633,High,80,4,2026-02-23 13:22:49
2042,633,Medium,39,3,2025-12-30 01:43:05
2043,633,High,100,4,2025-12-05 22:34:25
2044,633,High,74,1,2026-01-23 02:00:17
2045,633,Low,55,3,2025-11-24 23:52:56
2046,633,Low,31,1,2026-03-18 06:28:11
2047,634,High,110,1,2026-01-06 20:25:33
2048,634,Medium,95,5,2025-12-18 07:32:49
2049,634,High,109,3,2025-11-29 05:54:30
2050,634,High,27,3,2026-02-09 06:06:31
2051,635,Low,29,6,2026-03-06 12:15:28
2052,635,High,29,7,2025-12-24 11:37:04
2053,636,Low,51,5,2026-03-26 17:42:15
2054,636,High,102,4,2026-01-24 00:54:42
2055,636,High,110,4,2026-04-28 00:43:49
2056,636,Low,113,4,2026-03-05 17:21:50
2057,637,Low,113,1,2026-03-16 14:16:06
2058,637,Medium,28,4,2026-04-18 10:00:06
2059,637,High,73,3,2026-05-07 23:13:02
2060,637,Medium,38,4,2025-12-12 22:16:21
2061,637,Low,45,1,2026-01-16 17:07:12
2062,638,High,17,8,2026-01-12 16:29:11
2063,639,Medium,26,9,2026-03-29 18:10:52
2064,639,Low,7,7,2026-04-09 23:27:01
2065,639,High,26,6,2026-04-17 03:16:43
2066,639,Medium,10,8,2026-02-01 20:29:27
2067,640,Medium,68,3,2026-02-06 13:25:16
2068,640,Low,34,5,2025-12-14 07:13:13
2069,640,High,76,4,2026-01-26 04:07:08
2070,641,Medium,47,8,2025-12-15 06:00:09
2071,641,High,28,8,2026-03-29 12:42:24
2072,641,Low,43,6,2026-03-18 06:59:29
2073,642,Medium,47,9,2025-11-23 20:43:13
2074,642,High,38,9,2026-02-16 17:44:27
2075,642,Medium,47,8,2026-02-12 20:30:12
2076,642,High,41,7,2025-12-01 05:51:10
2077,644,Medium,26,6,2026-03-21 14:59:02
2078,644,Low,5,9,2026-05-16 21:19:22
2079,644,High,41,8,2026-02-17 23:53:37
2080,645,High,33,7,2026-02-21 09:31:50
2081,646,Low,61,3,2026-02-23 08:19:49
2082,646,Medium,38,5,2026-02-02 01:28:27
2083,646,Medium,44,5,2025-11-29 02:30:01
2084,646,High,29,2,2026-04-23 12:01:16
2085,648,Low,14,7,2025-11-27 20:59:53
2086,648,Low,46,6,2025-11-29 17:31:04
2087,648,Medium,31,7,2025-11-21 14:53:46
2088,648,Low,3,7,2025-12-21 13:20:17
2089,649,Medium,6,6,2026-04-02 15:11:16
2090,649,Low,8,9,2026-03-17 18:09:53
2091,650,High,45,8,2025-11-19 18:07:22
2092,651,Medium,44,6,2026-03-08 17:59:32
2093,651,Medium,17,9,2026-05-18 01:40:58
2094,651,Medium,11,6,2026-05-11 19:12:22
2095,652,Medium,11,8,2025-12-24 07:45:50
2096,652,Low,28,9,2026-04-05 19:15:47
2097,652,High,6,6,2026-01-26 14:26:40
2098,653,Low,16,9,2026-04-11 09:56:58
2099,653,High,35,9,2026-01-09 19:12:50
2100,653,Medium,26,7,2026-05-13 21:25:02
2101,653,Low,12,8,2026-01-06 19:55:43
2102,654,High,112,2,2026-05-05 05:04:27
2103,654,Medium,42,2,2026-01-14 15:39:35
2104,654,High,49,4,2026-04-04 05:53:08
2105,654,Low,52,3,2026-01-13 03:58:54
2106,654,High,40,3,2026-02-07 01:48:38
2107,655,Low,66,5,2026-03-30 08:08:58
2108,655,Low,103,2,2025-12-02 23:35:59
2109,655,Medium,57,5,2025-12-10 02:19:19
2110,655,Medium,31,4,2026-01-08 06:20:21
2111,655,High,117,1,2026-04-15 12:02:41
2112,655,High,66,1,2026-04-02 15:07:35
2113,656,Medium,20,9,2026-02-27 21:42:51
2114,656,High,22,6,2026-01-16 21:59:19
2115,656,Medium,22,9,2026-05-12 09:12:03
2116,656,Low,9,6,2026-02-08 03:20:14
2117,657,Medium,10,9,2026-01-02 02:08:58
2118,658,Low,115,4,2025-11-22 01:20:40
2119,658,Medium,65,3,2026-02-14 13:21:30
2120,658,Low,108,2,2026-01-09 13:30:49
2121,658,High,89,3,2026-02-24 00:17:25
2122,658,Low,45,5,2026-05-17 09:05:10
2123,658,Low,50,1,2025-11-23 08:59:41
2124,658,High,116,3,2026-05-15 22:53:43
2125,658,Medium,36,5,2026-03-22 21:30:05
2126,659,Low,10,9,2026-01-24 18:27:34
2127,659,Low,9,7,2025-12-07 10:03:21
2128,659,Low,27,7,2026-04-20 21:22:46
2129,659,Low,1,9,2025-12-25 18:57:52
2130,661,Low,25,6,2025-12-04 04:15:01
2131,661,Medium,7,6,2026-02-22 10:18:31
2132,661,High,3,9,2025-11-20 21:52:24
2133,661,High,20,6,2026-05-06 20:18:30
2134,662,Low,117,3,2026-03-21 16:55:05
2135,662,High,114,2,2025-12-30 19:48:05
2136,662,Low,101,1,2026-01-09 08:13:12
2137,663,Medium,41,5,2026-04-05 22:41:26
2138,663,Low,116,4,2026-05-04 21:49:08
2139,663,High,76,3,2025-12-18 01:13:05
2140,663,Low,105,4,2026-01-08 22:36:26
2141,663,Low,88,2,2026-02-25 22:10:57
2142,663,Low,24,2,2026-02-10 23:32:16
2143,663,High,49,5,2026-04-05 20:30:38
2144,663,Medium,43,4,2026-01-21 05:01:34
2145,663,Low,110,2,2026-04-09 01:22:29
2146,664,Medium,11,6,2026-01-10 21:57:58
2147,664,High,41,6,2026-01-10 16:04:24
2148,664,High,1,6,2026-05-12 15:17:46
2149,664,High,22,7,2026-01-02 23:59:12
2150,665,Low,45,6,2026-02-03 09:34:00
2151,665,Medium,29,9,2026-01-18 22:22:21
2152,666,High,92,3,2026-02-14 23:18:32
2153,666,High,79,3,2026-01-09 02:40:21
2154,666,Low,44,3,2025-12-02 03:01:52
2155,666,Medium,99,2,2025-12-12 12:21:23
2156,666,Medium,42,5,2026-05-14 07:37:36
2157,667,Low,7,8,2026-01-10 03:30:04
2158,667,High,7,7,2026-04-12 18:14:16
2159,668,High,63,5,2026-01-04 13:33:05
2160,668,High,44,4,2025-11-25 21:06:36
2161,668,Medium,46,2,2026-05-12 15:54:13
2162,668,High,107,2,2026-02-25 05:03:40
2163,668,Medium,116,1,2025-12-11 14:21:38
2164,669,Medium,42,4,2025-12-12 05:49:06
2165,669,High,114,4,2025-12-08 15:32:59
2166,669,High,38,3,2026-04-18 19:20:25
2167,670,High,60,1,2026-03-10 10:22:53
2168,670,Medium,90,3,2025-12-26 01:51:00
2169,670,High,63,5,2026-05-02 17:56:30
2170,670,Medium,59,2,2026-01-17 07:46:43
2171,670,Medium,116,2,2026-02-04 15:50:11
2172,670,Low,27,3,2026-03-04 21:40:02
2173,670,Medium,57,1,2026-05-11 22:12:27
2174,670,Medium,72,5,2026-02-15 15:22:15
2175,670,Low,46,5,2026-03-21 04:33:22
2176,671,Medium,5,8,2026-03-11 13:30:01
2177,671,Low,41,6,2026-03-02 16:29:08
2178,671,Low,6,6,2026-02-07 03:17:46
2179,671,Medium,10,9,2025-11-19 10:02:52
2180,672,Medium,7,8,2026-04-27 11:32:26
2181,674,Medium,61,5,2025-11-26 07:30:15
2182,674,High,84,4,2025-11-20 13:12:31
2183,674,High,26,3,2026-03-13 19:05:22
2184,674,Low,109,4,2026-02-05 21:58:40
2185,674,Medium,115,4,2025-12-13 16:35:14
2186,674,Low,61,3,2026-01-03 16:45:23
2187,674,Medium,59,1,2026-02-17 17:57:46
2188,674,Low,92,5,2025-12-13 12:03:32
2189,674,Medium,110,2,2025-12-10 19:10:36
2190,675,Medium,73,5,2026-01-15 02:37:49
2191,675,Medium,48,3,2025-12-06 05:14:05
2192,675,Low,74,1,2025-12-06 19:10:34
2193,675,High,70,4,2026-02-02 18:31:45
2194,676,Low,62,5,2026-03-31 18:44:35
2195,676,Medium,77,5,2026-02-20 12:31:33
2196,676,Medium,95,1,2025-12-08 16:50:24
2197,676,High,39,3,2026-01-18 07:00:20
2198,676,High,54,2,2026-03-21 07:35:20
2199,676,High,97,3,2025-12-22 04:55:15
2200,679,High,57,1,2026-03-20 20:45:13
2201,679,High,104,3,2026-04-23 20:48:07
2202,679,High,119,2,2026-03-25 02:57:14
2203,679,High,109,1,2026-04-10 15:32:12
2204,679,Low,40,4,2025-12-29 14:29:26
2205,679,Medium,71,4,2026-02-09 11:49:54
2206,680,Medium,47,6,2026-03-31 23:55:40
2207,681,Low,21,6,2026-01-27 09:25:52
2208,681,Low,38,6,2025-12-17 14:03:13
2209,682,High,88,1,2026-04-01 15:28:23
2210,682,Low,74,4,2026-01-29 18:27:03
2211,682,High,104,1,2026-04-27 12:12:20
2212,682,Medium,111,2,2025-12-01 17:58:48
2213,682,Low,38,3,2026-01-05 14:22:06
2214,682,High,93,1,2026-03-12 15:13:22
2215,683,High,47,8,2026-05-05 15:56:39
2216,683,Low,39,6,2026-03-17 02:41:34
2217,683,Medium,17,7,2026-04-10 05:31:16
2218,683,Low,41,6,2026-02-26 08:47:36
2219,684,Medium,9,6,2025-12-01 16:52:03
2220,684,Medium,6,7,2026-05-14 02:49:32
2221,684,Medium,20,9,2026-03-01 13:27:47
2222,684,Medium,3,6,2026-03-27 12:19:49
2223,685,Medium,86,1,2026-01-13 20:23:45
2224,685,Medium,99,5,2026-02-14 06:45:09
2225,685,Medium,78,1,2026-05-03 07:09:03
2226,685,High,104,3,2026-04-20 03:23:55
2227,685,Medium,113,4,2025-12-29 00:30:08
2228,685,Medium,55,4,2026-03-18 03:37:03
2229,685,Low,41,1,2026-03-01 13:18:33
2230,685,High,106,3,2026-02-06 07:51:06
2231,686,Medium,58,2,2026-03-22 21:52:48
2232,686,Low,56,2,2025-12-02 22:51:46
2233,686,Medium,84,4,2025-11-19 22:14:36
2234,686,Medium,111,3,2025-12-18 19:49:13
2235,686,Medium,52,3,2026-04-12 09:00:32
2236,686,Low,29,1,2025-11-19 14:12:03
2237,686,High,72,3,2026-02-13 21:04:13
2238,686,Low,88,5,2026-01-30 09:52:52
2239,686,High,50,5,2025-12-09 13:47:02
2240,686,Low,87,3,2026-05-17 11:37:10
2241,688,High,19,9,2025-11-27 05:46:26
2242,688,High,16,8,2026-04-07 04:33:26
2243,689,High,43,7,2026-04-03 01:05:36
2244,689,Medium,25,9,2026-05-18 02:45:49
2245,689,Medium,31,9,2026-05-13 13:43:54
2246,689,Low,44,8,2026-01-16 06:45:17
2247,690,Medium,2,9,2026-03-14 13:23:34
2248,691,Medium,45,3,2025-12-16 03:28:38
2249,691,High,80,5,2025-12-29 22:05:53
2250,691,Low,95,3,2026-01-07 02:26:14
2251,691,Medium,39,3,2025-11-23 00:49:33
2252,691,High,74,2,2026-02-13 05:07:50
2253,691,High,103,4,2026-01-12 15:00:41
2254,692,Medium,33,6,2026-02-18 23:00:19
2255,692,Medium,12,7,2026-02-20 01:00:07
2256,693,Medium,11,6,2026-03-15 18:28:11
2257,693,Low,27,9,2026-04-21 00:35:48
2258,693,High,17,7,2026-01-15 13:03:47
2259,694,Low,33,6,2025-12-28 17:03:11
2260,694,Low,28,7,2025-11-25 16:16:41
2261,695,Medium,5,7,2025-12-11 12:39:25
2262,695,Low,33,7,2026-03-15 19:17:03
2263,695,High,41,8,2026-04-14 10:13:25
2264,695,High,22,6,2026-02-04 16:47:26
2265,697,Low,2,7,2025-12-31 09:44:03
2266,697,Low,47,8,2025-12-19 11:22:26
2267,697,High,4,6,2026-01-31 08:08:39
2268,697,Low,13,9,2025-11-20 16:52:37
2269,699,Low,7,8,2026-01-16 14:39:32
2270,699,High,23,7,2026-03-14 10:32:42
2271,699,Low,23,8,2025-12-17 03:54:07
2272,701,Low,77,5,2026-04-10 18:51:02
2273,701,Low,43,5,2026-03-17 15:09:09
2274,701,High,47,2,2026-04-05 06:08:09
2275,701,Medium,86,2,2026-01-04 21:44:08
2276,701,Medium,80,2,2025-12-28 01:00:33
2277,703,High,29,7,2026-04-23 21:20:14
2278,703,High,17,7,2026-01-18 12:35:07
2279,703,High,6,7,2026-05-05 15:10:19
2280,703,Medium,5,9,2026-02-17 22:14:08
2281,704,Low,41,6,2026-05-16 19:36:59
2282,704,Low,18,7,2026-01-02 19:04:03
2283,704,High,20,6,2026-04-12 12:58:05
2284,705,Medium,27,6,2026-02-14 18:37:19
2285,705,Low,12,8,2026-04-03 23:07:25
2286,705,Low,3,7,2025-12-29 21:07:29
2287,705,High,34,6,2026-01-18 16:12:38
2288,706,High,35,9,2026-03-15 18:04:21
2289,706,Medium,2,9,2026-03-03 03:44:40
2290,708,High,24,7,2026-03-31 19:14:12
2291,708,High,38,7,2026-03-03 22:42:23
2292,708,Medium,26,8,2026-03-14 01:21:22
2293,708,Low,39,8,2026-03-05 12:18:26
2294,711,Low,29,8,2025-12-06 03:52:03
2295,711,Low,38,9,2026-01-17 05:53:50
2296,711,Low,27,6,2026-04-04 16:46:37
2297,711,High,20,9,2026-05-01 07:07:22
2298,712,Medium,19,9,2026-01-29 19:14:41
2299,712,Medium,35,8,2025-11-28 19:52:55
2300,712,Medium,2,7,2026-05-15 22:01:19
2301,712,Medium,34,7,2025-12-10 18:35:01
2302,714,Medium,3,7,2026-03-30 15:47:07
2303,714,Medium,15,8,2025-12-20 16:55:53
2304,715,High,33,1,2025-12-15 03:57:12
2305,715,Low,119,1,2026-02-25 20:53:48
2306,715,Medium,82,4,2026-01-17 04:32:01
2307,715,High,82,4,2026-01-01 04:48:02
2308,715,Low,25,5,2026-02-21 07:24:56
2309,715,High,91,1,2026-05-17 07:54:39
2310,718,Medium,106,2,2026-01-16 00:58:02
2311,718,Medium,112,2,2026-03-05 22:35:13
2312,718,High,76,3,2026-04-16 10:20:56
2313,718,Medium,45,3,2026-01-25 23:28:03
2314,718,Low,71,5,2026-01-02 14:44:23
2315,718,High,45,4,2026-03-07 07:59:09
2316,718,Low,53,1,2026-02-02 09:44:58
2317,718,High,51,1,2026-02-28 21:18:19
2318,718,Low,68,4,2026-03-14 15:12:21
2319,720,Medium,7,6,2026-05-01 21:44:11
2320,720,High,9,9,2025-12-05 15:32:28
2321,720,Medium,19,6,2026-03-16 11:34:51
2322,721,Low,10,9,2026-03-17 18:41:14
2323,721,High,9,6,2025-12-16 09:09:48
2324,721,Low,46,7,2026-02-04 21:48:42
2325,721,Low,32,9,2026-01-27 06:05:23
2326,722,High,6,9,2025-12-10 06:53:42
2327,723,Medium,61,1,2026-02-04 17:56:53
2328,723,Low,97,2,2026-02-25 07:17:06
2329,723,Low,50,2,2025-11-28 10:42:45
2330,723,High,58,4,2025-12-08 22:17:27
2331,723,Medium,108,1,2026-03-18 22:55:29
2332,723,High,51,4,2026-02-23 06:26:22
2333,723,High,116,3,2025-12-03 23:02:23
2334,723,High,96,3,2025-11-21 22:33:24
2335,723,Low,49,3,2026-04-02 18:30:59
2336,723,Low,115,1,2026-04-08 22:00:58
2337,724,Low,43,6,2026-03-05 19:32:59
2338,724,Low,41,7,2026-01-09 11:20:04
2339,725,High,73,4,2025-12-08 00:50:20
2340,725,Medium,63,1,2026-02-23 13:00:09
2341,725,Low,46,4,2025-12-21 06:20:41
2342,725,Medium,70,1,2025-12-05 22:50:08
2343,725,Low,92,3,2025-11-29 06:15:01
2344,726,Low,34,9,2026-03-03 04:04:22
2345,726,High,11,6,2026-03-21 09:22:40
2346,726,Medium,3,7,2026-04-17 13:04:16
2347,726,High,33,8,2025-12-27 05:17:15
2348,727,Medium,39,2,2026-02-22 00:28:30
2349,727,High,117,2,2026-03-01 20:05:27
2350,727,Low,105,3,2026-01-19 15:15:30
2351,727,High,59,3,2026-03-14 20:46:22
2352,727,High,86,5,2026-04-20 04:56:51
2353,727,Low,69,3,2026-03-16 22:27:41
2354,727,High,97,1,2025-12-09 01:07:13
2355,727,High,114,3,2026-01-24 11:42:27
2356,728,Low,46,7,2026-05-19 02:54:26
2357,728,Low,17,6,2026-03-21 07:55:59
2358,729,Low,6,8,2026-05-13 09:14:36
2359,729,Low,25,8,2026-01-01 00:11:29
2360,729,Medium,28,6,2026-01-01 12:59:06
2361,730,Medium,77,5,2026-01-10 05:12:04
2362,730,Low,32,2,2026-04-06 13:11:38
2363,730,High,79,3,2026-04-12 01:57:08
2364,730,Medium,108,2,2026-05-15 20:19:47
2365,730,Medium,84,2,2025-12-18 03:47:36
2366,730,Medium,83,2,2026-03-18 15:57:51
2367,730,Low,63,4,2025-12-08 19:56:08
2368,730,Medium,60,4,2025-12-24 22:59:10
2369,730,High,41,2,2026-03-11 04:02:30
2370,731,Medium,22,9,2025-11-30 04:00:12
2371,731,Low,11,7,2025-12-15 04:42:33
2372,731,High,13,9,2026-04-26 10:50:33
2373,732,High,22,9,2026-03-22 17:56:42
2374,732,Medium,7,6,2026-05-14 02:13:45
2375,732,Low,43,7,2026-02-23 16:35:39
2376,732,High,24,9,2026-04-15 11:38:44
2377,733,Low,28,8,2025-12-09 07:17:12
2378,733,High,1,8,2026-05-17 06:12:43
2379,736,Low,3,7,2025-12-25 03:17:45
2380,736,Medium,38,7,2025-12-18 13:24:43
2381,737,High,1,7,2026-04-01 08:39:37
2382,738,Medium,38,6,2026-04-05 16:03:45
2383,738,Medium,29,6,2025-12-29 06:19:57
2384,738,Low,10,9,2026-01-19 06:37:28
2385,740,Medium,44,2,2026-05-11 17:49:53
2386,740,Medium,94,3,2026-04-02 00:21:32
2387,740,Medium,70,4,2026-05-17 05:50:50
2388,741,Low,106,3,2026-01-03 02:42:05
2389,741,Low,91,5,2026-03-17 09:32:20
2390,741,Low,24,4,2026-04-08 08:53:52
2391,741,Low,35,4,2025-12-10 13:57:49
2392,741,Medium,50,2,2025-12-22 02:23:16
2393,741,Medium,46,1,2026-03-16 22:41:13
2394,741,High,44,5,2026-05-01 22:44:02
2395,742,High,24,6,2026-04-09 21:52:28
2396,742,Medium,45,8,2026-01-24 03:06:57
2397,742,Low,46,9,2026-02-15 14:35:54
2398,742,Low,32,6,2026-03-18 17:57:21
2399,744,High,36,7,2026-03-05 14:34:47
2400,744,Low,42,6,2026-01-12 18:56:45
2401,745,High,42,7,2026-01-26 12:38:25
2402,745,Medium,39,9,2026-02-16 10:07:38
2403,745,Medium,33,6,2026-02-02 18:50:41
2404,745,Low,21,6,2026-02-13 18:24:19
2405,746,Medium,9,7,2026-01-29 17:05:29
2406,746,Medium,45,8,2026-04-28 23:59:50
2407,748,High,62,1,2026-04-04 08:55:48
2408,748,High,28,2,2026-03-03 04:36:54
2409,748,Low,110,1,2025-12-10 01:20:52
2410,748,High,99,3,2025-12-25 12:22:38
2411,748,Medium,53,1,2025-12-12 22:24:07
2412,748,Low,109,1,2026-02-16 05:59:19
2413,749,Medium,29,8,2026-01-05 10:14:36
2414,750,Medium,37,8,2026-05-10 04:21:11
2415,750,Medium,13,9,2026-02-22 04:54:52
2416,751,Low,46,9,2026-03-18 11:08:16
2417,752,Medium,46,5,2026-04-19 00:30:36
2418,752,Medium,40,5,2026-01-17 06:06:17
2419,752,Medium,89,5,2026-03-23 05:20:45
2420,752,Medium,29,4,2026-03-02 06:59:19
2421,752,Medium,41,1,2026-01-09 11:13:23
2422,753,Medium,53,1,2025-12-01 21:47:20
2423,753,Medium,55,2,2026-04-24 14:37:59
2424,753,Low,101,2,2026-02-01 16:02:53
2425,753,High,33,4,2026-02-02 21:44:19
2426,754,High,59,2,2026-01-18 23:04:41
2427,754,High,96,2,2026-02-18 18:59:00
2428,754,Low,51,3,2026-04-01 04:12:22
2429,754,Medium,101,3,2026-04-05 14:25:19
2430,754,Low,38,4,2026-04-19 20:57:33
2431,754,Low,47,3,2026-03-29 00:45:12
2432,754,Medium,32,1,2026-05-03 09:10:00
2433,754,Low,85,1,2026-05-11 00:40:45
2434,754,Medium,42,3,2026-01-08 21:29:57
2435,754,Medium,97,2,2026-02-02 16:24:30
2436,755,Medium,1,6,2025-12-24 08:03:58
2437,755,Medium,34,8,2025-12-28 16:49:01
2438,755,Medium,13,7,2026-03-31 11:32:18
2439,755,Medium,1,7,2025-12-17 04:58:58
2440,756,High,29,9,2026-01-06 19:45:32
2441,756,High,47,6,2026-03-25 08:55:58
2442,756,Low,29,8,2026-05-11 06:23:05
2443,757,Medium,111,2,2026-03-30 12:06:43
2444,757,High,40,5,2026-01-08 13:32:48
2445,757,High,92,2,2026-03-24 01:18:40
2446,757,Low,72,3,2025-12-24 12:25:31
2447,757,Medium,30,2,2026-01-17 10:08:56
2448,757,Medium,72,5,2026-03-05 14:27:08
2449,757,Low,88,1,2025-12-13 22:59:43
2450,758,Medium,17,8,2025-12-15 14:30:35
2451,758,Medium,25,8,2026-03-07 07:40:59
2452,758,High,3,8,2026-03-09 19:07:56
2453,759,High,29,6,2025-12-15 10:03:48
2454,759,Low,43,9,2026-04-17 04:44:00
2455,759,Medium,26,9,2026-04-17 23:43:58
2456,760,Medium,39,1,2026-02-08 04:35:00
2457,760,Medium,77,4,2026-01-31 22:45:42
2458,760,Medium,96,1,2025-12-14 23:00:25
2459,760,Low,116,1,2026-01-22 03:10:34
2460,760,High,109,1,2025-12-04 10:05:00
2461,760,Low,74,1,2026-03-08 22:16:08
2462,760,High,94,5,2025-11-30 15:26:35
2463,760,High,106,3,2025-11-27 15:15:28
2464,760,Low,89,1,2026-02-11 02:33:48
2465,761,Low,45,8,2026-01-14 22:19:29
2466,761,High,3,8,2026-05-04 09:57:01
2467,761,Medium,46,7,2025-11-24 01:31:08
2468,761,High,40,7,2026-04-25 03:16:16
2469,762,Medium,74,2,2025-12-31 12:44:15
2470,762,Medium,119,4,2026-05-01 22:46:35
2471,762,High,80,4,2026-03-06 07:05:22
2472,762,Low,102,4,2026-05-07 01:04:41
2473,762,Medium,80,1,2026-05-02 12:57:15
2474,762,High,68,2,2026-01-03 06:04:08
2475,763,Low,2,6,2026-01-15 00:16:34
2476,763,High,45,7,2026-01-10 23:02:00
2477,763,Medium,15,9,2026-02-14 13:05:52
2478,764,Medium,29,8,2026-02-09 04:45:18
2479,765,High,42,6,2025-12-23 18:15:36
2480,766,Medium,3,8,2026-02-13 04:39:42
2481,766,Low,3,7,2025-11-20 07:43:25
2482,766,Medium,14,9,2026-04-25 09:20:10
2483,767,High,63,3,2025-12-03 03:51:59
2484,767,Medium,78,4,2026-01-02 22:05:04
2485,767,High,83,4,2026-04-22 11:27:39
2486,767,High,98,2,2026-04-21 19:41:13
2487,767,High,118,3,2026-03-03 03:33:17
2488,767,Medium,119,3,2026-02-27 01:53:40
2489,767,High,53,3,2026-03-10 03:00:51
2490,767,Low,25,1,2026-03-11 13:06:16
2491,767,Medium,32,4,2026-03-27 21:45:14
2492,767,High,54,4,2026-05-01 07:28:36
2493,768,High,34,6,2026-02-24 06:01:26
2494,768,High,15,9,2026-03-05 04:04:57
2495,768,Low,25,9,2026-04-08 09:03:35
2496,768,Low,8,6,2026-01-28 15:07:52
2497,769,High,81,5,2026-03-15 01:14:34
2498,769,High,68,2,2026-05-01 21:20:19
2499,769,Medium,104,3,2025-12-24 15:23:48
2500,769,Low,106,4,2026-03-17 11:52:46
2501,769,High,52,3,2025-11-20 18:06:24
2502,769,High,94,4,2026-04-18 10:16:03
2503,771,Medium,32,4,2026-03-30 16:29:02
2504,771,Medium,29,5,2026-03-04 01:23:22
2505,771,Low,81,1,2026-01-21 03:01:26
2506,771,Low,39,3,2025-11-18 15:25:31
2507,771,Low,44,2,2025-12-18 05:23:24
2508,771,Medium,59,2,2026-04-27 16:40:57
2509,771,Low,109,2,2026-02-24 22:11:56
2510,771,High,99,2,2026-04-22 13:57:22
2511,771,High,84,5,2025-11-20 10:17:00
2512,772,High,11,7,2025-12-03 06:01:47
2513,772,High,16,9,2026-04-10 16:57:33
2514,772,High,40,8,2026-05-04 22:13:51
2515,772,High,40,6,2025-12-31 09:23:59
2516,773,Medium,2,7,2026-03-30 14:56:25
2517,774,Medium,30,9,2026-04-04 18:25:43
2518,774,Medium,10,9,2026-03-14 07:12:12
2519,775,High,11,8,2026-03-20 12:55:39
2520,775,High,16,6,2026-04-10 17:23:10
2521,775,Low,26,7,2026-01-10 10:03:03
2522,775,Medium,12,8,2025-12-24 00:24:25
2523,777,Low,113,2,2026-03-31 21:55:36
2524,777,Medium,85,1,2026-01-27 11:28:28
2525,777,Medium,85,1,2026-02-09 17:52:32
2526,777,Low,90,3,2026-01-27 03:40:48
2527,777,Low,117,5,2026-04-02 21:22:21
2528,777,High,24,5,2025-12-31 14:09:46
2529,777,Low,119,4,2026-04-22 00:09:42
2530,777,Medium,44,2,2026-02-28 03:53:26
2531,777,Medium,36,3,2025-11-24 00:48:52
2532,777,Medium,30,2,2026-01-28 12:49:44
2533,778,Low,39,6,2026-03-25 23:08:47
2534,778,High,15,8,2026-01-06 01:10:22
2535,778,Medium,4,9,2025-12-23 07:43:04
2536,779,Medium,23,8,2025-11-28 04:10:03
2537,779,Low,6,9,2026-03-26 11:43:10
2538,780,High,107,2,2026-02-14 22:13:00
2539,780,High,107,4,2025-12-21 01:53:09
2540,780,Medium,56,4,2026-01-20 23:31:00
2541,780,Medium,31,1,2025-12-25 09:47:22
2542,780,Low,60,5,2026-04-14 19:37:58
2543,780,Medium,44,3,2026-05-06 22:03:52
2544,780,Low,102,5,2026-02-22 09:22:45
2545,780,High,83,2,2026-04-05 00:36:21
2546,780,Low,71,1,2025-12-17 14:14:27
2547,780,Low,79,3,2026-04-08 17:49:41
2548,781,High,52,5,2026-03-04 03:56:32
2549,781,Low,41,2,2026-04-21 17:00:34
2550,781,High,31,3,2025-12-28 17:16:59
2551,781,Low,77,5,2026-03-13 21:47:28
2552,781,High,61,3,2025-11-26 15:57:20
2553,781,Low,43,4,2026-04-14 02:13:53
2554,781,High,66,5,2025-12-19 16:05:17
2555,781,Low,54,3,2025-12-27 13:45:41
2556,782,Low,32,6,2026-04-29 16:54:58
2557,782,Medium,10,8,2026-02-13 17:45:51
2558,782,High,45,8,2025-11-20 23:56:58
2559,782,Medium,35,8,2026-03-25 22:04:05
2560,783,Low,15,9,2025-12-17 00:37:43
2561,783,Medium,13,6,2026-02-11 15:39:40
2562,783,High,35,9,2026-03-24 22:10:40
2563,784,Low,11,8,2026-03-16 18:40:31
2564,785,Medium,21,8,2026-03-12 03:12:10
2565,785,Low,11,7,2026-01-09 00:51:24
2566,785,High,35,7,2025-12-22 19:50:41
2567,786,Low,38,8,2026-02-20 17:29:58
2568,786,Medium,14,9,2026-03-17 18:24:15
2569,786,High,32,9,2025-11-18 08:31:22
2570,786,Medium,32,8,2026-01-19 05:10:14
2571,787,Low,15,9,2026-01-06 10:25:03
2572,787,High,43,7,2025-11-28 20:43:35
2573,787,Low,35,8,2026-03-21 06:13:35
2574,788,Medium,16,6,2026-02-22 19:38:13
2575,789,High,108,5,2026-04-09 12:25:59
2576,789,Low,33,3,2026-02-19 11:52:48
2577,789,High,48,4,2026-02-23 15:13:15
2578,789,Low,84,5,2026-01-07 13:32:48
2579,790,Medium,42,3,2025-11-28 13:53:08
2580,790,Low,89,2,2026-01-29 12:47:43
2581,790,Medium,84,3,2025-12-28 10:01:10
2582,790,Low,48,4,2026-03-23 03:56:05
2583,790,Medium,71,3,2026-01-25 09:55:27
2584,790,High,110,3,2026-01-07 08:10:29
2585,790,Medium,78,4,2026-03-11 01:44:08
2586,790,High,92,3,2026-03-22 23:19:08
2587,791,High,5,8,2026-05-13 23:15:16
2588,791,Medium,21,9,2025-12-24 11:09:15
2589,792,Medium,4,7,2026-04-10 19:35:34
2590,792,High,42,9,2026-02-17 17:33:13
2591,792,Low,38,6,2026-01-14 21:58:01
2592,792,Medium,14,8,2026-01-13 00:01:44
2593,793,Medium,32,8,2026-02-12 11:51:23
2594,793,High,18,8,2025-11-30 06:27:13
2595,794,High,18,9,2026-02-02 19:01:10
2596,795,High,23,8,2025-11-26 05:29:37
2597,795,High,21,9,2026-01-07 13:07:39
2598,796,High,28,1,2026-05-19 13:34:07
2599,796,Low,82,1,2025-12-22 09:17:03
2600,796,Medium,77,2,2026-03-02 17:36:50
2601,796,Low,45,3,2026-04-11 18:32:37
2602,797,Medium,1,9,2025-12-25 01:10:58
2603,798,Low,94,4,2026-03-26 02:47:15
2604,798,Medium,88,4,2026-02-11 01:11:13
2605,798,High,45,2,2026-02-27 13:12:29
2606,798,Low,70,1,2026-05-09 17:23:18
2607,799,Medium,29,7,2026-01-03 16:43:07
2608,799,Medium,14,7,2026-01-19 06:37:26
2609,799,High,20,7,2026-04-21 21:03:45
2610,799,Low,33,8,2026-03-21 21:32:39
2611,800,Medium,43,8,2026-04-19 04:44:53
2612,800,Medium,12,9,2026-01-25 04:10:14
2613,800,Low,20,7,2025-12-17 17:03:03
2614,800,Medium,38,8,2025-11-23 14:27:02
2615,801,High,28,9,2025-12-07 10:23:00
2616,801,High,26,7,2026-02-18 19:37:31
2617,801,Low,13,6,2026-02-17 03:51:30
2618,801,High,2,6,2026-04-07 20:51:04
2619,802,Medium,38,7,2026-04-14 08:47:25
2620,803,Low,59,2,2025-12-28 03:34:39
2621,803,Low,98,4,2026-04-23 13:16:00
2622,803,Medium,63,3,2026-02-26 13:03:36
2623,803,Medium,45,4,2026-01-01 14:23:10
2624,803,High,31,5,2026-01-11 09:33:20
2625,803,Low,63,2,2026-02-16 05:14:50
2626,803,Medium,53,1,2026-01-09 10:01:34
2627,805,Low,20,9,2026-01-14 11:23:49
2628,805,Low,16,7,2025-12-05 02:39:41
2629,805,Medium,43,8,2025-12-10 01:26:28
2630,806,High,16,6,2026-05-10 02:32:47
2631,806,High,47,9,2026-01-30 14:13:49
2632,806,Medium,27,6,2026-05-19 18:01:27
2633,806,Medium,23,9,2026-05-03 05:27:39
2634,807,Medium,9,8,2026-01-08 23:20:17
2635,807,High,20,6,2025-12-01 21:34:58
2636,807,Medium,42,6,2026-04-17 04:22:52
2637,808,Low,118,1,2026-05-06 07:03:42
2638,808,Low,31,5,2026-01-02 16:49:55
2639,808,High,117,4,2026-05-13 09:15:23
2640,808,Low,76,4,2025-11-21 19:23:30
2641,808,Low,72,1,2026-02-06 12:20:17
2642,808,Medium,87,2,2026-03-07 17:12:19
2643,808,Low,117,5,2026-03-06 13:15:58
2644,808,Medium,42,3,2026-01-21 19:54:40
2645,808,Low,73,4,2026-03-06 12:00:22
2646,808,High,81,2,2026-03-01 20:23:36
2647,809,Low,20,7,2025-12-03 01:48:15
2648,809,Medium,38,9,2025-12-20 23:59:46
2649,810,High,33,4,2025-12-07 19:09:48
2650,810,High,38,5,2026-03-13 09:37:29
2651,810,Low,107,3,2026-02-15 18:12:59
2652,810,High,60,1,2026-05-13 19:41:28
2653,810,Low,63,4,2025-11-26 14:46:48
2654,810,Medium,79,3,2025-12-04 06:27:48
2655,810,High,87,5,2026-03-29 05:52:54
2656,810,Medium,117,4,2026-04-20 18:49:29
2657,810,High,33,4,2026-01-16 12:33:11
2658,810,Low,72,4,2026-04-14 20:41:34
2659,811,High,13,9,2026-02-23 21:32:42
2660,811,Low,36,6,2026-01-07 08:41:07
2661,811,Medium,26,7,2025-11-25 16:07:31
2662,813,Medium,4,8,2026-03-04 05:50:05
2663,814,Medium,105,2,2025-11-19 03:10:43
2664,814,Medium,54,3,2025-12-31 18:00:16
2665,814,Medium,115,5,2026-03-10 20:28:21
2666,815,Medium,87,2,2025-12-11 20:34:51
2667,815,Low,63,3,2025-12-07 12:51:22
2668,815,Low,67,4,2025-12-30 21:54:10
2669,815,Low,85,1,2026-04-14 23:48:17
2670,816,High,1,8,2026-04-01 06:38:31
2671,816,Medium,31,8,2026-05-05 04:51:42
2672,816,High,42,6,2025-11-30 08:06:13
2673,816,High,42,6,2026-03-22 09:29:07
2674,817,Low,34,6,2026-05-08 03:28:49
2675,817,High,22,6,2026-05-11 09:28:55
2676,817,Low,25,9,2026-05-16 06:08:31
2677,818,Low,18,8,2025-11-20 15:39:58
2678,820,High,99,1,2025-12-21 03:10:26
2679,820,Medium,38,2,2026-05-14 11:09:44
2680,820,High,38,5,2025-12-25 14:39:16
2681,820,High,104,1,2025-12-24 16:14:04
2682,820,Low,63,4,2026-03-19 10:32:24
2683,820,Medium,113,3,2026-02-28 04:14:35
2684,820,High,108,2,2026-04-23 08:19:19
2685,820,Medium,100,1,2026-03-16 22:15:27
2686,821,High,12,9,2026-05-02 02:59:10
2687,821,Medium,38,8,2026-01-15 03:59:37
2688,822,High,7,6,2025-12-06 11:38:21
2689,822,Low,35,9,2026-05-13 07:22:08
2690,822,Low,18,9,2026-01-11 05:36:54
2691,822,Medium,39,9,2025-12-14 22:55:15
2692,823,Medium,82,1,2025-12-30 13:18:32
2693,823,High,119,5,2026-01-11 15:37:18
2694,823,Low,104,1,2025-11-23 05:21:44
2695,824,Low,37,7,2025-12-11 16:38:07
2696,825,High,19,6,2026-02-15 16:11:54
2697,826,Low,83,2,2026-04-05 16:18:03
2698,826,High,37,4,2026-04-26 10:02:25
2699,826,Medium,62,1,2026-04-05 02:12:14
2700,826,Medium,100,3,2026-05-18 15:59:13
2701,826,Low,86,4,2026-03-03 13:53:07
2702,826,High,76,3,2025-11-30 20:50:23
2703,826,High,51,3,2025-12-10 04:46:24
2704,826,Medium,103,5,2025-12-16 18:06:57
2705,827,Medium,38,9,2025-11-30 08:27:24
2706,827,Medium,8,7,2025-12-11 06:20:02
2707,827,Low,6,7,2026-04-21 17:51:37
2708,829,High,32,8,2025-12-07 15:21:41
2709,829,High,10,8,2026-02-04 22:12:52
2710,829,Medium,12,6,2026-03-12 05:19:14
2711,830,Medium,31,6,2026-02-12 16:07:51
2712,830,Medium,5,7,2026-02-13 00:33:49
2713,831,High,25,8,2026-03-24 00:40:34
2714,831,Low,41,8,2026-01-22 23:59:45
2715,833,High,108,2,2026-01-24 14:32:41
2716,833,High,107,4,2026-05-15 19:13:50
2717,833,High,36,5,2026-02-18 09:52:10
2718,833,Medium,65,2,2026-01-09 06:33:07
2719,833,Low,72,4,2025-12-08 09:04:23
2720,833,High,100,1,2026-03-28 01:06:48
2721,833,Medium,77,4,2026-01-30 04:24:16
2722,833,Low,24,5,2026-03-02 18:34:22
2723,833,Medium,40,2,2026-01-26 14:40:58
2724,833,Low,95,2,2025-11-19 00:15:27
2725,834,Medium,114,5,2026-03-06 11:56:20
2726,834,Medium,46,3,2026-03-31 21:15:03
2727,834,Medium,113,3,2026-01-10 03:08:24
2728,834,Medium,36,5,2026-01-13 02:32:43
2729,834,High,51,1,2025-12-02 21:43:13
2730,834,High,84,2,2025-12-11 06:34:47
2731,834,Low,105,1,2026-04-29 12:53:43
2732,834,High,53,5,2026-02-22 13:38:08
2733,834,Medium,119,2,2025-11-18 09:51:00
2734,834,Medium,116,2,2026-01-23 07:29:12
2735,838,Low,13,8,2025-11-29 08:19:21
2736,838,Low,21,7,2026-01-23 11:23:07
2737,838,Low,21,9,2025-12-22 17:28:31
2738,839,Medium,17,9,2026-03-15 18:20:38
2739,839,Low,19,9,2026-03-27 21:14:12
2740,839,Medium,15,6,2026-03-05 23:15:53
2741,840,High,10,9,2026-05-03 11:21:51
2742,841,High,31,6,2026-02-02 18:54:11
2743,842,Low,23,9,2026-03-30 19:11:11
2744,842,Medium,30,6,2025-12-24 05:40:05
2745,844,Medium,9,7,2026-04-10 04:41:43
2746,844,Low,47,6,2026-04-24 01:21:31
2747,845,High,44,8,2026-01-21 08:52:37
2748,845,High,11,7,2026-01-20 15:14:22
2749,846,Low,103,1,2026-03-30 23:52:02
2750,846,Medium,55,4,2026-02-25 05:55:26
2751,846,High,101,1,2026-01-17 00:52:41
2752,846,Medium,80,3,2025-12-17 15:22:16
2753,846,High,85,4,2026-01-11 07:16:10
2754,847,Medium,1,8,2025-11-21 12:11:44
2755,848,High,65,3,2026-02-24 04:45:51
2756,848,Low,34,3,2026-02-18 12:06:07
2757,848,Low,118,1,2026-04-10 03:56:07
2758,848,Low,55,2,2026-04-26 19:34:06
2759,849,Low,116,5,2026-03-28 23:44:43
2760,849,Low,108,2,2025-11-24 20:31:38
2761,849,High,60,5,2025-11-24 16:49:23
2762,849,Low,87,3,2026-03-04 07:40:22
2763,849,High,77,1,2026-01-23 20:31:19
2764,849,High,72,3,2026-04-12 23:03:53
2765,849,Medium,34,1,2026-01-02 17:30:46
2766,849,Low,44,3,2026-01-07 07:04:51
2767,849,Low,89,3,2026-02-21 05:51:27
2768,849,High,51,3,2025-12-02 00:51:30
2769,850,Low,17,7,2026-02-14 05:25:43
2770,850,Medium,19,9,2026-02-09 22:44:00
2771,851,Medium,38,9,2025-12-06 11:29:35
2772,853,Medium,2,7,2025-12-09 10:06:35
2773,857,Medium,37,8,2025-12-29 22:26:47
2774,857,Medium,4,7,2025-12-21 22:34:22
2775,858,Medium,26,6,2026-01-09 15:41:25
2776,859,High,43,9,2026-05-17 04:15:42
2777,860,Low,81,5,2025-11-20 12:11:10
2778,860,High,75,2,2026-01-17 15:26:00
2779,860,High,55,1,2026-05-08 17:53:45
2780,860,Low,83,3,2026-05-02 13:08:41
2781,860,High,81,4,2026-01-11 01:19:21
2782,861,Medium,35,7,2026-03-03 17:20:14
2783,862,High,40,9,2026-02-27 17:58:03
2784,862,Low,28,6,2026-02-16 03:34:36
2785,863,Medium,42,7,2026-01-16 17:09:34
2786,864,High,40,6,2025-11-23 03:34:23
2787,864,Medium,12,9,2026-03-12 02:47:26
2788,864,Low,24,9,2026-04-25 11:38:35
2789,864,Low,4,7,2026-04-16 06:48:19
2790,866,Low,44,8,2026-03-15 16:02:09
2791,867,High,9,8,2026-04-28 21:11:21
2792,867,Medium,16,9,2026-03-07 06:22:19
2793,867,Medium,12,8,2026-03-10 10:27:57
2794,867,Medium,24,8,2026-03-20 06:16:06
2795,868,Low,14,6,2026-01-30 15:00:00
2796,868,Low,25,8,2026-05-08 16:18:18
2797,869,High,34,8,2026-02-15 08:04:54
2798,869,Low,24,7,2026-03-17 12:52:19
2799,870,High,42,6,2026-04-19 06:40:40
2800,871,High,26,9,2025-11-30 03:32:34
2801,871,High,40,7,2026-03-08 19:35:37
2802,871,High,19,8,2026-04-19 23:30:25
2803,871,Medium,24,6,2026-04-21 01:19:35
2804,873,Low,90,2,2026-03-08 17:19:06
2805,873,High,50,1,2026-05-15 08:01:12
2806,873,High,38,3,2026-01-18 05:50:40
2807,873,High,99,1,2026-04-18 06:44:41
2808,873,Low,76,4,2025-11-27 07:26:47
2809,873,High,49,2,2025-12-21 04:13:16
2810,873,Medium,110,2,2026-03-23 14:35:36
2811,874,High,20,9,2026-03-08 21:44:56
2812,874,Low,23,9,2026-02-04 09:13:36
2813,875,Medium,23,9,2026-05-06 21:52:25
2814,876,Low,1,7,2026-04-06 21:15:24
2815,876,Low,25,7,2025-12-30 08:29:16
2816,876,Medium,30,8,2026-05-09 23:40:56
2817,877,Low,21,6,2026-03-21 00:33:05
2818,877,High,20,6,2026-04-19 22:43:57
2819,877,Low,22,6,2026-01-30 17:38:28
2820,877,Medium,33,9,2025-12-07 19:00:59
2821,878,Low,61,5,2026-01-16 09:24:47
2822,878,Medium,38,2,2026-01-29 13:52:43
2823,878,High,75,1,2025-12-20 18:02:00
2824,878,Medium,44,1,2026-03-09 07:06:26
2825,878,Medium,28,1,2025-12-12 02:09:20
2826,878,High,70,4,2026-02-08 04:28:03
2827,878,High,114,2,2026-04-28 11:08:23
2828,878,Low,44,4,2025-11-19 04:06:18
2829,879,Low,109,3,2026-04-17 14:51:34
2830,879,Low,63,2,2025-12-13 21:38:05
2831,879,High,33,1,2026-01-18 07:36:34
2832,879,Low,75,1,2026-01-06 13:29:56
2833,879,Low,95,3,2026-03-13 17:16:59
2834,879,Medium,84,5,2026-03-27 02:20:43
2835,879,Low,76,5,2026-05-11 15:26:40
2836,879,Low,79,3,2026-01-07 05:02:01
2837,879,Low,116,5,2026-05-11 07:19:17
2838,879,Medium,96,3,2026-03-20 14:42:04
2839,880,Medium,2,6,2025-12-31 15:23:32
2840,880,High,40,9,2026-02-02 17:14:56
2841,880,High,30,8,2026-03-28 22:24:01
2842,880,High,28,9,2026-04-11 21:34:27
2843,881,Medium,12,8,2026-04-26 08:47:12
2844,881,High,26,6,2025-12-30 07:33:58
2845,881,Medium,8,8,2026-03-29 21:22:18
2846,883,High,28,7,2026-04-05 05:07:14
2847,883,High,30,6,2025-12-26 13:39:58
2848,883,Low,39,8,2026-05-12 19:22:51
2849,883,Medium,21,9,2026-05-07 09:11:29
2850,885,Low,47,7,2025-12-24 03:11:52
2851,885,High,31,9,2026-04-22 20:13:44
2852,886,Low,25,9,2025-11-30 19:01:02
2853,887,Medium,24,5,2026-03-29 14:18:33
2854,887,High,24,1,2026-04-10 04:32:51
2855,887,High,86,2,2026-03-27 04:28:45
2856,887,High,77,2,2026-03-18 07:06:35
2857,887,High,44,1,2026-01-23 09:08:22
2858,887,High,45,3,2026-01-24 00:37:55
2859,887,Low,103,1,2026-01-16 23:27:32
2860,887,Medium,40,2,2026-02-25 17:09:41
2861,888,High,36,1,2026-02-12 16:03:52
2862,888,Low,61,1,2026-01-03 16:29:05
2863,888,Low,101,5,2026-01-01 06:08:50
2864,888,Low,29,3,2026-04-29 07:26:50
2865,888,Low,37,5,2026-03-17 04:21:54
2866,888,Medium,38,5,2025-11-28 15:48:19
2867,888,Low,50,5,2026-03-22 11:59:06
2868,888,Medium,54,5,2025-11-18 21:02:01
2869,888,High,58,4,2026-03-01 15:02:39
2870,889,Low,6,6,2025-11-24 06:13:17
2871,889,Medium,22,7,2026-03-12 12:04:56
2872,889,High,23,6,2026-02-08 19:24:30
2873,889,High,34,7,2026-02-04 03:43:44
2874,890,Low,70,5,2026-01-30 15:07:00
2875,890,Low,113,4,2026-03-10 12:18:49
2876,890,High,29,3,2025-12-07 09:18:57
2877,890,Low,87,2,2026-04-27 08:07:01
2878,890,High,41,4,2026-05-06 20:12:57
2879,892,Medium,17,6,2026-02-10 12:24:22
2880,893,High,14,7,2026-03-28 17:56:34
2881,893,High,13,8,2026-04-04 22:16:25
2882,894,Low,67,3,2026-03-28 14:13:53
2883,894,Medium,86,3,2026-01-25 17:40:59
2884,894,Low,58,1,2026-03-17 17:09:24
2885,894,High,58,3,2026-02-09 12:46:25
2886,894,Medium,43,4,2026-04-08 12:27:28
2887,894,High,58,2,2026-02-23 23:25:37
2888,894,Low,71,4,2026-03-10 21:17:38
2889,896,Medium,40,9,2026-01-07 21:54:04
2890,896,Medium,17,8,2026-02-03 17:54:04
2891,897,Low,43,7,2026-04-03 17:55:28
2892,897,Medium,1,8,2026-05-10 04:03:58
2893,897,High,32,9,2026-01-26 23:26:50
2894,897,High,13,7,2026-04-27 16:43:27
2895,899,Medium,81,5,2026-02-25 17:10:45
2896,899,High,102,4,2026-01-16 00:25:01
2897,899,Medium,63,3,2025-12-02 07:53:07
2898,899,Low,103,4,2025-11-22 18:03:41
2899,899,Medium,39,4,2025-12-01 22:08:46
2900,899,High,68,2,2026-04-15 08:00:13
2901,899,Low,51,5,2026-02-26 22:06:15
2902,899,Medium,89,3,2026-02-15 05:38:14
2903,899,Low,31,3,2026-05-09 03:14:44
2904,899,Medium,54,1,2025-11-25 13:56:53
2905,901,Low,68,2,2026-04-02 03:24:56
2906,901,High,31,4,2025-12-09 18:39:15
2907,901,High,80,3,2026-02-19 22:38:10
2908,901,Low,53,2,2025-12-19 11:26:37
2909,904,Low,38,7,2026-03-06 02:52:19
2910,905,Medium,5,6,2026-03-09 15:51:05
2911,905,Medium,29,8,2026-02-16 21:40:06
2912,905,Low,34,8,2025-12-23 06:22:50
2913,906,Low,45,8,2026-02-09 23:22:27
2914,907,Low,92,2,2026-02-09 01:14:29
2915,907,Medium,27,5,2026-04-13 04:42:13
2916,907,Low,46,2,2026-03-23 09:52:23
2917,907,Medium,41,2,2026-02-14 15:52:36
2918,907,High,119,1,2026-04-09 14:49:15
2919,907,Medium,97,4,2026-03-22 18:29:30
2920,907,Medium,29,3,2026-04-24 01:37:12
2921,907,Low,86,3,2026-01-29 07:18:16
2922,907,High,34,3,2026-05-01 01:09:40
2923,908,Low,17,9,2026-01-16 08:30:09
2924,908,High,4,8,2025-12-08 22:09:56
2925,910,Low,91,1,2025-12-10 21:57:12
2926,910,High,64,3,2025-11-30 05:40:57
2927,910,Low,28,3,2026-03-10 22:41:50
2928,910,Medium,45,1,2025-12-07 03:08:44
2929,910,Low,107,3,2026-03-05 19:29:07
2930,911,Medium,13,8,2025-12-22 14:23:09
2931,911,Medium,42,8,2025-12-27 12:00:08
2932,911,Medium,9,9,2026-03-17 04:02:05
2933,912,High,99,1,2026-01-19 09:25:02
2934,912,Medium,41,1,2026-03-25 07:34:05
2935,912,Low,96,2,2025-12-13 11:35:08
2936,912,Medium,106,5,2026-01-30 14:37:38
2937,913,Medium,47,6,2026-04-19 09:42:46
2938,914,Medium,47,9,2026-01-31 13:49:40
2939,914,High,23,7,2025-12-08 13:44:53
2940,914,High,25,9,2026-02-19 19:11:02
2941,914,Low,34,6,2026-04-26 15:49:13
2942,915,Medium,47,6,2026-04-30 17:40:37
2943,915,High,10,7,2026-02-19 09:30:43
2944,915,Medium,42,6,2026-05-14 23:59:47
2945,916,High,46,7,2026-04-06 15:34:26
2946,917,Low,30,8,2026-04-13 14:21:00
2947,917,Low,41,6,2026-02-12 23:10:46
2948,917,Low,14,8,2026-04-19 16:01:05
2949,917,Medium,34,7,2026-01-31 04:59:24
2950,919,High,35,8,2025-12-15 14:24:11
2951,920,High,11,6,2026-02-01 22:05:04
2952,920,High,21,7,2026-04-26 10:21:27
2953,922,Low,45,8,2026-02-22 20:40:44
2954,922,High,17,9,2026-01-02 17:03:29
2955,923,High,87,2,2026-04-25 11:21:49
2956,923,High,99,1,2026-03-02 12:55:26
2957,923,Medium,65,2,2026-02-08 13:22:36
2958,923,Low,77,3,2026-02-03 04:01:43
2959,923,Low,98,1,2026-04-24 16:28:37
2960,923,High,41,3,2026-04-16 10:50:41
2961,923,Low,82,2,2026-02-23 16:09:43
2962,923,Medium,39,1,2026-03-30 17:43:35
2963,923,Medium,70,2,2026-04-06 22:13:38
2964,924,Low,99,4,2026-01-23 09:44:58
2965,924,High,100,4,2026-04-23 19:13:13
2966,924,Medium,25,2,2026-01-09 11:59:36
2967,925,Low,82,3,2026-01-19 15:41:54
2968,925,Low,50,4,2025-12-19 03:57:17
2969,925,High,35,5,2025-11-27 01:07:39
2970,925,Medium,66,1,2026-05-14 03:31:21
2971,926,Medium,17,9,2026-01-24 07:57:39
2972,926,High,36,6,2026-02-28 03:02:16
2973,928,High,31,5,2026-01-28 04:21:53
2974,928,Low,113,4,2026-05-13 13:50:39
2975,928,High,51,5,2026-01-12 08:50:52
2976,928,Medium,70,4,2026-02-19 11:17:23
2977,930,High,37,7,2026-01-21 21:24:36
2978,930,Low,23,9,2026-04-28 00:05:39
2979,930,Medium,14,7,2026-05-12 18:16:02
2980,930,High,7,6,2026-05-11 18:58:03
2981,931,Low,37,6,2026-03-24 07:04:14
2982,932,Medium,90,4,2026-05-09 23:09:13
2983,932,Medium,70,4,2026-03-24 12:38:43
2984,932,Medium,42,5,2026-02-26 06:35:53
2985,932,High,44,5,2026-01-01 11:17:17
2986,932,High,50,4,2026-05-16 10:13:27
2987,932,Medium,52,4,2026-01-26 04:07:15
2988,932,Medium,48,4,2026-02-21 14:37:22
2989,933,Medium,2,7,2026-04-29 20:52:51
2990,933,Low,32,9,2026-03-29 12:05:02
2991,933,Low,18,6,2026-03-09 08:54:05
2992,934,Low,36,7,2026-01-28 01:45:56
2993,935,Low,45,8,2026-02-26 07:30:21
2994,935,Low,23,7,2025-11-19 21:33:42
2995,935,Low,13,8,2026-02-22 21:09:49
2996,935,Low,29,9,2026-02-12 21:48:30
2997,936,Medium,22,9,2025-12-27 13:41:27
2998,936,Medium,47,9,2026-05-03 08:27:13
2999,936,Medium,9,8,2026-04-11 15:07:50
3000,938,Low,42,4,2026-03-12 07:18:28
3001,938,Medium,102,1,2025-11-19 09:00:58
3002,938,Medium,43,1,2026-02-27 21:26:31
3003,938,Medium,55,4,2025-12-23 10:26:23
3004,938,Medium,73,2,2025-12-18 04:00:24
3005,938,Low,28,4,2025-12-25 09:32:59
3006,938,Low,110,3,2026-03-21 06:22:22
3007,938,Low,60,2,2026-01-17 15:38:17
3008,939,High,4,6,2026-04-12 15:00:14
3009,939,High,44,7,2026-05-09 14:07:22
3010,940,Low,13,7,2026-05-03 11:44:07
3011,940,Low,9,7,2026-05-14 17:47:46
3012,940,Medium,31,8,2026-04-06 06:50:28
3013,940,Low,4,8,2025-12-30 13:48:36
3014,942,Medium,42,7,2026-04-12 12:19:31
3015,943,High,54,3,2026-04-19 19:36:44
3016,943,Low,80,5,2026-02-06 09:02:45
3017,943,High,84,3,2025-11-23 17:58:13
3018,943,Medium,118,5,2026-01-20 19:44:48
3019,943,Medium,55,2,2026-05-18 17:18:35
3020,943,Low,82,4,2026-01-16 23:18:48
3021,943,Low,33,2,2025-12-04 12:04:34
3022,943,Medium,89,4,2025-12-25 09:32:34
3023,943,Medium,111,1,2026-03-24 07:22:56
3024,944,High,32,9,2026-01-28 17:03:30
3025,944,High,16,7,2026-02-01 14:28:37
3026,944,Low,39,6,2026-03-07 12:31:13
3027,944,Low,31,8,2026-01-14 07:13:47
3028,945,Low,24,6,2026-01-15 13:53:57
3029,945,Low,11,8,2026-02-14 03:13:48
3030,945,Low,21,9,2026-03-31 12:55:54
3031,947,Low,94,2,2026-03-28 18:26:27
3032,947,Low,73,4,2026-02-11 05:14:50
3033,947,Low,118,1,2026-01-14 08:06:53
3034,948,Medium,33,8,2025-11-25 13:44:31
3035,948,High,28,9,2026-03-25 08:47:02
3036,948,High,1,8,2025-12-30 01:25:38
3037,949,High,115,5,2026-05-19 00:06:56
3038,949,High,94,2,2026-01-16 07:40:13
3039,949,Medium,47,4,2026-02-22 21:08:47
3040,949,Low,42,2,2025-12-30 12:24:53
3041,951,Low,98,2,2026-01-27 23:38:12
3042,951,High,66,3,2025-11-23 23:27:53
3043,951,Medium,90,4,2025-12-15 05:00:20
3044,951,Low,90,2,2026-01-04 09:51:35
3045,953,Low,50,1,2026-02-12 05:08:22
3046,953,Low,77,2,2026-01-07 16:58:44
3047,953,Medium,72,2,2026-01-05 14:02:56
3048,953,Low,83,4,2026-04-26 13:50:07
3049,953,Low,61,4,2026-05-15 10:34:42
3050,953,High,48,5,2025-12-09 04:41:50
3051,953,Medium,33,4,2026-02-27 15:15:45
3052,953,High,65,1,2026-04-05 18:24:12
3053,954,Medium,100,1,2025-12-07 08:39:53
3054,954,Low,65,5,2026-05-05 14:30:30
3055,954,Medium,103,5,2026-05-13 20:14:33
3056,954,High,45,1,2026-03-12 13:26:23
3057,954,Medium,107,2,2026-04-22 03:40:38
3058,954,Low,50,1,2026-02-26 21:05:18
3059,954,Medium,103,2,2025-11-29 16:30:10
3060,954,Low,55,2,2026-01-31 04:46:01
3061,954,Low,112,2,2025-11-21 22:35:28
3062,955,Medium,12,9,2026-01-07 20:03:13
3063,955,Medium,9,9,2026-03-29 10:20:51
3064,956,Low,26,6,2025-11-30 06:30:00
3065,957,High,10,9,2026-01-19 15:33:00
3066,957,High,34,9,2026-02-16 02:16:54
3067,957,Low,20,8,2026-01-30 08:47:48
3068,957,High,2,6,2025-11-25 18:30:35
3069,958,Medium,36,9,2026-05-12 17:13:09
3070,958,Medium,27,7,2025-11-29 16:07:03
3071,959,Medium,31,6,2026-03-04 04:27:22
3072,959,Low,14,7,2026-02-13 13:05:02
3073,959,Low,29,8,2026-04-16 05:32:29
3074,959,Medium,12,6,2026-02-04 12:16:32
3075,960,Low,28,9,2026-04-01 23:49:19
3076,960,Medium,39,9,2025-12-01 05:23:25
3077,960,Low,21,7,2026-01-10 05:13:24
3078,961,Low,46,7,2025-12-12 06:56:17
3079,961,High,37,7,2026-05-05 14:43:48
3080,961,High,24,7,2025-12-18 01:40:06
3081,961,Low,34,9,2025-12-04 09:52:04
3082,962,High,12,7,2026-04-16 22:16:03
3083,962,Medium,6,9,2026-04-18 23:08:00
3084,962,Medium,45,9,2026-04-09 07:29:53
3085,963,Medium,22,7,2026-05-04 06:25:12
3086,963,Medium,16,6,2025-11-24 16:43:53
3087,963,High,36,9,2025-12-03 06:26:23
3088,963,High,25,9,2026-01-22 02:26:17
3089,964,Medium,33,6,2025-11-29 02:47:49
3090,964,Medium,36,9,2026-02-24 13:51:14
3091,965,Low,41,3,2026-02-27 19:01:35
3092,965,Medium,46,5,2026-04-07 22:42:30
3093,965,High,39,3,2025-12-29 05:06:41
3094,965,Low,92,4,2026-04-12 15:40:41
3095,965,Low,44,3,2026-03-03 01:50:02
3096,966,Low,101,4,2026-05-15 12:02:30
3097,966,Medium,39,1,2026-01-29 07:06:15
3098,966,High,110,5,2026-04-06 18:06:09
3099,966,Medium,94,4,2026-03-08 01:28:04
3100,966,High,40,1,2026-04-13 08:52:58
3101,966,Low,77,4,2026-03-21 12:10:31
3102,966,Low,28,5,2025-12-27 16:19:29
3103,968,High,27,9,2025-12-09 18:00:27
3104,969,Medium,23,9,2026-03-10 03:48:48
3105,970,High,14,8,2026-03-27 03:00:13
3106,970,Low,43,6,2026-03-08 17:35:33
3107,970,Low,31,8,2025-12-01 14:25:02
3108,970,High,17,9,2025-12-23 05:57:14
3109,971,Medium,19,7,2026-01-05 01:36:34
3110,971,Low,23,9,2025-12-08 21:44:11
3111,971,Low,40,6,2026-03-01 00:43:12
3112,972,High,20,8,2025-12-01 05:08:23
3113,973,High,5,6,2026-05-08 04:44:21
3114,973,High,29,7,2026-02-21 16:12:58
3115,974,High,48,2,2025-12-08 07:19:12
3116,974,Low,68,5,2026-05-11 03:38:46
3117,974,High,114,1,2026-04-22 02:52:51
3118,974,High,95,1,2026-04-04 01:04:06
3119,974,Medium,107,4,2026-04-24 09:32:28
3120,974,High,110,3,2026-02-11 06:03:28
3121,974,High,62,3,2026-05-10 17:07:39
3122,974,Low,52,2,2025-12-18 09:04:08
3123,975,Low,16,8,2026-01-23 14:02:47
3124,975,Medium,20,7,2025-12-23 08:32:32
3125,975,High,3,6,2026-04-01 13:57:53
3126,975,Medium,47,6,2026-03-27 03:25:06
3127,976,Medium,17,7,2026-03-23 13:51:01
3128,978,Low,52,4,2026-03-03 21:47:09
3129,978,Low,93,5,2026-01-18 22:08:48
3130,978,High,74,1,2025-12-01 03:19:35
3131,978,Low,26,4,2026-02-27 17:51:05
3132,980,Medium,35,6,2026-01-28 16:23:06
3133,980,Low,27,9,2026-05-03 02:10:07
3134,980,Medium,12,9,2026-01-02 16:55:48
3135,980,High,45,9,2026-03-09 09:59:48
3136,981,Low,96,4,2026-03-30 10:44:58
3137,981,Medium,42,3,2026-02-19 19:51:11
3138,981,High,68,3,2025-12-20 18:45:56
3139,981,Low,36,5,2026-03-17 18:09:25
3140,981,Medium,83,1,2026-03-03 12:35:23
3141,981,Low,109,4,2026-04-15 13:53:30
3142,983,High,47,6,2026-04-24 01:18:24
3143,984,Low,109,3,2026-04-27 15:27:49
3144,984,High,106,4,2026-03-25 17:21:30
3145,984,Medium,95,2,2025-12-18 03:21:12
3146,984,Low,113,3,2026-03-14 07:08:03
3147,984,Medium,49,3,2025-11-23 16:51:10
3148,985,High,100,4,2026-05-03 22:58:19
3149,985,Low,32,4,2026-01-05 09:14:09
3150,985,Medium,79,3,2026-01-01 23:42:05
3151,985,Medium,62,3,2026-01-02 21:54:38
3152,985,Medium,35,3,2026-01-02 08:22:22
3153,985,Low,49,2,2026-05-05 17:24:39
3154,985,Low,50,3,2026-03-06 13:32:43
3155,985,High,61,2,2026-05-14 00:59:17
3156,985,Medium,66,3,2026-02-25 22:50:51
3157,986,High,87,4,2026-01-31 05:23:28
3158,986,Medium,65,4,2026-01-30 09:29:44
3159,986,Low,88,3,2026-04-19 14:00:47
3160,986,High,95,3,2026-01-27 09:50:37
3161,986,High,75,3,2026-03-21 14:23:27
3162,986,High,84,4,2026-02-28 21:41:10
3163,986,High,48,4,2026-03-12 23:18:12
3164,986,Medium,49,4,2026-03-14 20:53:09
3165,986,Low,66,3,2026-01-03 03:09:46
3166,986,High,60,5,2026-04-17 16:58:59
3167,987,Low,24,9,2026-04-19 06:30:53
3168,987,Medium,13,6,2025-11-20 09:40:42
3169,987,Medium,4,8,2025-12-21 15:31:27
3170,987,High,32,6,2026-02-03 07:27:19
3171,988,Low,30,2,2026-01-24 00:39:11
3172,988,Low,34,4,2026-01-03 21:17:21
3173,988,High,77,1,2026-04-23 09:06:56
3174,988,Low,110,5,2026-01-22 07:40:08
3175,988,High,46,2,2026-04-09 04:12:19
3176,988,High,51,3,2025-11-30 20:15:49
3177,988,Medium,80,2,2026-05-07 05:44:42
3178,989,Low,25,7,2026-03-17 13:45:09
3179,989,Low,29,8,2026-02-12 19:50:28
3180,989,High,33,9,2026-01-17 22:54:43
3181,989,Medium,14,7,2025-11-25 03:38:15
3182,990,Low,35,7,2025-11-21 15:24:19
3183,990,High,28,6,2025-12-25 10:33:43
3184,990,High,3,9,2026-01-27 16:09:26
3185,990,Low,46,7,2025-12-19 15:59:21
3186,991,Low,116,5,2026-02-28 17:49:52
3187,991,Medium,102,1,2026-04-30 02:26:41
3188,991,High,74,2,2026-01-16 15:07:21
3189,991,Low,70,5,2026-01-10 10:24:26
3190,991,Low,87,4,2026-04-23 04:56:18
3191,991,Medium,61,1,2026-01-15 06:02:19
3192,991,Medium,30,1,2025-12-23 00:45:36
3193,991,Low,105,1,2026-05-03 11:00:37
3194,991,High,64,2,2025-12-18 10:18:21
3195,991,Low,33,1,2025-11-27 16:41:53
3196,992,Medium,7,9,2025-12-26 09:51:58
3197,992,Low,38,8,2026-01-14 14:42:36
3198,993,Low,33,6,2025-11-25 06:38:56
3199,993,Low,44,6,2026-04-21 12:58:18
3200,995,Medium,83,2,2026-04-09 13:37:34
3201,995,Low,27,1,2026-01-27 22:27:27
3202,995,High,27,3,2026-01-26 09:26:28
3203,995,Low,113,4,2026-01-13 20:17:00
3204,995,Low,24,2,2025-12-20 08:05:17
3205,995,Medium,96,5,2026-03-13 21:18:05
3206,995,Medium,58,5,2025-12-10 14:39:53
3207,995,High,47,3,2025-11-25 18:09:19
3208,996,Low,36,7,2026-02-01 14:04:42
3209,996,Medium,43,8,2026-02-18 16:02:28
3210,996,Medium,32,7,2025-12-18 12:53:25
3211,997,Medium,18,9,2026-03-03 06:14:24
3212,997,High,29,9,2026-01-28 18:37:41
3213,997,Medium,35,8,2026-05-17 22:19:50
3214,999,High,82,4,2026-04-21 04:07:58
3215,999,High,60,1,2025-11-28 09:28:25
3216,999,High,62,2,2026-02-09 14:02:54
3217,999,Low,71,1,2026-05-12 02:02:27
3218,999,Low,27,3,2026-02-06 15:43:05
3219,999,Medium,89,4,2025-11-26 22:59:42
3220,999,Low,35,4,2026-04-20 05:30:19
3221,999,Low,41,2,2025-12-26 21:31:24
3222,999,Medium,76,5,2025-11-23 18:08:33
3223,999,Low,24,2,2025-12-17 20:38:59
3224,1000,Medium,26,8,2025-11-27 02:00:39
3225,1000,Low,26,6,2025-12-07 11:05:18
3226,1002,Low,6,7,2026-02-11 23:54:26
3227,1002,Medium,44,9,2025-12-08 10:19:13
3228,1003,High,24,7,2025-11-26 03:05:21
3229,1005,Medium,42,5,2026-01-21 22:22:26
3230,1005,High,41,5,2026-01-22 21:50:48
3231,1005,High,53,1,2026-02-10 18:09:24
3232,1005,Medium,65,1,2026-03-02 14:27:06
3233,1007,High,10,6,2026-01-03 02:33:37
3234,1007,Low,12,7,2026-04-21 15:07:28
3235,1007,High,30,8,2026-01-26 05:33:00
3236,1008,Low,39,6,2026-02-03 01:19:41
3237,1008,Low,21,9,2026-03-02 08:09:48
3238,1008,Low,29,6,2025-12-17 08:10:11
3239,1009,Low,43,7,2026-01-26 21:38:27
3240,1009,Low,15,7,2026-01-22 16:16:38
3241,1010,High,39,6,2026-03-22 11:50:23
3242,1010,High,44,7,2025-11-22 09:01:15
3243,1010,High,18,8,2026-04-07 05:43:11
3244,1011,Medium,7,8,2026-01-20 01:21:06
3245,1011,High,18,9,2026-01-03 18:18:54
3246,1011,Medium,38,6,2025-12-27 07:52:38
3247,1011,Medium,33,9,2026-05-02 07:32:05
3248,1012,Low,31,7,2026-05-14 20:34:00
3249,1014,High,34,4,2026-04-04 19:50:38
3250,1014,High,105,4,2026-03-14 01:33:50
3251,1014,Medium,116,2,2026-01-02 01:51:10
3252,1014,Low,67,2,2026-02-07 04:05:31
3253,1014,Low,48,1,2026-03-13 01:33:57
3254,1014,Medium,108,3,2026-01-16 17:54:34
3255,1014,Low,39,4,2025-11-28 13:13:48
3256,1014,Medium,119,4,2026-04-03 02:08:20
3257,1014,Low,74,1,2026-03-12 17:58:06
3258,1015,High,9,7,2026-03-19 05:00:56
3259,1015,High,45,7,2026-05-01 06:06:10
3260,1016,Medium,32,6,2025-12-24 12:50:51
3261,1016,Low,23,6,2026-04-09 03:46:46
3262,1016,Low,42,6,2026-01-31 22:13:31
3263,1016,Low,32,8,2026-03-19 18:39:29
3264,1017,Low,97,3,2026-01-22 14:02:10
3265,1017,High,62,2,2026-02-03 21:24:00
3266,1017,Medium,38,5,2026-03-13 18:20:17
3267,1017,Low,26,3,2026-01-24 15:31:06
3268,1017,Medium,33,4,2026-01-21 09:26:38
3269,1017,Low,52,3,2026-01-12 12:16:47
3270,1018,Medium,6,9,2026-05-05 18:12:28
3271,1018,Medium,47,7,2026-01-13 12:38:09
3272,1019,High,13,6,2026-05-02 15:01:14
3273,1019,Medium,19,8,2025-12-10 14:28:12
3274,1019,Low,8,9,2026-01-16 18:17:07
3275,1020,Medium,20,8,2026-01-04 21:16:25
3276,1020,Low,4,8,2026-03-06 22:31:38
3277,1020,Medium,21,8,2026-01-10 06:29:13
3278,1020,Medium,45,9,2026-02-05 15:54:59
3279,1021,Low,110,5,2026-02-20 23:22:30
3280,1021,Medium,90,1,2025-12-31 11:42:39
3281,1021,Low,83,5,2026-01-19 09:57:58
3282,1021,Medium,94,2,2026-03-05 10:03:00
3283,1021,Medium,64,1,2025-12-23 03:17:17
3284,1021,Medium,67,1,2026-03-08 16:23:13
3285,1021,Medium,33,3,2026-02-14 11:20:26
3286,1021,Low,103,1,2026-05-11 15:39:40
3287,1022,High,25,7,2025-12-30 04:56:45
3288,1022,Low,12,6,2026-03-07 19:31:25
3289,1023,High,17,9,2026-01-24 23:55:58
3290,1024,Low,49,1,2026-02-25 09:48:39
3291,1024,High,59,1,2026-02-12 09:37:58
3292,1024,Medium,46,3,2026-03-30 13:20:53
3293,1024,High,29,5,2026-05-07 01:37:25
3294,1025,High,66,1,2026-03-29 07:36:21
3295,1025,Low,41,5,2026-03-16 07:43:46
3296,1025,High,66,4,2026-01-10 13:06:10
3297,1025,Low,41,3,2026-03-08 02:42:51
3298,1025,Medium,83,1,2026-05-19 17:21:57
3299,1025,High,115,3,2026-02-18 12:36:11
3300,1025,Medium,79,3,2026-02-02 03:16:25
3301,1025,High,55,1,2026-02-01 05:09:55
3302,1025,High,119,4,2026-02-26 01:13:47
3303,1026,High,28,6,2026-02-11 00:32:19
3304,1026,Low,4,7,2025-12-18 17:40:58
3305,1026,Medium,34,9,2026-03-20 21:06:21
3306,1027,Low,3,7,2025-12-01 07:12:08
3307,1027,Medium,8,7,2026-03-27 02:54:25
3308,1029,High,16,9,2026-04-18 06:02:03
3309,1029,High,39,7,2026-03-07 14:36:49
3310,1029,High,45,6,2025-11-24 01:03:43
3311,1029,High,5,6,2026-03-20 22:44:20
3312,1030,Low,43,2,2026-05-02 10:06:15
3313,1030,Medium,105,2,2025-12-11 13:43:43
3314,1030,Low,97,5,2026-04-04 04:13:07
3315,1030,Low,70,4,2025-11-24 05:13:34
3316,1030,Low,100,2,2026-04-09 17:19:05
3317,1031,Low,47,6,2025-12-03 05:31:29
3318,1033,Low,11,8,2026-04-21 13:50:57
3319,1033,High,35,8,2026-03-02 12:51:03
3320,1033,Medium,26,7,2025-12-10 18:48:21
3321,1034,High,14,7,2026-05-05 04:05:22
3322,1035,High,45,9,2026-04-06 01:52:02
3323,1036,Medium,24,6,2026-03-29 12:56:59
3324,1036,High,1,8,2026-02-23 18:38:04
3325,1038,Medium,66,3,2026-03-21 17:32:25
3326,1038,High,105,4,2026-05-08 15:54:19
3327,1038,Medium,78,4,2026-04-27 07:02:19
3328,1038,High,115,4,2025-12-04 18:16:09
3329,1039,Medium,33,8,2025-11-25 23:53:32
3330,1039,High,28,8,2026-02-12 11:12:15
3331,1040,Low,37,7,2026-05-09 20:38:58
3332,1040,High,35,7,2026-01-04 21:53:44
3333,1040,High,35,9,2026-01-25 08:39:17
3334,1041,High,16,7,2026-03-17 04:21:08
3335,1041,Medium,13,7,2026-02-14 02:41:48
3336,1041,Low,23,9,2025-11-29 10:20:51
3337,1041,Medium,22,9,2025-12-02 12:51:00
3338,1042,Low,51,3,2026-04-04 04:09:17
3339,1042,High,83,5,2026-03-28 15:42:26
3340,1042,High,69,4,2026-01-31 23:02:48
3341,1042,High,78,5,2026-02-01 12:02:58
3342,1042,Low,49,5,2026-04-14 09:51:45
3343,1044,Low,25,6,2026-05-09 14:35:31
3344,1044,Medium,1,7,2025-12-16 00:24:34
3345,1044,High,23,8,2026-04-22 17:51:08
3346,1044,Medium,23,8,2025-11-21 15:58:36
3347,1045,Medium,43,8,2025-12-06 23:26:28
3348,1045,Medium,32,7,2025-12-15 00:11:09
3349,1045,High,13,8,2025-12-15 16:15:16
3350,1046,High,18,8,2026-04-05 07:43:42
3351,1046,High,15,6,2025-12-06 05:26:43
3352,1046,Medium,21,6,2025-12-27 16:15:35
3353,1048,Medium,39,8,2025-12-08 04:08:20
3354,1049,Low,27,6,2026-02-20 21:30:02
3355,1049,High,44,7,2026-03-06 23:19:08
3356,1049,High,24,8,2026-04-18 22:49:33
3357,1050,Low,70,3,2026-01-21 01:46:13
3358,1050,Medium,65,2,2026-04-23 05:00:26
3359,1050,Medium,71,4,2026-03-30 18:39:10
3360,1050,High,114,3,2026-04-03 15:16:23
3361,1050,Low,32,5,2026-04-11 04:29:01
3362,1050,Low,80,5,2026-05-01 11:17:23
3363,1050,High,113,5,2026-01-29 08:23:55
3364,1050,Medium,100,1,2025-12-27 17:17:07
3365,1050,Medium,110,4,2025-11-23 22:43:53
3366,1051,Low,115,1,2026-01-30 14:57:37
3367,1051,Medium,51,1,2025-11-24 11:59:10
3368,1051,Medium,89,1,2026-01-23 10:10:34
3369,1051,Medium,81,2,2025-12-25 15:46:32
3370,1051,Medium,64,3,2026-03-24 17:16:21
3371,1051,Medium,61,5,2026-02-16 16:08:05
3372,1051,High,98,2,2025-12-01 18:06:45
3373,1051,High,63,3,2026-02-27 10:03:42
3374,1053,Low,47,3,2026-01-20 23:09:53
3375,1053,Medium,41,1,2026-03-24 04:51:52
3376,1053,High,111,5,2026-03-03 21:37:51
3377,1053,Medium,58,1,2026-02-26 18:32:12
3378,1053,Medium,48,5,2026-01-29 23:26:46
3379,1053,Medium,72,4,2025-12-10 06:07:42
3380,1054,High,43,7,2026-04-19 02:37:03
3381,1054,High,25,9,2026-01-30 01:20:15
3382,1054,Low,34,6,2026-03-23 02:51:48
3383,1055,Medium,19,8,2025-12-27 06:11:02
3384,1056,Medium,19,6,2026-03-31 10:14:38
3385,1057,High,16,7,2026-01-14 12:53:14
3386,1057,Medium,9,6,2026-02-08 19:19:03
3387,1057,Low,42,8,2025-12-27 20:32:39
3388,1058,Low,33,7,2025-12-20 09:52:05
3389,1058,Low,16,9,2025-11-21 09:40:12
3390,1058,Medium,40,8,2026-01-21 11:01:18
3391,1058,High,18,7,2026-02-01 19:11:29
3392,1059,Low,112,5,2026-03-03 05:58:04
3393,1059,High,68,5,2026-01-17 00:55:23
3394,1059,High,93,1,2025-12-21 08:03:13
3395,1059,Low,71,3,2026-01-31 13:45:13
3396,1059,Low,62,2,2025-12-03 20:19:46
3397,1059,Low,33,1,2026-04-03 11:35:57
3398,1059,Low,41,4,2026-04-11 08:08:54
3399,1059,Low,111,4,2026-03-11 12:12:30
3400,1059,Low,96,4,2025-12-19 02:09:34
3401,1061,Low,40,6,2026-03-16 19:29:45
3402,1061,Medium,45,6,2025-12-13 05:02:05
3403,1061,High,26,9,2025-11-19 22:52:58
3404,1062,Medium,17,9,2026-03-31 22:47:42
3405,1063,Medium,38,3,2026-02-03 17:04:39
3406,1063,High,75,5,2026-03-15 05:48:24
3407,1063,Medium,28,4,2026-01-14 11:26:11
3408,1063,High,102,2,2026-02-28 11:34:25
3409,1063,Low,25,5,2026-01-24 04:23:09
3410,1063,High,36,4,2026-03-09 08:04:56
3411,1063,Low,65,5,2026-02-21 01:16:12
3412,1063,Low,97,5,2026-03-12 19:42:54
3413,1064,Medium,31,6,2026-04-28 16:10:53
3414,1064,High,8,8,2025-12-16 15:20:14
3415,1065,Low,46,9,2026-01-11 07:42:55
3416,1065,Medium,9,7,2026-02-10 19:20:43
3417,1065,High,11,8,2026-04-29 07:58:05
3418,1066,Medium,37,6,2026-03-10 18:15:52
3419,1066,Medium,42,6,2026-01-19 10:25:11
3420,1066,Low,36,9,2026-01-30 14:28:26
3421,1066,Medium,13,9,2026-02-25 10:54:19
3422,1068,Low,60,2,2025-11-25 03:37:10
3423,1068,Medium,96,4,2026-01-06 23:01:17
3424,1068,Low,94,2,2025-12-15 18:36:25
3425,1068,Low,79,4,2026-02-02 16:52:05
3426,1068,High,46,5,2026-03-04 09:41:42
3427,1068,Low,46,5,2025-12-25 06:32:27
3428,1068,Low,101,2,2026-01-05 11:35:04
3429,1069,High,5,8,2026-05-02 12:53:51
3430,1070,Medium,31,6,2026-03-18 15:01:25
3431,1071,High,54,2,2026-05-16 11:57:44
3432,1071,Low,43,4,2026-02-03 10:09:03
3433,1071,High,78,1,2026-01-10 14:04:16
3434,1071,Low,25,1,2025-12-19 11:42:53
3435,1071,Medium,36,2,2026-02-26 09:22:09
3436,1071,Low,115,2,2026-04-14 19:21:41
3437,1071,High,93,3,2026-05-10 00:15:20
3438,1071,Low,81,3,2025-12-04 11:29:28
3439,1071,High,105,3,2026-04-26 07:28:11
3440,1073,Medium,20,9,2026-02-13 19:13:38
3441,1074,Medium,5,8,2025-12-10 15:10:30
3442,1074,High,22,8,2026-03-08 20:03:55
3443,1074,High,19,7,2026-01-12 00:46:50
3444,1074,High,47,7,2026-03-12 08:40:08
3445,1075,Medium,16,9,2026-03-03 15:52:49
3446,1075,Medium,24,6,2026-04-02 22:22:52
3447,1076,Medium,4,8,2026-03-30 21:18:19
3448,1076,Medium,25,9,2026-05-12 10:30:11
3449,1077,Medium,35,8,2026-04-15 16:50:10
3450,1078,High,37,1,2026-05-03 18:21:45
3451,1078,High,106,4,2025-11-21 22:53:31
3452,1078,High,30,3,2026-05-19 00:10:41
3453,1078,Medium,72,1,2025-12-04 10:59:50
3454,1078,High,39,3,2026-01-27 15:47:56
3455,1078,Low,95,2,2026-01-20 09:46:01
3456,1078,Low,115,4,2026-03-14 02:34:50
3457,1079,High,19,7,2026-03-23 05:23:55
3458,1079,Medium,17,8,2026-02-12 06:48:10
3459,1079,High,45,6,2026-03-25 18:58:00
3460,1079,High,7,8,2025-11-19 03:32:00
3461,1080,Medium,33,2,2026-01-05 06:54:44
3462,1080,High,59,1,2026-04-10 12:03:01
3463,1080,Low,29,2,2026-05-01 02:59:59
3464,1080,Medium,110,5,2025-11-29 10:09:10
3465,1080,Low,48,1,2026-01-23 18:03:32
3466,1080,Medium,69,3,2026-03-25 12:47:40
3467,1080,Medium,49,3,2026-01-23 10:33:36
3468,1081,Medium,51,3,2025-12-15 14:39:13
3469,1081,Medium,98,5,2026-02-03 09:20:23
3470,1081,High,101,3,2026-04-09 05:56:09
3471,1081,High,113,5,2026-01-14 07:48:27
3472,1081,High,77,3,2025-12-22 09:50:10
3473,1081,Medium,95,3,2026-04-11 06:58:51
3474,1081,Low,43,3,2025-12-07 08:21:49
3475,1081,Low,94,1,2026-04-18 00:05:06
3476,1082,Low,45,6,2025-12-02 13:08:09
3477,1082,Low,29,8,2025-12-22 08:34:44
3478,1082,High,8,9,2025-12-12 01:16:20
3479,1082,Medium,4,8,2026-01-30 09:14:00
3480,1083,High,3,7,2026-01-11 15:02:39
3481,1083,Low,45,9,2026-04-15 19:37:48
3482,1084,High,30,3,2026-04-23 15:56:39
3483,1084,Medium,24,3,2026-01-22 09:11:00
3484,1084,Medium,103,4,2026-03-28 02:47:15
3485,1085,Medium,23,6,2026-05-15 08:55:59
3486,1085,Medium,11,7,2026-04-24 21:27:04
3487,1086,High,56,2,2025-12-16 20:51:09
3488,1086,Low,86,4,2026-01-17 00:01:47
3489,1086,High,60,1,2025-11-24 17:16:54
3490,1086,High,82,1,2026-05-03 08:04:53
3491,1086,High,71,5,2026-01-30 08:09:18
3492,1086,Low,71,3,2025-12-03 19:31:42
3493,1086,Medium,70,3,2026-03-18 16:45:35
3494,1086,High,37,5,2025-11-28 10:46:44
3495,1086,High,84,1,2026-04-22 11:21:46
3496,1087,High,24,9,2026-04-19 05:28:38
3497,1088,High,46,2,2026-04-19 00:06:16
3498,1088,Medium,73,2,2025-11-22 03:29:13
3499,1088,High,102,3,2026-01-25 17:57:47
3500,1088,Medium,38,2,2026-03-10 13:54:07
3501,1088,Low,59,3,2026-01-14 19:38:24
3502,1088,High,85,5,2026-05-11 02:23:55
3503,1088,High,111,5,2026-03-17 14:57:43
3504,1088,Low,55,4,2026-04-03 16:55:12
3505,1088,Medium,36,1,2026-03-08 05:56:38
3506,1088,Low,57,4,2026-05-16 14:49:13
3507,1089,Low,14,6,2026-01-18 20:46:47
3508,1089,High,29,7,2026-03-30 11:30:24
3509,1089,Medium,18,7,2025-11-21 01:17:23
3510,1090,High,94,5,2026-04-10 19:28:37
3511,1090,Medium,54,5,2026-05-13 23:27:32
3512,1090,High,48,3,2026-01-08 05:06:23
3513,1090,Low,77,2,2025-12-17 04:35:54
3514,1090,Low,104,5,2026-01-20 19:24:25
3515,1091,Low,14,6,2026-03-18 15:06:34
3516,1091,High,30,6,2025-12-06 00:57:54
3517,1092,Medium,20,6,2025-12-29 09:03:39
3518,1092,Medium,22,8,2026-01-18 13:49:06
3519,1093,Medium,37,9,2026-03-16 20:09:07
3520,1093,High,43,6,2026-05-02 07:26:50
3521,1094,Medium,16,7,2026-01-21 07:50:33
3522,1094,Low,2,9,2026-04-12 20:24:58
3523,1095,Low,21,8,2025-12-23 15:13:05
3524,1095,High,34,7,2026-04-01 05:37:40
3525,1095,High,6,6,2026-01-29 02:39:14
3526,1096,High,39,6,2025-12-07 06:11:39
3527,1096,Low,5,6,2026-03-29 18:23:15
3528,1096,Medium,20,9,2026-04-09 13:42:42
3529,1096,Low,16,8,2026-05-01 01:41:55
3530,1097,High,60,1,2026-04-16 03:35:40
3531,1097,Medium,92,2,2026-05-15 12:42:32
3532,1097,High,80,2,2026-04-22 15:24:19
3533,1097,Medium,32,3,2026-05-09 05:19:58
3534,1098,Low,36,7,2026-01-22 10:35:05
3535,1098,Low,22,7,2026-03-22 05:00:27
3536,1098,Low,34,8,2026-02-06 02:05:27
3537,1099,Medium,52,3,2026-01-09 16:11:36
3538,1099,Medium,41,1,2026-02-07 09:42:53
3539,1099,High,24,4,2026-01-20 20:47:56
3540,1099,Medium,27,5,2026-04-16 21:25:15
3541,1099,Low,105,3,2026-03-31 08:50:29
3542,1099,Medium,66,3,2026-03-11 18:29:23
3543,1100,Low,32,6,2026-03-12 22:42:54
3544,1101,Medium,28,7,2026-05-11 16:46:04
3545,1101,High,41,8,2026-05-07 03:41:06
3546,1101,Low,36,9,2026-05-09 06:54:54
3547,1102,High,6,7,2026-03-12 03:13:34
3548,1102,Low,16,7,2026-03-29 06:56:11
3549,1104,Medium,23,7,2026-01-16 01:32:34
3550,1104,Low,42,9,2026-04-29 18:43:44
3551,1104,Low,13,9,2026-03-22 22:04:24
3552,1105,Low,18,7,2026-05-16 23:04:27
3553,1105,Medium,13,6,2025-12-10 16:03:57
3554,1105,Low,37,8,2026-03-07 00:51:28
3555,1105,Low,39,6,2026-01-30 11:16:29
3556,1106,Medium,42,6,2026-03-28 22:40:12
3557,1106,High,15,7,2026-04-24 00:38:22
3558,1106,Medium,23,7,2026-05-19 16:39:48
3559,1106,Medium,30,7,2026-03-13 13:27:48
3560,1107,Medium,34,7,2026-02-16 15:26:09
3561,1107,Medium,4,8,2025-11-23 22:43:25
3562,1107,Low,7,9,2026-03-07 08:51:36
3563,1109,High,41,2,2025-12-05 04:03:55
3564,1109,Medium,30,2,2026-03-25 19:54:45
3565,1109,Low,88,4,2025-12-28 13:28:10
3566,1109,Medium,72,4,2025-12-09 10:27:39
3567,1109,High,52,5,2026-04-28 12:27:29
3568,1109,Low,113,1,2026-02-10 15:06:17
3569,1112,Low,47,9,2026-04-30 06:37:50
3570,1113,Medium,42,8,2025-12-01 19:47:42
3571,1113,Low,6,9,2026-02-19 23:22:31
3572,1115,High,20,9,2026-01-11 11:47:39
3573,1115,High,27,7,2026-03-15 04:32:29
3574,1115,Medium,8,6,2026-04-05 05:37:35
3575,1116,Low,24,9,2026-04-09 00:47:05
3576,1118,Medium,47,8,2026-03-15 22:28:54
3577,1118,Medium,19,7,2026-01-08 14:35:08
3578,1119,Medium,86,1,2026-01-17 05:10:58
3579,1119,High,78,4,2026-01-29 20:11:44
3580,1119,Low,85,5,2026-04-15 23:33:32
3581,1119,Medium,45,3,2026-03-04 17:51:42
3582,1119,Medium,107,5,2025-12-03 02:59:05
3583,1119,Medium,64,2,2025-12-06 22:50:40
3584,1119,Low,88,2,2026-03-08 03:45:36
3585,1119,Low,40,1,2025-12-27 20:00:14
3586,1120,Low,15,7,2026-04-12 12:05:29
3587,1120,Low,22,8,2026-05-18 12:48:28
3588,1120,Low,19,6,2026-03-16 06:40:49
3589,1121,Low,67,2,2026-04-18 23:53:18
3590,1121,High,58,2,2026-05-07 17:09:15
3591,1121,Low,24,4,2026-01-29 15:40:00
3592,1121,High,108,5,2026-05-07 17:17:05
3593,1121,High,93,5,2025-12-08 08:43:08
3594,1122,Low,88,3,2025-12-13 08:48:50
3595,1122,Medium,24,3,2026-02-01 07:36:14
3596,1122,High,44,5,2026-03-26 10:30:21
3597,1122,High,39,4,2026-05-07 02:50:42
3598,1122,Low,84,2,2026-02-12 16:10:18
3599,1123,High,16,9,2026-04-12 15:16:37
3600,1123,Medium,1,9,2026-05-13 20:12:23
3601,1123,High,10,9,2025-12-03 01:04:49
3602,1124,Low,43,6,2026-05-15 13:23:47
3603,1124,High,23,8,2026-01-01 11:08:24
3604,1124,Low,44,6,2026-02-26 07:04:49
3605,1124,High,7,9,2025-12-14 13:27:31
3606,1125,High,102,2,2025-12-18 12:41:53
3607,1125,Low,69,5,2025-12-21 15:56:45
3608,1125,Low,91,3,2026-03-20 05:46:21
3609,1125,High,25,2,2026-01-24 12:33:33
3610,1127,Medium,17,6,2026-04-04 07:57:36
3611,1127,Medium,12,7,2026-03-03 13:30:40
3612,1127,Low,22,9,2025-12-15 12:15:37
3613,1128,Medium,41,9,2026-04-25 02:46:26
3614,1128,Medium,1,7,2026-01-19 22:45:20
3615,1128,High,47,6,2025-12-10 18:01:12
3616,1128,Low,6,8,2026-04-07 11:51:36
3617,1129,High,18,7,2025-11-30 15:43:17
3618,1130,Medium,68,1,2026-02-17 11:27:15
3619,1130,Medium,46,2,2026-01-10 16:30:32
3620,1130,High,100,4,2026-04-28 03:32:27
3621,1132,Medium,27,7,2026-02-27 06:44:45
3622,1132,High,33,8,2025-12-03 02:07:49
3623,1132,High,36,6,2026-02-28 22:34:16
3624,1132,High,27,6,2025-12-10 22:13:18
3625,1133,Medium,5,6,2026-04-18 08:51:17
3626,1134,High,25,2,2026-01-11 09:48:08
3627,1134,High,103,5,2026-03-10 04:06:25
3628,1134,High,49,3,2025-12-03 03:53:06
3629,1134,Low,102,3,2026-02-28 17:06:23
3630,1135,Low,110,5,2026-02-25 23:59:31
3631,1135,Low,57,1,2026-02-10 02:09:15
3632,1135,Medium,64,1,2026-01-10 03:23:31
3633,1135,Low,46,3,2026-05-02 00:26:34
3634,1135,High,81,2,2026-05-08 03:29:21
3635,1135,Low,66,1,2026-05-03 22:05:20
3636,1135,Medium,24,5,2026-03-21 14:01:30
3637,1136,Low,14,9,2026-01-30 01:41:06
3638,1136,Medium,32,7,2026-05-02 20:27:10
3639,1136,High,39,7,2026-02-13 20:37:12
3640,1136,Medium,7,7,2026-02-04 16:11:20
3641,1137,Low,53,4,2026-04-28 10:30:11
3642,1137,Low,44,4,2026-05-16 23:09:35
3643,1137,High,104,1,2026-05-01 05:36:06
3644,1137,Medium,97,3,2025-12-30 05:46:30
3645,1137,Low,86,2,2026-03-06 06:41:35
3646,1137,High,74,4,2026-01-31 05:18:02
3647,1137,Medium,79,1,2026-01-07 12:09:06
3648,1138,Low,55,3,2026-02-14 09:53:21
3649,1138,Low,51,1,2026-05-13 10:19:25
3650,1138,Low,87,3,2025-12-27 18:05:52
3651,1138,High,81,2,2026-05-10 19:28:28
3652,1138,Low,59,2,2026-03-14 19:53:28
3653,1138,Low,94,5,2025-12-01 04:00:00
3654,1138,High,38,1,2026-01-22 13:57:40
3655,1138,High,110,4,2026-02-26 11:09:55
3656,1139,Low,45,2,2026-01-27 10:53:19
3657,1139,Low,98,2,2026-04-05 07:19:26
3658,1139,High,48,5,2026-02-20 03:26:15
3659,1139,Low,71,3,2026-04-22 01:39:02
3660,1139,High,61,1,2025-11-30 21:48:00
3661,1139,High,68,1,2025-12-28 11:26:18
3662,1139,Low,40,5,2026-01-11 16:54:15
3663,1139,Medium,80,2,2026-04-03 23:45:16
3664,1139,High,119,1,2026-05-13 20:51:11
3665,1139,Low,85,1,2026-03-14 08:24:21
3666,1140,Medium,4,6,2025-12-30 09:48:56
3667,1140,Medium,17,6,2025-12-13 20:56:29
3668,1140,Medium,30,9,2026-03-10 01:04:01
3669,1143,Low,11,6,2026-02-08 15:38:36
3670,1144,Medium,21,7,2026-05-19 00:52:09
3671,1144,High,29,9,2026-04-22 21:19:04
3672,1145,Medium,97,5,2026-03-03 03:20:32
3673,1145,High,40,2,2026-03-21 02:23:27
3674,1145,Low,65,4,2025-12-08 23:30:05
3675,1145,Low,68,2,2026-01-27 14:04:20
3676,1145,Low,40,1,2025-12-02 10:04:45
3677,1145,Low,37,1,2026-03-12 23:19:48
3678,1145,Low,52,4,2026-01-17 22:23:15
3679,1145,High,105,3,2026-02-19 18:04:17
3680,1146,Medium,20,9,2026-03-26 08:56:24
3681,1147,Medium,47,8,2025-12-24 10:05:16
3682,1147,High,44,6,2026-04-24 23:42:51
3683,1148,High,100,3,2025-12-18 14:30:41
3684,1148,Low,38,4,2025-11-21 10:30:07
3685,1148,Medium,42,2,2025-12-20 18:35:22
3686,1148,Medium,75,2,2026-03-01 07:45:31
3687,1148,Low,112,2,2026-01-03 06:19:47
3688,1148,Low,49,4,2026-01-24 05:45:50
3689,1148,Medium,72,2,2026-03-12 16:58:47
3690,1149,Medium,32,6,2026-02-21 12:11:59
3691,1149,Medium,3,7,2025-12-09 18:54:15
3692,1149,Medium,33,7,2026-02-26 06:22:34
3693,1150,Medium,42,1,2026-04-21 08:54:03
3694,1150,High,56,4,2026-03-05 11:10:08
3695,1150,Low,72,3,2026-04-21 09:01:29
3696,1150,Low,72,2,2026-03-30 13:48:37
3697,1150,Low,95,4,2026-03-05 09:42:28
3698,1150,High,30,4,2025-11-19 15:46:29
3699,1150,High,39,5,2026-01-23 05:41:29
3700,1150,Low,77,1,2026-03-05 18:39:54
3701,1150,Low,72,1,2026-04-04 15:47:07
3702,1150,Low,33,2,2026-05-18 22:56:47
3703,1151,High,8,6,2026-01-10 10:24:03
3704,1151,Medium,39,9,2026-02-14 20:11:03
3705,1151,High,6,9,2026-04-12 08:02:06
3706,1152,Low,20,9,2026-04-06 05:51:42
3707,1152,High,7,6,2026-03-13 18:22:17
3708,1152,Medium,14,8,2026-02-13 05:11:52
3709,1153,High,26,7,2026-02-11 07:34:52
3710,1153,Low,14,8,2025-12-02 20:58:31
3711,1154,Medium,33,7,2026-04-25 13:28:48
3712,1155,Low,68,4,2025-12-06 14:19:46
3713,1155,Medium,86,3,2025-12-25 05:14:14
3714,1155,Medium,75,4,2026-01-04 23:20:56
3715,1155,Low,49,3,2026-03-29 10:51:56
3716,1155,Low,25,4,2026-05-02 12:35:32
3717,1155,Medium,53,1,2026-02-22 07:27:57
3718,1155,High,35,2,2025-12-01 23:57:00
3719,1155,Medium,67,1,2026-03-09 04:30:40
3720,1155,Low,36,2,2026-04-16 14:03:17
3721,1155,High,49,5,2026-01-19 16:02:46
3722,1156,High,51,4,2026-02-25 21:01:44
3723,1156,Medium,63,2,2026-01-06 18:10:38
3724,1156,High,96,5,2025-12-20 06:34:29
3725,1156,High,46,1,2026-01-29 09:42:02
3726,1156,High,71,4,2025-12-25 06:43:57
3727,1156,High,25,4,2026-03-08 23:43:06
3728,1157,Medium,43,3,2025-12-08 01:47:11
3729,1157,High,69,3,2025-12-21 19:44:01
3730,1157,High,78,4,2026-04-29 20:55:42
3731,1157,Low,63,2,2026-01-14 13:37:54
3732,1158,Medium,36,7,2026-05-03 18:49:12
3733,1158,High,16,8,2026-04-11 13:01:17
3734,1158,High,34,9,2026-01-04 12:48:57
3735,1159,Low,46,7,2026-03-13 21:36:23
3736,1159,High,13,9,2026-03-09 21:19:41
3737,1159,High,36,7,2025-12-21 18:46:07
3738,1162,High,41,4,2025-12-16 11:18:58
3739,1162,Medium,75,3,2026-01-07 16:31:14
3740,1162,Medium,117,5,2025-12-07 16:16:22
3741,1162,Low,74,3,2026-05-10 05:24:41
3742,1162,Low,29,4,2026-04-20 22:55:46
3743,1163,Medium,27,6,2025-12-10 05:10:46
3744,1163,Low,43,6,2026-01-16 13:03:14
3745,1163,Medium,7,8,2025-11-27 06:34:36
3746,1164,Low,5,8,2026-03-30 22:35:26
3747,1164,High,15,9,2026-03-27 03:44:24
3748,1165,High,3,7,2026-05-15 10:35:25
3749,1166,Medium,92,5,2026-02-25 23:26:48
3750,1166,Low,60,1,2026-01-08 23:35:26
3751,1166,Low,38,3,2026-02-21 03:06:00
3752,1166,Medium,116,1,2025-12-20 13:27:11
3753,1166,Medium,49,5,2026-05-07 10:10:58
3754,1166,High,95,5,2026-01-04 09:48:03
3755,1166,Medium,34,2,2026-04-03 11:57:54
3756,1166,Low,111,5,2026-05-12 18:42:07
3757,1166,Medium,58,2,2026-01-25 10:56:47
3758,1167,Medium,12,7,2026-03-14 15:52:21
3759,1167,Low,44,8,2025-12-01 19:35:31
3760,1167,Medium,46,7,2026-04-29 09:44:29
3761,1169,Medium,64,2,2026-05-09 05:20:06
3762,1169,Medium,40,1,2026-03-07 09:14:06
3763,1169,Low,90,3,2025-11-26 00:04:26
3764,1169,High,24,4,2025-12-19 13:44:39
3765,1170,Low,39,9,2026-02-12 22:17:16
3766,1170,Low,42,6,2025-11-22 01:36:09
3767,1170,High,34,7,2026-04-07 16:18:22
3768,1170,High,21,7,2025-11-18 16:32:51
3769,1171,High,4,7,2025-12-19 11:40:21
3770,1171,High,5,8,2026-01-30 15:14:06
3771,1172,High,2,9,2025-12-20 22:14:22
3772,1173,Medium,17,7,2026-04-22 21:18:34
3773,1173,Medium,34,7,2025-12-04 14:40:54
3774,1173,Low,8,6,2026-03-25 11:02:56
3775,1174,Medium,74,3,2025-12-22 10:13:32
3776,1174,Medium,86,1,2026-04-16 03:54:23
3777,1174,High,35,1,2026-03-04 09:32:56
3778,1174,High,25,2,2026-05-17 14:30:08
3779,1174,High,34,4,2026-02-15 10:37:08
3780,1174,Medium,76,4,2025-12-09 09:38:22
3781,1175,High,33,5,2026-02-24 16:58:08
3782,1175,Medium,107,4,2026-05-01 22:19:28
3783,1175,Low,116,2,2025-11-22 12:29:24
3784,1175,Low,99,5,2026-04-30 21:46:52
3785,1175,High,37,2,2026-04-13 10:29:15
3786,1175,Low,108,5,2025-12-08 19:46:24
3787,1175,Low,73,4,2026-05-09 23:49:25
3788,1175,Medium,111,1,2026-04-07 01:37:58
3789,1176,High,1,7,2026-02-09 17:31:12
3790,1176,Medium,38,7,2026-05-19 18:12:04
3791,1177,High,44,7,2026-04-10 13:20:29
3792,1177,Medium,44,7,2026-01-19 20:59:01
3793,1177,High,6,6,2026-03-01 13:51:20
3794,1177,Low,38,9,2026-02-03 20:20:24
3795,1179,Medium,10,9,2026-05-03 07:03:17
3796,1180,High,8,6,2026-04-17 16:48:03
3797,1181,Low,6,6,2026-01-20 03:22:45
3798,1181,Medium,39,9,2026-01-18 15:00:38
3799,1181,High,33,8,2026-01-28 18:51:44
3800,1182,Low,18,9,2026-04-17 00:33:06
3801,1184,Low,28,6,2026-01-10 09:14:24
3802,1184,Medium,32,9,2025-12-29 16:42:43
3803,1184,Low,42,8,2025-11-20 13:55:04
3804,1185,Low,10,7,2025-12-26 12:25:53
3805,1185,Medium,42,9,2026-01-14 08:06:17
3806,1187,Low,42,7,2026-02-02 22:23:51
3807,1187,Medium,25,8,2026-04-05 23:40:03
3808,1187,Medium,23,7,2026-02-26 08:32:54
3809,1187,High,40,7,2026-01-04 01:59:09
3810,1188,High,23,6,2026-03-15 14:01:26
3811,1188,Low,31,9,2026-04-01 10:32:20
3812,1188,Medium,7,9,2026-04-11 13:11:38
3813,1188,Low,33,6,2026-04-10 19:04:46
3814,1189,High,2,7,2026-04-20 02:23:24
3815,1189,Low,47,6,2025-12-16 17:02:17
3816,1189,High,37,7,2026-03-17 01:23:51
3817,1189,Medium,20,8,2026-02-09 23:05:01
3818,1190,Medium,18,7,2026-01-21 11:14:58
3819,1190,High,24,9,2026-01-09 20:54:39
3820,1190,Low,30,9,2025-12-19 18:32:56
3821,1190,High,10,8,2026-02-26 07:09:23
3822,1191,High,75,1,2026-04-21 06:43:13
3823,1191,Low,34,2,2026-04-04 19:45:03
3824,1191,Low,81,2,2026-03-31 17:46:35
3825,1191,Medium,59,1,2026-01-14 15:14:56
3826,1191,High,70,5,2026-05-09 00:31:59
3827,1192,High,40,6,2026-02-26 14:25:31
3828,1192,Medium,4,7,2026-02-10 16:01:31
3829,1192,High,19,7,2026-02-13 10:47:15
3830,1192,Medium,37,7,2026-04-30 10:51:39
3831,1193,High,42,2,2026-05-05 10:09:28
3832,1193,High,46,3,2026-04-28 20:07:52
3833,1193,Low,77,1,2026-01-02 19:56:39
3834,1193,Medium,35,2,2025-12-22 23:06:24
3835,1193,Medium,76,1,2026-01-18 15:55:46
3836,1193,Medium,31,2,2026-02-24 14:17:51
3837,1193,Medium,80,5,2026-02-13 15:44:16
3838,1193,Medium,49,5,2026-02-25 00:06:38
3839,1193,Low,106,5,2026-01-14 10:21:31
3840,1194,Medium,3,7,2026-01-25 23:08:48
3841,1195,High,40,8,2025-12-11 09:44:58
3842,1195,High,12,7,2026-05-17 16:50:00
3843,1195,High,11,9,2026-02-22 16:01:32
3844,1195,Medium,28,7,2025-12-13 01:11:07
3845,1196,High,100,5,2026-04-26 07:41:45
3846,1196,High,109,4,2026-03-24 00:40:07
3847,1196,High,25,5,2026-04-07 11:23:38
3848,1196,High,30,2,2026-03-29 07:51:48
3849,1196,Low,113,4,2026-03-25 14:02:19
3850,1196,Low,39,4,2026-02-13 04:06:17
3851,1196,Low,96,5,2026-03-26 09:53:27
3852,1196,High,36,5,2026-05-15 03:43:05
3853,1197,High,11,7,2026-02-10 15:04:51
3854,1197,Medium,13,6,2026-03-20 21:10:49
3855,1198,High,46,7,2026-03-07 13:42:10
3856,1199,High,38,2,2026-01-31 09:24:48
3857,1199,High,30,4,2026-01-03 10:43:43
3858,1199,High,55,3,2025-12-07 15:13:27
3859,1199,High,38,4,2026-03-08 20:40:04
3860,1199,Medium,108,1,2026-04-12 05:30:44
3861,1201,High,4,8,2026-03-11 06:43:40
3862,1201,Medium,44,7,2026-03-25 02:01:59
3863,1202,High,37,8,2026-01-07 23:05:39
3864,1202,High,29,6,2025-11-20 18:37:52
3865,1202,High,45,6,2026-03-10 22:36:14
3866,1202,Medium,27,8,2026-01-10 15:43:52
3867,1203,Medium,40,6,2026-03-05 01:41:17
3868,1203,Medium,23,8,2026-05-15 04:28:08
3869,1203,Low,16,7,2025-11-30 11:38:51
3870,1203,High,4,9,2025-11-27 06:12:08
3871,1204,Low,103,5,2026-03-26 19:41:02
3872,1204,Medium,48,4,2025-12-04 18:54:07
3873,1204,Low,35,2,2026-05-17 18:07:13
3874,1204,Low,115,1,2025-12-29 11:38:53
3875,1205,Low,35,5,2026-05-08 03:11:13
3876,1205,Medium,77,4,2026-03-08 02:08:55
3877,1205,Low,77,4,2026-03-18 21:55:27
3878,1206,High,35,6,2026-02-03 06:34:53
3879,1206,Medium,34,7,2026-03-29 23:26:12
3880,1207,Low,100,2,2026-02-08 10:35:22
3881,1207,High,81,3,2025-12-10 21:54:21
3882,1207,Medium,65,4,2026-03-03 10:33:40
3883,1207,Low,76,1,2026-04-28 09:51:50
3884,1207,High,94,1,2026-04-24 16:12:33
3885,1209,Medium,8,6,2025-12-02 15:32:48
3886,1209,Low,10,8,2026-02-22 15:58:35
3887,1210,High,38,5,2025-12-30 11:26:51
3888,1210,High,116,3,2026-04-12 22:36:48
3889,1210,High,77,3,2026-03-07 21:36:01
3890,1210,Medium,33,4,2025-11-26 16:00:10
3891,1210,Low,27,2,2026-03-13 07:19:08
3892,1210,High,103,4,2026-03-13 12:47:25
3893,1211,High,48,4,2025-11-26 20:19:31
3894,1211,High,59,5,2026-04-26 02:24:18
3895,1211,Low,90,1,2026-01-19 01:57:47
3896,1211,Medium,84,5,2026-01-16 03:55:31
3897,1211,Medium,41,3,2026-05-09 06:50:27
3898,1211,Medium,58,1,2026-02-13 08:10:19
3899,1211,High,101,4,2026-05-05 22:49:00
3900,1212,High,29,6,2025-12-05 14:32:38
3901,1212,Low,45,7,2026-03-10 07:44:42
3902,1214,Low,102,4,2026-05-10 06:03:22
3903,1214,High,65,4,2026-04-04 21:15:14
3904,1214,Medium,92,2,2025-12-11 08:50:22
3905,1214,Low,24,2,2025-12-09 18:03:27
3906,1214,High,40,3,2026-02-17 00:34:51
3907,1214,High,114,3,2026-04-10 07:51:03
3908,1214,High,69,2,2026-04-03 04:03:00
3909,1215,High,39,7,2025-12-10 00:44:22
3910,1215,High,38,8,2025-12-26 23:51:59
3911,1216,Low,22,9,2026-02-11 06:30:39
3912,1216,High,9,9,2026-05-18 21:43:33
3913,1216,Low,7,8,2026-03-27 19:27:50
3914,1216,Medium,2,6,2026-03-06 12:30:27
3915,1217,Low,24,9,2026-04-15 21:49:12
3916,1217,High,31,8,2025-12-08 19:28:36
3917,1217,Low,31,8,2026-03-21 13:59:21
3918,1218,Low,40,9,2026-04-02 22:41:55
3919,1219,Low,43,7,2025-12-10 02:31:37
3920,1219,Medium,24,6,2025-12-25 19:47:11
3921,1219,Low,26,9,2025-12-09 18:59:00
3922,1219,Medium,47,6,2025-11-29 06:59:53
3923,1220,High,38,3,2026-04-26 22:44:59
3924,1220,Medium,91,4,2026-03-24 17:41:41
3925,1220,Low,53,4,2026-01-04 12:56:53
3926,1220,Low,90,1,2026-01-09 07:48:19
3927,1220,High,109,2,2026-02-10 08:07:27
3928,1220,Medium,72,4,2026-02-06 19:54:16
3929,1220,Low,78,5,2026-01-28 18:11:37
3930,1221,Medium,4,8,2025-12-07 03:57:39
3931,1221,High,44,8,2026-03-10 14:54:09
3932,1222,Low,23,7,2025-11-19 16:02:40
3933,1223,Medium,76,4,2025-12-28 09:49:37
3934,1223,High,102,4,2026-04-08 18:30:14
3935,1223,Low,39,5,2026-01-22 09:40:12
3936,1223,High,44,1,2026-01-09 07:58:55
3937,1223,High,60,5,2026-03-27 10:10:43
3938,1224,Medium,19,7,2026-01-11 08:33:03
3939,1224,High,45,7,2026-05-17 10:15:33
3940,1225,Medium,14,7,2025-11-23 02:16:53
3941,1225,Low,36,9,2025-12-17 02:55:18
3942,1225,High,20,9,2025-11-24 07:21:47
3943,1225,Medium,19,6,2026-05-02 12:48:04
3944,1226,Low,44,8,2025-12-09 22:46:43
3945,1226,Low,44,6,2026-01-29 14:13:22
3946,1226,High,4,8,2025-11-24 17:32:58
3947,1226,Low,34,7,2026-01-10 12:03:00
3948,1227,Low,5,8,2026-01-20 10:00:52
3949,1227,Medium,10,9,2025-11-30 18:15:34
3950,1227,High,42,6,2026-03-11 04:11:02
3951,1227,High,13,8,2025-11-28 03:29:35
3952,1228,Low,5,7,2026-01-30 21:56:24
3953,1228,Medium,10,7,2026-01-10 13:27:23
3954,1228,Low,38,8,2026-01-12 08:14:24
3955,1229,High,21,9,2026-02-04 18:59:24
3956,1230,Medium,1,9,2025-12-31 13:43:22
3957,1230,Medium,39,7,2026-04-14 16:54:34
3958,1231,Low,21,7,2026-03-12 01:41:01
3959,1231,High,21,6,2025-12-18 15:06:15
3960,1232,Medium,9,6,2026-05-04 14:39:37
3961,1232,High,5,7,2026-03-01 06:09:15
3962,1232,High,31,9,2026-04-26 14:29:59
3963,1232,Low,40,7,2025-12-23 15:23:22
3964,1234,Medium,43,8,2025-11-20 11:29:18
3965,1234,Low,19,9,2026-04-15 03:15:08
3966,1235,High,33,6,2026-05-03 15:35:34
3967,1235,Low,14,9,2026-01-15 03:54:16
3968,1235,Low,33,7,2026-04-17 09:57:26
3969,1235,High,29,8,2026-01-03 14:59:16
3970,1236,Medium,36,7,2026-05-18 10:29:44
3971,1236,Low,44,7,2026-02-17 06:32:21
3972,1237,Medium,31,7,2026-01-30 04:53:04
3973,1237,High,1,8,2025-12-18 01:17:43
3974,1237,High,27,6,2026-01-27 14:19:30
3975,1238,Low,28,8,2026-01-06 17:07:42
3976,1238,High,16,9,2025-12-13 06:41:50
3977,1239,High,110,4,2026-01-01 00:10:10
3978,1239,High,43,1,2026-03-25 18:14:03
3979,1239,Medium,51,5,2025-12-12 09:34:38
3980,1239,Medium,44,2,2026-04-09 23:54:51
3981,1239,Low,70,1,2025-12-23 17:52:54
3982,1239,Medium,116,3,2025-11-18 21:19:16
3983,1239,High,88,5,2026-01-20 13:27:55
3984,1239,Low,26,2,2025-12-11 03:43:21
3985,1240,High,21,8,2026-03-06 19:17:07
3986,1240,Low,41,9,2025-12-26 05:28:29
3987,1242,High,3,6,2026-01-11 08:38:51
3988,1243,Low,45,7,2026-03-28 03:51:24
3989,1243,High,45,8,2026-02-01 12:39:13
3990,1243,Low,20,9,2025-12-21 17:23:25
3991,1243,Low,44,6,2026-04-05 20:54:07
3992,1244,High,108,3,2026-05-03 22:17:38
3993,1244,Medium,100,1,2025-12-22 17:36:34
3994,1244,Low,110,1,2025-12-24 13:58:16
3995,1244,Low,104,5,2025-12-16 05:18:24
3996,1244,High,89,3,2026-04-30 08:30:08
3997,1244,High,106,2,2026-02-04 12:07:39
3998,1245,High,65,3,2026-04-22 19:28:03
3999,1245,Low,43,1,2026-02-08 11:16:54
4000,1245,High,40,3,2025-11-29 05:18:12
4001,1245,High,70,2,2026-05-06 03:49:02
4002,1245,Low,86,4,2026-03-01 03:05:24
4003,1245,Low,42,1,2026-04-29 07:27:03
4004,1245,Medium,92,2,2025-12-16 12:32:25
4005,1245,High,94,1,2026-02-12 09:12:02
4006,1245,Medium,62,4,2025-12-14 01:42:14
4007,1247,Low,63,5,2026-03-03 13:37:13
4008,1247,Low,27,1,2026-05-02 22:23:53
4009,1247,Low,92,4,2026-04-20 20:01:54
4010,1247,Medium,91,5,2025-12-30 11:43:23
4011,1248,Low,9,9,2026-03-14 15:30:21
4012,1248,High,24,7,2026-04-10 08:43:19
4013,1248,Low,5,7,2026-01-31 14:37:09
4014,1248,Medium,42,6,2026-03-14 18:45:31
4015,1249,Medium,19,9,2026-04-12 04:10:41
4016,1249,Medium,18,6,2025-12-18 12:55:13
4017,1249,High,30,9,2025-12-19 10:44:31
4018,1250,Medium,11,8,2026-02-12 17:08:54
4019,1250,Medium,23,6,2026-02-19 08:41:54
4020,1250,Low,1,8,2026-05-04 13:04:35
4021,1251,High,32,9,2025-12-18 09:56:23
4022,1251,Low,9,8,2026-02-01 14:22:57
4023,1251,High,28,9,2026-04-15 04:41:34
4024,1253,Low,35,7,2026-02-08 19:20:46
4025,1253,High,27,8,2026-03-22 14:56:18
4026,1253,High,45,9,2026-04-03 06:16:48
4027,1253,Low,20,6,2026-04-10 18:20:52
4028,1255,High,108,1,2026-03-18 15:15:34
4029,1255,Low,24,2,2026-05-14 22:07:52
4030,1255,Medium,70,3,2026-03-13 01:56:16
4031,1255,High,82,4,2026-01-18 04:01:35
4032,1255,Medium,109,2,2026-04-08 09:32:26
4033,1255,High,69,3,2026-02-22 07:24:18
4034,1255,Low,115,2,2025-12-08 12:05:37
4035,1255,Medium,62,1,2025-12-10 17:37:46
4036,1256,Medium,29,7,2026-04-29 09:38:02
4037,1256,Medium,44,9,2026-02-04 16:16:08
4038,1256,High,31,7,2026-03-17 12:49:02
4039,1258,Low,57,4,2025-12-13 10:18:20
4040,1258,High,41,4,2026-01-05 07:33:55
4041,1258,Low,61,3,2026-05-15 07:11:35
4042,1258,Low,32,3,2026-03-23 06:42:55
4043,1258,High,96,3,2025-11-28 20:25:17
4044,1258,Medium,58,2,2026-03-06 19:04:48
4045,1258,High,28,4,2026-04-30 12:40:24
4046,1258,Medium,53,4,2026-03-24 22:34:06
4047,1258,High,62,4,2026-02-21 17:05:09
4048,1258,Low,87,1,2026-05-10 19:56:42
4049,1259,High,51,4,2026-04-03 22:02:29
4050,1259,High,89,3,2026-03-21 18:09:16
4051,1259,High,101,4,2026-02-25 13:12:03
4052,1259,Medium,61,4,2026-05-09 00:48:17
4053,1259,Low,102,1,2026-05-02 05:35:19
4054,1259,High,24,1,2025-11-29 03:20:09
4055,1259,High,118,4,2026-02-20 14:20:48
4056,1260,Low,42,6,2026-04-21 03:33:40
4057,1263,High,44,7,2026-03-29 23:13:01
4058,1263,Medium,42,7,2025-12-15 05:00:43
4059,1263,High,12,8,2026-03-21 11:31:46
4060,1263,High,18,7,2026-02-04 02:24:53
4061,1264,Medium,97,4,2026-04-01 18:55:04
4062,1264,Low,40,4,2025-12-22 16:44:48
4063,1264,High,94,1,2026-02-24 19:49:11
4064,1264,High,118,3,2026-02-11 13:13:37
4065,1265,Low,39,8,2026-04-10 22:32:17
4066,1265,Medium,34,7,2026-03-26 22:48:48
4067,1266,Low,68,2,2025-12-08 20:15:19
4068,1266,Low,74,2,2025-12-21 04:41:38
4069,1266,Low,67,2,2025-12-12 04:24:23
4070,1266,High,55,3,2025-12-08 10:07:53
4071,1266,Medium,26,2,2026-03-19 12:08:08
4072,1267,Low,3,6,2026-05-13 03:54:35
4073,1268,High,12,6,2026-02-03 09:30:52
4074,1269,High,71,1,2026-01-21 08:45:58
4075,1269,Medium,30,5,2025-11-21 15:51:32
4076,1269,High,89,4,2026-05-19 12:08:16
4077,1270,Low,10,8,2026-01-16 10:39:51
4078,1270,Medium,24,6,2025-11-20 10:16:24
4079,1270,High,6,8,2026-03-25 22:19:57
4080,1270,Low,5,9,2026-03-07 09:26:08
4081,1271,Low,10,6,2026-01-24 21:07:21
4082,1271,Low,27,6,2026-04-24 17:09:24
4083,1272,Medium,19,6,2026-01-11 08:38:03
4084,1272,Medium,24,7,2026-05-08 20:52:19
4085,1272,Medium,4,9,2026-01-23 21:07:46
4086,1272,Low,35,8,2026-03-03 15:22:07
4087,1273,Low,91,1,2025-12-06 22:20:46
4088,1273,Medium,63,3,2025-12-26 01:22:00
4089,1273,High,118,4,2026-02-14 18:08:27
4090,1273,Low,112,5,2026-03-16 05:11:55
4091,1273,Low,91,5,2026-02-21 17:51:41
4092,1273,Medium,50,1,2026-03-25 03:02:06
4093,1274,Medium,36,9,2026-03-27 16:15:44
4094,1274,Medium,35,6,2026-04-09 14:03:08
4095,1274,High,41,7,2026-01-03 01:58:22
4096,1275,High,13,9,2026-01-26 20:17:55
4097,1275,High,2,9,2026-03-06 19:52:56
4098,1276,High,115,3,2026-02-24 09:23:03
4099,1276,High,113,3,2026-04-11 08:15:02
4100,1276,Medium,78,3,2025-11-28 20:27:45
4101,1276,Medium,83,2,2025-12-21 20:05:12
4102,1276,Medium,35,5,2026-02-24 10:27:11
4103,1277,Low,20,8,2026-03-04 22:28:11
4104,1278,Low,62,5,2026-04-03 16:47:35
4105,1278,Low,64,1,2025-12-27 13:04:15
4106,1278,High,76,5,2026-04-10 08:31:54
4107,1278,High,35,5,2026-03-17 16:25:17
4108,1278,High,97,1,2026-04-10 22:20:00
4109,1278,Medium,80,5,2026-02-26 10:00:56
4110,1278,Medium,58,3,2026-03-24 14:17:46
4111,1278,Medium,28,2,2026-05-19 12:29:38
4112,1279,High,11,7,2026-01-29 17:25:27
4113,1280,Medium,7,6,2026-04-10 03:44:25
4114,1280,Medium,10,7,2026-01-13 04:13:03
4115,1281,Medium,34,8,2026-04-10 22:05:16
4116,1281,Medium,8,8,2026-03-29 03:13:20
4117,1281,Medium,11,6,2026-04-11 06:59:03
4118,1282,Low,7,6,2026-01-29 09:43:09
4119,1282,Low,2,7,2026-01-23 17:32:50
4120,1282,High,41,8,2026-03-23 07:36:41
4121,1282,High,32,9,2026-03-04 16:07:42
4122,1284,Low,34,7,2026-03-24 22:02:06
4123,1284,High,16,6,2026-05-03 10:06:25
4124,1285,Medium,12,8,2026-01-12 16:49:25
4125,1289,High,39,6,2025-12-13 17:27:25
4126,1289,Low,45,8,2026-05-12 21:26:29
4127,1289,High,6,6,2026-04-10 12:36:38
4128,1289,High,23,8,2026-02-17 16:56:29
4129,1290,High,93,2,2026-01-25 04:58:42
4130,1290,Low,109,4,2026-02-10 19:53:31
4131,1290,Low,112,4,2026-04-12 08:39:22
4132,1290,High,116,5,2026-02-12 21:01:08
4133,1290,Medium,72,4,2026-03-02 13:24:54
4134,1290,High,56,2,2026-05-09 14:06:13
4135,1290,High,28,2,2026-01-04 05:34:48
4136,1290,Medium,61,5,2026-03-08 04:13:24
4137,1290,High,60,3,2026-02-17 18:12:28
4138,1291,Medium,31,9,2026-04-03 22:29:50
4139,1292,Low,10,8,2026-04-11 17:28:10
4140,1292,High,42,8,2026-02-19 13:14:57
4141,1292,High,44,7,2026-01-21 19:46:14
4142,1293,Low,23,6,2026-03-09 01:04:12
4143,1293,Medium,16,7,2026-02-27 20:32:28
4144,1294,High,38,8,2026-01-20 23:11:13
4145,1294,Low,34,9,2026-03-04 09:47:13
4146,1294,Medium,2,7,2026-02-16 11:28:26
4147,1294,Medium,13,6,2026-02-07 22:50:10
4148,1295,High,103,3,2025-11-28 17:46:06
4149,1295,Low,92,4,2026-03-17 18:30:45
4150,1295,High,76,5,2026-03-02 13:44:42
4151,1296,High,20,9,2026-01-17 01:38:56
4152,1297,Medium,27,7,2026-05-12 00:43:33
4153,1298,Low,45,8,2026-04-09 14:35:40
4154,1299,High,26,9,2026-04-09 15:39:36
4155,1299,High,7,7,2026-01-25 22:42:41
4156,1299,Low,47,6,2026-04-13 17:24:48
4157,1299,High,38,6,2025-11-28 04:54:15
4158,1300,Medium,23,9,2026-01-10 16:50:21
4159,1300,Low,34,6,2026-04-25 22:53:01
4160,1300,Low,15,9,2025-12-22 11:50:24
4161,1301,Low,26,9,2026-01-08 03:48:38
4162,1301,Low,31,8,2026-04-22 15:37:25
4163,1301,Medium,9,9,2026-03-01 16:56:20
4164,1302,Low,29,7,2025-12-29 09:10:48
4165,1302,Low,39,9,2026-01-21 14:28:37
4166,1303,High,26,5,2025-11-25 17:14:28
4167,1303,Medium,34,1,2025-12-30 16:44:26
4168,1303,Medium,81,3,2025-11-19 22:51:59
4169,1303,Medium,50,1,2026-04-06 06:08:40
4170,1303,Medium,44,2,2025-12-16 10:31:32
4171,1303,Low,114,4,2026-01-28 10:51:22
4172,1305,Low,11,8,2026-03-15 13:20:07
4173,1305,High,18,8,2026-04-05 06:04:36
4174,1306,High,88,3,2025-12-11 04:44:37
4175,1306,Medium,58,4,2026-01-29 20:01:30
4176,1306,High,24,1,2026-02-14 04:02:10
4177,1306,High,66,4,2026-01-18 08:54:01
4178,1306,High,90,3,2026-01-13 02:42:37
4179,1306,Low,25,2,2025-12-12 13:19:52
4180,1306,Medium,87,2,2025-12-06 02:31:51
4181,1307,Medium,5,6,2026-01-17 03:59:59
4182,1307,High,2,7,2025-12-08 23:30:01
4183,1307,High,38,6,2026-03-22 05:19:40
4184,1309,Medium,54,2,2026-02-23 17:34:17
4185,1309,Low,99,4,2026-04-09 21:30:09
4186,1309,High,108,1,2026-04-04 03:16:32
4187,1309,Medium,93,1,2025-12-19 14:39:25
4188,1309,Medium,26,2,2026-02-27 15:57:36
4189,1309,Medium,28,2,2025-11-30 19:36:17
4190,1309,Medium,84,5,2026-05-01 14:29:03
4191,1310,High,45,7,2026-03-02 14:42:15
4192,1310,Low,38,8,2026-03-07 14:38:42
4193,1310,High,44,7,2026-01-05 13:01:33
4194,1311,Medium,95,5,2025-11-25 07:38:20
4195,1311,Low,38,3,2026-04-03 18:43:53
4196,1311,Low,39,1,2025-12-23 20:56:18
4197,1311,Low,39,5,2026-05-09 20:40:27
4198,1311,High,26,4,2026-05-07 12:15:25
4199,1312,Low,70,5,2026-03-01 14:31:34
4200,1312,Low,103,3,2026-02-09 21:49:07
4201,1312,Low,44,2,2026-05-09 06:43:41
4202,1312,Low,77,3,2026-01-03 18:30:47
4203,1312,Medium,61,2,2026-04-28 23:13:08
4204,1312,High,81,3,2026-04-25 12:45:16
4205,1312,High,69,1,2026-04-22 02:30:02
4206,1313,High,34,1,2026-05-13 06:21:11
4207,1313,Low,94,5,2025-12-16 22:21:48
4208,1313,Medium,95,3,2026-01-17 15:17:44
4209,1313,Medium,86,5,2026-04-08 22:21:56
4210,1315,High,20,9,2026-02-13 12:25:08
4211,1315,Medium,46,8,2026-02-20 03:11:01
4212,1315,Medium,29,9,2026-01-06 01:10:57
4213,1316,High,32,2,2025-11-18 15:51:28
4214,1316,Low,33,5,2026-01-11 07:02:34
4215,1316,High,103,4,2025-12-30 06:04:43
4216,1316,Medium,107,5,2025-11-21 16:42:59
4217,1316,Low,60,1,2026-04-15 19:46:10
4218,1316,Low,116,4,2026-01-30 05:19:30
4219,1318,High,71,5,2026-04-05 20:13:56
4220,1318,High,96,1,2026-01-16 00:53:24
4221,1318,Low,114,5,2025-12-10 04:37:43
4222,1318,Low,113,5,2026-01-03 02:30:26
4223,1318,High,74,1,2025-12-12 10:58:47
4224,1319,Low,43,9,2026-04-05 22:53:05
4225,1319,High,28,9,2025-12-28 09:57:09
4226,1319,Low,23,6,2025-11-20 21:49:16
4227,1319,Low,5,7,2026-02-02 02:52:07
4228,1320,Medium,30,2,2026-03-18 12:23:15
4229,1320,Low,59,1,2025-11-18 19:14:39
4230,1320,High,50,2,2026-02-13 08:11:32
4231,1320,Medium,69,2,2026-04-03 21:00:44
4232,1320,High,48,1,2026-03-08 05:07:25
4233,1321,High,27,6,2026-03-23 11:17:19
4234,1321,Low,23,7,2025-12-12 02:08:16
4235,1321,High,42,9,2026-04-04 14:51:56
4236,1321,High,25,7,2026-04-26 08:25:53
4237,1322,Low,90,5,2026-04-11 14:26:02
4238,1322,Low,81,5,2025-11-20 20:12:02
4239,1322,Medium,89,2,2025-11-22 01:32:58
4240,1322,High,105,2,2025-11-23 05:53:19
4241,1322,Medium,99,5,2026-03-17 07:39:57
4242,1322,Medium,43,4,2026-01-18 18:46:00
4243,1322,Low,88,1,2025-12-17 14:31:02
4244,1323,Medium,104,3,2026-04-28 08:53:16
4245,1323,High,24,5,2026-03-31 07:36:40
4246,1323,Low,117,1,2026-05-09 17:49:47
4247,1323,High,26,3,2026-03-01 08:45:45
4248,1323,Low,111,4,2025-11-25 13:50:19
4249,1323,High,68,2,2026-03-06 13:03:45
4250,1324,Medium,13,6,2025-12-29 06:07:33
4251,1324,Low,24,8,2025-12-10 11:18:41
4252,1324,High,10,8,2026-05-10 18:39:06
4253,1324,High,24,9,2026-04-09 03:46:21
4254,1325,Medium,36,9,2026-02-08 07:35:04
4255,1325,High,40,9,2026-01-14 21:56:23
4256,1326,Low,82,1,2026-04-17 02:30:21
4257,1326,Medium,77,1,2026-02-23 06:01:37
4258,1326,Medium,34,1,2026-02-14 18:15:35
4259,1326,Low,102,2,2026-01-19 07:59:28
4260,1327,Low,91,3,2026-02-06 11:26:30
4261,1327,Low,92,3,2026-03-22 13:51:37
4262,1327,High,36,2,2026-01-02 00:57:28
4263,1327,High,98,2,2026-04-13 02:08:51
4264,1328,Low,34,8,2025-11-28 15:23:01
4265,1328,High,41,7,2026-03-04 03:07:24
4266,1328,Low,23,8,2025-11-19 08:56:45
4267,1329,Medium,39,8,2026-04-07 18:00:51
4268,1330,High,12,8,2026-01-24 21:50:27
4269,1330,Low,26,6,2025-12-11 09:34:23
4270,1330,High,37,9,2025-12-10 05:21:55
4271,1330,High,15,7,2025-12-14 02:56:24
4272,1333,High,41,8,2026-01-13 01:29:15
4273,1333,Low,7,9,2026-02-10 20:22:39
4274,1333,High,4,9,2026-03-18 17:12:45
4275,1334,Low,36,9,2026-03-06 03:05:13
4276,1334,High,28,6,2026-02-26 07:17:33
4277,1334,High,1,9,2026-01-04 03:06:16
4278,1334,Medium,35,9,2026-01-19 15:09:34
4279,1335,Medium,53,4,2025-11-21 20:15:26
4280,1335,Low,78,1,2026-01-27 21:29:38
4281,1335,High,103,2,2026-03-11 08:28:45
4282,1335,High,106,1,2026-02-04 06:00:17
4283,1335,Medium,92,3,2025-12-05 11:06:09
4284,1335,Low,45,3,2026-03-14 19:02:54
4285,1335,Medium,76,4,2026-04-30 00:47:55
4286,1335,Medium,59,4,2025-12-15 01:56:31
4287,1335,Medium,59,4,2026-04-15 12:10:57
4288,1336,Medium,76,2,2026-04-21 08:41:58
4289,1336,Low,73,1,2025-12-02 21:46:30
4290,1336,Medium,41,2,2026-04-06 20:29:13
4291,1336,Medium,44,4,2026-03-10 10:06:21
4292,1337,Low,44,8,2026-02-13 13:40:19
4293,1338,High,70,5,2026-04-03 20:06:01
4294,1338,High,77,2,2026-01-06 13:11:17
4295,1338,Medium,108,1,2025-12-26 14:33:18
4296,1338,Medium,103,4,2026-01-29 14:36:00
4297,1338,Low,54,3,2026-05-04 13:29:06
4298,1338,Low,96,1,2026-01-26 09:49:23
4299,1338,High,25,4,2026-02-02 10:49:18
4300,1340,High,46,7,2026-03-12 08:27:51
4301,1340,Low,33,8,2026-01-16 11:21:48
4302,1340,High,39,7,2026-04-26 11:32:39
4303,1340,Low,47,8,2026-02-02 09:30:59
4304,1341,High,107,2,2026-05-16 18:00:13
4305,1341,Low,64,3,2026-04-21 21:56:32
4306,1341,High,105,4,2025-11-21 07:55:58
4307,1341,Medium,35,5,2026-01-26 03:36:25
4308,1341,Medium,30,4,2025-12-01 16:57:54
4309,1341,Medium,28,1,2026-05-12 03:39:27
4310,1341,Low,55,2,2026-01-09 03:21:20
4311,1341,Low,66,1,2025-11-30 06:42:12
4312,1341,Medium,92,5,2026-02-27 00:12:01
4313,1342,Medium,42,6,2026-03-25 22:09:29
4314,1342,Medium,33,9,2026-01-15 17:42:58
4315,1342,High,36,7,2026-01-07 06:09:27
4316,1342,Medium,9,7,2025-12-03 21:52:20
4317,1343,High,80,5,2026-03-26 11:36:57
4318,1343,Medium,101,1,2026-03-02 05:07:24
4319,1343,High,38,2,2026-03-18 18:13:43
4320,1343,Medium,52,5,2026-01-03 01:48:54
4321,1343,Low,27,2,2026-03-26 16:37:25
4322,1343,Medium,80,1,2025-11-24 13:22:24
4323,1343,High,67,3,2025-12-09 20:06:21
4324,1343,High,37,3,2026-04-18 01:05:57
4325,1344,Low,42,9,2026-01-16 22:11:43
4326,1344,Medium,38,6,2025-12-16 20:26:46
4327,1344,High,42,7,2025-11-20 22:10:15
4328,1345,Medium,81,4,2026-03-04 22:22:32
4329,1345,Medium,81,1,2025-12-22 14:34:46
4330,1345,High,80,5,2026-02-24 00:32:20
4331,1345,Medium,91,1,2026-04-29 20:42:15
4332,1345,High,115,4,2026-05-14 18:21:39
4333,1345,Medium,60,4,2026-02-25 20:12:20
4334,1345,High,28,5,2025-12-28 13:57:44
4335,1345,Low,54,5,2026-03-16 16:34:57
4336,1345,High,32,2,2026-03-08 08:29:28
4337,1345,Low,55,1,2026-01-02 05:03:47
4338,1346,Medium,3,7,2026-01-03 21:32:24
4339,1347,Low,12,6,2026-01-05 01:05:26
4340,1348,High,3,7,2026-02-25 12:27:26
4341,1349,Medium,30,6,2026-01-22 06:02:23
4342,1349,High,26,7,2026-05-08 18:18:28
4343,1349,High,3,7,2026-05-01 03:08:18
4344,1350,Low,91,1,2026-02-06 09:37:27
4345,1350,Medium,74,5,2025-12-03 16:35:37
4346,1350,High,67,3,2026-01-19 18:18:05
4347,1351,Low,78,1,2026-02-03 19:29:59
4348,1351,Low,25,5,2025-11-29 18:16:59
4349,1351,Medium,64,4,2026-01-01 13:16:21
4350,1352,Medium,31,9,2026-03-14 02:53:36
4351,1352,Low,47,7,2025-12-01 15:19:49
4352,1352,Low,32,7,2026-02-24 09:20:28
4353,1352,Medium,13,7,2026-01-12 02:35:48
4354,1353,Medium,5,7,2026-05-03 23:50:13
4355,1354,High,67,2,2025-11-21 05:24:39
4356,1354,Low,79,3,2026-04-07 14:52:08
4357,1354,High,112,2,2026-04-29 23:25:49
4358,1354,Medium,53,3,2026-05-02 00:10:25
4359,1355,High,13,8,2026-01-20 13:14:52
4360,1355,High,26,6,2026-04-16 04:04:04
4361,1355,High,24,6,2026-02-19 21:09:56
4362,1356,High,6,8,2026-02-27 11:41:42
4363,1356,High,42,9,2025-11-22 11:56:28
4364,1358,High,36,7,2025-12-27 05:33:55
4365,1359,Medium,34,2,2026-04-23 21:01:18
4366,1359,Low,113,2,2025-12-19 10:47:05
4367,1359,Low,108,4,2026-05-12 13:25:19
4368,1359,High,75,4,2026-01-26 22:19:14
4369,1359,High,45,5,2026-02-07 07:20:07
4370,1359,Medium,82,2,2025-12-27 14:59:38
4371,1359,Low,53,2,2026-01-15 23:02:50
4372,1359,Low,80,1,2026-03-25 22:09:15
4373,1359,High,43,1,2025-12-23 18:32:34
4374,1359,High,42,5,2026-04-14 02:50:43
4375,1360,High,11,8,2026-05-18 18:33:29
4376,1360,Low,8,8,2025-11-22 10:00:38
4377,1360,High,23,8,2026-05-11 23:59:47
4378,1360,Low,40,9,2026-01-29 20:45:31
4379,1361,Medium,49,3,2026-02-10 07:43:03
4380,1361,Low,85,3,2026-03-15 14:36:16
4381,1361,High,73,2,2025-12-03 11:21:39
4382,1362,Low,52,4,2026-01-01 17:29:55
4383,1362,Low,64,1,2026-03-02 01:55:08
4384,1362,Medium,106,5,2025-12-29 19:27:52
4385,1363,Medium,19,6,2026-01-30 10:45:32
4386,1363,High,47,9,2026-04-07 04:27:05
4387,1363,Medium,23,8,2026-03-14 04:56:38
4388,1364,High,49,4,2026-02-19 17:01:51
4389,1364,Low,95,5,2026-01-12 13:51:59
4390,1364,High,115,5,2025-12-23 03:39:10
4391,1364,Low,92,1,2026-01-07 21:21:16
4392,1364,High,49,5,2026-03-14 04:07:53
4393,1364,High,45,5,2026-03-04 14:58:07
4394,1364,Low,51,1,2026-04-28 22:33:27
4395,1364,Low,46,1,2026-04-13 17:56:47
4396,1364,High,41,2,2025-12-22 00:28:10
4397,1365,High,53,2,2026-03-15 16:00:11
4398,1365,High,39,5,2025-12-29 01:04:47
4399,1365,High,62,1,2026-01-05 12:25:39
4400,1365,Medium,49,1,2026-02-23 07:54:23
4401,1365,Medium,61,2,2025-11-20 10:22:49
4402,1365,Medium,29,2,2026-04-08 03:57:34
4403,1365,Low,61,2,2026-02-24 03:24:37
4404,1366,Medium,111,2,2026-02-21 06:45:38
4405,1366,Medium,50,1,2026-02-12 12:23:59
4406,1366,High,95,4,2025-12-14 02:22:32
4407,1366,Low,97,1,2026-03-23 04:49:54
4408,1366,Medium,85,5,2026-01-21 15:05:44
4409,1366,Low,81,2,2026-01-04 09:00:46
4410,1367,High,62,4,2026-04-18 22:51:18
4411,1367,Low,37,3,2026-01-16 15:03:21
4412,1367,High,46,2,2026-04-26 15:21:07
4413,1367,Low,112,5,2026-03-15 05:26:02
4414,1367,High,108,1,2026-01-02 06:18:48
4415,1367,Medium,33,5,2026-03-20 04:21:16
4416,1367,Medium,78,3,2025-11-23 07:11:47
4417,1367,Low,32,4,2026-03-01 13:26:20
4418,1367,High,25,1,2026-03-04 13:24:41
4419,1368,High,13,7,2026-03-04 06:34:44
4420,1368,High,34,8,2026-01-07 05:57:58
4421,1369,High,38,8,2026-01-15 04:56:18
4422,1369,Medium,42,9,2026-01-17 05:14:13
4423,1370,High,6,8,2025-11-19 18:33:57
4424,1370,Medium,19,8,2026-02-09 05:56:24
4425,1370,Low,18,8,2026-04-26 10:10:52
4426,1371,Medium,96,4,2025-12-18 19:37:43
4427,1371,High,99,5,2026-04-16 17:09:06
4428,1371,Medium,90,3,2026-04-19 14:13:47
4429,1371,High,117,4,2026-01-01 06:52:58
4430,1371,Low,92,1,2026-03-25 07:02:51
4431,1371,Medium,114,4,2025-12-11 17:22:23
4432,1371,Low,86,5,2026-03-13 00:21:34
4433,1371,Medium,105,4,2026-04-05 14:43:30
4434,1373,High,13,6,2026-04-20 06:12:39
4435,1373,Low,2,6,2026-05-13 02:20:17
4436,1373,High,45,9,2026-01-27 01:00:18
4437,1374,Medium,71,3,2025-11-21 12:39:41
4438,1374,Medium,45,4,2026-05-18 16:44:28
4439,1374,Medium,34,2,2026-04-28 14:56:09
4440,1374,High,69,5,2025-12-07 11:43:52
4441,1374,High,58,4,2026-01-19 16:42:45
4442,1374,Low,118,2,2026-01-24 01:19:57
4443,1375,Low,66,2,2026-01-31 04:50:51
4444,1375,Medium,72,3,2026-03-09 19:29:03
4445,1375,Low,25,2,2025-12-08 23:18:39
4446,1375,Medium,61,3,2026-03-10 23:34:04
4447,1375,High,49,5,2026-02-23 14:00:20
4448,1375,High,90,2,2025-12-24 20:51:32
4449,1375,Medium,101,1,2026-04-29 21:07:19
4450,1377,Medium,71,1,2026-02-08 17:07:42
4451,1377,Medium,76,3,2026-01-09 21:56:25
4452,1377,Medium,113,2,2026-04-01 14:13:55
4453,1377,Low,32,5,2025-12-22 18:34:43
4454,1377,High,88,5,2026-05-11 14:06:45
4455,1378,Low,27,7,2026-02-10 23:26:03
4456,1378,High,6,8,2025-11-29 12:25:18
4457,1379,Medium,67,4,2025-12-23 10:02:26
4458,1379,High,51,5,2026-03-04 06:06:09
4459,1379,Low,40,3,2026-05-08 22:34:33
4460,1379,Low,63,2,2026-02-09 17:03:11
4461,1379,High,26,4,2025-12-16 03:23:29
4462,1379,Low,99,2,2025-12-03 23:15:35
4463,1380,Low,46,7,2026-02-09 20:38:35
4464,1380,Low,23,7,2026-01-12 05:54:56
4465,1381,Low,92,1,2026-05-02 19:37:50
4466,1381,High,108,3,2025-11-29 23:36:56
4467,1381,Medium,92,3,2026-02-20 18:43:26
4468,1381,Low,114,1,2026-01-21 18:48:27
4469,1381,Low,89,1,2026-01-19 05:47:17
4470,1381,Low,62,5,2026-03-26 23:43:58
4471,1383,High,28,9,2026-04-25 18:34:10
4472,1383,Low,31,8,2025-12-03 17:46:29
4473,1383,High,23,6,2026-02-17 13:20:37
4474,1384,Medium,25,1,2026-05-07 12:11:44
4475,1384,Medium,50,3,2026-01-18 04:46:01
4476,1384,High,25,5,2026-02-25 04:50:57
4477,1385,Medium,21,7,2026-02-01 05:53:21
4478,1385,High,5,9,2025-12-27 02:26:21
4479,1386,Medium,45,6,2025-12-02 07:35:50
4480,1386,Low,29,9,2026-04-17 20:21:46
4481,1387,Medium,84,4,2026-04-05 08:54:59
4482,1387,Low,48,2,2026-02-27 23:34:17
4483,1387,High,55,2,2026-01-04 13:49:21
4484,1387,Low,93,1,2026-02-05 02:52:09
4485,1387,Low,90,1,2026-02-06 09:49:55
4486,1387,High,24,3,2026-03-14 22:07:40
4487,1387,Medium,28,5,2026-03-18 17:02:05
4488,1388,High,19,9,2026-04-06 13:10:43
4489,1388,Low,25,6,2026-04-09 01:24:10
4490,1388,High,35,9,2026-01-16 05:37:18
4491,1389,Medium,117,5,2026-05-06 09:43:46
4492,1389,High,45,5,2026-04-18 19:34:51
4493,1389,Low,80,3,2026-02-03 23:46:22
4494,1389,Medium,76,4,2026-04-30 14:20:28
4495,1389,Low,54,5,2026-01-15 21:13:47
4496,1389,High,111,1,2026-04-10 08:55:52
4497,1389,High,95,2,2026-04-21 08:30:10
4498,1389,Medium,107,4,2026-02-03 14:25:03
4499,1390,High,16,7,2025-12-31 12:57:46
4500,1390,Low,12,6,2026-02-24 21:10:54
4501,1392,Medium,45,7,2026-01-19 11:47:48
4502,1393,Low,39,6,2026-02-20 19:08:33
4503,1393,Medium,46,9,2026-05-18 20:30:03
4504,1393,Medium,32,7,2025-12-29 10:27:41
4505,1393,High,24,9,2026-02-05 08:21:51
4506,1394,Low,47,9,2025-12-29 07:37:11
4507,1394,High,9,9,2026-01-24 09:17:00
4508,1395,Low,23,9,2026-05-01 18:39:33
4509,1395,Medium,13,9,2026-05-04 14:49:58
4510,1396,High,32,7,2026-01-07 13:53:47
4511,1396,Medium,15,9,2026-04-12 12:14:09
4512,1396,Medium,5,7,2026-03-02 05:25:00
4513,1397,Medium,16,6,2026-05-15 10:32:42
4514,1398,Low,10,9,2025-11-18 18:54:14
4515,1398,Medium,18,6,2026-03-07 20:08:46
4516,1398,High,18,8,2026-04-21 21:48:50
4517,1399,Medium,27,2,2025-12-02 10:49:14
4518,1399,Medium,92,4,2026-03-07 02:04:07
4519,1399,Medium,78,3,2026-01-16 22:02:08
4520,1399,Medium,113,2,2025-12-31 12:58:04
4521,1399,Low,52,5,2026-05-14 01:30:17
4522,1399,High,37,1,2025-12-09 04:54:24
4523,1399,Low,56,1,2025-11-19 13:41:41
4524,1399,High,44,1,2025-11-28 15:54:25
4525,1400,Low,23,6,2026-05-05 22:42:23
4526,1401,Low,43,6,2025-12-08 03:56:37
4527,1401,High,14,6,2026-03-27 11:36:23
4528,1402,Medium,43,3,2026-03-23 06:07:13
4529,1402,Low,76,5,2025-12-07 06:00:12
4530,1402,Low,105,1,2026-03-22 22:40:52
4531,1402,High,41,1,2026-01-14 21:05:37
4532,1402,Low,56,5,2025-11-18 15:45:54
4533,1402,Medium,77,1,2026-03-04 09:03:31
4534,1402,Low,42,3,2026-03-15 12:23:18
4535,1402,Low,93,3,2026-05-05 14:58:57
4536,1402,Medium,57,4,2026-03-20 05:58:13
4537,1403,Low,25,9,2026-04-07 20:23:54
4538,1403,High,10,7,2026-05-04 13:33:06
4539,1403,High,24,6,2025-11-20 22:59:30
4540,1404,High,11,8,2026-01-25 13:41:57
4541,1404,Medium,16,7,2026-01-20 10:33:03
4542,1404,Medium,30,8,2026-04-13 22:17:48
4543,1404,Medium,16,8,2026-04-23 22:10:08
4544,1405,High,16,8,2026-01-07 02:40:27
4545,1405,High,16,9,2026-03-16 23:28:07
4546,1407,Low,35,3,2026-04-25 10:58:25
4547,1407,High,44,2,2026-01-30 23:44:05
4548,1407,Low,66,4,2026-01-18 15:41:47
4549,1407,Low,40,1,2026-02-05 04:19:45
4550,1407,Low,29,3,2026-03-05 12:53:08
4551,1407,Medium,43,1,2026-01-20 08:00:05
4552,1407,Medium,89,1,2026-05-10 11:29:48
4553,1407,High,115,5,2025-12-07 12:55:20
4554,1407,Low,84,3,2026-02-19 16:17:04
4555,1408,High,20,7,2025-12-05 09:11:20
4556,1408,Medium,39,6,2026-01-29 23:18:48
4557,1408,Medium,1,6,2026-01-02 04:25:55
4558,1409,Medium,93,5,2026-04-18 14:25:59
4559,1409,High,70,5,2026-01-17 16:41:04
4560,1409,High,49,1,2026-04-19 20:18:00
4561,1409,Medium,37,2,2026-05-01 15:25:09
4562,1409,Medium,77,2,2026-02-12 06:29:51
4563,1409,Low,54,3,2025-12-14 02:35:23
4564,1409,Medium,118,5,2026-04-08 02:12:58
4565,1409,Low,119,1,2026-05-09 10:24:34
4566,1410,High,14,9,2025-11-19 03:01:21
4567,1410,High,36,9,2026-01-01 07:29:22
4568,1411,High,81,5,2026-02-05 06:56:22
4569,1411,High,86,3,2026-02-09 12:22:31
4570,1411,High,48,3,2026-02-07 19:35:41
4571,1411,High,55,4,2026-03-02 22:03:53
4572,1411,High,105,2,2025-12-28 03:42:37
4573,1411,Low,60,2,2026-04-20 22:07:53
4574,1412,Medium,32,4,2026-03-18 17:35:05
4575,1412,Medium,87,4,2026-02-28 17:40:56
4576,1412,High,77,2,2026-03-21 01:20:18
4577,1412,High,109,3,2026-04-29 08:04:52
4578,1412,Medium,53,5,2026-03-25 14:47:31
4579,1412,High,115,3,2026-02-02 01:01:44
4580,1412,Medium,86,3,2026-02-21 08:01:04
4581,1414,High,31,6,2026-02-07 21:58:15
4582,1414,Medium,39,9,2026-04-03 20:50:35
4583,1414,Medium,30,8,2026-04-14 23:42:21
4584,1415,Low,19,9,2026-01-01 14:29:22
4585,1416,Medium,15,8,2026-04-02 16:02:01
4586,1416,High,43,6,2026-01-21 20:19:42
4587,1417,High,37,8,2026-04-19 17:03:54
4588,1417,Medium,29,7,2025-11-21 21:40:55
4589,1417,Low,43,7,2026-03-15 13:52:52
4590,1417,Low,44,7,2026-05-10 04:27:32
4591,1418,Medium,20,8,2026-02-14 09:50:28
4592,1419,Medium,4,7,2026-03-27 15:33:20
4593,1420,High,38,8,2026-05-18 20:56:14
4594,1420,Medium,26,8,2025-11-30 02:17:59
4595,1421,High,11,9,2026-04-19 00:52:27
4596,1421,High,2,8,2025-12-10 19:16:41
4597,1422,Medium,8,6,2026-03-22 08:45:22
4598,1422,Medium,11,6,2026-05-14 14:17:54
4599,1422,Medium,18,8,2026-04-26 23:45:51
4600,1423,High,14,7,2026-01-22 13:41:18
4601,1423,Medium,10,8,2026-05-11 17:51:46
4602,1423,Medium,9,8,2025-12-10 09:04:39
4603,1423,Low,11,8,2026-01-29 04:51:32
4604,1424,Low,44,9,2026-05-07 05:07:23
4605,1425,High,3,6,2026-04-14 06:48:21
4606,1426,High,62,4,2026-05-02 01:18:42
4607,1426,Medium,98,1,2026-05-14 05:05:47
4608,1426,High,44,2,2026-04-07 06:27:00
4609,1426,High,66,3,2026-04-11 18:32:43
4610,1426,High,71,5,2026-01-25 23:18:19
4611,1426,Low,83,4,2025-12-04 23:23:40
4612,1427,Low,44,9,2026-01-15 05:25:29
4613,1428,Low,23,6,2025-12-27 06:35:42
4614,1428,Low,5,9,2026-03-26 16:35:24
4615,1428,Low,28,7,2026-04-12 15:07:27
4616,1429,High,8,6,2026-03-09 01:28:45
4617,1429,Low,35,6,2026-03-31 06:44:38
4618,1429,Low,21,7,2026-04-02 06:05:50
4619,1430,High,18,6,2026-04-27 01:29:29
4620,1430,Low,8,8,2025-12-24 23:55:18
4621,1430,Low,17,8,2026-03-29 02:04:02
4622,1431,High,118,2,2026-01-02 10:31:47
4623,1431,Low,29,3,2025-12-01 05:56:42
4624,1431,Low,35,4,2026-01-16 19:51:13
4625,1431,High,35,5,2025-12-10 16:05:16
4626,1431,Medium,89,2,2026-04-03 21:15:45
4627,1431,Medium,38,5,2026-02-03 14:25:48
4628,1431,Low,104,4,2026-04-16 00:41:25
4629,1432,High,14,9,2026-04-20 12:30:24
4630,1433,Medium,30,6,2026-01-27 14:34:37
4631,1433,High,32,7,2025-12-08 09:51:26
4632,1434,Low,6,8,2026-03-21 09:02:17
4633,1435,Low,111,3,2025-12-31 11:15:18
4634,1435,Low,105,5,2026-01-14 12:47:10
4635,1435,High,47,2,2026-03-24 09:14:58
4636,1435,Medium,63,3,2026-01-19 17:18:25
4637,1435,Medium,109,1,2026-01-20 23:49:07
4638,1436,Medium,18,9,2026-03-12 23:17:10
4639,1436,High,12,6,2026-01-21 00:50:34
4640,1436,Medium,43,9,2026-03-19 14:02:51
4641,1437,Medium,40,9,2025-11-29 22:56:34
4642,1437,Low,7,8,2026-03-27 10:35:33
4643,1437,High,21,7,2026-01-28 21:07:06
4644,1437,High,11,7,2026-05-04 10:38:47
4645,1438,High,42,8,2025-12-31 03:04:04
4646,1439,High,116,2,2026-04-01 12:12:04
4647,1439,High,51,3,2026-02-08 08:17:36
4648,1439,High,105,2,2025-12-09 07:02:56
4649,1439,High,115,2,2025-12-15 18:58:51
4650,1439,Medium,76,4,2026-05-18 14:23:25
4651,1439,High,114,4,2026-03-18 05:09:26
4652,1439,High,28,1,2026-01-23 11:46:52
4653,1439,High,72,2,2026-05-17 22:14:37
4654,1439,High,53,2,2026-04-11 19:17:52
4655,1439,Medium,80,5,2026-03-19 13:28:28
4656,1440,Medium,34,8,2026-02-10 15:40:25
4657,1440,High,40,9,2025-12-08 01:53:48
4658,1441,Low,39,7,2026-03-11 19:10:39
4659,1442,Medium,39,9,2026-02-04 08:53:43
4660,1442,Medium,14,6,2026-04-22 17:42:49
4661,1442,Medium,38,9,2026-05-03 19:04:32
4662,1443,Low,42,7,2025-12-23 03:08:37
4663,1443,Medium,44,9,2026-05-04 18:24:08
4664,1446,Low,25,8,2025-12-20 21:38:46
4665,1446,Medium,38,9,2025-11-23 16:06:12
4666,1446,Medium,5,8,2026-02-28 06:59:01
4667,1446,Medium,44,8,2026-04-15 18:24:06
4668,1447,Low,47,7,2026-02-16 01:16:59
4669,1447,High,20,8,2026-05-05 04:24:02
4670,1447,Medium,11,9,2026-03-29 23:26:01
4671,1447,Medium,3,8,2025-11-25 06:24:06
4672,1448,Low,30,5,2026-02-21 21:14:06
4673,1448,Medium,94,2,2026-04-17 00:15:15
4674,1448,Medium,42,2,2026-01-01 10:49:27
4675,1448,High,32,3,2026-02-28 13:17:27
4676,1448,Low,105,1,2026-01-03 16:28:08
4677,1448,Low,71,5,2025-12-01 00:32:14
4678,1448,High,48,4,2026-04-25 12:21:07
4679,1449,Low,14,9,2026-01-18 06:13:54
4680,1449,Medium,25,8,2026-03-09 16:36:40
4681,1450,Medium,39,8,2026-04-06 19:07:52
4682,1450,Medium,15,9,2025-11-23 05:27:31
4683,1450,Low,27,9,2026-01-22 10:19:04
4684,1450,Low,10,8,2025-11-21 01:01:40
4685,1451,Medium,4,8,2025-12-15 23:29:09
4686,1451,Low,19,8,2025-12-27 02:05:23
4687,1451,Medium,28,6,2025-12-12 18:57:33
4688,1453,High,101,1,2026-03-20 12:33:55
4689,1453,Low,33,3,2026-03-16 15:06:38
4690,1453,High,53,3,2026-01-18 04:14:46
4691,1453,High,105,3,2026-03-24 07:13:10
4692,1453,High,71,2,2026-03-03 03:26:16
4693,1453,High,99,3,2026-04-05 11:48:15
4694,1453,Medium,63,4,2026-03-24 16:17:52
4695,1453,Medium,116,3,2026-04-02 14:46:02
4696,1453,High,117,2,2025-12-15 15:04:14
4697,1454,Medium,9,8,2026-03-24 14:51:10
4698,1454,Medium,2,6,2026-04-02 20:46:56
4699,1454,Low,33,7,2026-01-20 18:01:30
4700,1454,Low,34,9,2026-05-12 17:21:01
4701,1455,Low,8,6,2026-03-16 14:21:27
4702,1456,Low,33,8,2025-12-30 21:50:23
4703,1456,High,6,9,2026-05-10 03:01:04
4704,1457,High,42,3,2026-02-26 13:11:02
4705,1457,Medium,24,3,2026-05-09 16:52:18
4706,1457,Medium,56,5,2026-05-14 15:48:04
4707,1457,High,40,1,2026-03-23 05:48:06
4708,1457,High,65,2,2026-03-02 06:45:28
4709,1457,Medium,32,3,2026-03-30 03:26:14
4710,1457,Low,94,5,2026-01-18 13:29:34
4711,1457,Medium,77,4,2026-03-31 09:23:56
4712,1457,Low,48,3,2025-12-22 06:04:23
4713,1457,Low,85,2,2025-12-11 13:54:57
4714,1459,Low,46,7,2025-12-18 04:08:41
4715,1459,Low,11,9,2026-02-07 05:08:24
4716,1459,Low,8,8,2026-01-08 14:15:56
4717,1459,Medium,43,8,2025-12-22 20:44:55
4718,1460,Low,72,5,2026-05-19 12:29:18
4719,1460,High,114,4,2026-03-28 21:37:31
4720,1460,Medium,63,2,2026-04-16 11:18:25
4721,1460,High,119,4,2026-02-22 03:13:47
4722,1460,Low,40,1,2026-01-03 18:14:16
4723,1460,Low,70,4,2026-01-02 14:38:03
4724,1460,Low,103,5,2026-02-26 09:38:34
4725,1461,Low,9,6,2025-12-19 13:44:55
4726,1462,Low,83,1,2026-04-17 09:52:55
4727,1462,Medium,116,5,2026-05-12 11:05:49
4728,1462,Medium,44,2,2026-02-22 16:24:11
4729,1462,Medium,108,5,2026-01-29 17:43:22
4730,1462,Medium,33,3,2026-04-20 13:43:20
4731,1462,Medium,36,1,2026-03-18 01:31:13
4732,1462,Medium,43,1,2026-01-19 13:07:24
4733,1462,High,69,2,2025-12-24 18:36:31
4734,1462,Low,96,1,2026-03-25 19:15:57
4735,1462,Medium,90,3,2026-05-17 20:08:15
4736,1464,Low,12,7,2026-04-16 06:49:30
4737,1465,Medium,25,6,2026-01-13 01:57:32
4738,1465,Low,25,8,2026-02-19 00:49:39
4739,1466,Medium,36,8,2025-11-22 07:22:49
4740,1466,Low,26,7,2025-12-07 05:57:07
4741,1466,Low,39,9,2026-05-15 02:34:48
4742,1466,Medium,40,6,2026-02-21 14:35:59
4743,1467,Low,4,6,2026-01-21 12:37:26
4744,1467,Low,30,9,2026-04-08 20:08:59
4745,1467,High,35,6,2026-04-11 23:26:03
4746,1468,Medium,31,7,2026-04-12 17:43:49
4747,1469,Low,43,8,2025-12-25 02:10:42
4748,1469,High,4,9,2026-03-02 06:59:54
4749,1469,Low,16,8,2026-05-03 21:04:45
4750,1470,Medium,22,6,2025-12-01 18:36:29
4751,1472,High,11,9,2026-03-14 22:21:42
4752,1472,Low,33,7,2026-01-31 07:20:33
4753,1472,Medium,29,9,2025-12-27 08:31:52
4754,1472,Medium,39,9,2026-05-19 15:38:58
4755,1473,Medium,7,9,2026-05-06 11:31:29
4756,1473,Low,39,7,2026-02-03 07:29:03
4757,1474,High,85,2,2025-11-27 01:47:07
4758,1474,High,96,1,2026-02-25 13:36:20
4759,1474,High,100,4,2026-04-27 17:25:31
4760,1476,Medium,112,4,2025-11-21 19:29:43
4761,1476,High,40,2,2025-11-26 14:25:24
4762,1476,Medium,36,5,2026-01-20 14:50:12
4763,1476,Low,51,4,2026-03-31 02:41:57
4764,1476,Medium,50,1,2025-12-12 13:56:47
4765,1476,Low,43,2,2025-11-29 14:53:42
4766,1476,High,35,5,2026-01-31 14:31:56
4767,1477,Low,9,8,2026-01-20 07:57:47
4768,1478,High,8,9,2026-03-16 18:50:02
4769,1479,Medium,14,8,2026-05-12 21:55:58
4770,1479,Low,25,6,2025-12-20 08:42:37
4771,1479,Low,21,6,2026-03-05 03:05:35
4772,1480,High,31,6,2025-11-23 00:29:28
4773,1480,Low,43,7,2026-01-27 16:43:47
4774,1481,Low,5,6,2026-02-18 15:59:14
4775,1481,Low,28,8,2025-12-11 09:16:07
4776,1481,Low,25,8,2026-01-30 12:53:13
4777,1482,High,35,8,2026-04-17 23:24:38
4778,1482,Medium,39,8,2026-01-15 05:14:14
4779,1482,High,38,9,2026-01-11 14:29:58
4780,1482,High,3,7,2026-02-10 10:42:11
4781,1483,Medium,45,8,2025-12-26 18:46:24
4782,1485,Low,37,8,2026-04-25 13:56:22
4783,1486,Low,109,1,2026-01-01 21:30:52
4784,1486,High,75,3,2026-01-21 02:17:54
4785,1486,High,56,1,2026-01-24 01:05:30
4786,1486,Medium,65,4,2026-02-27 22:46:29
4787,1486,High,50,4,2026-03-22 06:39:21
4788,1486,Low,87,3,2026-02-25 17:51:32
4789,1486,Low,116,2,2026-01-30 14:57:38
4790,1486,Medium,43,1,2026-03-29 01:19:21
4791,1486,High,103,3,2026-04-08 11:28:16
4792,1486,Low,31,5,2025-11-20 15:24:49
4793,1487,Low,29,6,2025-12-18 19:58:59
4794,1487,Low,36,7,2026-01-04 18:16:39
4795,1487,Medium,31,9,2025-12-28 12:37:08
4796,1487,Low,12,8,2025-11-19 17:56:05
4797,1488,High,17,8,2026-04-03 23:30:56
4798,1488,High,9,8,2026-05-05 02:05:48
4799,1489,Medium,65,4,2026-02-05 05:13:47
4800,1489,High,119,1,2026-03-02 05:14:35
4801,1489,Low,41,2,2026-03-02 04:11:04
4802,1489,Low,66,4,2026-02-14 05:34:16
4803,1489,High,58,2,2025-12-04 02:14:58
4804,1489,Medium,77,1,2026-03-20 00:42:57
4805,1489,Medium,85,5,2025-11-19 12:31:49
4806,1489,High,105,1,2026-03-24 08:51:18
4807,1490,Medium,32,7,2025-11-22 03:42:28
4808,1492,High,26,9,2026-02-25 13:14:26
4809,1492,Medium,22,8,2026-02-07 13:13:43
4810,1492,High,43,7,2026-02-20 18:05:35
4811,1493,High,79,1,2025-12-18 07:34:52
4812,1493,High,99,5,2026-02-16 05:56:58
4813,1493,Medium,115,3,2026-03-24 11:46:53
4814,1493,Low,43,5,2025-11-19 20:33:12
4815,1493,High,46,1,2026-03-06 13:40:42
4816,1493,Low,81,3,2026-01-11 20:53:41
4817,1493,High,116,3,2026-04-19 23:54:47
4818,1494,Medium,20,8,2025-12-02 04:43:34
4819,1494,High,14,8,2025-12-03 15:49:40
4820,1495,Medium,37,7,2025-12-28 18:36:53
4821,1495,High,34,8,2026-04-23 15:32:10
4822,1495,High,40,6,2026-01-20 03:18:39
4823,1496,Low,54,3,2026-04-03 19:09:28
4824,1496,High,77,4,2026-01-11 15:41:30
4825,1496,Low,57,2,2025-12-10 03:23:34
4826,1496,Medium,94,2,2026-04-23 05:15:11
4827,1496,Medium,85,1,2025-12-13 12:07:24
4828,1497,High,3,8,2026-04-02 01:16:12
4829,1497,Medium,38,9,2026-01-06 11:03:56
4830,1498,Low,34,6,2026-01-21 05:13:00
4831,1498,High,44,9,2026-02-05 23:29:39
4832,1498,High,44,7,2026-01-17 09:50:29
4833,1499,High,17,8,2025-12-30 18:31:13
4834,1499,Low,10,8,2025-12-29 14:56:49
4835,1499,Low,20,9,2026-03-19 23:46:54
4836,1500,High,41,5,2025-12-14 11:17:24
4837,1500,Low,114,3,2026-01-08 14:45:35
4838,1500,Medium,85,3,2026-05-07 06:46:46
4839,1500,High,72,4,2025-12-01 08:02:33
4840,1500,Low,86,2,2026-03-08 17:06:50
4841,1500,High,34,3,2025-12-23 04:01:57
4842,1500,High,85,2,2026-01-11 22:57:24
4843,1500,Medium,40,4,2025-12-03 11:02:15
4844,1501,High,21,9,2026-02-04 17:57:51
4845,1502,High,19,8,2025-12-27 13:21:09
4846,1502,Low,18,6,2025-11-20 04:39:28
4847,1502,High,19,8,2026-03-22 12:03:42
4848,1503,Medium,6,9,2025-12-16 12:13:15
4849,1503,Medium,8,9,2025-11-24 23:43:33
4850,1504,Low,18,9,2025-11-27 22:46:30
4851,1504,Low,43,8,2026-03-20 05:36:32
4852,1505,High,12,6,2026-04-05 00:29:05
4853,1505,Low,10,8,2025-11-27 06:50:16
4854,1505,Low,46,8,2026-01-29 08:50:50
4855,1505,Low,1,6,2026-03-24 05:42:17
4856,1506,Low,59,5,2026-04-30 21:24:18
4857,1506,Low,60,4,2025-11-26 06:43:04
4858,1506,Low,47,1,2026-05-17 03:48:08
4859,1506,Medium,30,2,2026-04-14 21:06:47
4860,1506,Low,104,5,2026-04-19 11:29:18
4861,1509,High,30,8,2026-02-11 18:34:47
4862,1509,Medium,33,8,2026-04-23 12:31:12
4863,1509,High,24,8,2026-01-06 10:24:04
4864,1509,Medium,9,9,2026-05-01 22:12:03
4865,1510,High,35,8,2026-03-31 06:35:51
4866,1510,High,4,9,2026-01-21 23:23:50
4867,1510,High,28,6,2026-02-27 20:32:16
4868,1510,Medium,13,8,2025-12-07 07:24:14
4869,1512,Low,19,7,2025-11-30 08:05:27
4870,1512,High,37,8,2026-05-10 13:07:28
4871,1513,Low,111,1,2026-02-11 05:26:55
4872,1513,Low,35,2,2026-04-20 18:53:47
4873,1513,High,94,3,2026-02-03 05:13:45
4874,1513,Medium,54,5,2026-04-15 00:36:57
4875,1515,High,13,8,2026-04-29 04:07:48
4876,1515,Low,2,8,2026-04-04 01:44:44
4877,1515,Medium,15,6,2026-05-19 12:41:02
4878,1516,High,11,7,2025-11-20 03:57:19
4879,1516,Medium,39,9,2026-05-01 03:20:05
4880,1516,Medium,11,6,2026-03-12 09:55:27
4881,1516,High,2,6,2026-03-07 14:39:52
4882,1518,Medium,16,8,2025-12-25 17:37:51
4883,1518,High,13,6,2026-01-15 23:01:24
4884,1518,Low,17,6,2025-11-22 17:52:57
4885,1518,High,44,9,2026-05-03 04:45:51
4886,1520,Low,42,5,2026-03-10 05:42:38
4887,1520,Low,89,1,2026-05-16 03:53:55
4888,1520,High,98,5,2025-12-05 05:17:46
4889,1520,Low,49,1,2026-02-04 01:21:15
4890,1520,Low,106,3,2026-05-06 08:50:51
4891,1520,High,52,3,2026-03-07 19:18:00
4892,1520,Low,89,3,2026-02-19 03:56:04
4893,1521,Medium,4,7,2026-04-02 19:10:24
4894,1521,Low,6,6,2026-04-09 08:57:46
4895,1521,Low,37,6,2026-02-08 07:31:54
4896,1521,High,28,7,2026-03-31 19:32:07
4897,1522,High,7,6,2026-03-14 16:26:49
4898,1523,High,25,6,2026-04-25 20:19:01
4899,1524,High,88,3,2026-02-28 21:38:05
4900,1524,Low,29,2,2025-12-05 16:29:57
4901,1524,High,33,4,2026-01-06 05:07:28
4902,1524,High,34,1,2026-01-19 23:42:55
4903,1524,Medium,88,5,2026-03-03 16:13:40
4904,1524,High,107,1,2026-04-26 12:59:04
4905,1524,Medium,75,3,2026-01-14 04:59:52
4906,1524,High,105,1,2026-02-17 02:32:36
4907,1524,High,101,3,2025-12-02 04:52:49
4908,1525,Low,17,8,2026-04-21 13:57:08
4909,1525,Low,46,6,2025-11-28 16:45:52
4910,1525,Low,36,6,2026-03-03 22:22:16
4911,1526,Medium,26,6,2026-04-19 10:40:34
4912,1526,High,17,7,2025-12-17 19:35:47
4913,1526,Medium,25,7,2025-12-31 12:24:16
4914,1526,High,22,6,2025-12-17 02:52:54
4915,1527,High,4,9,2026-01-09 00:19:40
4916,1528,Medium,29,4,2026-01-27 16:42:18
4917,1528,Medium,44,5,2026-03-27 07:34:26
4918,1528,High,112,2,2025-11-24 19:38:10
4919,1528,Medium,78,4,2026-03-19 05:29:32
4920,1528,Medium,56,4,2026-02-10 09:50:03
4921,1528,Medium,104,5,2025-12-22 00:16:11
4922,1528,High,69,4,2026-04-20 21:46:38
4923,1528,Medium,52,4,2025-11-19 10:49:10
4924,1528,High,31,3,2026-04-25 15:21:14
4925,1528,Medium,112,3,2026-04-12 20:58:15
4926,1529,Low,33,7,2026-02-25 21:25:44
4927,1529,High,15,7,2026-01-29 19:40:05
4928,1529,High,10,7,2026-05-07 08:35:45
4929,1529,Low,22,7,2026-04-08 08:37:45
4930,1530,High,114,5,2026-01-13 00:56:30
4931,1530,High,56,5,2026-01-23 19:52:42
4932,1530,Medium,113,5,2026-03-02 17:15:49
4933,1530,Medium,50,1,2026-03-08 19:22:21
4934,1530,Medium,101,3,2026-03-03 09:41:07
4935,1530,Medium,86,1,2026-03-01 10:31:46
4936,1530,Medium,117,3,2026-03-30 18:48:36
4937,1530,Low,71,4,2025-12-24 17:39:32
4938,1530,High,51,4,2025-12-04 18:27:29
4939,1531,Medium,116,3,2026-03-16 07:10:28
4940,1531,High,40,1,2025-11-20 03:50:18
4941,1531,Low,108,1,2026-01-19 11:23:19
4942,1532,Low,23,9,2026-03-23 15:30:13
4943,1532,Medium,11,6,2026-03-01 14:52:21
4944,1532,Low,34,7,2026-02-04 02:49:52
4945,1532,Medium,10,8,2026-02-17 05:00:25
4946,1533,Low,6,9,2026-02-01 15:15:59
4947,1534,Low,24,9,2026-01-18 19:20:53
4948,1534,High,43,8,2025-11-22 20:44:17
4949,1535,High,23,8,2025-12-14 23:53:58
4950,1535,High,45,6,2026-04-01 00:55:32
4951,1536,High,6,6,2025-11-27 03:40:53
4952,1536,High,6,7,2025-11-28 10:16:37
4953,1536,Low,22,6,2025-12-23 23:01:53
4954,1536,Low,24,6,2026-01-09 22:46:48
4955,1538,Medium,15,7,2025-12-16 08:30:51
4956,1538,Low,8,8,2026-01-09 01:17:22
4957,1538,Low,24,9,2026-04-30 11:06:34
4958,1539,Medium,93,3,2026-01-28 22:49:04
4959,1539,High,88,4,2025-12-19 03:20:50
4960,1539,Low,69,4,2026-03-10 15:02:50
4961,1539,Low,81,4,2026-03-16 03:59:52
4962,1539,Medium,61,3,2026-05-02 22:39:38
4963,1539,Medium,35,2,2026-02-18 21:17:50
4964,1539,Low,62,3,2025-12-19 12:36:11
4965,1540,High,59,4,2026-05-12 13:26:20
4966,1540,Low,54,1,2025-12-30 14:34:12
4967,1540,High,36,2,2026-03-21 12:33:28
4968,1540,Low,64,2,2026-02-17 20:37:20
4969,1540,High,79,1,2026-03-17 02:56:29
4970,1540,Medium,54,5,2026-04-15 13:51:37
4971,1540,Medium,33,4,2026-05-11 17:23:34
4972,1540,Low,25,3,2026-02-28 23:02:51
4973,1540,Medium,66,3,2026-04-14 22:28:53
4974,1541,Low,11,8,2025-11-28 04:15:31
4975,1541,High,45,9,2026-03-01 08:00:43
4976,1541,High,28,7,2026-03-10 15:53:12
4977,1541,Medium,38,8,2025-12-14 10:05:49
4978,1543,Low,80,2,2026-05-05 13:24:40
4979,1543,Low,94,2,2026-04-05 08:51:40
4980,1543,Medium,105,4,2026-05-15 06:53:18
4981,1543,Medium,111,2,2025-12-11 15:20:25
4982,1543,Medium,107,2,2026-05-03 02:12:46
4983,1543,Medium,66,2,2026-02-04 22:50:47
4984,1543,Low,94,2,2026-02-12 15:26:55
4985,1543,Low,28,3,2026-05-01 13:41:46
4986,1543,High,88,2,2026-05-12 11:30:29
4987,1544,High,24,3,2026-04-03 23:18:53
4988,1544,High,25,5,2026-04-13 01:02:03
4989,1544,Medium,43,5,2026-04-19 23:20:24
4990,1546,High,23,6,2025-12-27 10:55:53
4991,1546,Low,24,9,2026-03-05 07:22:18
4992,1547,High,35,4,2025-12-09 05:29:25
4993,1547,High,105,1,2025-12-29 01:10:53
4994,1547,Low,53,1,2026-03-08 09:28:21
4995,1547,Medium,47,4,2025-12-04 16:13:55
4996,1547,High,92,3,2025-12-25 12:42:29
4997,1547,High,47,4,2026-02-15 02:21:52
4998,1547,Low,118,5,2026-03-18 19:37:38
4999,1547,Low,103,5,2026-05-10 19:41:16
5000,1548,High,47,2,2026-03-26 00:18:16
5001,1548,High,89,1,2025-12-03 13:07:28
5002,1548,Medium,98,3,2026-03-23 06:09:56
5003,1549,High,58,3,2026-04-02 19:11:57
5004,1549,High,52,5,2026-05-14 10:25:42
5005,1549,High,104,2,2025-12-03 16:01:13
5006,1549,Low,77,2,2026-03-06 12:38:49
5007,1549,Low,51,5,2026-04-03 06:47:12
5008,1549,Medium,66,3,2026-05-08 04:54:15
5009,1549,Medium,33,3,2026-04-12 04:26:52
5010,1549,Medium,37,4,2026-03-31 12:26:46
5011,1549,Low,70,2,2025-11-19 22:05:43
5012,1549,Low,117,2,2026-02-21 17:42:28
5013,1550,Low,32,7,2026-01-11 17:05:42
5014,1550,Medium,1,9,2025-12-12 01:44:49
5015,1551,High,42,7,2026-04-05 16:53:22
5016,1551,Low,17,7,2026-03-31 01:45:09
5017,1551,High,39,8,2025-12-29 23:00:41
5018,1551,Medium,27,6,2025-12-27 01:56:03
5019,1552,Low,45,2,2026-04-17 10:24:03
5020,1552,Medium,72,1,2026-04-18 01:05:24
5021,1552,High,96,4,2026-04-13 18:23:36
5022,1552,Medium,76,3,2026-03-02 20:54:04
5023,1552,High,63,5,2026-05-01 11:44:35
5024,1552,Low,91,1,2025-11-25 11:58:18
5025,1552,Low,45,2,2026-04-03 16:32:51
5026,1553,High,12,7,2025-12-07 11:09:16
5027,1553,Low,43,8,2026-04-12 02:02:55
5028,1553,Medium,9,7,2026-04-12 03:19:05
5029,1554,High,106,5,2026-01-06 07:20:34
5030,1554,High,39,1,2026-03-30 10:52:38
5031,1554,Low,60,3,2025-12-22 01:12:25
5032,1554,High,60,5,2026-04-14 09:01:14
5033,1554,High,104,2,2026-01-10 06:48:54
5034,1554,High,109,5,2026-01-02 06:07:00
5035,1554,High,56,2,2026-04-02 01:27:49
5036,1554,Low,53,4,2026-02-05 06:51:47
5037,1554,Low,83,2,2026-01-03 09:25:01
5038,1556,Medium,43,6,2026-01-17 09:39:11
5039,1556,Medium,10,9,2026-03-16 19:44:57
5040,1557,Low,27,5,2026-03-09 16:31:04
5041,1557,High,27,5,2026-03-16 17:20:54
5042,1557,Medium,112,5,2026-03-06 13:23:10
5043,1557,Medium,41,5,2026-03-07 12:41:12
5044,1558,Medium,24,7,2026-02-13 11:28:05
5045,1558,Low,33,7,2026-05-17 14:03:49
5046,1559,Medium,106,1,2025-12-05 19:43:25
5047,1559,High,51,3,2025-11-30 02:52:51
5048,1559,High,33,1,2026-04-30 11:07:17
5049,1559,Low,65,5,2026-03-15 03:28:14
5050,1559,Medium,32,4,2026-01-26 04:44:25
5051,1559,Low,38,3,2026-05-18 02:37:42
5052,1559,Medium,80,5,2026-01-30 20:13:04
5053,1559,High,45,1,2026-04-08 00:41:23
5054,1560,High,110,4,2026-05-16 11:29:45
5055,1560,Low,48,3,2026-03-26 14:53:54
5056,1560,Medium,29,2,2025-12-20 18:51:25
5057,1560,Low,86,1,2026-03-21 12:42:50
5058,1560,Low,83,5,2026-01-05 13:40:02
5059,1560,Low,72,1,2026-02-07 16:29:45
5060,1560,High,74,4,2026-01-07 19:12:50
5061,1560,Medium,93,5,2026-01-01 17:18:37
5062,1560,Low,54,2,2026-03-20 11:01:30
5063,1560,High,64,5,2026-04-13 01:26:34
5064,1561,Low,81,4,2025-12-11 09:19:44
5065,1561,High,59,5,2026-04-29 02:38:50
5066,1561,Low,102,2,2026-03-19 16:28:20
5067,1561,Low,59,5,2026-01-28 13:19:03
5068,1562,Medium,51,4,2026-02-18 09:38:29
5069,1562,Low,85,4,2026-02-19 13:32:06
5070,1562,Medium,103,3,2026-01-22 14:07:38
5071,1562,High,65,5,2026-01-18 14:23:58
5072,1562,Low,52,2,2025-12-16 20:01:48
5073,1563,Medium,33,2,2026-03-07 23:36:04
5074,1563,Medium,62,2,2026-05-14 06:56:59
5075,1563,Low,24,5,2025-11-26 20:23:50
5076,1563,Medium,88,4,2026-03-19 00:14:43
5077,1563,Low,83,5,2025-12-27 02:56:41
5078,1563,High,43,2,2026-04-26 18:13:25
5079,1563,High,110,1,2026-05-02 03:49:35
5080,1564,Low,57,4,2025-12-09 02:19:36
5081,1564,High,71,1,2026-01-06 10:00:00
5082,1564,High,84,2,2026-03-19 17:19:57
5083,1564,Medium,77,4,2026-05-16 01:45:48
5084,1564,High,88,5,2026-02-22 03:59:56
5085,1564,Medium,24,5,2026-04-08 20:45:32
5086,1565,High,16,8,2026-01-16 06:18:51
5087,1565,Low,28,8,2025-12-31 00:03:15
5088,1565,High,23,9,2025-12-20 12:01:58
5089,1565,High,45,8,2025-12-06 06:51:01
5090,1567,High,17,6,2026-05-17 06:57:47
5091,1567,High,34,6,2026-02-07 13:50:54
5092,1567,High,14,8,2026-03-09 20:04:30
5093,1569,Low,28,7,2025-12-19 20:39:05
5094,1569,Low,32,8,2026-01-25 23:35:32
5095,1570,Low,31,6,2026-04-16 16:21:18
5096,1570,High,47,6,2025-12-13 20:14:53
5097,1571,Medium,10,9,2025-12-21 21:24:28
5098,1571,Low,21,6,2026-01-14 05:13:17
5099,1571,Medium,5,7,2026-04-29 05:06:41
5100,1571,High,30,8,2026-04-06 08:25:45
5101,1572,Low,40,3,2026-02-09 06:16:01
5102,1572,Medium,43,1,2026-01-15 09:01:34
5103,1572,High,25,5,2026-04-19 20:39:08
5104,1573,High,1,9,2026-01-04 10:10:08
5105,1573,High,36,7,2026-01-17 04:11:25
5106,1574,Low,25,8,2026-03-12 09:02:30
5107,1574,Low,9,7,2025-12-14 06:13:39
5108,1575,High,23,9,2026-03-24 18:23:38
5109,1575,Medium,10,7,2026-02-04 19:39:02
5110,1576,Medium,66,2,2026-04-27 11:24:37
5111,1576,High,117,2,2025-11-26 09:48:47
5112,1576,High,25,2,2026-03-20 17:38:49
5113,1576,Low,55,2,2026-02-14 05:02:23
5114,1576,Medium,39,4,2026-04-16 06:28:44
5115,1576,Medium,24,5,2025-12-02 17:13:36
5116,1577,Low,95,2,2026-01-22 13:07:40
5117,1577,Low,36,5,2026-01-19 10:30:02
5118,1577,High,67,2,2026-01-26 05:46:29
5119,1577,Medium,69,5,2026-04-01 08:10:10
5120,1578,High,19,8,2025-11-18 17:10:17
5121,1578,Low,38,8,2026-02-08 08:43:13
5122,1578,Low,11,6,2026-05-03 10:21:46
5123,1578,Low,43,9,2026-05-09 13:26:50
5124,1579,Medium,20,6,2026-02-06 03:23:16
5125,1579,Medium,18,6,2026-05-18 21:50:12
5126,1579,Medium,10,7,2026-05-12 10:23:40
5127,1579,Medium,26,7,2026-01-18 18:32:01
5128,1580,Low,9,7,2026-01-17 11:38:17
5129,1581,High,54,2,2025-11-29 02:06:56
5130,1581,Medium,91,5,2026-01-31 05:15:51
5131,1581,Medium,84,4,2026-03-27 05:59:25
5132,1581,High,113,1,2026-03-01 15:53:53
5133,1581,Medium,42,5,2026-05-10 08:45:16
5134,1581,Low,74,1,2025-11-25 00:09:04
5135,1581,High,93,5,2026-03-29 14:22:12
5136,1581,Medium,98,1,2025-12-12 08:59:54
5137,1582,High,98,2,2026-01-26 07:55:36
5138,1582,Medium,79,1,2026-03-26 13:57:19
5139,1582,Medium,42,2,2026-03-19 00:30:32
5140,1584,Low,65,1,2026-04-30 01:13:26
5141,1584,Low,46,5,2025-12-14 04:26:04
5142,1584,Medium,112,2,2026-04-14 19:37:51
5143,1584,Medium,89,1,2026-03-09 05:55:07
5144,1584,High,51,5,2026-01-09 12:17:16
5145,1584,Low,58,1,2025-12-10 22:48:06
5146,1584,Low,100,5,2026-02-14 01:39:30
5147,1585,High,55,2,2026-01-10 18:31:59
5148,1585,High,95,3,2026-01-05 07:44:32
5149,1585,High,64,2,2025-12-03 03:57:10
5150,1585,High,119,2,2025-12-10 19:18:06
5151,1585,High,51,5,2026-03-13 21:12:23
5152,1585,Low,88,1,2025-12-17 10:48:22
5153,1585,Medium,97,4,2026-01-21 20:10:27
5154,1585,Low,33,3,2026-04-18 04:15:51
5155,1585,High,37,4,2026-04-21 16:54:48
5156,1586,Medium,68,1,2026-04-03 23:18:43
5157,1586,Medium,103,3,2026-01-03 12:53:48
5158,1586,High,89,3,2025-12-27 17:13:31
5159,1586,Medium,64,3,2026-02-07 15:59:44
5160,1586,Medium,52,2,2026-03-16 03:09:42
5161,1587,Low,20,8,2026-04-15 07:51:56
5162,1587,Low,14,7,2026-02-22 13:10:18
5163,1587,High,31,7,2026-05-10 05:34:54
5164,1587,Low,40,7,2026-04-10 21:53:39
5165,1588,Low,81,2,2025-11-27 15:53:01
5166,1588,Medium,53,1,2026-04-29 00:10:32
5167,1588,High,86,5,2026-04-01 19:36:34
5168,1588,High,42,4,2026-05-01 17:51:26
5169,1588,High,31,3,2026-04-12 07:16:42
5170,1588,Low,90,4,2026-04-15 04:36:02
5171,1589,Low,22,6,2026-05-09 17:54:56
5172,1589,High,36,6,2026-03-26 17:06:01
5173,1589,High,14,8,2025-12-25 20:03:56
5174,1590,Medium,32,5,2026-02-03 20:29:58
5175,1590,Low,99,5,2026-05-09 21:53:33
5176,1590,High,119,3,2026-03-14 15:18:53
5177,1590,High,43,3,2026-05-11 06:13:51
5178,1590,High,76,3,2026-02-09 09:31:47
5179,1591,Low,75,4,2025-12-01 01:18:28
5180,1591,Medium,50,4,2025-12-20 05:09:32
5181,1591,Low,63,4,2025-11-25 04:57:58
5182,1591,High,71,3,2026-04-08 10:38:39
5183,1593,Medium,21,9,2026-02-04 12:14:11
5184,1593,Medium,20,9,2025-12-02 13:54:50
5185,1594,Medium,4,8,2026-05-16 10:58:33
5186,1594,High,13,6,2026-05-19 11:51:09
5187,1595,Low,9,9,2026-05-15 02:35:27
5188,1595,Low,12,6,2026-05-07 08:34:02
5189,1597,Low,13,9,2026-04-22 01:40:39
5190,1599,High,49,2,2026-03-27 19:02:17
5191,1599,High,100,4,2026-05-15 04:51:28
5192,1599,High,81,3,2026-02-20 10:19:22
5193,1599,Low,111,3,2026-02-01 03:07:44
5194,1599,High,100,5,2026-03-13 19:52:58
5195,1599,Low,81,4,2026-02-15 06:16:44
5196,1599,Low,89,2,2025-11-20 16:49:37
5197,1601,Low,109,5,2025-12-02 17:55:58
5198,1601,High,81,1,2026-04-08 06:10:51
5199,1601,Medium,37,5,2025-11-29 15:42:04
5200,1601,Low,107,1,2026-01-06 14:33:25
5201,1601,High,40,5,2026-05-16 00:00:44
5202,1601,High,85,3,2026-04-09 10:17:10
5203,1601,Medium,70,2,2025-12-24 14:32:44
5204,1601,High,104,3,2026-01-31 06:27:20
5205,1602,Low,8,9,2026-03-21 16:06:34
5206,1602,Medium,3,6,2025-12-23 12:27:40
5207,1603,Medium,12,9,2026-01-03 06:09:38
5208,1603,Low,16,7,2026-01-10 21:17:10
5209,1603,Low,16,8,2026-01-25 02:41:20
5210,1604,Low,43,6,2026-03-23 00:21:48
5211,1605,Medium,74,1,2025-11-23 10:19:32
5212,1605,Low,53,3,2026-04-19 16:35:59
5213,1605,Medium,99,2,2025-11-25 00:36:32
5214,1606,Low,115,1,2025-11-28 05:08:31
5215,1606,High,68,4,2026-04-25 01:18:37
5216,1606,High,69,1,2025-12-09 06:11:21
5217,1606,Low,67,3,2026-03-07 19:49:14
5218,1606,Low,52,1,2026-02-24 03:04:47
5219,1606,Low,75,1,2026-05-15 12:51:42
5220,1606,Low,106,2,2025-12-07 11:37:28
5221,1606,Medium,45,4,2026-03-23 10:46:25
5222,1606,High,56,1,2025-12-19 03:30:57
5223,1607,High,46,6,2026-04-03 18:59:04
5224,1607,Medium,34,6,2025-12-06 15:40:25
5225,1607,Medium,23,6,2025-12-13 00:30:57
5226,1608,Medium,78,5,2026-04-24 23:50:00
5227,1608,Medium,112,5,2025-12-14 06:35:42
5228,1608,Low,84,1,2026-05-11 18:49:14
5229,1608,High,45,3,2026-03-12 08:51:57
5230,1608,High,77,4,2026-02-19 12:23:18
5231,1608,Medium,105,1,2026-04-14 13:16:07
5232,1609,Medium,18,8,2026-02-07 04:35:41
5233,1609,High,10,6,2026-04-03 01:19:31
5234,1610,High,39,8,2026-01-19 17:10:09
5235,1610,High,1,8,2025-12-12 01:44:35
5236,1610,High,27,8,2026-05-02 07:50:00
5237,1610,High,5,8,2026-04-02 05:15:46
5238,1612,Medium,106,1,2026-03-12 01:42:30
5239,1612,Medium,116,3,2026-05-07 10:08:54
5240,1612,Low,99,4,2026-05-02 20:24:12
5241,1612,Low,60,3,2025-11-24 14:09:28
5242,1613,High,9,7,2026-01-04 07:08:48
5243,1613,Medium,41,8,2025-12-23 01:26:33
5244,1613,High,26,7,2026-01-22 03:17:00
5245,1613,Low,23,8,2026-02-13 00:54:43
5246,1614,Medium,21,9,2026-03-29 03:12:57
5247,1614,High,9,6,2026-01-10 21:06:23
5248,1614,High,28,8,2026-03-22 07:09:34
5249,1614,Low,17,7,2026-02-02 07:17:15
5250,1615,Medium,36,6,2026-05-10 23:39:26
5251,1616,Medium,41,3,2026-03-29 10:38:03
5252,1616,Medium,32,5,2026-02-16 04:43:35
5253,1616,Medium,63,5,2026-03-28 03:50:36
5254,1616,Medium,102,3,2026-01-21 02:08:38
5255,1616,Low,67,4,2025-12-08 07:15:08
5256,1616,Medium,56,4,2025-12-15 09:49:46
5257,1616,Medium,33,4,2026-03-19 20:57:13
5258,1616,High,43,1,2025-11-23 12:21:41
5259,1616,Low,98,4,2026-03-04 19:48:01
5260,1616,High,85,2,2025-12-03 19:52:30
5261,1617,Low,30,9,2026-02-04 05:03:25
5262,1617,Medium,37,8,2026-02-14 12:15:52
5263,1617,High,20,6,2026-04-22 23:07:17
5264,1617,Medium,12,6,2026-03-03 00:24:13
5265,1619,Low,25,8,2025-12-30 14:01:03
5266,1619,Low,9,7,2025-11-22 23:24:33
5267,1619,High,25,8,2026-04-23 04:38:15
5268,1619,High,32,6,2026-03-29 20:41:15
5269,1620,Low,14,6,2025-12-05 05:58:54
5270,1620,Medium,17,6,2026-02-27 13:29:43
5271,1620,Medium,8,6,2026-01-28 15:00:22
5272,1620,Medium,5,6,2026-03-16 06:46:00
5273,1621,Low,42,1,2026-01-24 20:35:26
5274,1621,Low,117,2,2026-04-21 20:15:33
5275,1621,Medium,39,1,2026-03-10 02:52:12
5276,1621,High,25,1,2026-05-14 14:41:40
5277,1621,High,113,2,2025-12-24 21:54:40
5278,1621,Low,112,2,2026-05-01 16:27:40
5279,1621,Medium,70,4,2026-05-08 02:15:31
5280,1621,Low,103,5,2026-03-05 22:07:39
5281,1621,Medium,47,3,2025-12-17 03:53:22
5282,1621,Medium,95,2,2026-03-10 02:59:54
5283,1622,High,25,3,2026-03-26 01:20:35
5284,1622,High,97,3,2026-03-29 02:10:22
5285,1622,Low,110,1,2026-05-17 20:57:54
5286,1622,Low,95,4,2026-04-19 23:50:23
5287,1622,Low,46,4,2026-01-05 20:51:53
5288,1623,High,37,5,2026-02-22 23:27:59
5289,1623,Medium,116,1,2026-05-02 23:26:07
5290,1623,Low,91,1,2026-05-12 10:17:23
5291,1623,High,113,1,2026-02-16 19:12:14
5292,1623,High,110,4,2026-01-04 02:20:07
5293,1623,Medium,102,5,2026-03-08 23:05:09
5294,1623,High,89,4,2026-03-05 17:48:20
5295,1623,High,42,5,2026-01-03 10:21:45
5296,1623,High,111,3,2026-01-06 11:22:24
5297,1623,Low,82,2,2026-01-25 02:10:53
5298,1624,High,41,8,2026-01-30 05:30:29
5299,1624,Medium,9,9,2026-04-26 19:08:38
5300,1624,Low,28,6,2026-04-27 22:27:46
5301,1625,Medium,17,8,2026-01-21 22:25:23
5302,1626,High,44,7,2026-02-28 21:37:28
5303,1626,Low,37,7,2026-01-31 14:08:13
5304,1626,Low,29,7,2026-01-21 20:23:28
5305,1626,Low,47,7,2026-03-10 09:59:32
5306,1627,High,93,4,2026-04-01 05:16:55
5307,1627,Low,76,4,2026-02-14 08:55:35
5308,1627,Medium,97,4,2026-02-23 15:41:38
5309,1627,Medium,102,2,2026-03-21 23:04:37
5310,1627,Medium,33,2,2025-11-26 06:49:19
5311,1628,Medium,39,9,2026-05-07 15:47:55
5312,1628,High,30,6,2025-12-11 22:42:52
5313,1628,Low,3,7,2026-05-03 07:27:33
5314,1629,Low,66,5,2026-03-22 20:44:25
5315,1629,Low,75,5,2025-12-27 17:48:35
5316,1629,Low,79,4,2026-04-14 10:07:59
5317,1629,High,91,1,2026-01-06 21:34:16
5318,1630,Low,39,7,2026-03-20 19:30:24
5319,1630,Medium,28,8,2026-05-14 07:13:32
5320,1631,Medium,86,5,2026-04-13 22:10:05
5321,1631,High,84,4,2026-01-14 05:49:50
5322,1631,Low,109,3,2026-01-17 05:16:21
5323,1631,High,81,2,2025-12-08 04:10:43
5324,1631,Medium,117,1,2026-05-05 07:44:54
5325,1631,Low,39,1,2026-03-28 08:36:25
5326,1631,Low,80,2,2026-05-14 14:31:54
5327,1631,High,105,2,2025-12-26 01:52:12
5328,1631,High,113,2,2026-03-01 14:25:21
5329,1631,Medium,80,5,2026-03-20 04:15:58
5330,1632,Medium,9,8,2026-03-26 20:50:03
5331,1632,Medium,7,6,2026-02-19 05:38:33
5332,1632,Low,13,7,2026-05-08 15:05:57
5333,1633,High,3,8,2026-03-20 04:57:29
5334,1633,Low,33,6,2026-03-06 17:32:55
5335,1633,Low,31,9,2026-04-21 03:49:06
5336,1633,High,34,9,2026-02-07 06:07:25
5337,1634,High,35,8,2026-05-12 12:34:43
5338,1634,High,32,7,2026-03-28 08:55:35
5339,1635,Low,108,1,2026-04-12 02:10:42
5340,1635,Low,55,4,2026-03-05 12:55:42
5341,1635,Low,106,1,2026-04-27 03:16:24
5342,1635,Low,51,5,2025-12-17 19:37:34
5343,1635,High,87,3,2026-05-17 04:54:39
5344,1635,Medium,38,4,2026-02-23 10:10:26
5345,1637,Low,96,5,2025-11-30 23:32:35
5346,1637,High,107,2,2025-12-12 20:55:36
5347,1637,High,61,2,2026-05-18 14:28:36
5348,1637,High,105,4,2026-03-15 21:12:59
5349,1637,Medium,74,1,2026-03-11 17:15:29
5350,1638,Low,32,8,2026-05-02 09:53:17
5351,1638,Low,6,7,2026-01-28 20:14:20
5352,1639,Medium,115,2,2026-04-05 04:23:57
5353,1639,Low,111,5,2026-01-15 15:36:09
5354,1639,Low,36,3,2026-02-22 21:32:09
5355,1639,High,99,3,2025-11-20 07:01:51
5356,1640,High,42,5,2026-01-20 12:17:07
5357,1640,High,114,2,2026-03-05 22:14:17
5358,1640,High,106,2,2026-01-16 21:40:03
5359,1640,High,68,4,2026-02-06 23:00:50
5360,1640,High,105,4,2026-04-19 16:31:49
5361,1640,High,52,1,2026-05-13 22:31:24
5362,1640,High,91,4,2026-04-30 00:59:54
5363,1641,Medium,45,6,2026-05-05 23:50:00
5364,1642,Medium,29,9,2026-01-15 00:33:04
5365,1642,Low,10,6,2026-04-28 14:29:10
5366,1642,Low,31,8,2025-12-08 21:32:49
5367,1642,Medium,47,7,2026-03-18 00:05:37
5368,1643,Medium,25,6,2026-03-12 09:52:42
5369,1643,Medium,6,7,2026-01-12 14:46:53
5370,1645,High,8,8,2025-12-18 04:18:55
5371,1645,Low,27,6,2026-01-15 14:31:29
5372,1645,Medium,18,7,2025-12-01 01:03:42
5373,1646,Low,1,6,2026-04-09 10:46:36
5374,1646,Low,39,8,2026-02-14 09:15:13
5375,1646,High,4,6,2026-02-12 13:19:58
5376,1647,Medium,60,3,2026-01-05 17:10:37
5377,1647,High,38,2,2026-02-27 14:08:13
5378,1647,Medium,106,2,2025-11-30 09:55:01
5379,1647,High,33,1,2025-11-30 19:38:57
5380,1647,Low,64,3,2026-04-26 16:52:08
5381,1647,High,53,5,2025-12-31 20:46:02
5382,1647,Low,118,3,2025-11-26 23:03:17
5383,1648,Low,31,9,2026-01-06 00:49:37
5384,1648,Low,39,9,2025-11-21 22:13:46
5385,1648,High,34,6,2026-02-20 02:03:40
5386,1648,High,23,9,2026-03-01 05:16:41
5387,1649,Medium,63,1,2026-01-23 04:15:01
5388,1649,High,50,3,2026-02-22 01:22:22
5389,1649,High,92,1,2026-01-24 00:20:58
5390,1649,High,40,4,2026-02-05 11:25:55
5391,1650,Medium,7,8,2025-12-15 22:44:12
5392,1650,High,47,6,2025-11-20 01:25:18
5393,1651,Medium,102,5,2026-01-02 05:26:23
5394,1651,High,34,4,2026-05-14 12:39:47
5395,1651,High,113,4,2026-05-11 10:22:32
5396,1651,High,47,5,2026-03-11 09:10:54
5397,1651,Medium,96,2,2026-04-08 07:10:16
5398,1651,Low,27,1,2025-12-29 05:12:18
5399,1651,High,69,2,2026-03-07 01:30:25
5400,1651,High,66,1,2026-01-11 22:34:48
5401,1652,High,29,8,2025-11-21 23:47:42
5402,1652,High,10,6,2025-11-18 23:55:00
5403,1652,High,31,9,2025-12-07 15:21:50
5404,1653,Medium,3,7,2026-01-16 22:45:14
5405,1653,Low,14,7,2026-03-12 15:36:23
5406,1653,High,25,8,2026-03-31 09:44:11
5407,1654,High,2,9,2026-02-24 15:55:11
5408,1655,Low,14,9,2025-12-27 13:05:32
5409,1655,Low,7,9,2026-03-21 17:14:50
5410,1658,High,47,3,2026-03-22 13:25:24
5411,1658,Low,60,3,2025-12-11 07:54:49
5412,1658,High,62,2,2026-02-05 05:00:27
5413,1658,Low,88,4,2026-02-23 22:53:59
5414,1658,High,52,1,2026-05-16 23:30:24
5415,1658,Medium,24,3,2026-02-21 17:38:17
5416,1658,Medium,73,3,2025-12-10 07:19:43
5417,1658,Low,97,3,2026-01-13 10:02:19
5418,1658,Medium,85,1,2026-04-27 23:45:49
5419,1658,Medium,59,2,2026-01-29 12:03:34
5420,1659,High,21,6,2026-05-01 07:02:12
5421,1659,Low,9,8,2026-02-08 05:12:48
5422,1659,Low,11,7,2026-02-14 08:34:11
5423,1659,High,1,7,2026-04-02 12:42:02
5424,1660,High,6,6,2026-03-05 14:51:41
5425,1661,Medium,109,5,2026-02-02 18:16:34
5426,1661,Low,70,3,2025-12-28 16:53:42
5427,1661,Medium,101,2,2025-12-22 07:58:42
5428,1661,Medium,92,2,2025-12-01 23:07:43
5429,1661,High,59,2,2026-04-24 00:19:35
5430,1661,High,87,2,2026-05-08 11:34:16
5431,1661,Medium,71,2,2025-11-29 09:27:53
5432,1664,Medium,104,5,2026-01-16 00:34:04
5433,1664,Medium,83,5,2026-02-21 12:12:27
5434,1664,High,24,1,2026-04-02 02:20:25
5435,1664,High,56,1,2026-05-16 11:32:29
5436,1664,High,49,5,2026-01-02 04:24:42
5437,1664,Low,82,4,2026-01-24 07:31:50
5438,1664,Low,56,5,2025-11-28 13:30:54
5439,1664,Low,64,1,2025-11-28 01:57:40
5440,1665,Medium,8,6,2026-01-15 04:56:59
5441,1665,High,47,9,2026-01-11 06:17:14
5442,1666,Medium,88,4,2026-04-13 17:16:23
5443,1666,Low,92,1,2026-04-20 22:58:07
5444,1666,High,88,1,2026-04-05 13:56:08
5445,1666,Low,24,2,2025-11-19 21:43:35
5446,1666,Medium,26,1,2026-05-04 20:56:17
5447,1666,Low,42,4,2026-01-19 09:07:41
5448,1666,High,52,2,2026-04-28 21:35:50
5449,1666,Medium,25,1,2026-02-12 14:25:42
5450,1666,High,79,1,2026-03-17 08:57:01
5451,1666,Medium,83,4,2026-02-04 06:43:59
5452,1667,Medium,84,1,2026-05-01 16:21:11
5453,1667,High,72,4,2026-04-14 03:51:28
5454,1667,Low,83,4,2026-04-11 02:20:37
5455,1667,High,73,3,2026-05-16 13:40:00
5456,1667,Medium,66,1,2026-04-04 11:02:59
5457,1667,High,73,4,2026-03-08 10:05:49
5458,1667,High,104,2,2026-05-13 05:31:49
5459,1667,High,60,2,2025-12-24 00:20:45
5460,1667,Medium,38,1,2026-02-08 16:42:08
5461,1667,High,103,3,2026-01-22 19:02:33
5462,1668,Low,43,5,2025-11-28 22:35:30
5463,1668,High,87,2,2026-02-23 08:28:30
5464,1668,High,88,1,2025-11-18 22:01:32
5465,1669,Medium,22,9,2026-04-05 12:57:39
5466,1669,Low,17,7,2026-02-02 10:35:02
5467,1670,Medium,25,9,2026-03-09 20:14:47
5468,1672,Medium,15,7,2025-12-30 21:00:24
5469,1672,High,27,7,2026-04-26 22:12:05
5470,1673,Low,10,6,2026-02-08 21:28:15
5471,1673,High,31,8,2025-11-20 00:40:34
5472,1673,High,12,7,2025-11-26 14:29:11
5473,1673,Medium,31,9,2026-05-09 23:58:49
5474,1674,High,32,6,2026-01-14 12:36:48
5475,1676,High,45,8,2025-12-05 09:23:54
5476,1676,Medium,46,6,2025-12-31 22:18:38
5477,1678,Medium,97,4,2026-05-16 20:11:19
5478,1678,Low,114,4,2026-04-07 09:05:59
5479,1678,Medium,112,3,2026-05-11 23:45:04
5480,1678,Low,107,4,2025-12-10 00:26:26
5481,1678,Medium,77,1,2026-01-23 01:25:50
5482,1678,Medium,98,3,2026-02-20 15:44:58
5483,1678,Medium,45,5,2026-02-02 17:36:19
5484,1679,High,43,9,2026-04-28 09:17:09
5485,1680,Low,27,6,2026-03-05 12:02:06
5486,1680,Low,46,6,2025-12-28 06:37:09
5487,1681,Low,35,9,2026-04-18 22:43:17
5488,1681,Low,16,9,2025-11-25 23:43:18
5489,1683,High,21,7,2026-01-15 10:20:25
5490,1683,Low,36,8,2026-02-15 04:12:57
5491,1683,Medium,17,6,2026-03-29 05:26:43
5492,1684,Low,26,7,2026-01-06 16:29:52
5493,1684,Low,28,6,2026-05-10 02:28:28
5494,1684,Medium,44,9,2026-04-15 17:38:44
5495,1684,Medium,43,6,2026-03-30 07:03:10
5496,1685,Medium,2,6,2026-02-28 05:53:14
5497,1685,Medium,40,7,2026-01-28 19:03:45
5498,1685,Low,21,6,2026-05-04 13:58:58
5499,1685,Low,9,6,2025-12-28 21:08:43
5500,1686,High,11,6,2026-03-05 03:05:26
5501,1686,Low,16,9,2026-01-09 09:07:41
5502,1686,Low,2,7,2026-04-04 05:16:43
5503,1686,High,44,9,2026-04-24 17:07:17
5504,1688,Medium,66,2,2026-03-03 16:57:52
5505,1688,High,100,1,2025-12-20 20:54:39
5506,1688,High,104,3,2026-04-21 02:28:08
5507,1688,Low,53,4,2026-05-03 02:59:46
5508,1688,Low,36,3,2026-04-30 10:05:06
5509,1688,Medium,30,1,2025-12-12 09:21:30
5510,1688,Low,106,5,2025-12-19 13:04:35
5511,1688,High,77,2,2026-01-13 23:30:53
5512,1688,High,84,2,2026-04-27 11:47:07
5513,1688,Low,73,2,2026-01-28 05:52:39
5514,1689,Medium,11,8,2026-02-13 05:39:09
5515,1689,Low,33,7,2026-01-17 11:39:34
5516,1690,High,103,3,2026-01-07 16:53:02
5517,1690,High,56,5,2026-03-09 07:35:16
5518,1690,High,71,4,2026-02-25 17:32:46
5519,1690,Medium,76,3,2026-04-24 07:20:37
5520,1692,Medium,16,8,2026-03-29 02:09:54
5521,1692,High,17,8,2026-04-12 19:28:08
5522,1692,Low,26,7,2026-02-05 00:58:37
5523,1692,Medium,43,6,2026-01-12 07:35:01
5524,1693,Low,96,2,2026-04-06 12:51:46
5525,1693,Medium,104,4,2026-02-28 16:51:11
5526,1693,Medium,46,5,2025-11-25 00:36:26
5527,1693,High,82,4,2026-01-27 13:22:57
5528,1693,Medium,26,2,2025-12-01 09:41:45
5529,1693,Medium,111,1,2026-01-03 17:24:12
5530,1695,Low,40,2,2025-11-27 06:49:45
5531,1695,Low,91,5,2026-01-07 07:43:21
5532,1695,Medium,99,1,2026-03-09 11:30:20
5533,1695,Low,44,3,2026-04-16 14:41:36
5534,1695,Low,44,4,2026-03-22 19:56:38
5535,1695,High,105,3,2025-12-15 18:03:50
5536,1695,High,75,3,2026-05-17 19:51:28
5537,1696,Low,44,9,2026-02-12 13:00:29
5538,1696,Low,10,9,2025-11-30 00:19:04
5539,1696,High,40,8,2025-12-16 21:06:14
5540,1696,Medium,5,9,2026-02-04 12:31:23
5541,1697,Medium,28,6,2026-02-08 20:47:28
5542,1697,Medium,4,8,2025-12-01 12:43:50
5543,1697,Low,17,9,2026-03-09 19:58:07
5544,1697,High,3,7,2026-01-22 02:35:51
5545,1698,High,47,7,2026-05-01 18:29:48
5546,1698,Low,23,7,2026-04-07 02:41:42
5547,1699,Low,1,8,2026-03-21 17:46:52
5548,1700,High,31,8,2025-11-28 02:57:14
5549,1700,Medium,44,6,2026-04-12 06:05:32
5550,1701,Low,26,3,2026-03-07 15:56:03
5551,1701,Low,60,3,2026-01-15 21:15:21
5552,1701,Low,52,1,2026-01-30 13:56:04
5553,1701,Medium,56,4,2025-12-16 08:27:10
5554,1701,High,84,5,2026-02-18 01:04:55
5555,1701,Low,113,4,2026-04-18 09:07:37
5556,1701,Low,37,2,2026-03-18 17:58:36
5557,1701,Medium,114,1,2025-12-29 18:08:30
5558,1701,Low,45,3,2025-12-06 19:27:27
5559,1701,Low,110,5,2026-04-27 21:41:45
5560,1702,Medium,41,8,2026-04-05 12:35:34
5561,1702,Low,4,6,2026-05-11 05:20:17
5562,1702,High,37,8,2025-12-21 08:30:03
5563,1703,High,31,6,2026-04-05 09:14:13
5564,1703,High,26,6,2026-02-25 09:04:01
5565,1703,High,35,7,2026-01-09 18:32:25
5566,1703,High,24,8,2026-03-09 16:41:14
5567,1704,High,41,6,2026-04-21 12:45:20
5568,1704,Medium,47,8,2025-11-24 04:10:48
5569,1704,Medium,3,6,2026-05-12 15:17:51
5570,1705,Low,19,7,2026-01-30 03:40:56
5571,1705,High,22,7,2026-03-15 10:57:37
5572,1706,Low,14,9,2026-01-22 12:25:43
5573,1706,Medium,16,6,2026-04-18 11:53:51
5574,1706,High,13,7,2026-02-02 10:04:43
5575,1706,Low,12,8,2025-11-25 16:42:46
5576,1708,Low,38,8,2026-03-03 16:06:48
5577,1708,Medium,33,6,2025-12-11 12:11:58
5578,1708,Medium,29,6,2025-12-19 00:20:18
5579,1709,Medium,6,8,2026-03-17 19:50:23
5580,1709,Low,16,8,2026-04-25 03:46:24
5581,1709,Low,25,9,2026-01-21 20:50:13
5582,1710,High,46,6,2026-03-28 08:52:28
5583,1711,Medium,13,9,2026-02-20 03:31:11
5584,1711,Medium,10,9,2025-11-28 08:04:25
5585,1712,High,97,1,2025-11-27 21:44:07
5586,1712,High,118,5,2026-02-20 23:06:15
5587,1712,Medium,26,3,2025-12-09 04:14:41
5588,1712,Medium,75,2,2026-01-19 03:00:34
5589,1712,Medium,72,4,2026-02-28 09:23:25
5590,1713,Low,19,8,2026-05-10 20:09:56
5591,1713,Low,45,9,2025-12-09 00:35:09
5592,1713,Medium,13,6,2026-01-20 05:37:49
5593,1715,Medium,92,3,2026-01-08 21:42:03
5594,1715,Medium,84,4,2025-12-07 12:01:53
5595,1715,Low,94,5,2026-03-14 23:02:58
5596,1715,Medium,84,4,2026-02-09 17:55:37
5597,1715,Medium,41,5,2025-11-30 11:27:40
5598,1715,High,30,1,2026-02-17 00:30:59
5599,1715,High,92,1,2025-12-10 21:40:10
5600,1715,Low,115,5,2026-03-27 18:38:36
5601,1716,Medium,95,4,2026-03-07 01:01:28
5602,1716,High,27,2,2026-02-04 09:09:31
5603,1716,Low,92,1,2026-02-22 02:21:37
5604,1716,Medium,92,2,2026-05-19 08:41:12
5605,1717,High,26,6,2026-01-07 03:11:40
5606,1717,Low,4,8,2026-04-25 03:32:50
5607,1717,Medium,26,6,2025-12-06 23:06:03
5608,1717,High,33,9,2026-03-19 15:17:13
5609,1718,Medium,43,5,2026-02-08 09:19:23
5610,1718,High,68,2,2026-02-20 07:21:34
5611,1718,Medium,110,2,2026-02-11 04:01:23
5612,1718,Low,85,4,2025-12-10 22:22:57
5613,1718,High,65,4,2026-05-08 09:00:15
5614,1718,Low,88,2,2026-04-03 20:18:18
5615,1718,High,96,3,2026-03-21 13:52:40
5616,1718,Low,113,1,2026-03-11 12:36:37
5617,1718,Medium,74,2,2026-03-19 09:24:35
5618,1718,Medium,101,5,2026-03-05 04:12:38
5619,1720,Low,26,2,2026-04-30 12:25:34
5620,1720,High,47,1,2026-02-12 08:22:42
5621,1720,High,36,2,2026-02-16 21:02:54
5622,1720,Medium,94,5,2026-01-28 21:57:44
5623,1720,Medium,42,1,2026-01-27 23:27:25
5624,1720,High,70,3,2025-12-11 12:18:14
5625,1720,Medium,56,5,2026-04-23 14:36:02
5626,1720,High,62,4,2026-01-06 05:43:40
5627,1721,Low,8,7,2026-03-19 01:02:05
5628,1723,Medium,37,6,2026-03-25 13:24:14
5629,1723,Low,25,6,2026-01-12 05:10:54
5630,1723,High,33,7,2026-04-20 21:47:38
5631,1723,High,19,7,2026-03-20 13:13:02
5632,1724,Medium,43,2,2025-11-23 02:41:41
5633,1724,High,116,1,2025-12-23 05:11:13
5634,1724,Low,112,4,2026-03-16 06:35:59
5635,1724,Medium,117,4,2025-12-25 08:04:42
5636,1724,Low,26,3,2025-12-03 16:31:02
5637,1724,Medium,105,2,2026-05-05 21:44:16
5638,1724,Medium,79,4,2026-03-12 09:40:19
5639,1724,Low,87,1,2026-03-09 10:31:32
5640,1724,High,118,5,2026-03-01 20:21:21
5641,1724,Low,50,5,2026-01-24 22:03:15
5642,1725,Medium,4,7,2026-03-25 19:50:57
5643,1725,Medium,26,9,2026-01-12 04:45:17
5644,1725,Medium,24,7,2025-12-04 08:06:49
5645,1725,High,35,6,2026-01-27 16:40:42
5646,1727,Low,119,1,2026-04-14 23:45:53
5647,1727,Low,54,5,2026-05-01 02:32:16
5648,1727,High,35,3,2026-04-15 00:02:11
5649,1727,High,111,1,2026-01-24 18:24:25
5650,1729,High,38,9,2026-03-16 02:47:58
5651,1730,Medium,22,7,2026-05-13 14:40:58
5652,1731,Medium,19,9,2026-01-08 07:46:40
5653,1731,Medium,20,9,2026-03-22 14:43:11
5654,1731,High,14,6,2026-03-06 10:43:24
5655,1731,High,10,9,2026-04-16 04:56:30
5656,1732,Low,87,4,2026-01-07 11:15:25
5657,1732,Low,114,4,2026-03-07 14:47:40
5658,1732,High,66,3,2026-03-18 00:33:31
5659,1732,Medium,75,1,2026-03-24 06:23:55
5660,1732,Medium,42,5,2026-01-28 20:40:19
5661,1732,High,45,1,2026-03-28 12:45:40
5662,1732,High,32,1,2026-03-21 17:47:06
5663,1732,Medium,50,1,2025-12-14 16:03:29
5664,1732,Medium,67,1,2025-12-13 06:18:34
5665,1732,High,68,2,2026-01-11 11:52:59
5666,1733,Low,33,6,2026-03-19 11:39:16
5667,1733,High,12,7,2026-05-18 15:39:12
5668,1735,Low,64,5,2026-01-17 15:28:33
5669,1735,Medium,82,2,2026-04-16 21:17:16
5670,1735,Low,72,2,2025-12-04 06:48:14
5671,1735,Medium,88,3,2025-11-29 02:20:22
5672,1735,High,77,5,2026-02-11 16:28:57
5673,1735,Low,31,3,2026-04-06 04:48:00
5674,1735,Low,48,2,2026-01-30 14:59:18
5675,1735,High,92,3,2026-04-17 14:59:32
5676,1735,High,105,2,2026-04-30 03:31:58
5677,1736,Low,31,6,2026-05-03 22:53:05
5678,1736,Medium,47,7,2026-04-22 07:06:28
5679,1738,Medium,80,1,2026-04-15 21:02:49
5680,1738,High,30,3,2026-04-07 09:46:32
5681,1738,High,76,1,2026-02-25 00:44:14
5682,1738,Medium,55,3,2026-01-03 07:21:06
5683,1738,High,39,4,2026-02-28 18:40:41
5684,1738,Medium,52,4,2026-01-28 09:14:06
5685,1739,Medium,40,5,2026-05-05 09:12:12
5686,1739,Medium,87,3,2026-04-13 16:16:34
5687,1739,Medium,112,5,2026-04-30 14:00:04
5688,1739,High,95,5,2026-03-04 22:41:02
5689,1739,Low,35,1,2025-12-06 08:01:45
5690,1739,High,26,3,2025-12-20 08:37:12
5691,1739,Low,56,1,2026-01-10 11:53:47
5692,1739,Medium,109,2,2026-03-18 03:38:56
5693,1739,Low,79,4,2026-04-27 14:01:09
5694,1740,High,9,6,2026-03-27 23:11:23
5695,1741,Medium,18,7,2026-05-18 05:54:39
5696,1741,Medium,29,8,2026-01-12 01:40:41
5697,1741,Low,27,9,2026-03-28 11:47:11
5698,1742,High,45,6,2026-04-13 19:23:50
5699,1742,Low,34,7,2026-01-17 15:05:12
5700,1743,Low,3,6,2026-02-24 23:21:12
5701,1746,High,14,8,2025-12-16 00:01:36
5702,1747,High,23,8,2026-04-07 12:50:41
5703,1747,Medium,30,7,2026-04-24 06:23:26
5704,1747,Low,45,6,2026-05-14 07:52:33
5705,1748,Low,46,3,2025-11-29 07:46:54
5706,1748,High,77,2,2025-12-24 15:10:22
5707,1748,Medium,112,5,2025-12-17 01:09:42
5708,1748,Medium,39,1,2025-11-19 02:51:20
5709,1749,High,78,5,2026-02-13 10:08:46
5710,1749,Low,84,1,2026-04-25 09:15:12
5711,1749,Medium,110,4,2026-01-05 01:40:05
5712,1749,High,72,1,2026-02-19 18:39:35
5713,1749,Medium,75,2,2025-12-19 18:21:54
5714,1749,High,119,2,2026-05-17 05:13:48
5715,1749,Medium,109,3,2026-05-08 05:46:23
5716,1749,Medium,100,3,2026-02-01 14:38:29
5717,1749,Medium,88,1,2026-02-08 00:32:47
5718,1750,Low,12,9,2026-02-28 05:59:35
5719,1751,High,100,5,2026-03-16 06:50:19
5720,1751,Low,64,3,2026-03-16 12:35:04
5721,1751,High,30,5,2026-02-08 09:37:28
5722,1751,Medium,92,1,2026-04-20 11:37:59
5723,1751,High,53,1,2026-04-23 17:21:21
5724,1751,Low,29,1,2026-05-14 18:45:05
5725,1751,High,42,5,2025-12-25 16:14:41
5726,1751,High,89,2,2026-04-21 22:34:19
5727,1751,Medium,39,5,2026-04-05 00:30:21
5728,1752,High,15,6,2026-02-26 01:38:30
5729,1752,High,13,9,2025-12-20 07:01:28
5730,1752,Medium,45,8,2025-12-09 01:38:19
5731,1755,Medium,46,9,2026-01-11 14:22:50
5732,1755,High,43,7,2026-01-22 16:00:53
5733,1755,Medium,36,7,2026-01-19 13:01:55
5734,1755,Low,10,8,2026-05-07 14:18:30
5735,1756,High,52,5,2025-11-29 12:20:51
5736,1756,Low,100,1,2025-12-08 14:26:12
5737,1756,Low,110,3,2026-01-01 03:29:08
5738,1756,High,90,4,2026-02-17 23:46:16
5739,1756,High,58,3,2026-02-03 14:36:15
5740,1756,High,116,2,2025-12-10 17:27:04
5741,1756,Medium,98,3,2026-02-22 10:12:27
5742,1756,Medium,83,1,2026-02-05 08:47:12
5743,1756,High,52,2,2026-05-18 15:32:18
5744,1756,Low,115,1,2025-12-19 12:50:24
5745,1757,High,31,8,2026-04-28 05:52:56
5746,1757,Low,3,9,2025-12-24 13:41:30
5747,1757,Low,43,8,2026-01-07 10:41:03
5748,1757,Medium,33,6,2026-04-23 09:24:38
5749,1759,High,43,8,2025-12-01 01:22:36
5750,1759,Medium,45,7,2026-04-08 20:44:17
5751,1759,High,16,9,2026-02-16 22:57:08
5752,1759,Low,33,9,2026-01-28 20:11:52
5753,1760,High,100,1,2026-03-25 15:47:20
5754,1760,Low,28,5,2026-05-09 12:17:05
5755,1760,Medium,101,3,2025-11-20 06:10:37
5756,1760,Medium,110,4,2025-12-16 03:19:32
5757,1760,High,106,4,2026-01-27 07:02:56
5758,1760,Medium,117,3,2026-03-02 02:06:00
5759,1760,High,118,1,2025-11-28 13:46:52
5760,1760,High,76,5,2026-03-16 14:46:27
5761,1761,Medium,14,8,2026-03-14 21:37:32
5762,1761,Medium,46,7,2026-03-04 18:49:24
5763,1762,Medium,10,9,2026-03-20 00:34:55
5764,1762,Low,31,6,2026-04-18 16:29:05
5765,1764,High,23,8,2026-01-30 01:55:43
5766,1764,Medium,6,7,2025-12-27 15:59:44
5767,1764,High,2,6,2026-02-06 02:57:30
5768,1764,High,13,8,2026-04-09 11:50:13
5769,1765,Low,19,6,2026-03-21 07:23:12
5770,1765,High,40,9,2026-01-25 14:56:52
5771,1766,High,22,9,2025-12-01 09:54:36
5772,1766,Low,29,7,2026-04-10 08:31:59
5773,1766,High,40,7,2026-01-29 01:16:18
5774,1768,High,11,6,2026-05-13 20:05:39
5775,1768,High,43,9,2026-01-06 23:57:29
5776,1769,Medium,31,4,2026-03-16 04:51:09
5777,1769,Medium,98,1,2026-03-02 17:54:03
5778,1769,Low,113,2,2026-04-03 22:03:10
5779,1770,High,16,8,2026-01-07 18:22:44
5780,1772,Medium,93,5,2026-04-02 20:21:19
5781,1772,Low,108,2,2026-02-08 05:39:00
5782,1772,High,82,3,2026-03-17 21:59:02
5783,1772,Medium,51,4,2026-01-21 16:50:14
5784,1772,Medium,79,2,2026-05-02 15:02:56
5785,1772,Medium,118,3,2025-12-14 19:51:54
5786,1772,Low,55,2,2026-05-03 09:33:20
5787,1773,High,64,2,2026-01-18 17:33:42
5788,1773,Low,48,4,2026-02-20 13:43:00
5789,1773,High,84,2,2026-03-26 19:25:57
5790,1773,High,65,1,2025-12-13 15:33:54
5791,1774,High,59,1,2026-05-19 13:07:35
5792,1774,Medium,99,1,2025-11-28 12:50:29
5793,1774,Medium,59,1,2026-03-23 23:26:08
5794,1774,Low,115,1,2026-05-13 20:01:00
5795,1774,Medium,65,5,2026-04-04 21:17:42
5796,1775,Medium,46,7,2026-03-15 21:29:59
5797,1776,High,25,6,2025-12-13 15:51:18
5798,1778,Low,41,2,2026-02-02 05:48:37
5799,1778,Low,103,5,2026-03-14 02:52:07
5800,1778,High,66,4,2026-01-07 13:36:56
5801,1778,Low,80,1,2026-03-08 17:33:33
5802,1778,Medium,73,3,2025-12-29 10:11:20
5803,1778,Medium,80,5,2025-12-09 22:33:52
5804,1778,Medium,70,5,2026-04-01 07:05:42
5805,1778,Low,45,1,2026-01-12 09:10:27
5806,1779,High,52,5,2025-11-24 20:32:23
5807,1779,High,58,2,2026-04-18 01:26:50
5808,1779,Low,106,5,2026-02-12 09:44:55
5809,1779,Low,94,3,2026-05-19 17:37:31
5810,1779,High,68,5,2026-01-15 13:50:24
5811,1779,High,33,2,2026-04-25 16:51:14
5812,1779,Medium,93,4,2026-04-01 19:10:11
5813,1779,Low,48,4,2026-02-18 08:03:13
5814,1779,High,83,3,2026-05-14 21:18:31
5815,1779,Medium,69,5,2026-04-11 16:56:54
5816,1780,Low,44,1,2026-01-26 10:12:19
5817,1780,Low,42,5,2026-05-17 21:29:23
5818,1780,Medium,83,1,2026-02-04 04:37:08
5819,1780,Medium,27,2,2025-12-13 10:35:22
5820,1781,Medium,3,8,2025-12-25 09:47:47
5821,1781,Medium,41,8,2026-03-17 20:53:32
5822,1781,High,28,7,2026-05-12 10:30:40
5823,1782,Low,6,8,2026-04-25 06:38:03
5824,1782,Medium,44,8,2026-02-13 15:12:32
5825,1782,High,33,9,2026-05-13 00:51:20
5826,1782,High,24,6,2025-12-01 14:11:24
5827,1783,Medium,41,7,2026-01-30 05:02:16
5828,1783,Medium,13,8,2026-02-26 09:57:44
5829,1783,Low,12,6,2026-01-23 07:57:58
5830,1784,Low,54,4,2026-03-14 14:24:26
5831,1784,Medium,115,2,2026-04-08 11:06:50
5832,1784,Medium,67,3,2026-01-15 13:58:03
5833,1784,Medium,49,1,2026-03-20 23:12:34
5834,1784,High,83,2,2026-03-04 00:41:35
5835,1784,Medium,112,5,2025-12-13 21:59:51
5836,1784,High,82,4,2026-04-26 05:53:22
5837,1784,High,25,1,2026-02-23 20:38:52
5838,1784,Low,62,5,2026-04-26 18:10:41
5839,1786,High,43,8,2026-04-03 22:24:55
5840,1786,Medium,32,7,2026-05-12 17:57:28
5841,1786,Medium,17,7,2026-05-06 07:26:00
5842,1786,High,39,8,2026-03-26 05:09:01
5843,1787,Medium,42,7,2026-03-16 13:33:37
5844,1787,Medium,35,7,2026-04-22 11:09:27
5845,1788,Low,12,8,2025-12-30 11:21:46
5846,1788,Medium,11,6,2026-02-24 16:47:40
5847,1789,Medium,67,1,2026-02-03 17:25:10
5848,1789,High,91,1,2026-02-23 22:56:45
5849,1789,High,71,4,2026-02-09 18:53:11
5850,1789,Low,118,4,2026-05-04 21:46:30
5851,1789,High,61,5,2026-02-19 11:25:55
5852,1789,High,86,1,2025-12-19 00:28:39
5853,1789,High,26,5,2025-12-15 04:57:36
5854,1789,Low,109,1,2026-03-18 16:29:57
5855,1789,High,101,1,2026-04-16 23:43:40
5856,1790,High,35,7,2026-01-28 01:04:53
5857,1790,High,13,8,2025-12-20 09:40:43
5858,1791,Medium,43,7,2026-01-30 22:13:46
5859,1792,Low,47,6,2026-05-06 21:36:29
5860,1792,High,16,7,2026-01-05 22:36:03
5861,1792,Low,7,6,2026-04-02 15:00:14
5862,1792,Low,36,6,2025-12-10 13:28:27
5863,1794,Low,30,7,2026-02-16 02:44:58
5864,1794,High,41,8,2026-01-25 13:55:27
5865,1794,Low,15,9,2026-03-04 06:59:04
5866,1795,Medium,63,3,2026-05-01 03:08:02
5867,1795,Low,60,2,2026-04-20 03:01:07
5868,1795,High,78,5,2026-03-03 05:32:35
5869,1795,Medium,118,2,2025-11-24 19:37:12
5870,1795,Medium,79,4,2026-04-21 02:38:30
5871,1795,Low,80,4,2026-04-28 09:28:28
5872,1795,Low,55,4,2026-04-28 14:28:02
5873,1795,Low,97,2,2025-12-12 17:28:53
5874,1795,High,41,4,2026-02-10 15:43:27
5875,1795,Low,96,2,2026-04-27 10:20:32
5876,1797,High,8,9,2026-02-22 12:26:40
5877,1797,Low,43,8,2026-02-10 12:09:51
5878,1797,High,41,9,2026-04-27 01:26:44
5879,1797,High,3,6,2025-12-27 15:05:33
5880,1798,High,89,5,2026-05-16 06:20:30
5881,1798,Low,75,4,2026-02-26 18:07:00
5882,1798,Low,29,2,2026-03-09 16:44:32
5883,1798,High,34,2,2026-04-18 03:08:58
5884,1799,Medium,17,9,2026-03-03 11:52:43
5885,1800,Low,115,3,2026-03-27 04:44:20
5886,1800,High,54,5,2026-02-14 08:42:16
5887,1800,Low,58,3,2026-05-03 19:20:44
5888,1800,Medium,41,5,2025-12-27 12:00:06
5889,1800,Medium,85,1,2026-04-30 06:09:43
5890,1801,High,41,8,2026-02-24 16:39:06
5891,1801,Low,35,9,2025-12-26 02:12:32
5892,1801,High,45,7,2026-01-08 02:41:49
5893,1802,Medium,35,9,2025-12-25 10:12:30
5894,1802,Medium,39,6,2026-01-28 12:14:20
5895,1802,High,38,6,2025-12-19 02:33:33
5896,1803,Medium,12,8,2026-02-24 13:01:01
5897,1803,Low,21,9,2026-03-09 01:23:13
5898,1805,Low,35,7,2026-03-08 15:22:07
5899,1805,Medium,33,8,2026-01-22 01:26:29
5900,1806,Medium,19,8,2026-04-07 05:28:12
5901,1806,Low,23,6,2026-01-18 06:39:48
5902,1806,Medium,44,6,2026-04-14 15:45:03
5903,1807,Low,29,9,2026-01-24 07:41:39
5904,1807,Medium,16,6,2025-12-15 16:49:00
5905,1808,Medium,110,4,2026-01-15 19:38:36
5906,1808,Low,70,3,2025-12-29 11:29:47
5907,1808,High,79,3,2026-05-01 08:25:23
5908,1808,Medium,90,1,2026-02-25 06:17:31
5909,1809,High,7,6,2026-03-21 04:13:15
5910,1810,Low,32,6,2025-12-04 01:11:30
5911,1810,Low,29,7,2026-01-12 15:31:45
5912,1810,High,23,6,2025-12-20 23:06:28
5913,1811,Low,43,6,2026-05-14 05:46:14
5914,1811,High,38,6,2025-12-02 06:52:13
5915,1811,High,7,9,2026-03-20 04:33:47
5916,1812,Medium,118,4,2026-01-08 21:57:11
5917,1812,High,74,1,2026-02-18 21:20:26
5918,1812,Medium,59,3,2026-04-17 01:04:27
5919,1812,Low,24,2,2026-02-25 04:44:09
5920,1813,Low,50,5,2026-02-04 10:20:37
5921,1813,Low,63,1,2026-03-03 19:17:39
5922,1813,High,107,4,2026-04-12 02:42:46
5923,1814,Medium,92,5,2026-04-21 14:08:11
5924,1814,Low,102,1,2025-12-09 08:00:34
5925,1814,Medium,78,3,2026-03-03 23:00:08
5926,1814,Low,100,5,2025-12-14 10:29:46
5927,1814,High,84,2,2025-12-28 00:25:43
5928,1814,High,77,1,2026-02-10 05:28:00
5929,1814,Low,64,1,2026-02-21 17:22:34
5930,1815,High,40,1,2026-03-19 03:20:19
5931,1815,Medium,79,4,2026-01-18 02:18:49
5932,1815,Medium,68,4,2026-04-21 20:37:50
5933,1816,High,46,7,2026-01-09 19:16:42
5934,1817,Medium,19,6,2026-01-02 03:08:19
5935,1817,High,2,9,2026-03-01 21:15:29
5936,1819,High,19,8,2026-03-24 23:13:32
5937,1819,Medium,26,8,2026-05-09 19:11:24
5938,1819,Medium,47,9,2026-05-04 02:24:15
5939,1819,Medium,38,8,2026-03-09 10:40:02
5940,1820,High,38,8,2026-04-10 06:14:30
5941,1820,Low,16,7,2025-12-11 22:52:30
5942,1820,High,31,9,2026-02-24 22:02:25
5943,1821,Low,94,3,2026-04-15 15:10:08
5944,1821,Medium,85,4,2026-01-04 22:15:11
5945,1821,High,116,4,2025-11-24 11:09:42
5946,1821,Medium,62,4,2025-12-25 01:57:56
5947,1821,Low,116,4,2026-01-05 01:28:21
5948,1821,High,28,5,2026-04-16 00:35:00
5949,1822,Medium,53,5,2026-01-10 01:18:39
5950,1822,High,49,3,2026-03-05 21:22:23
5951,1822,Medium,49,5,2026-05-07 14:41:58
5952,1822,Medium,114,3,2026-05-11 19:49:35
5953,1822,Low,76,3,2026-01-05 07:28:53
5954,1822,High,66,5,2025-11-28 11:37:09
5955,1822,High,72,1,2025-11-19 09:15:49
5956,1822,Low,96,5,2025-12-24 02:18:24
5957,1823,High,41,7,2026-03-01 20:18:05
5958,1823,Medium,13,8,2026-04-26 12:27:41
5959,1825,Medium,77,5,2026-03-29 09:54:27
5960,1825,High,116,3,2026-02-05 14:48:58
5961,1825,Low,114,3,2025-12-04 02:45:09
5962,1825,Low,31,4,2026-03-04 11:26:36
5963,1825,High,87,2,2026-02-26 15:47:10
5964,1825,Low,36,5,2026-01-25 22:36:14
5965,1825,Medium,58,5,2026-05-17 04:38:17
5966,1825,High,77,5,2026-01-25 23:01:15
5967,1825,Low,118,1,2026-03-22 13:36:40
5968,1825,Medium,53,5,2026-03-02 21:22:27
5969,1826,Low,12,8,2026-01-03 04:34:53
5970,1826,High,2,7,2026-03-29 09:13:19
5971,1826,High,41,7,2026-02-27 11:20:13
5972,1827,Medium,34,8,2026-05-06 11:32:24
5973,1827,Low,16,8,2026-03-22 21:48:46
5974,1828,High,4,8,2026-03-06 14:02:23
5975,1828,Low,20,6,2026-03-20 03:37:09
5976,1828,Low,30,7,2026-01-16 14:30:53
5977,1830,Low,42,8,2026-03-03 23:25:47
5978,1831,Low,29,6,2026-05-05 03:42:21
5979,1831,Medium,26,9,2026-01-16 18:54:55
5980,1831,Medium,23,9,2026-02-20 06:58:03
5981,1831,Low,20,6,2026-05-17 14:10:41
5982,1832,Medium,25,3,2026-02-28 15:58:27
5983,1832,High,25,1,2025-12-19 00:47:54
5984,1832,Medium,101,4,2026-04-01 17:38:08
5985,1832,Low,36,4,2026-02-02 05:44:04
5986,1832,Low,58,4,2026-01-17 00:52:20
5987,1832,Medium,95,2,2026-05-17 00:18:48
5988,1832,Low,29,2,2026-03-31 15:29:29
5989,1833,High,44,6,2026-03-04 17:42:33
5990,1833,Low,42,7,2026-01-25 01:42:33
5991,1834,Low,23,8,2026-02-28 03:03:30
5992,1834,Low,32,9,2025-12-20 04:49:03
5993,1834,High,10,6,2026-02-16 13:47:57
5994,1835,High,75,3,2026-03-09 01:30:52
5995,1835,High,69,2,2026-02-21 19:35:24
5996,1835,Low,107,5,2025-12-26 22:38:23
5997,1835,High,95,3,2026-05-11 01:34:47
5998,1835,High,105,3,2026-03-31 21:07:42
5999,1835,Low,116,1,2025-11-22 02:19:58
6000,1835,Low,86,5,2026-04-23 11:22:34
6001,1835,Low,26,2,2026-04-21 03:27:49
6002,1835,High,111,2,2025-11-23 21:58:27
6003,1835,Low,50,4,2025-12-29 16:55:51
6004,1836,High,7,6,2026-04-17 18:09:31
6005,1836,Low,1,9,2025-12-22 07:02:17
6006,1836,Medium,26,8,2026-02-19 02:14:14
6007,1837,Low,33,7,2026-02-05 09:33:47
6008,1837,Low,37,8,2026-04-05 18:24:58
6009,1837,High,31,8,2026-03-03 01:54:44
6010,1837,High,1,9,2026-03-28 13:11:06
6011,1838,Low,12,8,2026-04-28 10:54:01
6012,1839,High,19,6,2026-02-10 23:50:07
6013,1841,Low,80,4,2026-05-02 21:17:38
6014,1841,Medium,86,5,2026-04-25 23:07:16
6015,1841,High,115,1,2026-03-28 11:25:06
6016,1841,Low,74,4,2025-12-01 16:01:26
6017,1841,High,28,1,2026-03-22 10:06:53
6018,1841,Low,109,4,2026-04-12 07:10:28
6019,1841,Low,62,4,2025-11-27 17:33:27
6020,1843,High,4,7,2026-01-08 08:15:46
6021,1843,High,47,8,2026-01-15 11:07:16
6022,1843,Low,21,6,2026-04-19 13:50:47
6023,1845,Medium,41,7,2026-01-22 17:09:17
6024,1846,High,82,1,2026-05-08 12:33:22
6025,1846,High,39,1,2026-03-24 05:27:37
6026,1846,Medium,107,2,2026-02-21 18:25:11
6027,1846,Medium,110,2,2025-12-16 02:38:36
6028,1846,Low,98,2,2026-03-31 21:58:26
6029,1846,High,56,2,2026-01-16 18:43:25
6030,1846,High,89,5,2026-01-16 18:20:20
6031,1846,High,86,1,2026-05-08 23:29:22
6032,1847,Medium,22,7,2026-05-06 22:56:51
6033,1848,Low,34,9,2026-03-20 23:55:06
6034,1849,Low,15,7,2026-03-12 23:28:19
6035,1849,Medium,15,7,2026-04-13 21:43:26
6036,1849,Low,29,6,2025-11-30 22:36:50
6037,1849,Low,23,8,2026-03-04 19:24:01
6038,1850,Low,17,9,2025-11-21 17:04:37
6039,1850,Medium,9,7,2026-01-08 04:14:53
6040,1851,High,36,6,2026-01-18 18:05:56
6041,1852,High,16,9,2026-02-03 08:57:14
6042,1852,Low,33,8,2025-12-14 11:29:10
6043,1853,Low,118,2,2026-05-14 22:32:34
6044,1853,High,103,4,2026-01-21 02:07:58
6045,1853,Low,45,5,2026-01-03 18:31:27
6046,1853,Low,103,4,2026-02-07 01:57:10
6047,1853,Low,116,2,2026-04-15 11:58:41
6048,1853,High,98,5,2025-12-21 09:47:36
6049,1853,High,26,4,2025-12-05 22:03:03
6050,1853,Medium,97,5,2026-04-07 08:33:04
6051,1853,Low,83,1,2025-11-30 00:16:23
6052,1853,Low,75,3,2025-12-16 08:38:22
6053,1854,Low,26,7,2025-12-31 15:48:48
6054,1854,Low,12,7,2025-12-29 17:59:10
6055,1854,Low,25,9,2026-03-09 02:58:27
6056,1855,Low,43,9,2026-04-17 03:54:51
6057,1856,Medium,28,8,2025-12-19 12:18:44
6058,1856,Medium,10,8,2026-03-27 17:19:01
6059,1856,High,36,7,2026-04-06 23:15:23
6060,1856,Medium,26,6,2025-11-23 12:11:40
6061,1857,Low,14,7,2026-03-03 15:56:19
6062,1858,High,16,7,2025-12-03 12:46:52
6063,1859,High,43,7,2026-02-04 23:19:31
6064,1859,Medium,17,7,2026-02-03 16:18:57
6065,1860,Low,22,9,2026-03-15 17:14:12
6066,1860,Low,19,7,2026-05-09 23:26:36
6067,1860,High,39,6,2026-01-21 00:12:01
6068,1862,Low,19,9,2026-05-11 18:35:26
6069,1862,High,25,9,2026-01-10 11:50:34
6070,1862,Medium,18,8,2026-03-09 21:34:51
6071,1862,High,21,8,2026-01-23 11:06:26
6072,1864,Medium,39,6,2025-11-19 22:43:47
6073,1864,Medium,4,6,2025-12-05 19:15:54
6074,1866,Low,32,7,2026-01-03 05:31:42
6075,1866,Low,45,8,2026-05-02 13:18:10
6076,1866,Low,26,6,2026-04-18 10:25:28
6077,1866,High,36,8,2026-05-15 17:53:02
6078,1868,Medium,34,6,2026-01-16 12:46:05
6079,1868,High,12,7,2026-05-18 03:37:56
6080,1868,High,38,6,2026-01-13 09:06:19
6081,1868,Low,5,9,2026-04-25 14:21:12
6082,1869,High,22,6,2026-04-30 01:00:55
6083,1869,High,4,6,2026-05-08 19:08:03
6084,1869,Low,9,6,2026-05-11 02:37:17
6085,1870,Low,45,3,2026-02-18 11:23:34
6086,1870,Low,33,2,2026-02-28 21:40:16
6087,1870,Low,84,3,2026-02-27 15:16:48
6088,1870,Low,33,1,2026-03-29 08:26:17
6089,1870,High,28,2,2026-03-24 05:27:54
6090,1870,Medium,93,3,2026-01-08 20:17:04
6091,1870,Medium,79,3,2026-02-03 09:22:27
6092,1871,Low,47,6,2025-12-18 07:03:03
6093,1874,Medium,4,9,2026-04-05 12:01:12
6094,1874,Low,32,9,2025-12-06 00:00:13
6095,1875,Medium,35,7,2025-11-19 14:40:55
6096,1875,Medium,34,9,2026-02-11 08:14:46
6097,1875,High,6,8,2025-12-09 09:02:13
6098,1876,Low,39,3,2026-03-27 23:12:38
6099,1876,Low,76,3,2026-03-08 16:30:18
6100,1876,High,112,1,2026-02-11 21:49:23
6101,1876,Low,64,1,2026-01-10 03:12:28
6102,1876,High,70,3,2026-04-01 02:27:10
6103,1876,Low,85,3,2026-05-18 11:19:35
6104,1876,Low,116,3,2025-12-13 02:27:44
6105,1876,Low,88,4,2026-02-25 23:10:16
6106,1876,Medium,51,2,2025-12-07 16:21:10
6107,1876,High,49,3,2026-02-18 10:02:23
6108,1877,Low,78,4,2026-05-03 22:17:03
6109,1877,Low,80,1,2026-01-23 10:20:08
6110,1877,High,31,1,2026-05-15 16:00:31
6111,1877,Medium,74,3,2025-12-21 22:44:55
6112,1878,High,21,9,2025-11-29 19:53:01
6113,1878,Medium,25,8,2026-02-19 08:47:14
6114,1878,Medium,43,8,2026-03-18 23:45:46
6115,1878,Low,29,6,2026-04-27 05:31:37
6116,1879,Low,33,4,2025-12-07 01:31:25
6117,1879,Low,56,1,2025-11-20 02:47:08
6118,1879,Medium,84,2,2026-04-12 07:21:01
6119,1879,Low,33,4,2025-12-28 14:53:12
6120,1879,Low,93,1,2026-05-14 15:15:27
6121,1879,Low,73,5,2026-01-08 15:59:26
6122,1879,High,105,2,2026-05-10 10:07:34
6123,1879,Medium,103,5,2025-11-24 03:38:39
6124,1880,Medium,29,9,2026-03-05 21:23:50
6125,1881,Low,111,3,2026-05-07 17:05:12
6126,1881,Medium,119,3,2026-04-17 02:32:33
6127,1881,High,58,1,2026-01-06 05:38:13
6128,1881,Medium,41,5,2026-01-16 22:54:13
6129,1881,Low,36,2,2026-05-06 19:23:43
6130,1881,Medium,113,1,2026-02-15 11:55:36
6131,1882,Low,1,8,2026-05-01 02:04:14
6132,1883,Medium,25,7,2025-12-16 01:31:31
6133,1883,Low,39,7,2026-05-02 16:40:25
6134,1883,Medium,20,8,2026-02-22 00:29:15
6135,1883,Medium,16,6,2025-12-15 13:29:14
6136,1884,Medium,52,4,2026-02-12 21:52:38
6137,1884,High,35,1,2026-05-18 03:03:40
6138,1884,Low,71,4,2026-01-22 13:32:10
6139,1884,High,49,3,2026-04-06 02:03:16
6140,1884,Medium,35,5,2026-03-02 08:37:58
6141,1885,Low,42,6,2026-03-15 12:19:32
6142,1885,Medium,34,8,2026-05-03 04:41:32
6143,1886,Low,45,8,2025-12-28 13:52:48
6144,1887,Low,15,6,2025-12-17 04:50:05
6145,1887,Medium,26,8,2025-12-03 01:24:07
6146,1887,Low,25,7,2026-03-26 06:10:13
6147,1887,Low,15,7,2026-03-11 17:34:50
6148,1888,Medium,6,9,2026-03-23 08:42:21
6149,1888,Medium,15,9,2026-05-01 22:33:33
6150,1888,Low,21,8,2025-12-16 03:14:00
6151,1889,Low,116,5,2026-04-18 17:48:29
6152,1889,Medium,82,5,2026-04-08 00:25:03
6153,1889,High,85,4,2026-01-05 02:03:03
6154,1889,Low,109,2,2026-04-25 01:18:20
6155,1889,High,104,2,2026-03-09 18:41:44
6156,1889,High,79,2,2025-11-25 06:21:16
6157,1889,Low,36,5,2025-11-30 15:42:04
6158,1889,High,26,5,2025-12-20 06:46:42
6159,1890,Low,37,6,2026-04-06 20:35:24
6160,1890,Low,3,8,2026-02-20 10:18:03
6161,1890,Medium,35,9,2026-05-08 19:46:32
6162,1890,High,23,9,2026-03-29 19:49:17
6163,1891,Low,28,9,2026-01-26 07:32:32
6164,1891,High,30,7,2025-12-30 18:38:49
6165,1891,Medium,36,6,2025-12-22 01:54:22
6166,1892,Medium,26,9,2026-03-06 23:14:39
6167,1892,Low,40,6,2026-04-20 16:55:17
6168,1892,High,40,8,2025-12-09 13:07:30
6169,1893,High,8,9,2026-01-09 20:10:58
6170,1893,Low,31,8,2026-05-02 16:34:08
6171,1893,Low,12,9,2026-04-18 02:26:38
6172,1894,Medium,31,9,2026-03-26 20:57:17
6173,1894,High,19,8,2026-03-23 02:21:03
6174,1895,High,10,8,2026-01-15 13:12:40
6175,1896,High,12,9,2026-03-22 00:49:50
6176,1898,Low,71,1,2025-12-15 20:38:16
6177,1898,Low,94,4,2026-04-09 17:01:41
6178,1898,Medium,77,2,2026-03-07 06:48:10
6179,1898,High,101,3,2026-04-08 21:18:17
6180,1898,High,94,5,2026-01-13 02:56:50
6181,1898,Low,97,5,2026-01-22 13:19:36
6182,1898,Medium,96,4,2025-12-18 19:47:00
6183,1898,High,71,2,2026-02-01 22:00:07
6184,1898,Medium,106,1,2026-02-24 19:44:43
6185,1899,High,32,5,2026-01-21 07:10:54
6186,1899,Low,57,5,2026-04-22 05:15:36
6187,1899,Medium,111,1,2026-03-18 17:49:53
6188,1899,Medium,30,3,2025-12-22 09:41:43
6189,1899,Low,29,2,2026-05-18 23:32:58
6190,1899,Low,34,5,2026-04-04 01:38:29
6191,1899,High,99,5,2026-01-12 01:27:39
6192,1899,Low,65,5,2026-02-13 19:12:41
6193,1899,High,35,5,2026-05-14 00:30:26
6194,1899,High,97,4,2026-04-11 00:03:19
6195,1900,Low,73,4,2025-12-17 21:12:40
6196,1900,Low,115,5,2026-03-09 06:09:35
6197,1900,Medium,60,5,2026-04-07 01:57:27
6198,1900,Medium,35,2,2025-11-28 07:02:04
6199,1900,Low,63,2,2026-04-05 11:21:27
6200,1900,High,73,1,2026-04-22 02:30:49
6201,1900,Low,68,2,2026-03-05 07:55:44
6202,1900,Low,32,5,2026-03-08 10:35:45
6203,1900,Medium,99,1,2026-01-20 14:08:53
6204,1901,Low,44,7,2026-04-24 23:01:34
6205,1901,High,38,8,2026-02-08 13:20:43
6206,1902,High,19,9,2026-01-18 09:06:50
6207,1902,High,31,8,2026-02-23 13:33:45
6208,1902,High,3,8,2026-05-12 11:29:18
6209,1904,Medium,65,3,2025-12-15 19:42:43
6210,1904,Low,105,2,2025-11-26 20:07:20
6211,1904,High,36,2,2026-03-14 06:06:18
6212,1904,Medium,41,3,2026-01-12 11:28:17
6213,1904,Low,110,3,2025-12-10 21:17:32
6214,1904,Medium,78,1,2026-05-09 00:37:31
6215,1904,High,114,2,2026-01-05 11:02:37
6216,1904,Medium,86,3,2026-04-02 22:19:05
6217,1904,High,75,1,2026-03-23 14:47:54
6218,1904,High,47,1,2026-03-07 07:15:04
6219,1907,High,46,6,2025-11-22 17:46:59
6220,1907,Medium,30,6,2026-02-04 16:23:07
6221,1907,High,19,6,2025-11-30 04:26:42
6222,1909,Medium,16,9,2026-02-01 07:31:38
6223,1909,Medium,44,6,2026-02-20 19:08:25
6224,1910,High,36,9,2026-05-06 18:20:36
6225,1910,High,39,8,2026-01-19 09:34:55
6226,1910,Low,6,6,2026-02-25 07:27:07
6227,1910,High,14,6,2025-12-14 17:23:50
6228,1911,High,65,2,2026-03-09 04:14:36
6229,1911,Medium,84,4,2026-03-05 09:14:10
6230,1911,High,95,3,2025-12-11 09:14:02
6231,1911,Low,40,2,2026-02-02 06:55:52
6232,1912,High,21,6,2026-04-16 09:49:31
6233,1912,Medium,26,8,2026-03-17 12:14:13
6234,1912,Low,44,6,2025-12-05 01:10:18
6235,1912,Low,27,9,2026-02-13 09:49:08
6236,1913,Medium,26,6,2026-01-18 04:26:36
6237,1913,Medium,33,8,2025-11-19 07:41:51
6238,1913,High,47,7,2026-01-24 13:39:25
6239,1915,Medium,44,9,2025-12-30 16:15:05
6240,1915,Low,7,7,2026-02-11 05:50:41
6241,1916,High,44,6,2026-01-15 14:19:58
6242,1916,Low,14,9,2026-02-17 16:49:59
6243,1916,High,43,9,2025-12-17 06:53:13
6244,1916,High,9,7,2026-03-11 10:23:15
6245,1917,Low,104,4,2026-01-14 22:35:16
6246,1917,Medium,93,3,2026-02-19 10:40:33
6247,1917,Low,64,5,2025-11-21 04:00:04
6248,1917,High,52,3,2026-04-25 21:47:19
6249,1917,Low,112,1,2025-11-25 20:01:03
6250,1917,High,87,1,2025-11-29 09:26:32
6251,1918,High,16,9,2026-04-09 19:16:39
6252,1918,High,16,7,2026-04-12 17:19:34
6253,1918,High,37,6,2026-01-16 19:52:31
6254,1919,High,4,7,2026-03-09 11:02:34
6255,1920,Medium,28,7,2026-02-26 20:02:10
6256,1921,Medium,41,9,2026-03-12 23:45:20
6257,1921,High,17,7,2025-12-19 02:26:02
6258,1922,Medium,7,7,2026-04-08 05:59:43
6259,1922,Low,1,6,2026-01-17 22:06:29
6260,1922,Low,31,7,2026-01-06 14:21:59
6261,1923,Medium,15,7,2026-01-02 06:34:24
6262,1923,Medium,35,7,2026-03-25 20:10:12
6263,1924,High,53,2,2026-03-03 17:39:27
6264,1924,High,65,3,2026-02-18 20:27:17
6265,1924,Low,50,3,2026-04-15 05:57:43
6266,1924,Medium,62,3,2026-01-02 04:00:55
6267,1924,High,41,5,2026-03-12 19:02:12
6268,1924,High,68,3,2026-03-30 08:46:14
6269,1924,High,110,4,2026-03-19 13:08:12
6270,1924,High,72,4,2026-04-26 01:19:07
6271,1924,Medium,45,4,2026-02-19 05:35:03
6272,1924,Medium,115,5,2025-12-31 23:11:09
6273,1925,High,48,4,2025-12-19 23:43:20
6274,1925,High,74,5,2025-12-01 09:45:42
6275,1925,Low,29,3,2026-01-03 07:44:25
6276,1925,Low,106,4,2025-12-07 15:10:03
6277,1925,Medium,32,3,2025-11-19 23:14:22
6278,1925,Low,59,3,2026-03-08 12:57:35
6279,1925,Low,116,5,2026-02-19 12:05:34
6280,1925,Medium,76,2,2025-11-22 02:39:37
6281,1926,Medium,45,6,2026-05-12 05:53:28
6282,1929,Medium,113,5,2026-03-30 05:52:43
6283,1929,Low,29,5,2026-01-10 17:37:04
6284,1929,High,76,2,2026-02-07 08:33:09
6285,1929,Low,110,4,2026-01-21 19:25:37
6286,1929,Medium,61,3,2025-12-26 15:38:35
6287,1930,Low,1,9,2026-01-22 08:22:31
6288,1931,Medium,67,3,2026-02-07 06:25:00
6289,1931,Medium,110,3,2026-03-13 17:12:41
6290,1931,High,83,2,2025-12-14 10:08:03
6291,1932,Low,8,9,2025-11-19 01:22:33
6292,1932,Medium,43,9,2026-05-15 18:20:32
6293,1932,Medium,41,8,2026-01-10 17:46:08
6294,1932,Medium,32,6,2026-01-20 13:54:08
6295,1933,High,107,4,2026-02-11 20:40:01
6296,1933,High,119,2,2026-03-09 19:26:55
6297,1933,Low,93,3,2026-04-01 10:42:32
6298,1933,Medium,81,4,2026-03-18 14:00:01
6299,1933,Low,63,3,2026-02-09 04:12:32
6300,1933,Low,28,5,2026-04-01 07:49:51
6301,1933,Low,55,1,2026-04-24 22:50:13
6302,1933,Low,100,3,2026-01-20 13:00:21
6303,1933,High,76,1,2026-05-02 07:21:00
6304,1933,High,63,4,2026-02-15 04:48:55
6305,1934,Medium,101,5,2026-02-20 02:04:20
6306,1934,High,26,4,2025-11-25 21:06:03
6307,1934,Medium,114,4,2026-05-12 17:34:31
6308,1934,High,102,3,2026-04-14 21:38:33
6309,1934,High,68,1,2026-03-27 00:41:50
6310,1934,Medium,115,1,2026-05-07 19:45:32
6311,1934,Medium,84,4,2026-04-10 20:05:04
6312,1934,High,69,1,2025-12-27 08:47:08
6313,1935,High,16,7,2026-04-04 16:05:04
6314,1935,Medium,7,8,2026-02-01 18:48:35
6315,1935,Medium,24,6,2026-01-26 02:49:02
6316,1935,Medium,13,6,2026-02-26 16:31:49
6317,1936,Medium,79,1,2026-05-06 23:03:16
6318,1936,Low,81,3,2026-04-12 09:27:22
6319,1936,Medium,111,1,2026-01-05 20:31:08
6320,1936,Low,39,5,2026-01-31 09:40:55
6321,1936,Medium,110,5,2025-12-06 13:07:43
6322,1937,Medium,118,1,2026-04-06 21:34:43
6323,1937,Low,77,3,2025-12-03 13:02:46
6324,1937,Low,117,5,2026-04-13 01:13:59
6325,1937,Medium,50,3,2025-11-26 18:22:33
6326,1937,Medium,29,1,2026-01-09 03:34:32
6327,1937,Medium,67,2,2026-01-03 09:39:56
6328,1937,Low,39,4,2026-02-25 00:28:53
6329,1937,High,43,5,2026-01-04 08:54:59
6330,1938,High,40,8,2025-12-26 10:46:27
6331,1939,Medium,29,7,2026-01-19 06:20:47
6332,1939,Low,26,7,2026-02-15 04:05:50
6333,1939,Low,33,7,2025-12-01 17:53:27
6334,1939,High,39,8,2026-01-08 02:46:01
6335,1940,Low,29,7,2025-12-21 09:26:26
6336,1941,Low,45,6,2026-01-03 05:01:48
6337,1943,High,32,4,2026-02-17 17:30:43
6338,1943,Low,36,3,2026-03-31 17:18:35
6339,1943,Medium,67,5,2026-02-02 00:54:56
6340,1943,Medium,94,5,2026-01-30 01:47:52
6341,1943,Medium,101,2,2026-05-01 08:14:53
6342,1943,Low,99,4,2026-05-05 17:10:44
6343,1943,Low,84,1,2026-04-20 02:05:36
6344,1943,High,63,5,2026-02-09 18:22:28
6345,1944,High,116,3,2025-12-21 18:42:09
6346,1944,Medium,24,4,2025-12-11 10:51:56
6347,1944,Medium,57,4,2025-12-01 18:52:15
6348,1945,Medium,24,6,2026-03-10 11:36:32
6349,1946,High,56,1,2026-01-30 10:05:17
6350,1946,Low,26,4,2026-04-28 14:47:35
6351,1946,High,74,2,2026-04-18 01:40:08
6352,1946,Medium,116,3,2025-12-23 01:01:10
6353,1946,Low,82,5,2025-12-15 03:06:02
6354,1946,Low,40,5,2026-02-27 18:39:41
6355,1946,Medium,83,5,2026-03-25 16:07:08
6356,1946,Medium,104,5,2025-12-07 05:03:16
6357,1946,Low,74,2,2025-12-20 20:58:03
6358,1946,Medium,34,2,2026-02-17 01:46:22
6359,1947,Low,39,6,2026-02-11 09:16:31
6360,1947,Low,44,9,2026-03-19 15:04:48
6361,1948,High,80,5,2026-04-23 01:01:45
6362,1948,High,105,3,2026-01-18 22:31:32
6363,1948,Medium,43,5,2026-05-03 05:20:51
6364,1948,Medium,100,3,2026-02-21 21:13:22
6365,1948,Medium,99,5,2025-12-02 21:42:11
6366,1948,High,60,2,2026-01-18 08:43:49
6367,1948,High,31,1,2026-01-29 17:24:12
6368,1948,Low,114,4,2025-12-20 12:04:17
6369,1949,High,21,8,2026-05-01 06:52:53
6370,1949,Medium,21,9,2025-12-07 00:26:25
6371,1949,Medium,25,8,2026-04-11 10:58:19
6372,1949,High,15,6,2026-04-08 15:35:35
6373,1951,Low,58,1,2026-01-19 01:57:56
6374,1951,Low,66,1,2026-04-07 00:05:21
6375,1951,High,60,1,2026-04-11 00:28:57
6376,1951,High,65,4,2025-12-12 09:18:27
6377,1951,Low,84,4,2026-05-14 00:54:42
6378,1951,Medium,76,4,2026-02-20 09:53:41
6379,1951,Low,57,4,2025-11-18 20:15:43
6380,1951,Medium,47,4,2025-12-11 03:08:47
6381,1951,High,92,3,2026-02-18 17:31:11
6382,1951,Low,30,4,2026-02-07 13:13:40
6383,1952,Medium,38,9,2026-05-12 20:18:38
6384,1952,Low,15,7,2026-04-04 15:19:19
6385,1952,Medium,23,9,2026-05-14 11:04:44
6386,1954,High,29,9,2026-01-26 16:28:31
6387,1954,Low,15,6,2026-01-25 14:28:52
6388,1954,High,45,8,2026-01-12 20:33:45
6389,1954,High,21,8,2026-05-12 03:49:24
6390,1955,Medium,37,2,2025-12-07 17:34:10
6391,1955,Low,103,2,2025-12-20 14:13:27
6392,1955,Low,86,4,2026-04-06 10:28:50
6393,1955,Low,50,5,2026-05-08 13:29:14
6394,1955,High,76,4,2026-01-11 17:21:26
6395,1955,Medium,86,1,2025-11-25 21:16:47
6396,1957,Medium,43,8,2026-03-26 07:32:28
6397,1957,Low,7,6,2026-04-03 17:29:34
6398,1957,Medium,42,9,2026-04-08 06:18:12
6399,1957,Medium,5,6,2026-01-06 00:23:25
6400,1958,High,11,8,2026-03-23 11:52:06
6401,1958,High,41,9,2026-05-14 03:18:18
6402,1958,Low,16,6,2026-01-22 18:04:41
6403,1958,High,30,9,2026-01-04 16:56:39
6404,1959,Medium,2,7,2026-01-20 08:52:16
6405,1959,Low,3,7,2025-12-23 19:47:09
6406,1960,Medium,21,7,2026-01-12 22:53:47
6407,1960,Medium,43,6,2026-01-19 11:16:11
6408,1960,Medium,18,9,2026-01-24 23:39:50
6409,1962,Medium,5,6,2026-05-11 14:39:01
6410,1962,Medium,20,9,2025-11-19 12:32:33
6411,1963,Medium,26,7,2026-01-08 09:41:32
6412,1963,High,19,8,2026-04-05 22:50:09
6413,1965,High,96,4,2025-12-16 06:39:26
6414,1965,Medium,118,1,2026-04-22 07:31:08
6415,1965,High,40,2,2026-04-23 16:36:05
6416,1965,Medium,92,3,2026-04-29 06:46:33
6417,1965,Medium,106,4,2026-04-18 23:24:00
6418,1965,Medium,26,4,2026-04-05 06:24:42
6419,1966,High,24,8,2025-12-20 06:09:18
6420,1967,High,45,8,2026-03-30 02:59:02
6421,1967,Medium,45,8,2026-03-29 12:55:51
6422,1967,Low,11,6,2026-03-20 18:24:53
6423,1968,High,1,6,2026-03-14 18:23:53
6424,1968,Low,17,7,2026-01-28 13:58:07
6425,1968,Low,1,8,2026-05-18 08:34:00
6426,1968,Low,47,7,2026-02-23 16:10:57
6427,1969,Medium,31,7,2025-12-09 07:34:27
6428,1969,High,23,7,2026-05-13 08:42:32
6429,1970,Low,33,4,2026-02-16 02:44:58
6430,1970,High,112,3,2025-11-21 23:25:23
6431,1970,Medium,79,1,2025-12-21 22:22:20
6432,1970,Low,97,4,2026-04-21 12:05:25
6433,1970,Low,70,5,2025-12-25 16:34:51
6434,1970,Medium,76,1,2025-12-21 00:17:53
6435,1970,High,25,2,2026-01-09 11:20:25
6436,1970,Medium,42,4,2026-04-23 17:37:43
6437,1971,Low,26,8,2026-01-25 04:56:45
6438,1971,High,29,8,2026-03-17 23:41:20
6439,1971,Medium,46,6,2025-11-26 09:19:41
6440,1972,Low,1,9,2025-11-21 18:57:35
6441,1972,Low,43,9,2026-05-03 17:40:30
6442,1972,Low,3,8,2026-01-18 17:03:21
6443,1972,Medium,18,9,2025-12-21 18:58:46
6444,1973,High,83,2,2026-05-03 22:52:57
6445,1973,Medium,119,5,2026-04-03 03:09:24
6446,1973,Low,112,4,2026-01-03 06:34:29
6447,1973,Medium,49,3,2025-11-23 19:55:59
6448,1973,High,45,5,2025-11-22 02:04:02
6449,1973,Medium,56,5,2026-03-13 17:44:05
6450,1973,Medium,58,3,2026-02-14 02:47:58
6451,1974,High,3,8,2026-01-16 19:42:36
6452,1974,Medium,10,8,2026-04-13 02:01:31
6453,1974,Low,15,8,2026-01-23 17:18:21
6454,1974,Low,47,7,2026-05-03 04:53:08
6455,1976,Medium,24,6,2026-05-14 13:04:24
6456,1977,High,32,6,2026-02-28 16:23:24
6457,1977,High,4,6,2026-02-12 17:32:47
6458,1978,Low,9,6,2025-12-02 20:45:38
6459,1978,High,34,9,2026-05-16 06:29:07
6460,1978,High,37,9,2026-05-15 08:06:15
6461,1979,Medium,7,6,2026-03-19 20:29:13
6462,1979,Low,12,6,2026-05-05 18:44:23
6463,1980,High,34,4,2026-02-24 16:33:34
6464,1980,High,81,4,2026-03-02 06:53:13
6465,1980,Low,67,2,2025-11-22 09:51:26
6466,1980,Low,57,1,2026-01-21 12:49:59
6467,1980,Low,27,4,2026-03-21 02:38:57
6468,1980,Medium,113,2,2026-01-14 01:18:12
6469,1980,Medium,89,3,2025-12-23 10:22:12
6470,1980,Low,106,3,2026-04-09 00:43:01
6471,1980,High,82,5,2025-11-24 22:00:44
6472,1980,High,31,2,2026-05-03 12:04:26
6473,1981,High,3,7,2026-03-17 16:14:40
6474,1981,Medium,29,8,2026-02-25 19:37:00
6475,1982,Medium,110,2,2026-01-09 01:28:39
6476,1982,High,69,3,2026-02-13 16:12:20
6477,1982,High,51,2,2026-04-22 19:16:35
6478,1982,Medium,33,4,2026-05-11 20:15:29
6479,1982,High,78,2,2026-01-06 10:57:45
6480,1982,Low,90,2,2026-04-18 12:11:32
6481,1982,Medium,42,4,2026-03-20 12:26:34
6482,1982,High,104,4,2026-02-09 18:24:02
6483,1982,High,42,5,2026-05-06 15:47:02
6484,1983,Low,23,9,2026-04-01 07:35:24
6485,1983,Medium,13,6,2026-01-05 11:49:14
6486,1983,Low,43,8,2026-02-17 11:40:12
6487,1983,High,15,6,2025-11-23 08:20:32
6488,1984,Low,77,2,2025-12-26 01:31:13
6489,1984,Medium,51,3,2026-01-11 19:05:04
6490,1984,Medium,27,5,2025-11-30 13:32:10
6491,1985,Medium,39,7,2026-02-26 04:39:15
6492,1986,Low,67,2,2026-05-15 15:44:06
6493,1986,Medium,63,1,2026-01-26 15:13:34
6494,1986,Medium,35,2,2025-12-16 08:05:31
6495,1986,Medium,51,2,2025-12-10 07:37:46
6496,1986,High,109,1,2026-05-18 15:56:41
6497,1987,Low,26,8,2025-11-29 04:59:35
6498,1987,Medium,7,9,2026-02-04 21:01:53
6499,1988,High,8,9,2026-02-14 16:56:27
6500,1988,High,12,8,2026-04-05 20:25:41
6501,1990,Low,17,9,2026-03-14 19:41:04
6502,1990,High,41,7,2026-05-19 15:08:57
6503,1990,Low,22,9,2026-04-18 04:57:53
6504,1990,Low,38,6,2026-05-19 04:43:01
6505,1991,High,109,4,2025-12-18 14:04:35
6506,1991,Medium,60,5,2026-05-18 15:00:52
6507,1991,Medium,114,3,2026-04-21 10:03:50
6508,1991,High,63,5,2026-01-22 03:44:26
6509,1991,Medium,83,2,2025-12-13 00:22:36
6510,1992,High,71,5,2026-01-25 12:29:20
6511,1992,High,42,1,2026-04-15 04:39:14
6512,1992,High,67,5,2025-12-27 21:26:49
6513,1992,Medium,115,5,2025-11-25 05:35:44
6514,1992,Low,112,4,2025-12-02 10:55:28
6515,1992,High,104,5,2026-02-21 03:58:33
6516,1992,High,25,4,2026-03-15 16:45:24
6517,1993,Low,33,7,2025-11-20 01:22:47
6518,1993,Low,12,9,2025-11-24 07:18:59
6519,1994,High,12,8,2026-01-25 13:11:58
6520,1995,Medium,24,9,2026-03-18 12:00:01
6521,1995,Medium,11,6,2026-01-01 15:00:59
6522,1996,Medium,27,9,2025-12-16 02:01:21
6523,1996,Low,10,9,2026-03-15 03:19:29
6524,1996,Low,8,9,2026-02-05 11:07:15
6525,1997,Low,20,9,2026-02-15 20:25:34
6526,1998,Low,9,8,2026-01-23 19:13:52
6527,1998,Low,14,9,2025-12-16 18:50:57
6528,1998,High,2,6,2026-04-24 12:00:54
6529,1998,High,43,9,2025-12-12 12:51:15
6530,1999,High,13,6,2026-05-17 20:50:01
6531,1999,High,47,9,2026-05-05 18:15:56
6532,1999,High,35,8,2026-02-05 00:34:31
6533,1999,High,46,7,2026-01-05 14:29:11
6534,2001,Medium,15,7,2026-02-19 17:47:02
6535,2001,Low,12,9,2026-04-01 17:04:28
6536,2001,Low,36,8,2026-02-22 10:11:03
6537,2002,Low,5,8,2026-04-30 14:54:24
6538,2003,Medium,70,3,2025-12-03 07:42:05
6539,2003,Medium,25,4,2026-01-11 13:30:26
6540,2003,High,87,1,2026-04-13 11:17:10
6541,2003,Medium,101,4,2026-05-05 22:48:59
6542,2003,Low,114,2,2026-01-26 16:15:40
6543,2003,Medium,90,4,2026-04-13 10:39:39
6544,2003,High,86,1,2026-04-07 10:33:38
6545,2003,High,109,5,2025-12-19 14:19:04
6546,2003,Medium,53,4,2026-03-20 16:40:03
6547,2003,Low,54,1,2026-01-01 23:15:17
6548,2004,Low,49,3,2025-12-12 22:46:26
6549,2004,High,45,5,2025-12-13 06:15:43
6550,2004,Low,24,5,2026-02-20 22:43:38
6551,2004,Low,100,5,2025-12-11 01:20:54
6552,2004,Low,69,1,2025-11-21 22:33:18
6553,2004,High,40,5,2026-01-18 01:38:43
6554,2004,Low,118,3,2026-04-28 16:38:32
6555,2005,Medium,22,9,2026-01-07 16:20:18
6556,2006,Low,87,5,2026-01-09 18:18:17
6557,2006,Low,39,2,2026-02-21 16:50:53
6558,2006,Low,28,1,2026-03-30 23:24:27
6559,2006,Medium,69,4,2026-01-16 18:32:57
6560,2006,High,86,2,2026-05-08 23:58:26
6561,2008,Low,117,4,2026-05-06 01:53:06
6562,2008,Medium,49,5,2026-05-07 07:50:01
6563,2008,Medium,52,3,2026-01-30 00:51:42
6564,2008,Low,70,5,2026-01-15 17:40:56
6565,2009,Low,42,8,2025-12-02 00:48:22
6566,2011,High,31,6,2026-01-23 12:29:22
6567,2011,Low,35,9,2025-12-01 11:09:39
6568,2011,Medium,5,9,2026-01-10 15:06:18
6569,2011,Low,17,9,2026-04-22 23:55:23
6570,2012,Low,38,7,2026-02-12 04:31:03
6571,2012,Low,32,9,2026-03-31 10:01:35
6572,2013,High,75,4,2026-02-04 16:00:54
6573,2013,Low,89,4,2026-04-05 10:13:58
6574,2013,Low,105,1,2026-03-14 14:06:02
6575,2013,Low,81,5,2026-04-06 16:58:02
6576,2013,High,116,3,2026-05-02 23:55:27
6577,2013,Low,67,4,2025-11-30 11:24:52
6578,2013,High,73,4,2026-01-15 23:29:09
6579,2014,Low,37,5,2026-02-08 14:17:03
6580,2014,High,64,2,2026-03-15 11:51:45
6581,2014,Medium,103,5,2026-01-21 10:53:57
6582,2014,Low,94,3,2026-04-10 06:11:44
6583,2014,Low,101,4,2025-11-23 13:20:51
6584,2014,Low,56,1,2026-01-21 05:50:02
6585,2015,High,67,4,2026-02-22 23:25:27
6586,2015,Medium,59,3,2025-11-24 19:43:58
6587,2015,Medium,62,5,2026-03-22 09:35:24
6588,2015,Low,47,2,2026-01-07 08:44:12
6589,2015,High,103,3,2026-04-13 09:05:40
6590,2015,High,55,5,2026-04-03 16:44:06
6591,2015,High,84,1,2025-12-27 08:31:04
6592,2016,High,12,9,2026-05-12 07:49:32
6593,2017,Low,27,7,2025-12-31 19:05:51
6594,2017,Low,18,8,2026-03-24 22:13:49
6595,2017,High,45,8,2026-04-15 21:56:25
6596,2017,Low,13,6,2026-05-08 02:22:33
6597,2018,Low,40,7,2026-05-16 22:21:58
6598,2018,High,41,9,2026-03-19 04:39:27
6599,2018,Low,13,7,2026-02-05 05:39:52
6600,2018,Medium,36,7,2026-03-16 15:00:58
6601,2019,High,25,7,2025-12-29 15:50:11
6602,2020,High,41,5,2026-04-20 04:34:29
6603,2020,Low,42,2,2026-03-02 05:05:15
6604,2020,Low,41,1,2026-01-22 04:34:47
6605,2021,Medium,55,5,2026-03-23 20:34:55
6606,2021,High,33,5,2025-11-18 22:05:11
6607,2021,High,72,5,2026-01-11 16:02:19
6608,2021,Low,78,1,2026-03-14 09:34:20
6609,2021,Medium,32,4,2026-03-07 06:07:52
6610,2021,High,101,5,2026-03-09 11:38:30
6611,2021,Low,42,4,2026-03-24 12:18:33
6612,2021,Low,69,1,2026-01-12 20:36:59
6613,2021,Medium,117,3,2025-11-24 16:14:36
6614,2021,Medium,49,4,2025-12-26 18:48:50
6615,2022,Low,46,8,2026-01-29 19:30:06
6616,2022,High,14,6,2026-01-28 03:52:21
6617,2022,Low,8,8,2026-05-06 15:49:10
6618,2023,Low,51,5,2025-12-09 06:40:58
6619,2023,Medium,52,2,2025-12-30 15:42:07
6620,2023,Low,58,5,2025-12-16 23:16:06
6621,2023,Medium,99,2,2026-04-18 03:12:00
6622,2023,Low,28,3,2025-12-02 08:06:32
6623,2023,High,82,3,2025-11-27 05:34:06
6624,2023,Low,82,2,2026-03-13 18:37:30
6625,2023,Medium,70,5,2026-02-24 10:09:15
6626,2023,Medium,101,1,2026-03-02 11:37:02
6627,2024,High,112,1,2025-11-28 03:25:50
6628,2024,High,85,4,2025-12-20 10:09:02
6629,2024,Low,81,4,2026-01-11 08:45:00
6630,2024,Low,112,4,2026-01-03 16:56:01
6631,2024,Medium,79,4,2026-03-14 10:10:40
6632,2024,Medium,117,2,2026-01-25 06:58:49
6633,2024,Low,114,4,2025-11-30 12:33:20
6634,2025,Medium,39,9,2026-02-03 11:00:24
6635,2025,Medium,9,8,2026-02-21 09:55:12
6636,2025,High,41,9,2025-12-23 17:18:12
6637,2026,High,14,6,2025-11-26 06:25:41
6638,2026,Medium,23,6,2025-12-29 23:44:53
6639,2027,High,12,6,2026-01-19 03:01:04
6640,2028,Medium,2,6,2026-02-24 07:51:15
6641,2028,Medium,4,9,2026-04-29 00:09:57
6642,2028,Low,14,7,2026-03-20 07:33:38
6643,2030,High,29,9,2025-12-17 14:45:34
6644,2030,Medium,12,6,2026-04-25 08:41:55
6645,2030,Low,38,7,2026-04-20 18:40:59
6646,2032,High,2,8,2025-11-24 13:59:04
6647,2032,Low,40,9,2025-11-18 15:52:27
6648,2032,Medium,14,7,2025-12-21 14:43:52
6649,2033,High,118,1,2025-12-06 03:28:07
6650,2033,High,112,5,2026-03-09 06:14:34
6651,2033,High,119,4,2025-11-27 07:23:59
6652,2033,Low,36,3,2025-11-23 01:40:43
6653,2033,Low,67,1,2026-01-27 18:48:16
6654,2033,Low,118,3,2026-01-01 14:01:15
6655,2033,Medium,60,1,2026-05-06 14:03:39
6656,2033,Medium,39,1,2026-02-01 14:04:55
6657,2033,High,61,3,2026-01-01 11:24:40
6658,2033,High,110,1,2026-04-07 22:56:23
6659,2035,Low,23,7,2026-05-06 15:49:26
6660,2036,Low,83,3,2026-01-01 00:01:43
6661,2036,Medium,35,5,2026-04-04 01:09:32
6662,2036,Low,29,2,2026-05-04 09:18:13
6663,2036,High,75,5,2026-01-18 20:19:13
6664,2036,Medium,31,1,2026-01-14 11:35:33
6665,2036,Low,57,4,2026-03-11 19:50:55
6666,2036,Low,102,4,2025-12-28 21:37:25
6667,2036,Medium,83,1,2026-04-07 22:01:06
6668,2037,Medium,69,5,2025-11-20 00:24:03
6669,2037,High,78,3,2026-02-05 14:56:57
6670,2037,High,109,5,2026-02-03 14:31:15
6671,2037,High,118,5,2026-02-19 18:17:03
6672,2037,Medium,51,2,2026-04-10 22:37:50
6673,2037,High,107,1,2025-12-17 10:43:39
6674,2037,Medium,103,5,2026-03-09 03:40:26
6675,2037,Medium,110,2,2025-11-28 11:27:01
6676,2037,Medium,30,5,2025-11-28 09:24:55
6677,2037,High,91,2,2026-01-11 20:54:31
6678,2038,Medium,42,7,2026-03-15 18:59:54
6679,2038,Medium,5,9,2026-02-28 04:57:29
6680,2038,High,42,8,2026-03-21 16:34:15
6681,2038,Medium,15,8,2026-03-15 11:36:09
6682,2039,Medium,9,8,2026-01-22 20:37:34
6683,2040,Low,76,1,2026-04-15 23:37:54
6684,2040,Medium,112,5,2025-12-18 02:48:45
6685,2040,Medium,108,1,2025-12-15 18:13:13
6686,2040,Medium,61,3,2026-03-27 01:12:45
6687,2041,High,23,6,2026-01-11 10:22:16
6688,2042,Low,91,5,2025-12-18 20:07:01
6689,2042,Low,38,1,2026-02-25 12:51:52
6690,2042,High,77,5,2026-01-09 13:47:08
6691,2042,Low,43,1,2026-04-06 17:11:34
6692,2042,Low,109,5,2026-04-30 15:45:34
6693,2043,High,30,4,2026-02-20 22:22:26
6694,2043,Low,68,3,2026-01-23 09:32:14
6695,2043,Low,96,1,2026-04-20 10:58:54
6696,2043,Medium,103,2,2026-03-16 09:19:48
6697,2043,High,34,4,2026-02-27 02:23:40
6698,2043,High,118,3,2026-04-21 01:29:02
6699,2043,Medium,67,2,2026-01-05 03:02:45
6700,2043,Low,40,3,2026-03-18 08:22:22
6701,2043,Medium,24,5,2026-05-10 11:59:39
6702,2043,High,74,5,2026-02-17 22:18:07
6703,2044,Low,4,8,2026-04-03 19:44:06
6704,2044,Low,28,9,2026-05-08 19:12:24
6705,2044,High,12,6,2026-04-30 18:10:39
6706,2044,High,21,6,2026-02-19 02:00:24
6707,2045,Medium,17,9,2026-02-12 12:46:47
6708,2045,Low,13,9,2025-11-30 04:32:44
6709,2045,Medium,32,6,2025-12-31 11:58:46
6710,2046,Medium,15,9,2026-03-19 01:32:55
6711,2046,High,15,7,2025-11-23 07:49:05
6712,2046,Medium,6,6,2026-03-02 21:56:23
6713,2047,Medium,20,6,2026-03-26 20:31:50
6714,2047,High,5,8,2026-01-29 10:49:49
6715,2047,High,33,7,2026-02-11 22:02:43
6716,2047,Low,14,6,2026-03-05 22:45:52
6717,2048,Medium,80,3,2026-02-10 19:32:40
6718,2048,Low,24,5,2025-12-30 18:07:56
6719,2048,Medium,50,3,2026-03-30 14:02:56
6720,2049,Medium,6,6,2026-02-15 13:40:12
6721,2049,Medium,30,7,2026-03-07 09:37:01
6722,2049,Medium,35,8,2025-12-24 10:27:21
6723,2050,Low,10,8,2026-05-16 22:57:48
6724,2050,Low,19,8,2026-02-16 09:55:22
6725,2050,Low,28,8,2026-03-10 06:51:37
6726,2051,High,4,9,2026-04-04 14:30:15
6727,2051,Medium,19,7,2026-04-23 13:51:31
6728,2051,High,27,6,2025-12-09 13:09:45
6729,2051,Low,34,9,2026-01-11 15:30:33
6730,2052,Medium,38,7,2026-04-12 19:21:02
6731,2052,Low,7,9,2026-03-25 05:32:07
6732,2052,Medium,7,7,2026-04-26 02:42:27
6733,2053,Medium,26,7,2026-03-01 15:23:29
6734,2053,Low,19,6,2026-03-28 13:42:18
6735,2053,High,20,7,2026-01-29 15:55:26
6736,2054,High,45,7,2026-04-13 08:57:54
6737,2054,High,16,7,2026-03-24 09:53:24
6738,2054,High,17,7,2025-11-21 12:28:13
6739,2055,High,13,9,2025-12-16 01:58:23
6740,2055,Medium,10,6,2025-12-15 21:41:03
6741,2055,Medium,32,7,2026-01-31 13:49:47
6742,2055,High,8,6,2026-01-05 02:10:38
6743,2056,High,22,7,2026-04-10 05:37:29
6744,2058,Medium,2,9,2025-12-31 05:02:20
6745,2058,Medium,44,6,2026-02-07 04:55:53
6746,2058,High,3,7,2026-04-02 16:43:01
6747,2059,High,26,6,2026-04-25 07:31:47
6748,2059,High,30,9,2026-01-11 09:15:41
6749,2059,Medium,36,7,2026-04-18 20:00:35
6750,2060,Medium,57,2,2026-03-26 05:05:58
6751,2060,Low,71,3,2026-03-04 18:50:34
6752,2060,Low,77,1,2026-04-04 19:07:46
6753,2060,High,41,3,2026-02-28 14:22:21
6754,2060,Low,62,5,2026-03-08 02:14:57
6755,2060,Low,111,4,2025-12-01 21:51:13
6756,2060,Medium,103,2,2025-11-24 05:36:40
6757,2061,High,13,9,2026-04-24 19:28:23
6758,2061,High,47,8,2026-01-04 17:35:43
6759,2063,Medium,32,2,2026-01-05 04:22:29
6760,2063,Low,104,3,2026-02-03 18:37:16
6761,2063,Medium,52,5,2026-05-08 05:26:21
6762,2063,Medium,66,3,2026-03-17 19:59:33
6763,2063,Medium,87,2,2026-01-12 18:25:02
6764,2063,Medium,71,4,2026-01-05 20:29:16
6765,2063,Medium,46,1,2026-04-03 06:02:27
6766,2063,Low,36,5,2026-04-28 02:12:16
6767,2064,Low,88,2,2026-03-23 21:29:58
6768,2064,Low,28,1,2026-02-26 15:40:15
6769,2064,High,100,5,2025-12-25 12:35:28
6770,2064,Medium,83,3,2026-03-08 17:16:16
6771,2064,High,44,4,2026-02-24 11:07:21
6772,2064,Low,41,5,2026-03-12 16:59:13
6773,2065,Medium,77,2,2025-12-11 17:18:26
6774,2065,Low,47,5,2025-12-26 00:38:04
6775,2065,Medium,112,4,2026-03-12 01:59:42
6776,2065,Low,83,1,2026-03-27 14:55:10
6777,2067,Medium,23,7,2026-03-26 11:34:14
6778,2067,Low,4,7,2026-04-06 11:09:08
6779,2067,Medium,6,9,2026-01-06 10:14:05
6780,2067,High,31,8,2025-12-09 01:47:06
6781,2068,High,39,7,2026-05-08 12:16:06
6782,2068,High,23,7,2026-02-23 22:37:06
6783,2068,Medium,16,7,2026-05-10 00:29:41
6784,2069,Low,24,6,2025-12-26 01:47:32
6785,2069,High,45,6,2026-01-30 08:06:02
6786,2070,High,6,6,2025-11-27 16:28:45
6787,2070,Low,45,9,2025-12-10 00:20:16
6788,2070,Medium,29,9,2026-01-14 06:36:25
6789,2071,High,39,8,2026-02-20 03:38:10
6790,2071,Medium,3,9,2026-01-04 14:11:34
6791,2071,Medium,1,8,2025-12-09 16:18:21
6792,2072,Low,24,7,2026-03-22 00:49:21
6793,2072,Medium,44,8,2026-01-13 09:11:07
6794,2072,Low,8,8,2026-05-10 05:56:28
6795,2072,High,44,8,2026-01-07 06:07:45
6796,2073,Medium,2,6,2026-04-28 21:31:06
6797,2074,High,30,7,2026-01-23 20:52:09
6798,2074,High,39,6,2025-11-23 08:17:56
6799,2074,Medium,32,6,2026-01-18 09:20:24
6800,2075,High,38,6,2025-12-26 22:16:31
6801,2076,Medium,11,7,2026-04-08 17:19:19
6802,2076,Medium,26,9,2025-11-26 06:17:23
6803,2077,Medium,78,4,2026-01-29 00:06:19
6804,2077,High,104,1,2026-04-09 19:14:51
6805,2077,Low,91,5,2026-03-26 02:58:44
6806,2077,High,83,4,2026-03-24 21:28:18
6807,2077,Low,33,4,2026-03-13 09:54:39
6808,2077,Medium,66,2,2025-12-27 19:53:54
6809,2078,Low,78,2,2026-02-05 06:26:12
6810,2078,Medium,71,5,2026-04-19 18:18:35
6811,2078,High,50,2,2026-03-11 04:04:45
6812,2078,Medium,83,2,2026-01-02 05:55:40
6813,2078,Low,92,2,2026-02-19 21:57:06
6814,2078,High,44,3,2025-12-29 20:37:28
6815,2078,High,118,1,2025-12-15 05:23:03
6816,2080,Low,37,6,2026-02-22 19:27:04
6817,2080,High,2,7,2026-01-15 23:27:42
6818,2080,Medium,39,6,2026-04-05 22:21:02
6819,2080,Medium,42,9,2026-04-04 02:09:12
6820,2082,High,34,7,2025-12-27 20:37:19
6821,2082,Medium,20,6,2025-12-28 17:09:57
6822,2082,Medium,4,6,2026-02-01 20:24:44
6823,2082,Low,44,8,2025-11-28 19:58:40
6824,2083,Low,42,8,2026-01-10 05:03:31
6825,2083,High,5,6,2025-11-30 01:01:39
6826,2084,High,37,7,2026-01-17 11:08:29
6827,2084,Medium,9,7,2026-02-17 09:53:07
6828,2085,High,18,7,2025-12-22 01:53:03
6829,2085,High,19,7,2026-02-05 02:32:07
6830,2085,Medium,40,6,2026-01-25 17:50:46
6831,2086,Medium,35,6,2026-03-19 23:57:25
6832,2087,Medium,42,6,2026-02-25 14:28:13
6833,2087,High,43,9,2025-11-30 22:32:20
6834,2087,High,1,6,2025-12-29 05:38:08
6835,2088,High,36,8,2026-05-18 04:44:30
6836,2088,High,46,6,2026-03-06 12:46:41
6837,2088,Low,24,9,2026-02-04 17:09:35
6838,2090,Low,43,6,2025-12-18 12:20:35
6839,2090,High,37,9,2026-05-01 23:21:42
6840,2090,Medium,3,6,2026-01-09 14:23:27
6841,2090,Low,26,8,2026-02-17 20:31:11
6842,2091,Medium,8,6,2026-02-09 05:38:23
6843,2091,High,3,6,2026-01-07 15:32:00
6844,2091,High,9,8,2026-01-02 04:21:37
6845,2092,Medium,41,7,2025-12-16 09:58:52
6846,2092,High,26,6,2025-12-04 05:33:27
6847,2092,High,34,6,2026-01-30 17:53:09
6848,2092,High,13,6,2026-05-19 16:38:30
6849,2094,Low,41,6,2026-04-27 01:02:16
6850,2094,Medium,1,6,2026-02-20 23:11:20
6851,2094,Medium,47,9,2026-03-21 06:41:24
6852,2094,Low,36,8,2025-11-24 13:47:27
6853,2095,Low,10,9,2026-03-19 11:10:20
6854,2096,Medium,6,8,2025-12-24 16:08:59
6855,2096,Medium,12,7,2026-04-20 21:42:42
6856,2097,Low,3,7,2025-12-24 22:42:24
6857,2097,High,33,7,2025-12-23 02:55:02
6858,2098,Medium,118,4,2026-04-29 01:22:50
6859,2098,Medium,37,3,2026-04-29 05:16:23
6860,2098,Medium,90,3,2026-01-29 22:37:16
6861,2098,High,99,5,2026-04-24 15:53:15
6862,2098,Low,33,1,2026-04-18 06:22:47
6863,2098,Medium,56,5,2026-02-07 00:54:27
6864,2099,Medium,74,3,2025-11-19 08:38:00
6865,2099,Low,47,3,2025-11-21 21:59:51
6866,2099,Low,106,5,2026-02-03 14:34:10
6867,2099,Low,67,2,2026-01-30 14:35:56
6868,2099,Low,91,1,2025-12-08 07:28:56
6869,2099,Low,100,4,2026-03-04 18:41:33
6870,2100,Medium,43,8,2026-03-07 22:39:43
6871,2101,Medium,66,4,2026-04-09 14:12:21
6872,2101,High,34,4,2026-04-26 14:08:36
6873,2101,Medium,114,1,2026-02-12 22:03:18
6874,2101,Medium,48,2,2026-04-07 17:32:54
6875,2101,High,26,3,2025-12-24 23:08:04
6876,2101,Low,107,4,2025-12-25 08:19:55
6877,2101,Low,46,3,2025-11-22 23:46:30
6878,2101,Low,65,3,2025-12-22 02:03:24
6879,2101,Medium,63,4,2026-03-13 03:46:15
6880,2101,Low,34,4,2026-02-21 05:21:01
6881,2103,Medium,27,6,2026-04-14 08:43:41
6882,2103,High,44,9,2026-02-05 12:37:48
6883,2104,Low,13,7,2026-01-27 01:29:57
6884,2104,High,35,8,2026-02-15 23:41:34
6885,2104,Low,22,9,2025-11-30 12:40:16
6886,2104,High,21,7,2026-01-28 23:52:48
6887,2105,Low,18,8,2026-04-01 19:48:46
6888,2105,Low,46,6,2026-04-26 01:08:21
6889,2105,Low,21,7,2026-03-13 08:51:36
6890,2106,High,112,3,2026-01-02 14:22:54
6891,2106,Medium,83,4,2026-02-11 19:58:35
6892,2106,Low,46,4,2025-11-30 18:20:15
6893,2106,Medium,52,3,2026-03-08 17:59:44
6894,2106,Medium,113,4,2026-04-09 19:09:29
6895,2106,High,61,3,2025-11-27 12:28:03
6896,2106,High,50,1,2026-05-14 19:28:01
6897,2106,Low,110,5,2025-12-13 01:14:19
6898,2107,High,15,8,2026-02-13 17:28:05
6899,2107,Low,3,7,2026-05-13 23:47:24
6900,2107,Low,15,9,2026-04-02 09:57:41
6901,2109,High,16,6,2026-03-30 15:51:49
6902,2109,High,19,8,2025-12-08 06:49:55
6903,2109,Low,5,6,2026-05-10 06:34:07
6904,2109,High,14,7,2025-11-28 01:44:51
6905,2110,High,26,9,2026-03-22 00:34:12
6906,2110,Medium,5,8,2026-04-02 18:19:59
6907,2110,Medium,16,8,2026-04-17 22:47:18
6908,2110,Low,14,6,2026-02-22 12:11:42
6909,2111,High,41,9,2026-03-11 11:39:55
6910,2113,Medium,71,1,2025-12-07 16:42:43
6911,2113,High,59,5,2026-04-03 04:16:35
6912,2113,High,61,5,2026-03-04 00:19:11
6913,2113,Medium,85,1,2026-01-16 16:57:51
6914,2113,High,71,2,2025-12-20 02:59:55
6915,2113,High,59,5,2026-02-03 22:40:49
6916,2113,Low,101,4,2025-12-18 01:06:06
6917,2113,Medium,67,2,2026-03-07 22:32:49
6918,2114,Low,36,7,2026-02-26 01:56:07
6919,2116,Low,36,2,2026-01-20 18:32:40
6920,2116,Medium,56,5,2026-04-17 03:39:49
6921,2116,Medium,103,1,2026-03-29 01:15:42
6922,2116,Medium,92,5,2026-03-04 13:22:49
6923,2116,Medium,93,3,2025-11-19 09:40:34
6924,2117,Low,12,9,2026-01-06 00:36:10
6925,2117,Medium,33,9,2025-12-24 17:35:05
6926,2117,High,33,8,2026-02-06 16:34:53
6927,2117,Medium,21,8,2026-04-11 15:46:26
6928,2118,Medium,114,5,2026-05-09 18:01:48
6929,2118,High,85,2,2026-01-23 17:44:00
6930,2118,Medium,89,4,2026-03-28 21:04:53
6931,2118,Medium,45,1,2025-12-31 01:49:13
6932,2119,Medium,30,3,2026-04-19 12:35:39
6933,2119,Low,91,5,2026-02-27 22:26:56
6934,2119,Medium,61,3,2026-02-11 09:09:27
6935,2119,Medium,24,1,2026-05-06 04:47:23
6936,2119,High,65,4,2026-04-11 22:21:35
6937,2119,Medium,47,5,2026-01-09 13:04:55
6938,2120,Low,43,9,2026-02-03 20:10:15
6939,2120,High,17,9,2026-04-10 05:37:19
6940,2121,High,82,5,2025-12-23 03:36:08
6941,2121,High,50,4,2026-05-15 11:27:06
6942,2121,Low,41,3,2026-04-11 13:21:17
6943,2122,Medium,22,9,2025-12-02 19:22:17
6944,2123,Medium,2,6,2026-02-02 18:56:02
6945,2123,Medium,18,8,2026-05-08 10:13:18
6946,2123,High,27,7,2026-04-06 15:26:21
6947,2123,High,17,9,2026-01-29 15:45:13
6948,2124,High,6,8,2026-02-22 02:29:25
6949,2124,Low,7,7,2026-04-17 04:44:29
6950,2125,Low,14,7,2025-12-10 07:06:43
6951,2125,Medium,40,8,2026-02-26 00:04:03
6952,2125,Medium,47,8,2026-04-28 16:09:50
6953,2125,Low,33,8,2026-01-14 16:10:38
6954,2126,Medium,114,5,2026-02-20 11:06:37
6955,2126,Medium,80,5,2026-01-05 18:20:32
6956,2126,Low,28,5,2025-12-29 10:29:29
6957,2126,Low,119,4,2026-03-07 12:32:37
6958,2126,Medium,93,2,2025-12-27 10:47:39
6959,2126,Low,93,3,2026-04-12 11:29:27
6960,2126,Low,27,5,2026-01-30 20:00:09
6961,2126,Medium,82,1,2026-04-27 05:51:41
6962,2126,High,32,3,2025-12-11 03:17:47
6963,2127,High,26,9,2026-05-03 13:27:50
6964,2127,Medium,43,8,2026-04-15 15:57:14
6965,2129,Low,119,1,2026-03-30 16:49:21
6966,2129,Medium,80,5,2026-05-15 04:59:43
6967,2129,Medium,39,3,2026-04-19 12:54:23
6968,2129,High,98,2,2026-03-19 06:46:42
6969,2129,Medium,78,1,2026-03-20 10:28:07
6970,2129,Medium,113,4,2025-11-27 00:20:10
6971,2129,High,76,2,2026-02-12 17:50:26
6972,2130,Low,9,9,2025-12-03 22:48:58
6973,2130,Low,44,7,2026-02-02 06:48:35
6974,2130,High,8,7,2026-03-28 00:28:31
6975,2131,High,42,8,2026-03-04 15:38:25
6976,2131,Low,39,8,2026-01-14 02:06:03
6977,2132,Medium,25,7,2025-12-13 00:35:01
6978,2132,High,21,9,2026-01-03 19:45:46
6979,2133,High,24,9,2025-12-07 17:06:59
6980,2133,Medium,19,7,2026-02-20 21:35:25
6981,2133,Medium,47,7,2026-04-11 00:19:09
6982,2133,High,14,6,2026-04-21 17:05:43
6983,2134,Low,55,2,2026-01-08 01:44:48
6984,2134,High,119,4,2026-04-24 12:52:33
6985,2134,High,71,2,2026-01-06 15:00:29
6986,2135,High,47,9,2026-02-21 00:29:04
6987,2136,High,13,9,2026-01-13 21:34:09
6988,2136,Low,8,8,2026-03-12 05:40:39
6989,2136,Low,26,9,2025-12-24 20:51:54
6990,2137,Low,43,8,2026-03-21 20:25:31
6991,2137,High,46,8,2025-12-22 06:32:58
6992,2137,Medium,18,6,2026-05-05 05:29:36
6993,2138,High,36,8,2026-05-06 06:24:46
6994,2138,Low,27,6,2026-02-21 09:40:40
6995,2139,Low,62,1,2026-01-30 00:59:50
6996,2139,Low,94,2,2025-11-22 08:31:22
6997,2139,High,94,4,2025-11-28 05:28:18
6998,2139,High,30,3,2025-12-21 18:42:29
6999,2140,High,33,2,2026-03-15 16:24:35
7000,2140,High,94,5,2026-01-18 01:52:39
7001,2140,Medium,76,5,2026-04-29 12:05:19
7002,2140,Medium,118,1,2026-05-09 12:37:39
7003,2140,Medium,114,1,2026-03-18 00:01:43
7004,2141,High,27,7,2026-04-02 04:21:57
7005,2141,Low,4,9,2026-04-03 20:26:08
7006,2141,Medium,23,9,2026-02-01 09:42:22
7007,2142,High,19,7,2025-12-13 22:39:41
7008,2143,Medium,3,8,2026-04-22 13:48:32
7009,2143,Medium,3,9,2025-12-25 08:28:33
7010,2143,Low,17,8,2026-04-11 04:21:37
7011,2143,Low,10,6,2026-04-10 13:18:16
7012,2144,Medium,22,7,2025-12-29 20:23:24
7013,2144,Low,21,9,2026-01-10 09:39:38
7014,2144,Medium,23,7,2026-02-17 16:55:05
7015,2145,High,99,1,2026-01-26 08:48:33
7016,2145,Low,77,1,2026-03-02 10:40:31
7017,2145,Low,43,1,2025-12-28 06:40:21
7018,2145,Low,72,2,2026-02-03 18:38:05
7019,2145,High,30,5,2026-04-22 12:29:59
7020,2145,High,71,5,2025-12-04 01:47:56
7021,2145,High,36,3,2025-12-07 14:21:40
7022,2145,High,25,5,2026-04-15 04:40:37
7023,2145,Low,94,5,2026-02-02 20:56:09
7024,2147,Low,79,2,2026-05-06 04:06:55
7025,2147,Medium,55,1,2026-05-19 15:50:27
7026,2147,High,36,1,2026-05-04 03:52:46
7027,2147,Low,108,4,2026-04-27 15:37:42
7028,2147,Low,82,5,2025-12-04 23:15:56
7029,2147,Medium,51,2,2026-01-23 15:39:49
7030,2147,High,43,2,2025-12-05 18:55:31
7031,2147,Medium,28,2,2026-05-05 02:23:32
7032,2147,High,83,3,2026-02-27 20:59:29
7033,2147,Medium,80,1,2026-03-23 00:23:06
7034,2148,Low,98,1,2026-02-26 19:46:42
7035,2148,Medium,68,5,2026-02-21 02:23:52
7036,2148,Low,107,4,2026-03-06 06:28:14
7037,2148,High,77,2,2025-12-05 22:48:20
7038,2148,Low,86,4,2025-12-19 07:50:32
7039,2149,High,36,4,2026-03-17 13:03:23
7040,2149,High,55,2,2026-04-03 17:04:14
7041,2149,Medium,76,4,2025-12-31 14:33:04
7042,2150,High,59,3,2026-04-28 21:38:28
7043,2150,Medium,83,5,2026-03-01 13:21:16
7044,2150,Low,83,2,2026-04-03 02:20:22
7045,2150,Low,48,5,2026-01-20 13:54:41
7046,2150,High,114,1,2026-02-01 17:53:01
7047,2150,Low,56,2,2025-12-07 02:20:50
7048,2150,Low,113,5,2026-02-18 05:12:19
7049,2150,Medium,59,1,2026-05-12 19:33:16
7050,2150,Medium,27,4,2026-04-19 21:12:10
7051,2150,High,113,4,2026-02-09 21:30:12
7052,2151,Medium,9,7,2026-01-07 06:30:43
7053,2151,Low,45,9,2026-01-17 16:17:16
7054,2151,Medium,5,6,2026-03-07 22:56:23
7055,2152,High,45,8,2026-04-04 16:18:12
7056,2153,Medium,39,5,2026-01-14 11:24:23
7057,2153,High,95,1,2026-01-13 02:18:43
7058,2153,High,83,3,2026-01-29 20:08:08
7059,2153,Low,103,5,2026-05-12 21:12:30
7060,2153,Medium,103,3,2025-12-22 06:35:58
7061,2153,Low,88,1,2026-02-24 15:38:22
7062,2154,Low,18,6,2025-12-04 09:14:25
7063,2154,Low,47,8,2026-03-05 19:11:34
7064,2154,Medium,24,9,2026-03-17 20:21:02
7065,2155,Low,33,1,2025-12-03 19:53:16
7066,2155,High,100,3,2026-04-02 01:33:43
7067,2155,Medium,77,1,2025-12-10 06:47:47
7068,2155,Low,94,4,2026-02-23 13:08:42
7069,2155,Medium,39,5,2025-12-06 15:56:08
7070,2155,High,63,4,2026-03-26 19:53:16
7071,2155,High,43,5,2025-12-15 11:20:53
7072,2156,Low,45,7,2025-12-03 18:46:00
7073,2156,Low,28,8,2025-12-14 18:40:17
7074,2156,Medium,5,6,2026-03-20 20:49:23
7075,2157,Medium,62,2,2026-05-07 03:00:55
7076,2157,High,62,5,2025-12-15 22:38:54
7077,2157,Medium,63,5,2025-11-23 05:35:09
7078,2157,High,105,4,2026-02-16 16:47:37
7079,2157,Low,104,5,2026-04-29 05:07:45
7080,2158,High,46,7,2026-01-26 04:00:50
7081,2158,Medium,15,8,2026-01-09 13:00:14
7082,2158,High,14,7,2026-05-15 10:19:26
7083,2159,Medium,1,7,2026-04-08 06:50:46
7084,2159,Low,3,6,2026-01-29 05:52:37
7085,2159,Low,44,8,2025-11-21 21:57:05
7086,2159,High,43,6,2026-01-10 04:38:34
7087,2160,Low,71,2,2026-05-16 11:12:45
7088,2160,Medium,104,1,2026-03-11 02:08:13
7089,2160,Low,84,3,2026-04-12 17:17:42
7090,2161,Medium,20,7,2026-02-14 08:15:58
7091,2161,High,29,9,2025-12-07 20:41:57
7092,2161,High,34,6,2025-12-13 10:38:49
7093,2162,High,42,6,2025-12-20 20:59:39
7094,2162,High,44,8,2025-12-06 18:47:20
7095,2162,Low,39,9,2026-04-29 00:55:40
7096,2162,Low,27,7,2026-05-14 23:09:59
7097,2163,High,26,9,2026-04-30 06:35:53
7098,2163,High,13,9,2026-03-15 21:30:52
7099,2164,Medium,44,9,2026-01-06 06:14:50
7100,2164,Medium,2,6,2026-05-06 14:32:17
7101,2164,High,34,8,2026-04-06 19:26:48
7102,2165,Low,45,6,2026-01-22 02:58:04
7103,2165,High,35,8,2025-12-30 15:03:47
7104,2166,High,71,1,2026-04-05 17:09:19
7105,2166,Low,98,1,2026-03-25 06:02:45
7106,2166,Medium,101,1,2026-04-06 11:24:03
7107,2167,High,39,9,2025-12-26 19:16:49
7108,2168,Medium,3,6,2026-05-10 13:48:27
7109,2168,Medium,19,9,2025-12-02 11:54:34
7110,2168,Low,32,8,2026-01-04 06:48:36
7111,2170,High,115,4,2026-01-25 16:42:31
7112,2170,High,105,4,2026-02-20 03:21:12
7113,2170,Medium,86,5,2026-03-02 14:04:39
7114,2170,Low,110,2,2025-11-28 19:49:37
7115,2170,Medium,99,3,2026-02-15 14:38:17
7116,2170,Low,70,1,2025-12-13 08:13:08
7117,2170,Medium,90,3,2026-02-06 18:03:50
7118,2170,Low,41,2,2025-11-26 05:32:26
7119,2171,Medium,30,7,2026-04-03 18:03:58
7120,2172,High,2,6,2026-03-09 01:56:54
7121,2172,Medium,29,6,2026-05-06 12:51:10
7122,2173,Medium,42,9,2026-02-10 15:32:59
7123,2173,Medium,30,7,2025-11-28 06:25:56
7124,2173,High,5,7,2026-04-17 13:29:06
7125,2174,High,21,7,2026-04-22 04:28:04
7126,2174,Medium,15,9,2026-03-05 18:00:33
7127,2175,Low,8,6,2025-12-14 06:17:13
7128,2175,Medium,31,9,2026-04-30 12:32:21
7129,2175,High,21,7,2026-01-11 02:00:20
7130,2176,Low,27,9,2025-11-25 13:24:19
7131,2176,High,26,6,2026-02-09 11:20:21
7132,2176,High,26,7,2026-04-26 16:13:43
7133,2177,Low,36,9,2025-11-30 19:29:48
7134,2177,Low,1,8,2025-11-23 05:02:11
7135,2177,Low,15,7,2026-04-29 19:21:43
7136,2179,Low,24,3,2025-12-26 05:51:01
7137,2179,Low,78,2,2026-01-16 18:28:47
7138,2179,Medium,88,4,2026-03-27 07:18:18
7139,2179,Medium,39,2,2025-12-06 22:48:05
7140,2179,Low,41,1,2026-04-11 20:24:40
7141,2179,High,53,2,2026-05-15 12:19:03
7142,2180,Medium,35,7,2025-11-19 08:04:34
7143,2180,Low,21,9,2026-03-08 07:20:49
7144,2180,Medium,6,8,2025-12-20 14:31:57
7145,2182,Medium,41,8,2025-11-26 14:45:18
7146,2182,High,21,6,2025-12-04 14:10:06
7147,2182,High,18,7,2026-01-22 17:12:09
7148,2183,Medium,83,3,2026-01-15 03:40:25
7149,2183,Medium,91,5,2026-04-21 21:18:32
7150,2183,Low,97,2,2025-12-26 02:44:11
7151,2183,High,63,2,2026-03-02 13:10:01
7152,2183,Low,104,5,2026-05-07 09:22:14
7153,2183,Low,110,2,2026-03-22 10:37:35
7154,2183,Medium,44,2,2025-11-19 13:55:37
7155,2183,Low,36,4,2026-03-09 11:01:44
7156,2183,Low,32,4,2026-05-09 00:49:42
7157,2183,Medium,62,5,2026-02-07 21:53:52
7158,2184,Low,34,8,2026-01-16 07:58:41
7159,2185,High,84,1,2025-11-24 07:52:37
7160,2185,High,28,2,2025-12-18 13:06:06
7161,2185,High,27,3,2025-12-23 07:43:08
7162,2185,Low,75,2,2026-01-05 03:03:50
7163,2185,High,62,2,2026-03-10 12:25:48
7164,2185,Low,31,1,2026-05-03 06:59:13
7165,2185,High,68,5,2026-01-06 14:14:02
7166,2186,Low,28,8,2025-12-29 20:52:57
7167,2186,Medium,43,8,2025-11-26 23:18:13
7168,2186,Low,1,7,2026-04-08 03:49:06
7169,2186,Low,17,6,2026-05-03 19:18:33
7170,2187,High,85,2,2026-04-29 01:56:13
7171,2187,Low,47,4,2026-03-23 09:08:51
7172,2187,Medium,44,3,2026-05-07 14:57:18
7173,2187,Low,71,1,2026-01-28 00:32:59
7174,2187,Medium,36,5,2026-01-22 16:00:02
7175,2187,High,26,3,2026-05-10 21:19:35
7176,2187,High,42,1,2026-01-03 06:13:45
7177,2187,Low,91,5,2026-02-08 07:10:04
7178,2187,Medium,42,5,2025-11-21 18:48:04
7179,2187,Medium,89,2,2026-03-04 15:42:30
7180,2188,Low,11,6,2025-12-15 09:08:56
7181,2188,Medium,23,7,2025-12-27 07:51:51
7182,2188,Low,3,6,2026-01-02 12:04:57
7183,2188,Low,3,7,2025-12-11 01:19:42
7184,2189,Medium,100,2,2026-05-12 00:01:23
7185,2189,High,106,2,2026-02-02 22:03:28
7186,2189,High,58,1,2026-05-16 03:00:51
7187,2189,Medium,63,2,2026-02-22 00:31:30
7188,2190,High,2,9,2026-03-01 08:27:00
7189,2190,Medium,23,7,2026-03-06 08:18:05
7190,2190,High,2,6,2026-02-11 03:22:57
7191,2192,Low,35,6,2026-02-13 05:14:13
7192,2192,High,29,8,2025-12-01 21:54:42
7193,2193,Medium,29,6,2026-02-04 09:35:29
7194,2193,Medium,37,8,2026-03-24 04:12:52
7195,2193,High,33,9,2026-01-27 16:37:18
7196,2193,High,12,7,2026-05-16 08:18:36
7197,2194,Low,10,8,2025-11-28 06:37:54
7198,2194,Low,24,7,2026-01-16 20:45:19
7199,2194,Low,47,7,2026-03-16 12:39:08
7200,2194,High,39,7,2026-03-18 04:53:29
7201,2195,Medium,3,7,2025-12-30 08:39:57
7202,2195,Low,6,6,2025-12-07 20:15:09
7203,2197,Low,96,2,2026-03-08 12:15:47
7204,2197,Medium,59,3,2026-04-12 19:21:16
7205,2197,Medium,26,1,2026-03-27 09:07:55
7206,2197,Low,111,1,2026-01-27 00:21:09
7207,2197,Low,101,2,2026-02-15 21:59:13
7208,2197,Medium,68,4,2026-05-08 15:03:04
7209,2197,Low,114,1,2025-12-10 05:13:55
7210,2197,Low,83,5,2025-12-20 22:15:01
7211,2197,Low,106,3,2026-04-07 08:19:42
7212,2198,Medium,6,6,2026-03-08 05:13:34
7213,2199,Medium,19,6,2026-04-23 22:56:27
7214,2199,High,26,7,2026-04-25 13:36:16
7215,2199,High,21,9,2026-02-25 22:56:58
7216,2200,Low,2,8,2025-12-16 09:30:10
7217,2201,Medium,44,7,2026-03-29 22:25:24
7218,2201,Medium,27,8,2026-02-04 04:17:44
7219,2202,High,20,7,2026-02-13 06:50:25
7220,2202,High,31,8,2026-04-27 15:02:45
7221,2203,Medium,13,6,2025-12-25 09:34:34
7222,2205,High,4,6,2026-05-13 06:45:59
7223,2205,Low,14,9,2026-03-29 16:08:23
7224,2206,Medium,13,8,2025-12-22 17:34:48
7225,2206,Medium,26,7,2026-01-12 11:33:51
7226,2206,Medium,18,9,2026-03-17 16:54:08
7227,2207,High,101,3,2026-03-01 03:40:52
7228,2207,High,24,2,2026-01-15 02:55:23
7229,2207,Medium,47,1,2025-12-26 05:40:02
7230,2207,Low,58,3,2026-02-28 19:53:31
7231,2207,Medium,36,2,2026-05-15 09:33:06
7232,2207,Medium,101,5,2026-03-03 16:27:21
7233,2207,High,49,3,2026-03-28 04:02:12
7234,2208,Medium,40,9,2026-01-23 06:24:37
7235,2209,Low,59,3,2025-12-19 18:31:24
7236,2209,Low,24,1,2025-11-21 01:15:40
7237,2209,High,30,5,2026-04-15 00:40:10
7238,2209,Medium,75,3,2026-02-20 11:57:05
7239,2209,Medium,50,5,2026-04-18 03:18:01
7240,2209,High,37,4,2025-12-17 13:16:57
7241,2209,Low,33,5,2026-04-28 07:16:02
7242,2209,High,41,1,2026-03-06 15:12:49
7243,2209,High,40,2,2026-04-25 05:49:40
7244,2210,Medium,13,7,2026-02-18 13:17:35
7245,2211,High,37,7,2026-04-14 13:10:40
7246,2211,High,21,8,2026-05-15 04:50:47
7247,2211,High,36,8,2025-12-07 17:08:28
7248,2211,Low,36,6,2025-12-24 04:52:16
7249,2212,Medium,34,4,2026-01-26 21:56:22
7250,2212,Medium,37,5,2026-04-04 14:29:44
7251,2212,Low,52,2,2025-12-05 23:17:07
7252,2212,Medium,73,5,2025-12-16 20:28:57
7253,2212,Medium,95,5,2026-02-26 20:26:34
7254,2212,Low,111,1,2026-02-14 09:29:34
7255,2212,Low,49,4,2025-12-11 14:15:36
7256,2213,Low,36,9,2026-01-30 06:55:48
7257,2213,High,11,8,2026-03-22 23:07:23
7258,2214,Medium,86,4,2025-11-30 23:44:06
7259,2214,High,87,5,2025-11-19 11:42:06
7260,2214,Low,29,3,2026-03-09 16:21:35
7261,2214,High,41,3,2026-04-07 12:28:09
7262,2214,Low,96,3,2025-11-21 19:39:11
7263,2214,Low,95,4,2025-12-29 08:33:54
7264,2214,High,99,4,2026-03-04 08:03:04
7265,2214,Low,118,1,2026-03-12 13:32:33
7266,2214,High,103,2,2026-05-07 17:59:27
7267,2215,Medium,14,8,2026-02-05 18:31:05
7268,2215,Low,13,6,2025-11-26 04:00:03
7269,2215,Medium,7,9,2026-01-15 09:04:33
7270,2216,Medium,37,7,2026-04-02 19:30:41
7271,2216,Medium,4,7,2026-04-09 06:09:58
7272,2216,Medium,35,7,2026-03-02 15:17:52
7273,2216,High,44,8,2025-11-18 20:31:35
7274,2218,Low,4,7,2026-02-23 04:39:53
7275,2218,Low,12,8,2026-04-19 16:53:21
7276,2218,High,10,7,2025-12-02 11:42:58
7277,2218,High,1,6,2026-05-06 03:20:07
7278,2219,Low,16,6,2026-02-21 11:31:24
7279,2219,Low,9,8,2026-02-26 06:30:18
7280,2219,Medium,9,9,2025-12-07 17:09:54
7281,2220,Low,64,2,2026-04-28 02:44:23
7282,2220,Medium,98,3,2025-12-10 23:13:45
7283,2220,High,31,5,2026-05-16 13:57:41
7284,2221,Medium,20,8,2025-11-30 00:25:07
7285,2221,High,35,9,2025-12-31 20:56:19
7286,2222,High,43,7,2026-02-05 23:01:57
7287,2222,Medium,19,8,2026-02-13 08:17:48
7288,2222,High,31,7,2026-01-27 10:56:45
7289,2223,Medium,40,7,2026-01-21 14:17:57
7290,2223,Low,39,9,2026-03-21 14:15:44
7291,2224,Low,36,6,2026-01-01 10:49:32
7292,2226,Medium,37,9,2026-05-06 22:10:28
7293,2226,High,9,7,2026-05-05 21:15:41
7294,2226,Low,20,6,2025-12-08 13:08:37
7295,2226,Medium,28,7,2026-05-03 01:57:41
7296,2227,Low,20,6,2025-11-29 08:17:19
7297,2227,Low,36,6,2026-01-18 22:05:07
7298,2227,Medium,27,9,2026-05-06 17:12:02
7299,2227,Low,32,6,2026-01-08 02:26:53
7300,2229,High,17,6,2026-02-28 19:06:51
7301,2230,Medium,9,9,2026-02-24 11:26:01
7302,2230,High,45,9,2026-04-24 07:16:04
7303,2230,Medium,2,9,2026-02-07 17:20:42
7304,2231,High,45,6,2026-01-22 02:18:22
7305,2231,Medium,30,9,2026-04-15 02:17:51
7306,2231,Medium,38,9,2026-03-08 00:13:02
7307,2231,High,1,9,2026-02-12 06:58:52
7308,2232,High,28,3,2026-04-02 02:25:08
7309,2232,High,59,1,2025-12-31 08:54:24
7310,2232,High,101,1,2026-03-13 12:55:49
7311,2232,High,117,4,2025-12-24 18:44:05
7312,2232,Medium,101,1,2026-03-05 09:10:25
7313,2232,Medium,91,1,2026-05-15 14:52:53
7314,2232,Low,97,3,2026-03-20 02:37:33
7315,2232,Low,30,2,2026-03-25 05:27:52
7316,2233,Low,13,9,2026-01-12 22:48:46
7317,2234,Low,66,1,2026-01-07 14:54:45
7318,2234,Low,59,2,2026-03-22 16:15:02
7319,2234,High,95,3,2026-04-09 09:58:01
7320,2234,Low,60,4,2026-04-27 19:42:53
7321,2234,Low,48,3,2025-12-01 10:39:53
7322,2234,Low,113,4,2026-04-06 22:46:27
7323,2235,High,102,5,2026-04-28 06:53:58
7324,2235,Low,97,5,2026-04-07 12:59:35
7325,2235,High,39,3,2026-02-02 13:32:48
7326,2235,Low,52,4,2025-12-25 23:34:59
7327,2235,Medium,74,2,2025-12-21 23:34:40
7328,2235,High,81,4,2026-02-25 04:55:30
7329,2235,High,39,1,2026-01-07 19:46:04
7330,2235,Low,25,4,2026-03-06 17:44:00
7331,2235,Low,88,5,2026-02-26 15:56:55
7332,2235,Medium,45,5,2025-11-25 06:53:02
7333,2236,Low,36,7,2025-11-29 05:52:03
7334,2236,Medium,13,6,2026-02-03 14:52:51
7335,2236,Medium,16,8,2025-12-26 13:36:50
7336,2239,Low,41,7,2026-02-16 19:39:28
7337,2240,Medium,32,9,2026-04-10 16:53:09
7338,2240,Medium,15,7,2026-01-18 09:04:50
7339,2240,Low,46,9,2026-03-04 18:03:53
7340,2241,High,42,6,2026-03-09 14:52:11
7341,2241,Low,12,9,2026-01-04 14:17:38
7342,2241,Low,1,6,2026-04-23 21:11:29
7343,2242,High,17,6,2025-11-22 01:26:59
7344,2242,Medium,28,8,2026-02-19 03:09:23
7345,2243,Medium,96,2,2025-12-05 16:53:31
7346,2243,Low,35,5,2026-02-13 14:51:07
7347,2243,Low,37,2,2026-05-08 15:25:39
7348,2244,Medium,95,5,2026-03-27 08:53:22
7349,2244,Medium,93,5,2025-12-01 11:19:57
7350,2244,High,56,1,2026-02-16 12:24:10
7351,2244,High,29,4,2026-03-22 02:27:53
7352,2244,High,113,1,2026-04-25 11:24:37
7353,2244,High,60,5,2025-12-04 09:47:40
7354,2244,High,31,5,2025-11-23 20:43:29
7355,2244,Medium,36,3,2026-04-10 10:40:12
7356,2244,Low,115,2,2025-12-19 08:38:58
7357,2245,Medium,18,6,2026-03-25 17:03:35
7358,2245,Medium,19,7,2025-11-21 00:17:00
7359,2245,High,32,7,2025-12-24 13:11:48
7360,2246,High,2,9,2025-11-20 17:44:35
7361,2246,High,13,8,2026-01-26 08:58:34
7362,2246,High,25,9,2026-03-13 14:58:52
7363,2246,Medium,11,6,2026-05-04 19:45:21
7364,2247,High,111,2,2026-03-26 08:30:58
7365,2247,Low,53,1,2025-12-04 10:25:03
7366,2247,High,57,5,2026-05-18 11:30:18
7367,2247,Low,71,3,2026-01-24 18:40:29
7368,2247,Medium,103,5,2026-01-23 07:17:30
7369,2247,High,113,4,2026-02-09 02:22:24
7370,2248,High,39,8,2026-02-11 22:38:55
7371,2248,Low,23,9,2026-04-29 09:40:36
7372,2249,High,84,4,2026-02-02 17:04:27
7373,2249,Medium,101,2,2025-12-28 02:08:03
7374,2249,Medium,50,4,2026-01-16 10:15:02
7375,2249,Low,105,4,2026-03-16 09:00:40
7376,2249,Medium,39,5,2026-01-06 01:46:40
7377,2249,High,81,5,2026-04-24 01:34:52
7378,2249,High,32,2,2026-03-17 07:01:46
7379,2250,Medium,51,1,2026-01-06 08:11:46
7380,2250,High,100,5,2025-12-16 03:30:24
7381,2250,Medium,59,1,2025-11-25 14:27:15
7382,2250,Low,70,3,2026-03-03 10:42:59
7383,2250,Low,99,5,2025-11-21 11:19:53
7384,2250,Medium,80,3,2026-03-20 11:03:22
7385,2250,High,80,4,2026-04-12 04:41:55
7386,2250,Low,39,4,2026-04-25 20:05:10
7387,2251,Medium,32,9,2026-05-03 19:17:41
7388,2251,Medium,23,6,2026-02-12 04:53:40
7389,2251,Low,16,7,2025-12-03 11:26:30
7390,2252,High,95,3,2026-03-09 14:06:52
7391,2252,High,53,1,2025-12-20 14:49:28
7392,2252,Medium,81,2,2026-02-25 02:15:06
7393,2252,High,101,4,2026-02-05 09:15:26
7394,2252,High,40,4,2026-02-05 12:15:25
7395,2252,High,38,2,2025-12-20 23:22:49
7396,2253,Low,32,6,2026-03-28 12:13:11
7397,2253,Medium,21,6,2026-03-19 20:04:55
7398,2253,High,40,6,2026-03-13 21:10:09
7399,2254,Medium,27,8,2026-04-01 19:08:07
7400,2254,High,16,9,2026-04-08 09:36:52
7401,2254,High,34,8,2026-03-13 03:06:01
7402,2255,Medium,1,6,2026-01-05 15:38:42
7403,2255,Low,31,9,2026-04-10 17:48:01
7404,2256,Medium,56,1,2025-12-19 03:09:44
7405,2256,High,105,4,2026-04-23 13:18:38
7406,2256,High,110,2,2026-04-09 13:41:21
7407,2256,Low,53,1,2026-05-04 11:07:10
7408,2256,High,68,5,2025-12-19 15:02:38
7409,2256,Medium,101,1,2026-05-16 12:08:30
7410,2257,Low,12,6,2025-11-22 10:37:50
7411,2258,Low,32,9,2026-05-10 10:21:11
7412,2259,Medium,24,9,2025-11-24 03:18:42
7413,2259,Low,13,9,2026-03-18 16:31:02
7414,2259,Medium,20,8,2026-02-24 22:00:45
7415,2259,Medium,4,7,2025-12-08 21:20:51
7416,2260,Low,34,9,2026-03-22 22:43:25
7417,2260,Low,2,6,2026-04-16 21:08:17
7418,2261,Low,47,7,2026-01-25 04:17:59
7419,2261,Low,26,8,2025-11-23 08:56:44
7420,2261,Medium,47,7,2025-12-17 16:40:29
7421,2261,Medium,20,7,2026-02-04 11:06:18
7422,2262,High,28,9,2026-04-19 16:43:53
7423,2262,Low,20,8,2026-04-22 19:22:24
7424,2263,High,97,5,2026-03-21 02:09:32
7425,2263,Low,46,5,2026-01-11 03:29:56
7426,2263,Low,64,4,2026-04-25 11:39:40
7427,2263,Medium,106,5,2026-01-14 00:22:33
7428,2263,Medium,105,1,2026-01-11 07:58:17
7429,2265,Low,27,7,2026-02-04 00:27:21
7430,2265,Low,10,7,2026-04-21 01:36:33
7431,2265,High,24,7,2026-01-02 09:06:22
7432,2265,Low,28,9,2025-12-01 15:06:46
7433,2266,Medium,89,5,2025-12-02 11:28:45
7434,2266,Medium,69,5,2025-12-13 15:43:35
7435,2266,Medium,98,2,2026-02-22 05:53:05
7436,2266,Low,66,3,2026-01-20 18:25:22
7437,2266,High,25,1,2026-02-23 04:42:12
7438,2266,Medium,60,4,2025-11-30 00:13:58
7439,2266,Low,58,2,2026-03-09 00:06:32
7440,2266,High,109,3,2026-04-20 20:49:34
7441,2266,High,91,4,2025-12-13 13:29:49
7442,2266,High,62,4,2025-12-22 06:41:22
7443,2268,Medium,77,1,2026-03-27 13:01:11
7444,2268,Medium,42,3,2026-03-22 18:14:10
7445,2268,Low,55,1,2025-12-02 02:51:11
7446,2269,High,58,1,2026-04-14 11:28:35
7447,2269,High,65,5,2026-02-03 07:22:13
7448,2269,Low,93,4,2026-01-04 14:02:47
7449,2269,High,40,1,2026-01-21 09:14:48
7450,2271,Low,14,9,2026-01-26 17:21:00
7451,2271,Low,37,6,2026-03-07 12:57:21
7452,2271,High,40,8,2026-02-28 21:54:50
7453,2271,Low,32,9,2026-03-13 12:27:53
7454,2272,Medium,37,9,2026-03-25 03:35:24
7455,2273,High,14,8,2026-01-15 04:47:38
7456,2274,High,19,8,2026-01-05 02:20:11
7457,2274,Medium,46,6,2026-01-02 10:32:07
7458,2275,Medium,38,6,2025-12-06 20:44:19
7459,2275,High,19,9,2026-05-02 15:38:39
7460,2275,Low,4,9,2026-01-29 18:52:01
7461,2275,Low,11,7,2026-05-01 10:23:16
7462,2276,Medium,4,6,2026-02-12 15:39:28
7463,2276,Low,8,7,2025-12-26 13:01:38
7464,2278,Medium,34,8,2026-03-07 03:50:23
7465,2279,Low,31,8,2026-02-05 03:02:10
7466,2279,Low,38,6,2026-03-05 05:45:34
7467,2279,Medium,21,7,2026-01-22 14:02:34
7468,2280,Medium,117,2,2025-12-01 16:47:50
7469,2280,High,49,3,2026-03-25 11:31:54
7470,2280,Low,31,4,2025-12-10 07:10:05
7471,2280,Low,95,2,2026-03-06 02:02:29
7472,2280,Medium,39,1,2026-03-27 03:13:58
7473,2280,Medium,36,4,2025-12-28 03:06:30
7474,2280,High,114,1,2026-03-09 01:32:46
7475,2280,Medium,50,2,2026-04-16 00:44:39
7476,2281,High,49,4,2026-01-10 07:13:08
7477,2281,High,106,3,2026-04-20 23:07:40
7478,2281,Low,92,1,2026-03-18 10:51:29
7479,2281,Low,107,5,2026-03-14 01:08:32
7480,2281,High,31,5,2026-03-18 03:03:48
7481,2281,Medium,104,4,2026-02-18 15:39:10
7482,2281,Low,88,3,2026-05-08 15:42:39
7483,2281,Low,69,2,2025-12-25 05:08:47
7484,2282,Medium,31,9,2026-03-19 04:32:03
7485,2282,Medium,43,8,2026-02-16 23:28:50
7486,2282,Medium,46,9,2026-03-03 20:47:50
7487,2283,Low,58,4,2026-03-04 20:46:57
7488,2283,Medium,74,4,2026-03-17 15:40:48
7489,2283,Low,103,5,2025-12-22 05:47:07
7490,2283,Low,107,3,2025-12-09 01:43:37
7491,2283,High,28,5,2025-12-12 14:44:12
7492,2283,High,43,4,2026-01-10 15:36:04
7493,2283,Low,57,2,2026-02-14 21:02:19
7494,2283,Low,77,2,2026-02-20 22:34:18
7495,2284,Medium,19,6,2025-11-25 02:27:03
7496,2284,Medium,5,6,2025-11-27 00:50:10
7497,2285,Medium,41,4,2025-12-07 09:19:50
7498,2285,Low,78,5,2026-02-01 10:41:40
7499,2285,Medium,73,3,2025-12-25 23:35:31
7500,2285,Low,102,5,2026-02-21 03:38:26
7501,2285,High,36,4,2025-12-12 17:22:05
7502,2286,High,13,9,2025-11-21 06:43:20
7503,2288,Medium,2,8,2025-11-27 16:55:51
7504,2288,Medium,47,8,2026-05-03 03:36:41
7505,2288,Medium,19,6,2026-02-19 05:03:40
7506,2288,High,37,7,2026-03-06 17:42:50
7507,2289,High,77,4,2025-12-23 12:45:54
7508,2289,High,109,3,2026-01-11 23:08:30
7509,2289,Medium,78,4,2026-04-16 05:09:46
7510,2289,Medium,57,3,2026-03-31 06:54:26
7511,2289,Low,30,3,2026-04-27 10:35:31
7512,2289,Medium,70,1,2026-02-08 02:25:40
7513,2289,High,25,2,2026-05-10 01:43:20
7514,2290,Low,16,6,2026-04-03 03:43:50
7515,2290,High,15,9,2025-12-26 00:25:41
7516,2290,Medium,15,8,2026-04-26 03:52:47
7517,2290,Medium,14,7,2025-12-14 17:18:23
7518,2291,High,14,7,2026-03-27 12:58:44
7519,2292,High,101,1,2026-03-24 01:57:51
7520,2292,Medium,41,4,2026-02-02 22:30:22
7521,2292,High,85,1,2026-01-06 20:45:32
7522,2292,Medium,103,4,2026-03-07 13:00:47
7523,2292,Low,55,4,2026-05-15 08:25:07
7524,2292,Medium,96,3,2026-02-24 16:12:59
7525,2292,Low,75,1,2026-03-02 04:21:28
7526,2292,Low,86,2,2026-03-15 17:08:21
7527,2292,High,86,1,2025-12-03 23:15:24
7528,2292,Medium,72,4,2025-12-19 18:39:00
7529,2293,High,17,7,2026-04-22 14:28:22
7530,2293,High,23,7,2026-03-12 18:32:55
7531,2293,High,8,6,2026-01-05 00:36:00
7532,2294,High,46,1,2025-12-26 22:42:20
7533,2294,High,85,4,2026-01-24 06:23:56
7534,2294,Medium,109,4,2026-05-08 00:00:44
7535,2294,Low,46,1,2026-04-20 16:52:28
7536,2294,Low,58,3,2025-12-02 08:52:29
7537,2295,High,57,1,2025-12-11 02:12:32
7538,2295,Medium,69,1,2026-02-05 02:53:13
7539,2295,High,68,3,2025-11-21 03:32:52
7540,2295,Low,117,3,2025-11-25 10:58:44
7541,2295,Low,101,2,2026-04-29 14:31:03
7542,2295,Low,62,1,2026-04-06 13:21:40
7543,2295,High,41,3,2025-11-29 18:54:58
7544,2296,Medium,32,6,2026-05-01 05:58:15
7545,2296,Low,40,9,2026-01-05 02:25:22
7546,2296,Medium,27,7,2026-05-15 20:49:05
7547,2296,High,33,9,2025-12-24 20:04:51
7548,2297,High,39,7,2026-05-10 07:04:55
7549,2297,Low,43,8,2026-02-22 08:27:36
7550,2297,High,47,6,2025-12-17 18:21:05
7551,2299,Medium,79,2,2026-02-12 04:40:57
7552,2299,High,101,1,2026-04-11 16:21:45
7553,2299,High,51,2,2025-12-18 01:21:07
7554,2299,Medium,87,1,2026-04-07 19:29:03
7555,2299,Low,64,4,2026-03-14 13:56:38
7556,2299,Low,27,1,2026-04-23 17:19:04
7557,2299,High,53,4,2026-03-22 09:58:15
7558,2299,Low,69,2,2026-02-09 23:07:06
7559,2300,Medium,100,5,2026-03-04 15:18:09
7560,2300,High,67,5,2026-01-19 01:09:44
7561,2300,High,116,4,2025-12-22 11:01:10
7562,2300,Low,101,4,2025-12-17 04:02:44
7563,2300,Medium,73,3,2025-11-23 13:34:59
7564,2300,Medium,48,4,2026-03-02 05:01:54
7565,2300,Low,91,5,2025-11-22 15:19:50
7566,2300,High,41,5,2026-04-17 22:03:54
7567,2300,High,61,4,2026-03-08 12:12:16
7568,2300,High,111,4,2026-03-10 06:19:48
7569,2301,High,21,9,2026-02-20 04:05:02
7570,2301,Low,16,8,2026-01-29 04:58:11
7571,2301,Medium,17,6,2026-02-15 10:03:53
7572,2301,Medium,35,9,2026-02-04 02:32:37
7573,2302,High,29,8,2026-05-11 00:16:43
7574,2302,High,18,9,2026-03-21 17:02:48
7575,2303,High,19,9,2026-02-02 11:47:18
7576,2303,Low,22,8,2025-12-09 03:45:41
7577,2303,High,15,6,2025-12-16 04:27:24
7578,2303,Medium,2,9,2025-12-13 15:52:20
7579,2304,High,8,7,2026-05-10 19:17:47
7580,2304,Low,25,7,2026-03-15 23:10:50
7581,2304,Low,9,6,2026-02-09 15:29:15
7582,2304,Medium,13,7,2026-05-05 20:10:06
7583,2305,High,30,8,2026-04-16 13:40:47
7584,2305,Low,15,7,2026-02-03 01:45:00
7585,2305,Medium,7,7,2025-12-06 12:35:22
7586,2305,Medium,11,9,2026-04-10 07:35:33
7587,2307,High,38,9,2026-02-17 18:32:43
7588,2308,Medium,2,8,2026-03-01 09:12:36
7589,2308,Low,39,7,2025-12-19 09:02:54
7590,2308,Low,44,6,2026-04-22 03:06:20
7591,2310,Low,7,7,2025-11-29 13:08:49
7592,2310,Medium,40,8,2026-03-14 08:07:05
7593,2310,Low,4,8,2026-01-03 11:37:21
7594,2311,Low,74,4,2026-01-31 07:26:32
7595,2311,Medium,87,1,2026-01-04 20:26:22
7596,2311,High,36,2,2025-12-22 21:58:14
7597,2311,High,44,1,2026-02-12 14:01:04
7598,2311,Medium,31,4,2026-04-12 01:12:43
7599,2311,High,71,5,2026-04-14 00:59:09
7600,2311,High,66,4,2026-03-23 22:20:44
7601,2311,High,76,5,2026-04-26 02:28:43
7602,2311,Medium,108,3,2025-12-06 20:54:04
7603,2311,Medium,42,3,2025-12-09 13:25:40
7604,2312,Medium,43,8,2026-01-06 18:25:53
7605,2312,High,40,9,2026-01-21 12:46:05
7606,2312,Medium,42,9,2026-04-05 17:54:34
7607,2312,Medium,5,9,2026-05-01 22:55:57
7608,2313,High,41,9,2026-02-02 22:52:48
7609,2313,Medium,11,9,2026-04-03 12:01:43
7610,2313,Low,39,8,2026-03-24 13:49:29
7611,2314,High,24,6,2026-03-07 20:25:33
7612,2315,Medium,21,9,2026-05-16 03:12:48
7613,2316,Low,23,6,2026-03-07 16:52:57
7614,2316,High,38,8,2026-03-13 22:09:00
7615,2316,High,8,8,2026-05-17 03:34:55
7616,2317,Low,2,7,2026-01-11 01:22:23
7617,2317,High,13,7,2026-03-26 03:54:38
7618,2317,Low,23,6,2026-04-01 21:17:32
7619,2317,Medium,38,6,2026-03-19 15:19:35
7620,2318,Low,107,1,2026-02-01 03:12:07
7621,2318,High,52,2,2026-04-11 05:55:46
7622,2318,Low,102,2,2025-12-10 08:57:44
7623,2318,High,26,5,2026-01-21 22:11:30
7624,2318,Medium,116,5,2026-04-24 12:39:52
7625,2318,Low,31,5,2026-05-17 18:04:18
7626,2318,High,52,2,2025-11-24 10:57:03
7627,2318,Medium,73,5,2026-03-02 16:37:32
7628,2318,Low,88,4,2026-05-02 16:34:03
7629,2318,Low,43,4,2025-12-03 14:33:07
7630,2319,High,21,6,2025-12-05 16:07:29
7631,2319,Medium,8,8,2025-12-03 03:56:56
7632,2320,High,70,3,2026-03-17 20:23:07
7633,2320,Low,29,4,2026-05-16 23:10:02
7634,2320,Low,68,4,2026-04-10 17:59:49
7635,2321,Medium,106,5,2026-01-29 16:07:41
7636,2321,Medium,41,1,2025-12-04 23:29:21
7637,2321,Medium,48,3,2026-04-16 05:30:54
7638,2321,Medium,30,4,2026-01-01 18:38:28
7639,2321,Medium,52,4,2026-04-28 13:21:49
7640,2321,Low,59,3,2026-01-22 07:45:29
7641,2321,Low,29,1,2026-03-02 05:07:46
7642,2321,Low,54,1,2026-01-24 05:43:49
7643,2322,Medium,20,7,2026-01-31 08:37:23
7644,2322,Low,37,8,2026-02-22 10:01:44
7645,2322,Medium,13,6,2025-12-18 13:03:20
7646,2322,Medium,2,7,2025-12-24 17:07:12
7647,2323,Low,21,6,2025-12-30 01:27:50
7648,2324,Low,24,6,2026-05-09 04:15:09
7649,2324,Low,44,7,2026-04-29 11:12:07
7650,2324,High,34,9,2026-02-21 09:51:35
7651,2325,Low,9,7,2026-01-23 18:06:31
7652,2325,Low,30,7,2025-12-30 19:27:36
7653,2326,Medium,46,8,2026-03-23 15:06:28
7654,2326,High,43,6,2026-04-04 05:58:14
7655,2326,Medium,36,6,2026-04-20 18:06:44
7656,2327,Medium,94,1,2026-04-13 07:05:20
7657,2327,Medium,68,1,2026-03-29 05:40:01
7658,2327,Medium,34,4,2026-05-05 02:38:56
7659,2327,High,86,5,2026-04-25 04:33:10
7660,2327,High,113,2,2026-02-25 21:10:14
7661,2327,Low,35,4,2026-02-14 11:11:57
7662,2327,Low,114,2,2026-02-23 04:47:53
7663,2327,High,106,5,2026-05-11 07:22:57
7664,2327,High,81,5,2026-05-11 10:11:46
7665,2327,Medium,50,4,2026-01-15 21:46:59
7666,2328,High,49,3,2026-05-02 16:34:51
7667,2328,Medium,72,2,2026-02-03 15:22:38
7668,2328,Low,44,1,2026-01-28 02:55:09
7669,2328,High,115,2,2026-01-05 13:24:34
7670,2328,Medium,81,1,2026-04-28 01:43:26
7671,2328,Low,49,4,2026-05-06 22:12:02
7672,2328,High,48,5,2026-01-19 06:23:55
7673,2328,High,56,1,2026-01-12 17:58:51
7674,2328,High,95,5,2025-12-28 09:05:40
7675,2328,Medium,29,4,2026-04-29 00:41:57
7676,2329,Low,53,3,2026-04-30 11:58:19
7677,2329,Medium,54,3,2026-05-08 09:58:03
7678,2329,Medium,100,4,2025-11-21 07:30:20
7679,2329,High,89,5,2026-04-09 07:00:52
7680,2329,Low,59,1,2026-03-12 14:39:31
7681,2329,High,51,4,2026-04-26 09:26:52
7682,2329,Medium,45,3,2026-01-22 10:31:40
7683,2329,High,47,3,2025-12-15 04:42:25
7684,2329,Medium,53,2,2025-11-29 10:40:44
7685,2331,High,2,6,2026-04-28 19:43:57
7686,2332,High,101,1,2026-05-09 02:21:29
7687,2332,High,105,3,2026-04-18 14:52:57
7688,2332,High,67,5,2025-11-22 01:37:23
7689,2333,High,113,4,2026-02-07 21:14:53
7690,2333,High,35,2,2026-01-10 06:20:40
7691,2333,Low,32,1,2026-05-11 06:43:52
7692,2333,High,108,1,2026-03-19 16:01:58
7693,2333,High,76,3,2025-12-08 12:49:53
7694,2333,Low,47,2,2025-11-28 06:49:10
7695,2333,Low,95,4,2026-02-22 14:07:46
7696,2334,High,56,5,2025-12-07 00:52:36
7697,2334,High,77,5,2026-05-02 01:26:14
7698,2334,Low,72,1,2025-12-30 03:21:52
7699,2335,High,38,7,2026-03-26 03:29:18
7700,2335,Low,39,7,2026-05-07 03:37:21
7701,2335,Low,26,6,2026-02-04 08:59:22
7702,2336,Low,32,6,2026-04-12 05:10:26
7703,2336,Low,15,9,2026-03-10 11:26:27
7704,2336,Medium,21,7,2025-12-25 06:02:53
7705,2336,Low,30,9,2026-01-17 22:18:23
7706,2337,High,13,9,2026-01-14 22:57:34
7707,2338,Medium,30,7,2026-02-13 22:33:56
7708,2338,Low,19,8,2026-02-15 16:25:22
7709,2338,High,44,8,2026-03-21 16:03:45
7710,2338,High,25,7,2026-02-10 02:07:30
7711,2339,Medium,14,7,2026-04-23 22:54:46
7712,2339,High,12,9,2026-05-08 04:19:01
7713,2341,Low,23,7,2026-01-24 07:24:59
7714,2341,Medium,30,7,2025-12-25 12:37:20
7715,2341,Medium,30,6,2026-03-02 21:14:16
7716,2342,Medium,30,6,2026-03-21 08:11:59
7717,2344,Medium,36,9,2026-03-19 07:44:10
7718,2344,Medium,34,9,2026-04-21 07:14:47
7719,2344,Medium,24,7,2025-12-20 14:23:53
7720,2344,Low,26,9,2026-01-15 04:18:05
7721,2347,Low,14,8,2026-04-26 06:47:07
7722,2347,Medium,2,9,2026-01-01 04:54:31
7723,2347,Low,4,6,2025-12-01 06:14:20
7724,2347,Low,20,8,2025-12-26 06:42:37
7725,2348,Low,101,1,2026-04-17 00:57:39
7726,2348,Low,48,3,2026-04-08 06:11:14
7727,2348,Medium,92,2,2026-03-09 13:07:05
7728,2348,Medium,63,4,2025-12-03 13:22:13
7729,2348,High,30,3,2026-02-16 04:10:51
7730,2348,Low,58,1,2026-02-23 06:37:06
7731,2348,Low,56,2,2026-03-02 01:37:01
7732,2349,Low,80,4,2026-03-14 09:15:41
7733,2349,Low,101,4,2026-02-20 16:11:00
7734,2349,High,61,4,2026-01-30 02:20:24
7735,2349,Low,44,4,2026-04-15 12:31:17
7736,2349,Medium,29,1,2026-01-10 01:45:05
7737,2349,Medium,38,4,2025-12-12 14:26:07
7738,2349,Low,26,3,2025-12-05 09:44:40
7739,2349,Medium,70,3,2026-02-22 03:27:48
7740,2350,Medium,37,2,2025-11-19 20:14:22
7741,2350,Medium,52,4,2026-05-10 19:28:54
7742,2350,Medium,49,3,2025-11-18 18:51:05
7743,2350,Medium,35,2,2026-03-10 16:13:52
7744,2350,Low,40,3,2026-01-14 12:04:07
7745,2351,Low,33,1,2026-02-08 19:36:27
7746,2351,Low,66,5,2025-12-30 13:45:33
7747,2351,High,38,3,2025-12-27 07:42:26
7748,2352,Low,21,6,2026-03-02 15:34:36
7749,2352,Medium,21,9,2026-05-04 02:13:32
7750,2352,High,44,9,2026-02-06 00:55:58
7751,2352,High,5,8,2026-04-15 16:46:47
7752,2353,Low,9,6,2026-02-01 16:13:54
7753,2353,Medium,18,6,2025-11-23 10:43:02
7754,2353,Low,8,9,2026-04-28 00:11:25
7755,2354,Medium,34,7,2026-04-24 20:31:03
7756,2354,High,41,6,2026-04-18 03:14:06
7757,2355,Low,24,9,2026-02-08 00:49:41
7758,2355,Medium,24,9,2026-03-01 20:30:03
7759,2355,Low,32,9,2026-01-12 18:48:10
7760,2356,High,33,7,2026-02-20 16:28:51
7761,2356,Low,44,6,2026-04-26 21:43:59
7762,2356,Low,34,8,2026-02-23 22:36:28
7763,2357,High,118,2,2026-03-06 02:41:24
7764,2357,High,46,4,2026-02-02 03:38:19
7765,2357,High,109,3,2025-12-18 17:33:25
7766,2357,Low,105,1,2026-03-07 05:16:36
7767,2357,Low,70,4,2025-11-20 18:32:19
7768,2357,High,100,5,2026-03-20 22:12:42
7769,2357,High,88,4,2026-03-15 01:56:55
7770,2358,Medium,4,9,2026-04-06 00:04:47
7771,2359,Medium,59,5,2026-04-29 18:48:10
7772,2359,Low,25,4,2026-02-18 17:08:14
7773,2359,High,49,4,2026-05-03 09:12:41
7774,2359,High,114,3,2025-12-28 09:33:12
7775,2359,Low,61,3,2026-01-06 05:18:28
7776,2359,Low,97,5,2025-11-18 16:07:40
7777,2359,Medium,61,5,2026-02-23 15:40:34
7778,2359,High,82,3,2026-04-03 20:55:23
7779,2359,Low,27,5,2026-04-14 20:40:32
7780,2360,High,4,9,2025-11-21 16:34:19
7781,2361,High,45,9,2026-03-20 19:27:57
7782,2361,Medium,25,7,2026-04-02 09:02:16
7783,2361,Low,11,6,2026-05-06 05:33:41
7784,2363,High,34,7,2026-02-27 06:45:36
7785,2363,Medium,14,9,2025-11-24 18:11:26
7786,2363,High,24,8,2026-04-17 01:30:52
7787,2364,Low,39,7,2026-01-03 08:53:42
7788,2366,Medium,43,9,2026-01-19 19:25:31
7789,2366,High,39,6,2025-12-31 18:24:15
7790,2366,Medium,16,7,2026-03-12 13:38:59
7791,2367,Medium,38,8,2026-01-20 04:29:27
7792,2367,High,32,7,2026-04-26 23:11:35
7793,2367,Low,34,9,2026-02-23 08:25:02
7794,2368,High,8,7,2025-12-08 21:03:16
7795,2368,Medium,27,8,2025-12-21 07:42:57
7796,2368,Low,27,6,2025-11-30 10:02:51
7797,2368,Low,46,6,2026-01-11 00:01:57
7798,2369,Medium,102,1,2026-03-12 08:30:05
7799,2369,Low,109,2,2026-01-07 08:26:03
7800,2369,Medium,35,3,2026-03-13 07:25:37
7801,2369,High,62,1,2026-03-28 13:02:04
7802,2371,High,10,7,2026-05-18 18:28:35
7803,2372,Medium,10,7,2025-12-21 23:36:39
7804,2372,Medium,46,6,2026-05-12 19:06:03
7805,2372,Low,29,7,2026-02-06 22:30:29
7806,2372,High,41,6,2025-12-14 00:33:46
7807,2373,Medium,9,8,2025-12-06 00:18:32
7808,2373,High,13,6,2026-01-04 09:57:58
7809,2373,Medium,14,6,2026-04-23 14:55:45
7810,2373,High,9,9,2026-03-24 01:20:54
7811,2374,High,39,9,2026-01-15 03:17:03
7812,2374,Medium,3,8,2025-12-22 23:57:18
7813,2375,Low,47,9,2026-01-27 08:44:06
7814,2375,High,33,9,2026-03-17 06:52:07
7815,2376,Medium,7,8,2025-11-29 00:05:09
7816,2376,Low,34,7,2026-03-05 05:29:28
7817,2377,High,73,1,2026-01-19 10:44:53
7818,2377,Medium,106,3,2026-03-27 13:54:07
7819,2377,Low,77,3,2025-12-25 08:29:51
7820,2377,High,113,1,2026-04-02 13:39:44
7821,2377,Low,51,3,2026-04-17 09:03:32
7822,2377,High,50,4,2025-11-19 12:37:40
7823,2377,Low,42,1,2026-02-19 15:27:53
7824,2377,High,74,5,2026-05-11 19:30:37
7825,2377,Medium,66,5,2026-05-01 07:47:28
7826,2377,Low,117,1,2025-11-19 04:22:57
7827,2379,Medium,43,9,2026-03-30 19:48:02
7828,2380,High,8,7,2025-12-01 12:58:26
7829,2380,High,12,7,2026-01-16 07:46:26
7830,2380,Medium,13,7,2025-12-19 13:36:17
7831,2380,Medium,18,7,2026-04-21 17:57:35
7832,2381,Low,20,9,2026-01-29 05:19:58
7833,2381,High,37,8,2026-03-14 21:15:49
7834,2381,High,27,8,2026-03-23 09:23:39
7835,2381,Low,34,6,2026-02-17 11:23:56
7836,2382,Low,22,9,2025-12-27 07:38:19
7837,2382,High,23,8,2026-01-12 21:46:45
7838,2382,Medium,4,8,2025-11-23 04:51:37
7839,2382,High,41,8,2026-04-21 11:53:49
7840,2384,Medium,47,9,2026-01-09 18:27:12
7841,2384,High,9,9,2026-02-12 22:23:20
7842,2385,Medium,108,1,2026-03-19 06:50:30
7843,2385,Low,78,5,2026-04-18 23:27:53
7844,2385,High,103,1,2026-03-19 00:00:32
7845,2385,Low,49,1,2026-05-18 15:52:23
7846,2385,Low,86,5,2026-03-09 10:33:08
7847,2385,Medium,96,1,2026-04-21 04:50:21
7848,2385,Medium,88,5,2025-12-03 00:25:29
7849,2385,Low,79,1,2026-03-25 11:12:11
7850,2386,Low,93,4,2026-02-10 06:01:33
7851,2386,Low,68,2,2025-11-27 19:46:22
7852,2386,High,51,3,2026-01-25 06:22:11
7853,2386,Low,61,4,2026-04-30 06:09:09
7854,2386,Medium,98,5,2025-11-26 17:25:03
7855,2386,High,87,2,2026-05-11 19:01:39
7856,2386,High,26,4,2026-02-17 06:53:04
7857,2386,Medium,114,5,2026-01-11 15:05:12
7858,2386,Low,53,5,2025-12-24 01:05:20
7859,2386,Low,61,5,2026-04-02 02:28:42
7860,2387,High,83,2,2026-04-28 13:28:51
7861,2387,Low,75,5,2026-01-30 20:08:25
7862,2387,Low,83,5,2025-12-18 21:10:06
7863,2387,Medium,40,1,2026-01-03 13:57:39
7864,2387,Medium,41,1,2026-03-18 20:32:55
7865,2387,Low,60,4,2025-11-29 06:25:47
7866,2387,Medium,61,4,2026-02-26 06:16:04
7867,2388,High,11,9,2026-04-26 03:26:18
7868,2388,High,20,6,2025-12-27 17:47:35
7869,2388,High,1,7,2025-12-20 19:14:37
7870,2389,Low,3,8,2026-02-08 12:59:50
7871,2390,High,86,5,2026-05-07 06:42:01
7872,2390,Medium,46,1,2025-12-19 10:09:43
7873,2390,Low,106,5,2025-12-10 09:55:31
7874,2390,Medium,78,4,2026-05-05 16:04:29
7875,2390,High,42,3,2025-11-23 03:07:58
7876,2390,High,114,4,2025-12-21 05:58:37
7877,2391,Low,12,8,2025-12-15 16:21:40
7878,2391,High,27,7,2026-01-20 07:21:52
7879,2391,Low,34,6,2026-04-15 14:07:44
7880,2392,High,28,8,2026-04-04 13:54:59
7881,2392,High,32,7,2026-01-09 08:19:09
7882,2392,High,20,9,2026-05-08 13:58:42
7883,2392,High,35,8,2025-12-07 18:53:39
7884,2393,Low,31,7,2026-04-17 04:33:56
7885,2394,Low,22,6,2026-03-22 17:53:08
7886,2394,High,41,6,2026-05-07 14:14:35
7887,2394,Low,9,8,2026-01-29 12:06:17
7888,2394,Low,15,6,2026-05-17 17:41:54
7889,2395,High,22,9,2026-04-14 08:13:13
7890,2395,Low,32,7,2026-03-27 19:16:27
7891,2396,High,26,7,2026-02-27 06:09:08
7892,2396,Medium,38,7,2026-04-30 16:16:26
7893,2396,Low,8,9,2026-03-20 09:30:38
7894,2396,High,21,9,2026-02-25 13:24:22
7895,2398,High,46,8,2026-03-22 13:48:19
7896,2398,Medium,28,7,2026-02-18 04:33:16
7897,2398,High,44,9,2026-02-07 23:35:21
7898,2398,High,6,9,2026-01-31 12:20:19
7899,2399,Low,31,6,2026-04-02 18:42:06
7900,2399,Medium,44,8,2026-04-23 01:29:25
7901,2399,High,8,6,2025-12-03 09:25:48
7902,2400,Medium,25,1,2026-04-24 01:00:14
7903,2400,Medium,75,5,2026-02-09 13:19:27
7904,2400,Medium,60,2,2025-11-27 22:16:57
7905,2401,Low,44,6,2026-04-23 11:21:29
7906,2401,High,38,8,2026-03-31 07:03:17
7907,2402,Medium,117,4,2026-02-26 14:04:12
7908,2402,Medium,74,5,2026-04-18 22:04:44
7909,2402,High,58,2,2026-01-24 00:31:32
7910,2402,Low,80,1,2026-03-06 11:11:59
7911,2402,High,29,5,2026-05-04 13:25:45
7912,2402,Low,82,4,2025-12-09 12:43:33
7913,2402,Low,53,4,2025-12-07 19:57:55
7914,2402,Medium,25,2,2026-05-04 16:39:49
7915,2402,Medium,59,5,2026-04-19 09:24:13
7916,2402,High,32,1,2026-01-31 21:34:11
7917,2403,Medium,100,2,2026-05-19 13:44:19
7918,2403,Low,102,2,2026-01-28 05:03:31
7919,2403,Medium,66,5,2026-05-08 03:51:30
7920,2403,Low,118,5,2026-01-09 19:07:24
7921,2403,Medium,70,3,2025-12-07 03:37:12
7922,2403,Low,114,1,2025-12-14 02:00:59
7923,2403,High,60,3,2026-01-22 13:13:18
7924,2403,Low,115,4,2026-01-03 02:54:03
7925,2403,High,80,4,2025-11-30 20:56:40
7926,2403,Low,59,4,2026-03-27 10:21:04
7927,2404,Low,18,6,2026-05-02 17:01:14
7928,2404,Low,35,9,2025-12-06 09:36:44
7929,2404,Low,14,8,2026-03-19 11:34:55
7930,2405,Medium,113,4,2026-04-07 22:11:06
7931,2405,Medium,38,2,2026-03-29 18:32:51
7932,2405,Low,40,4,2026-03-01 09:43:00
7933,2405,High,105,5,2026-01-17 12:18:43
7934,2405,High,39,5,2026-05-17 05:14:02
7935,2408,Medium,2,9,2026-02-11 00:25:28
7936,2408,Low,28,6,2025-12-18 08:05:22
7937,2408,High,41,7,2026-01-27 12:47:05
7938,2409,Medium,27,8,2026-03-09 21:57:59
7939,2409,Low,41,9,2026-02-26 17:12:40
7940,2411,Low,47,8,2026-01-28 17:35:01
7941,2411,Medium,1,7,2026-05-05 03:57:40
7942,2411,Low,29,6,2026-03-03 22:55:25
7943,2412,High,95,1,2025-12-24 19:04:38
7944,2412,Low,39,2,2026-04-26 20:54:11
7945,2412,Low,51,2,2026-03-07 12:17:12
7946,2412,High,45,1,2025-12-10 01:30:39
7947,2412,High,99,3,2026-01-07 08:57:30
7948,2412,Medium,112,2,2026-03-03 08:09:23
7949,2412,Low,82,5,2025-12-09 15:59:23
7950,2412,High,57,3,2026-01-23 01:40:45
7951,2413,High,10,8,2026-03-13 11:57:31
7952,2413,Low,7,9,2025-12-09 18:53:23
7953,2413,Low,37,8,2025-11-25 06:32:34
7954,2416,Medium,15,7,2025-12-01 13:14:24
7955,2416,High,24,7,2026-04-05 05:28:38
7956,2416,Low,26,7,2025-11-27 19:50:07
7957,2417,Low,26,7,2026-04-08 00:57:04
7958,2418,Low,33,1,2026-05-07 22:03:05
7959,2418,Medium,101,2,2026-04-08 18:57:36
7960,2418,High,100,3,2026-01-19 23:13:32
7961,2418,High,96,2,2026-03-28 08:21:06
7962,2418,Medium,32,1,2026-02-04 02:03:07
7963,2418,Low,50,5,2026-05-01 03:20:25
7964,2418,Low,104,4,2025-11-24 21:17:29
7965,2418,High,94,3,2025-11-19 06:50:31
7966,2418,Low,30,4,2025-11-29 23:47:00
7967,2418,High,106,4,2026-03-31 07:23:02
7968,2420,Medium,44,8,2025-12-25 04:04:12
7969,2420,Medium,40,8,2026-04-15 11:48:51
7970,2422,Low,93,1,2026-01-01 15:44:36
7971,2422,High,82,5,2026-01-28 01:49:21
7972,2422,High,109,1,2026-03-15 14:11:19
7973,2422,High,104,2,2025-11-19 05:55:53
7974,2422,Low,85,1,2026-05-03 03:35:40
7975,2422,Medium,68,2,2026-03-04 12:38:49
7976,2422,Medium,111,4,2026-01-16 07:15:38
7977,2422,Medium,83,2,2026-05-01 23:04:45
7978,2422,Medium,25,2,2026-04-14 05:37:25
7979,2423,High,27,7,2026-04-24 23:32:07
7980,2423,Low,39,6,2025-12-21 23:21:46
7981,2423,Medium,12,9,2025-12-24 12:41:00
7982,2423,High,28,8,2025-12-09 16:28:43
7983,2425,High,28,7,2026-04-13 01:17:24
7984,2425,Medium,25,9,2026-04-27 22:26:28
7985,2425,High,26,9,2026-02-27 07:10:02
7986,2426,Low,3,6,2026-01-26 04:48:34
7987,2429,High,17,8,2026-04-11 15:45:04
7988,2429,Low,5,8,2026-03-18 20:56:51
7989,2429,High,39,7,2026-03-18 20:55:55
7990,2429,Low,34,8,2026-02-09 04:48:45
7991,2430,Low,16,9,2026-01-10 06:18:28
7992,2430,High,47,8,2026-02-01 00:17:36
7993,2430,High,27,6,2026-04-02 20:59:06
7994,2430,Medium,38,7,2026-05-05 20:49:25
7995,2431,Medium,73,1,2026-04-08 19:44:35
7996,2431,Medium,49,1,2026-05-10 09:24:44
7997,2431,High,27,2,2026-03-24 22:34:41
7998,2431,High,101,2,2026-01-31 01:19:26
7999,2431,Medium,88,2,2025-12-16 05:30:49
8000,2431,Low,84,4,2026-01-12 23:51:03
8001,2431,Low,97,2,2026-04-17 02:48:24
8002,2431,Low,111,2,2026-02-07 22:14:19
8003,2434,Medium,28,8,2026-03-27 03:35:51
8004,2435,Medium,40,6,2026-02-07 05:48:04
8005,2435,High,33,9,2026-03-27 18:04:10
8006,2435,High,7,6,2026-03-12 10:08:25
8007,2435,Medium,16,6,2026-05-12 09:25:09
8008,2436,High,34,9,2026-03-03 16:22:16
8009,2436,High,23,8,2025-12-17 13:35:00
8010,2437,Low,25,6,2025-11-20 19:30:03
8011,2438,Medium,13,9,2025-12-02 10:53:27
8012,2438,High,24,8,2026-04-09 17:12:36
8013,2438,Medium,17,6,2026-05-08 07:58:00
8014,2439,Medium,13,7,2026-04-26 12:18:25
8015,2439,Low,27,9,2026-02-26 11:14:58
8016,2440,Low,119,5,2026-05-19 11:00:30
8017,2440,Low,106,4,2025-12-08 03:34:24
8018,2440,High,83,1,2026-04-01 15:15:18
8019,2440,High,44,1,2026-01-26 21:10:46
8020,2440,Low,109,2,2026-04-17 12:10:05
8021,2441,Medium,10,7,2026-01-23 14:04:28
8022,2441,Low,29,9,2026-04-25 11:20:03
8023,2441,Low,1,6,2026-04-14 08:35:56
8024,2442,Low,53,2,2026-02-10 08:18:58
8025,2442,Medium,76,5,2026-02-15 23:52:36
8026,2442,Low,42,5,2026-01-29 01:59:49
8027,2442,High,108,1,2025-11-19 03:07:00
8028,2442,Medium,69,5,2025-12-20 17:59:54
8029,2442,High,76,1,2026-04-28 13:17:06
8030,2443,High,87,5,2026-04-13 03:08:59
8031,2443,High,72,3,2026-01-21 05:51:13
8032,2443,Medium,94,1,2026-01-21 12:38:36
8033,2443,High,88,5,2026-01-01 14:25:38
8034,2443,High,93,2,2026-01-16 14:51:44
8035,2443,Medium,25,3,2026-05-17 03:16:39
8036,2443,High,119,1,2026-05-04 01:49:46
8037,2443,Medium,28,5,2025-12-28 01:13:54
8038,2443,Medium,54,4,2026-05-05 06:56:51
8039,2443,Medium,117,5,2026-04-12 14:23:50
8040,2444,Low,16,9,2026-02-05 06:10:30
8041,2445,Low,100,4,2026-03-26 07:54:06
8042,2445,Medium,65,2,2026-04-27 15:32:53
8043,2445,Low,87,5,2026-04-26 19:51:10
8044,2445,Low,26,1,2026-03-19 14:22:37
8045,2445,High,98,3,2026-02-15 20:22:23
8046,2445,Low,48,2,2026-04-21 20:13:53
8047,2445,High,69,1,2026-03-09 06:03:11
8048,2445,Low,107,3,2025-11-30 00:09:32
8049,2445,Medium,44,2,2026-01-08 01:56:05
8050,2445,High,45,5,2026-01-18 06:37:01
8051,2446,Low,86,1,2025-12-31 01:28:52
8052,2446,Medium,84,5,2026-02-09 14:10:37
8053,2446,High,63,3,2026-02-11 01:05:32
8054,2446,Medium,24,5,2025-11-24 00:40:47
8055,2446,High,88,2,2026-03-09 05:10:35
8056,2446,Medium,85,4,2026-01-18 11:47:13
8057,2447,Medium,46,6,2026-04-20 06:25:19
8058,2448,Low,22,7,2026-03-27 23:46:01
8059,2449,Low,6,9,2025-12-23 10:07:00
8060,2449,Low,11,7,2025-12-29 09:34:48
8061,2450,Low,62,2,2026-02-23 04:01:59
8062,2450,High,54,4,2026-05-01 03:37:57
8063,2450,Low,103,3,2026-03-22 13:54:40
8064,2450,Low,89,4,2026-01-07 08:21:45
8065,2450,Medium,28,3,2026-02-09 19:07:31
8066,2450,Medium,48,3,2026-02-23 20:27:37
8067,2450,Low,58,5,2026-01-09 15:36:17
8068,2450,High,109,3,2026-03-13 21:49:29
8069,2451,Medium,32,8,2025-12-02 13:47:23
8070,2451,Low,31,6,2026-03-18 19:40:11
8071,2451,Low,8,9,2026-03-13 09:27:50
8072,2451,Low,20,7,2026-03-02 10:59:18
8073,2452,Medium,34,9,2026-05-17 08:19:20
8074,2453,Low,18,8,2026-04-27 13:07:50
8075,2454,High,91,4,2026-05-12 08:26:10
8076,2454,Low,32,2,2025-12-18 14:27:51
8077,2454,Medium,48,4,2026-01-13 18:49:49
8078,2454,High,64,3,2026-03-01 11:56:34
8079,2454,Low,68,1,2026-04-25 06:28:47
8080,2454,Low,61,5,2026-05-06 01:51:44
8081,2454,Low,42,5,2026-01-21 17:09:11
8082,2455,Low,38,3,2026-05-06 14:00:33
8083,2455,Medium,60,5,2026-03-21 09:04:47
8084,2455,Low,69,1,2026-03-06 13:42:07
8085,2457,Medium,30,5,2026-01-13 11:53:11
8086,2457,High,38,4,2026-03-21 21:53:41
8087,2457,Low,95,2,2026-05-02 12:57:37
8088,2457,Medium,24,2,2026-03-20 15:42:11
8089,2457,Low,92,4,2026-04-02 08:22:09
8090,2458,Medium,16,8,2026-03-22 19:28:32
8091,2458,Low,7,7,2026-05-02 08:20:10
8092,2459,Medium,2,8,2026-04-25 09:33:15
8093,2459,High,14,8,2025-12-24 07:52:43
8094,2460,High,41,7,2026-04-29 20:47:28
8095,2461,Medium,5,8,2026-05-16 06:54:55
8096,2461,High,40,6,2025-12-02 10:00:51
8097,2461,Low,29,8,2026-01-14 14:22:08
8098,2461,Low,5,6,2025-11-27 12:46:25
8099,2462,Low,32,9,2026-04-27 06:29:47
8100,2463,Low,15,8,2025-12-27 14:42:18
8101,2464,Medium,22,7,2026-03-03 05:31:39
8102,2464,High,17,9,2026-03-17 19:57:41
8103,2464,Medium,25,9,2026-01-24 22:23:36
8104,2464,Medium,17,7,2025-12-19 00:39:14
8105,2465,Medium,28,8,2026-03-10 20:47:25
8106,2465,High,18,8,2025-11-30 06:02:29
8107,2465,Low,18,6,2025-11-27 13:26:35
8108,2465,Low,32,7,2026-04-30 05:27:17
8109,2466,High,16,7,2026-04-02 06:40:44
8110,2466,Low,18,9,2026-05-09 20:38:28
8111,2466,High,17,8,2025-12-24 14:01:24
8112,2466,Medium,12,7,2025-12-11 23:13:34
8113,2467,Medium,33,5,2025-11-22 01:10:23
8114,2467,Low,108,3,2026-01-31 09:38:41
8115,2467,Low,106,5,2026-01-18 14:42:31
8116,2467,High,67,3,2026-03-23 00:24:02
8117,2467,Medium,93,4,2026-02-16 12:12:17
8118,2468,High,45,8,2026-03-16 00:26:18
8119,2469,Medium,18,6,2025-12-26 06:48:41
8120,2469,Low,35,9,2026-01-13 21:20:34
8121,2469,High,38,9,2026-02-09 22:00:12
8122,2469,Low,20,9,2026-01-04 07:45:04
8123,2470,High,67,3,2026-03-02 07:29:42
8124,2470,High,42,4,2026-02-04 11:12:55
8125,2470,Low,89,5,2026-02-27 21:05:40
8126,2470,Low,85,2,2026-03-28 16:03:34
8127,2470,High,84,5,2026-03-11 02:03:06
8128,2470,Medium,53,2,2026-04-08 08:45:30
8129,2470,High,53,3,2026-04-27 03:36:27
8130,2470,High,111,4,2025-12-24 23:37:54
8131,2470,Medium,56,1,2026-03-07 15:51:31
8132,2470,Medium,97,2,2026-02-23 19:49:33
8133,2471,Medium,19,8,2026-03-25 00:29:45
8134,2471,Low,19,9,2026-02-22 20:28:14
8135,2471,Medium,15,6,2025-12-17 18:32:23
8136,2471,High,42,8,2025-12-07 14:36:29
8137,2472,High,4,7,2025-12-10 19:22:28
8138,2472,High,4,6,2026-02-19 11:42:06
8139,2473,High,41,9,2025-12-22 00:48:41
8140,2473,Medium,23,9,2026-04-06 03:50:39
8141,2473,Medium,37,6,2026-02-08 10:59:53
8142,2474,High,11,8,2026-04-23 03:24:53
8143,2474,Medium,11,6,2026-05-17 05:04:09
8144,2475,High,14,9,2026-02-21 11:57:24
8145,2475,Low,8,6,2026-03-16 10:50:19
8146,2475,Low,18,8,2026-01-21 08:00:26
8147,2475,Low,44,9,2026-04-19 21:14:26
8148,2476,Medium,18,7,2026-01-29 16:47:02
8149,2477,Medium,7,9,2026-01-20 10:45:04
8150,2478,Medium,44,7,2026-02-13 05:27:51
8151,2479,Medium,15,9,2026-02-20 19:06:35
8152,2479,High,2,7,2025-12-09 05:19:15
8153,2479,Low,30,7,2026-04-09 09:28:43
8154,2480,Medium,31,9,2026-02-18 22:26:28
8155,2480,High,13,9,2025-12-20 09:25:51
8156,2481,Low,72,2,2026-04-27 06:12:24
8157,2481,Low,58,2,2026-02-16 16:55:07
8158,2481,Medium,84,4,2026-05-19 16:34:43
8159,2481,Medium,78,3,2026-04-13 18:33:12
8160,2482,Low,31,3,2025-12-10 16:40:23
8161,2482,High,55,5,2026-04-24 09:04:14
8162,2482,Low,30,2,2026-04-25 10:17:20
8163,2482,Medium,108,4,2025-12-31 11:22:11
8164,2482,High,59,5,2025-12-04 12:08:46
8165,2482,High,65,5,2026-04-08 07:02:46
8166,2482,Medium,32,3,2025-12-03 09:41:19
8167,2482,Medium,110,2,2025-11-22 03:02:05
8168,2483,Medium,11,6,2026-05-17 19:53:44
8169,2483,Medium,2,8,2026-03-29 10:39:00
8170,2483,Medium,11,7,2026-03-27 05:48:47
8171,2484,Medium,35,7,2026-04-01 23:03:00
8172,2484,Medium,15,8,2026-02-02 00:55:47
8173,2485,Medium,11,8,2026-05-16 05:49:11
8174,2485,Low,28,7,2026-04-13 07:29:28
8175,2486,Medium,51,1,2026-04-08 06:41:34
8176,2486,Low,107,4,2026-03-30 19:06:50
8177,2486,Medium,48,3,2026-01-20 21:03:57
8178,2486,High,106,4,2025-11-19 12:30:33
8179,2486,Low,24,3,2026-02-27 11:44:55
8180,2487,Low,5,7,2026-05-11 20:23:27
8181,2487,Medium,42,7,2026-03-04 23:03:55
8182,2488,Medium,57,4,2025-12-02 20:35:57
8183,2488,Low,89,2,2025-12-31 08:11:42
8184,2488,Low,100,3,2026-04-06 05:54:04
8185,2488,Low,28,4,2026-02-28 01:43:33
8186,2489,Medium,89,3,2026-01-13 21:00:19
8187,2489,Low,85,2,2025-11-26 11:08:35
8188,2489,High,73,4,2026-01-28 08:04:31
8189,2489,Low,97,1,2026-02-15 16:32:20
8190,2490,Low,22,8,2026-02-16 01:01:42
8191,2490,High,19,6,2025-12-18 22:24:10
8192,2491,Medium,111,4,2025-12-16 02:23:53
8193,2491,Medium,119,2,2026-04-20 17:58:37
8194,2491,High,75,4,2026-03-13 17:10:18
8195,2491,High,51,2,2025-12-14 18:13:39
8196,2491,Medium,59,1,2025-12-02 06:55:38
8197,2491,Low,44,4,2026-04-29 10:45:43
8198,2491,High,84,2,2026-05-16 12:03:08
8199,2491,High,117,4,2026-04-24 01:10:52
8200,2492,High,31,8,2026-02-09 17:15:04
8201,2493,Low,81,1,2026-01-03 12:46:04
8202,2493,Medium,48,5,2025-12-25 15:52:53
8203,2493,Medium,93,5,2026-01-17 07:15:41
8204,2493,Medium,114,1,2025-12-27 20:50:02
8205,2493,Medium,38,4,2026-03-23 10:51:14
8206,2493,Medium,30,3,2026-02-23 15:38:14
8207,2493,High,38,5,2025-12-13 04:30:06
8208,2495,High,106,3,2026-04-18 20:28:06
8209,2495,High,106,1,2026-04-20 04:24:38
8210,2495,Low,115,1,2026-02-03 09:42:50
8211,2495,Medium,42,3,2025-12-02 05:14:56
8212,2495,Low,102,2,2026-01-15 11:42:00
8213,2495,Low,110,3,2025-12-31 19:20:01
8214,2495,High,85,3,2026-05-10 13:39:30
8215,2495,High,41,1,2026-01-01 11:08:42
8216,2495,Low,43,2,2025-12-07 03:24:25
8217,2495,Medium,116,2,2026-02-07 16:15:02
8218,2496,High,102,2,2026-04-12 21:08:25
8219,2496,High,44,4,2026-01-16 10:32:48
8220,2496,High,52,2,2026-03-10 17:09:18
8221,2496,Medium,36,2,2026-05-01 10:00:17
8222,2496,High,110,4,2026-05-19 17:06:31
8223,2496,Medium,90,5,2025-11-25 17:12:37
8224,2497,Low,2,9,2026-02-05 21:04:21
8225,2497,Medium,1,8,2026-04-03 10:04:52
8226,2498,Medium,33,7,2025-12-02 08:11:36
8227,2499,Low,7,8,2026-04-29 06:05:43
8228,2499,Medium,44,8,2026-01-16 18:20:17
8229,2499,Medium,1,8,2025-12-12 11:37:13
8230,2500,Low,19,6,2026-05-01 13:56:34
8231,2500,Medium,26,9,2026-04-11 18:47:35
8232,2500,Low,12,7,2026-01-31 16:30:57
8233,2500,High,13,9,2026-03-26 18:33:21
8234,2501,Medium,14,7,2025-12-08 01:05:21
8235,2502,Medium,53,4,2026-01-20 21:45:48
8236,2502,High,107,4,2026-01-18 20:21:52
8237,2502,Medium,114,3,2026-01-10 15:29:23
8238,2503,Low,42,9,2026-03-09 19:23:40
8239,2503,Medium,41,7,2025-12-02 00:08:01
8240,2504,High,39,6,2025-12-06 16:18:02
8241,2504,Medium,44,6,2026-03-19 08:57:31
8242,2504,High,1,7,2026-01-27 08:45:32
8243,2505,Medium,15,9,2026-05-15 21:46:43
8244,2505,Medium,8,6,2025-11-27 10:58:49
8245,2505,High,18,6,2026-04-09 06:37:51
8246,2505,Low,29,9,2025-12-22 20:54:44
8247,2506,Low,56,5,2025-12-08 20:58:45
8248,2506,Low,105,2,2026-03-04 10:14:46
8249,2506,Medium,97,4,2026-01-25 16:51:47
8250,2507,High,33,8,2026-04-22 02:29:11
8251,2507,High,40,6,2026-05-16 16:22:50
8252,2507,High,34,9,2026-05-11 06:46:16
8253,2507,High,17,8,2026-05-17 17:52:58
8254,2508,Medium,94,1,2026-02-06 16:53:52
8255,2508,Low,115,5,2026-02-28 20:32:02
8256,2508,Medium,45,5,2026-03-06 22:22:48
8257,2508,Low,38,2,2026-04-05 22:14:29
8258,2508,High,48,5,2025-12-08 00:43:50
8259,2508,Medium,44,2,2026-01-21 16:37:20
8260,2508,Low,114,1,2025-12-06 06:37:03
8261,2508,Medium,55,5,2025-12-29 12:41:24
8262,2508,Low,91,4,2026-03-30 07:07:46
8263,2509,High,106,2,2026-01-10 17:09:32
8264,2509,Medium,113,2,2026-02-16 13:49:40
8265,2509,High,37,4,2026-01-22 05:17:04
8266,2509,Medium,57,4,2025-12-03 00:02:52
8267,2509,Low,106,1,2026-02-19 13:04:58
8268,2509,Low,94,5,2026-05-18 16:20:38
8269,2509,Low,114,4,2026-03-01 04:30:37
8270,2509,High,58,5,2025-12-26 13:43:27
8271,2510,Low,15,7,2025-12-14 09:22:36
8272,2510,Low,9,6,2026-03-04 20:39:59
8273,2510,High,23,7,2025-12-31 15:52:07
8274,2510,High,36,6,2026-04-24 12:16:37
8275,2511,Low,26,2,2026-01-23 08:00:23
8276,2511,Low,42,4,2025-12-19 10:10:06
8277,2511,Low,46,1,2025-12-15 20:56:41
8278,2511,Low,30,1,2026-03-23 05:44:43
8279,2511,Medium,99,5,2026-05-19 06:31:40
8280,2511,Medium,37,3,2026-03-20 05:58:00
8281,2511,Low,38,3,2026-05-15 04:59:40
8282,2511,Low,111,4,2026-02-14 23:54:57
8283,2511,Medium,31,5,2026-05-18 02:22:38
8284,2511,High,85,3,2026-02-05 02:17:53
8285,2512,Low,4,7,2026-02-20 03:38:48
8286,2512,Medium,16,9,2026-03-21 08:48:32
8287,2512,Low,24,7,2026-05-08 17:19:41
8288,2512,Medium,31,7,2026-01-19 23:39:08
8289,2513,Low,102,5,2026-01-29 19:15:22
8290,2513,Medium,90,3,2025-12-19 14:41:16
8291,2513,Medium,26,4,2025-11-20 13:07:27
8292,2514,Low,97,2,2025-11-28 14:58:50
8293,2514,Low,71,3,2026-01-12 17:03:10
8294,2514,Low,33,1,2025-12-03 01:01:19
8295,2514,High,90,5,2026-01-19 14:56:46
8296,2514,Medium,35,1,2026-02-01 16:25:14
8297,2514,Medium,67,5,2026-03-27 11:30:19
8298,2514,High,47,4,2026-02-14 22:59:21
8299,2514,Low,80,5,2026-04-29 03:25:03
8300,2514,Medium,44,4,2026-05-06 16:52:21
8301,2515,Low,21,9,2026-05-07 17:16:57
8302,2516,Medium,74,5,2026-02-19 21:33:35
8303,2516,Medium,29,1,2026-01-23 18:05:54
8304,2516,High,88,4,2026-02-12 05:07:33
8305,2516,High,81,1,2026-03-21 02:05:39
8306,2516,Medium,109,2,2026-04-20 23:13:13
8307,2516,Low,79,3,2025-12-18 02:17:50
8308,2517,High,3,7,2026-04-02 08:04:23
8309,2517,Medium,6,7,2026-04-06 23:14:50
8310,2517,High,20,6,2026-02-13 04:55:49
8311,2517,Low,2,7,2025-12-16 00:08:08
8312,2518,High,31,7,2025-11-22 10:31:56
8313,2518,High,32,7,2026-05-11 09:11:47
8314,2518,Medium,23,7,2026-02-06 23:12:31
8315,2518,Medium,6,8,2026-05-01 22:52:50
8316,2519,Low,115,1,2026-05-10 05:52:08
8317,2519,Low,53,5,2026-02-17 03:21:33
8318,2519,Medium,78,1,2026-02-07 19:19:10
8319,2519,Low,57,1,2025-12-11 16:50:46
8320,2519,Medium,67,3,2026-02-01 05:07:14
8321,2519,High,45,1,2026-03-08 22:01:48
8322,2520,High,21,9,2026-05-14 11:54:51
8323,2521,High,20,8,2026-05-07 16:44:40
8324,2521,Medium,44,8,2026-03-31 22:02:23
8325,2522,Medium,42,5,2026-01-14 19:51:34
8326,2522,High,34,5,2026-01-27 07:21:17
8327,2522,Low,68,4,2026-02-05 05:06:30
8328,2522,High,59,4,2026-03-02 10:00:54
8329,2522,Low,90,2,2026-01-24 22:41:28
8330,2522,Medium,63,1,2025-11-19 02:27:17
8331,2522,High,108,3,2026-04-05 20:34:59
8332,2522,Medium,102,2,2026-03-04 15:32:44
8333,2522,Medium,38,1,2026-02-25 01:13:44
8334,2522,High,111,4,2026-01-03 11:13:09
8335,2523,Medium,10,7,2025-12-18 23:13:37
8336,2523,High,42,7,2025-11-18 18:01:26
8337,2524,Medium,118,3,2026-03-18 22:39:39
8338,2524,Low,39,5,2025-12-20 03:31:21
8339,2524,Low,96,3,2026-04-15 19:59:29
8340,2524,High,54,1,2026-04-21 16:32:42
8341,2524,High,76,2,2026-01-04 12:50:56
8342,2525,Medium,8,9,2025-12-26 09:38:47
8343,2525,Medium,8,8,2026-01-19 15:34:10
8344,2525,High,47,9,2025-11-19 21:05:05
8345,2526,High,30,7,2026-01-27 21:54:23
8346,2527,Low,22,8,2025-12-14 10:49:45
8347,2527,Medium,9,7,2025-12-05 16:34:33
8348,2527,High,44,8,2026-04-11 18:45:27
8349,2527,Low,4,6,2026-02-16 05:17:12
8350,2528,Low,31,1,2026-01-28 14:52:11
8351,2528,Medium,115,4,2025-12-21 05:38:37
8352,2528,High,98,5,2026-01-09 05:15:58
8353,2528,High,73,2,2026-04-06 14:01:24
8354,2528,Medium,107,4,2026-04-13 07:12:38
8355,2528,High,100,5,2026-03-14 23:24:17
8356,2530,Medium,30,6,2026-04-21 09:44:20
8357,2531,High,22,7,2025-12-10 07:57:41
8358,2531,Low,46,6,2026-04-13 18:40:19
8359,2531,Medium,31,7,2026-02-21 13:49:36
8360,2532,Low,114,1,2025-12-02 13:49:02
8361,2532,High,116,4,2026-01-25 20:57:17
8362,2532,Medium,39,5,2026-01-23 02:25:18
8363,2532,Medium,35,4,2025-11-28 13:55:24
8364,2533,Low,18,7,2026-03-31 02:51:07
8365,2533,Medium,23,6,2025-12-09 14:40:52
8366,2533,Low,27,6,2026-05-08 05:26:13
8367,2534,Low,17,9,2026-05-01 01:34:13
8368,2534,Medium,21,7,2026-03-11 19:10:16
8369,2534,Low,40,7,2026-05-10 15:23:53
8370,2534,Low,31,8,2026-03-11 06:43:28
8371,2535,Medium,17,6,2026-04-18 03:52:16
8372,2535,Medium,26,8,2026-04-07 04:33:42
8373,2535,High,6,9,2025-12-14 13:32:29
8374,2536,Low,95,2,2026-01-21 19:38:02
8375,2536,Medium,68,3,2026-03-29 23:50:22
8376,2536,Low,52,2,2026-03-05 07:41:54
8377,2536,Low,114,1,2026-02-27 15:23:32
8378,2536,Medium,88,5,2025-12-10 23:35:49
8379,2536,Low,82,5,2025-12-26 01:40:52
8380,2536,High,90,3,2026-03-04 10:05:26
8381,2536,Low,118,3,2026-05-04 03:57:04
8382,2536,Medium,109,2,2025-12-09 12:11:29
8383,2537,Medium,29,3,2026-03-07 02:30:33
8384,2537,Medium,85,5,2026-02-06 12:24:29
8385,2537,Low,32,4,2025-12-29 16:57:04
8386,2537,Low,106,4,2026-04-15 14:34:38
8387,2537,High,114,5,2026-04-29 20:31:17
8388,2537,High,61,3,2026-02-22 14:50:58
8389,2537,Low,44,3,2025-11-26 14:15:15
8390,2537,High,85,1,2026-02-22 06:34:44
8391,2537,Medium,98,1,2026-01-23 23:14:33
8392,2537,Low,104,5,2025-12-14 13:57:25
8393,2538,Medium,1,6,2026-04-20 12:56:06
8394,2538,Low,32,8,2026-02-06 02:00:56
8395,2538,Low,8,6,2026-05-02 09:21:26
8396,2540,Low,30,8,2026-04-20 14:01:50
8397,2540,Low,8,6,2026-04-11 03:06:32
8398,2540,Medium,19,9,2026-03-06 04:38:19
8399,2540,Low,30,8,2025-12-13 18:11:51
8400,2541,High,36,8,2026-02-25 23:47:45
8401,2541,Medium,44,8,2025-11-21 01:53:57
8402,2541,Low,13,7,2026-01-29 13:15:21
8403,2541,Low,37,7,2026-01-28 22:11:40
8404,2542,High,71,5,2026-04-12 23:34:06
8405,2542,Medium,39,4,2026-02-23 07:02:08
8406,2542,Low,94,3,2026-01-08 19:43:05
8407,2543,Medium,45,6,2026-04-07 08:50:12
8408,2543,Low,35,8,2026-01-20 01:10:45
8409,2543,Low,28,8,2026-05-07 05:54:06
8410,2545,Low,7,7,2026-03-25 16:51:53
8411,2545,Medium,46,7,2025-12-08 12:15:24
8412,2545,High,46,9,2026-01-20 21:32:36
8413,2545,Low,32,7,2025-11-18 20:25:06
8414,2546,Medium,84,2,2025-12-11 13:29:32
8415,2546,High,81,4,2026-03-16 10:29:44
8416,2546,Medium,105,2,2026-02-19 13:41:01
8417,2546,Medium,102,4,2026-03-12 14:38:27
8418,2548,Low,109,3,2026-03-27 05:07:57
8419,2548,Medium,45,5,2026-05-11 22:27:00
8420,2548,Low,108,2,2026-04-22 08:50:08
8421,2549,Medium,40,6,2026-01-09 07:08:55
8422,2550,Low,66,2,2025-11-27 01:36:59
8423,2550,Low,46,5,2026-01-14 13:55:44
8424,2550,Low,87,1,2025-12-29 19:38:40
8425,2550,Medium,32,1,2026-05-13 22:25:38
8426,2550,Low,30,1,2026-02-01 11:19:43
8427,2550,Low,77,1,2026-03-05 20:09:35
8428,2551,Low,2,9,2025-11-26 17:33:42
8429,2551,High,14,9,2026-02-10 17:06:39
8430,2553,Low,36,7,2026-03-06 23:43:51
8431,2554,High,40,7,2026-02-03 06:19:45
8432,2555,Low,14,9,2025-11-29 18:17:26
8433,2556,High,112,2,2026-04-18 20:21:51
8434,2556,Low,72,4,2026-02-13 11:45:16
8435,2556,Medium,86,5,2026-02-13 01:39:33
8436,2556,Medium,110,5,2026-02-08 12:09:12
8437,2556,High,39,2,2026-02-08 10:32:40
8438,2556,High,50,1,2026-01-01 02:54:16
8439,2556,Low,41,3,2026-01-31 09:58:01
8440,2556,High,75,5,2026-01-22 06:03:17
8441,2556,Low,114,1,2026-02-01 11:39:46
8442,2557,Medium,40,7,2026-04-14 23:01:23
8443,2557,Medium,31,6,2026-02-27 02:13:31
8444,2557,Low,37,6,2026-02-01 22:57:31
8445,2557,Low,41,7,2026-01-24 12:35:20
8446,2558,Low,34,8,2025-12-25 07:23:07
8447,2559,Medium,3,6,2025-12-30 12:52:00
8448,2559,Low,14,7,2026-01-11 07:32:52
8449,2561,High,46,7,2026-01-24 01:49:59
8450,2561,Medium,35,6,2026-03-15 06:06:19
8451,2561,Low,29,9,2026-01-26 16:59:07
8452,2562,Low,33,6,2026-02-12 13:43:41
8453,2562,Medium,28,7,2026-01-20 19:23:57
8454,2562,Low,26,9,2026-03-14 09:38:40
8455,2564,High,34,8,2026-01-20 06:21:50
8456,2564,High,18,8,2026-05-13 18:09:49
8457,2565,Low,27,9,2026-05-04 21:15:51
8458,2565,Low,10,9,2026-05-12 10:14:19
8459,2566,Medium,12,7,2026-01-14 02:07:43
8460,2567,High,39,4,2025-12-24 02:39:27
8461,2567,Medium,98,4,2026-03-26 21:55:36
8462,2567,Low,74,1,2026-05-05 07:28:28
8463,2567,High,50,3,2025-12-21 19:13:15
8464,2567,High,35,1,2026-03-08 08:50:14
8465,2567,High,76,5,2026-05-06 07:57:40
8466,2567,Low,77,5,2025-12-08 09:05:51
8467,2568,Low,1,7,2026-04-05 13:35:45
8468,2568,High,4,9,2026-02-01 07:06:15
8469,2569,High,15,8,2026-04-19 05:37:04
8470,2569,High,27,9,2026-03-13 14:56:27
8471,2570,High,23,8,2026-03-28 22:46:07
8472,2570,High,27,8,2026-04-09 17:59:07
8473,2570,Low,39,8,2025-12-11 21:04:09
8474,2571,Low,95,2,2026-04-09 20:41:54
8475,2571,High,105,4,2025-12-03 00:41:29
8476,2571,High,45,3,2026-05-15 07:50:26
8477,2571,Medium,102,3,2025-12-19 01:08:22
8478,2571,High,70,1,2026-02-21 13:50:29
8479,2571,Medium,101,1,2025-12-24 14:38:59
8480,2571,Low,49,2,2025-11-26 12:29:27
8481,2571,Medium,103,2,2025-12-06 20:04:12
8482,2573,High,42,6,2026-01-07 09:00:37
8483,2573,Medium,26,9,2026-03-14 07:48:11
8484,2573,Medium,12,9,2026-01-20 01:21:09
8485,2573,High,14,7,2026-05-12 01:09:18
8486,2574,High,58,5,2026-05-18 01:46:53
8487,2574,High,35,4,2026-02-06 22:55:25
8488,2574,High,105,4,2026-01-18 00:08:26
8489,2574,Low,89,2,2026-01-29 11:20:03
8490,2574,Low,82,1,2026-02-03 09:07:03
8491,2574,Low,33,2,2026-04-11 05:06:49
8492,2575,Low,22,8,2025-12-23 17:58:58
8493,2575,Medium,1,9,2026-04-21 15:45:29
8494,2575,Low,36,6,2026-03-26 03:17:44
8495,2575,High,36,7,2026-02-12 16:13:34
8496,2576,Low,31,8,2025-12-09 08:04:05
8497,2576,High,2,8,2026-04-02 11:09:01
8498,2576,Low,12,7,2026-04-30 05:19:24
8499,2578,Medium,31,6,2026-01-29 17:23:09
8500,2579,Medium,22,8,2026-01-06 01:18:15
8501,2579,Low,23,8,2026-03-27 17:12:51
8502,2579,Low,26,8,2026-04-10 11:54:42
8503,2580,Low,23,9,2025-12-25 07:44:10
8504,2580,High,45,9,2026-03-03 09:57:43
8505,2580,Low,39,9,2026-05-07 11:03:37
8506,2581,High,8,7,2026-02-12 03:11:23
8507,2582,Medium,41,7,2026-02-21 05:33:57
8508,2582,High,27,9,2025-11-25 06:27:36
8509,2582,Medium,15,6,2025-12-02 17:10:50
8510,2582,Low,5,8,2026-05-13 02:33:39
8511,2583,Medium,9,8,2026-04-20 16:31:44
8512,2583,High,41,9,2026-02-18 17:20:04
8513,2584,High,33,2,2026-01-10 23:22:31
8514,2584,Medium,91,1,2025-11-19 10:39:26
8515,2584,High,88,1,2026-01-02 01:10:29
8516,2585,Low,45,9,2026-02-04 08:20:32
8517,2585,Low,27,8,2026-03-24 20:03:53
8518,2586,Medium,9,8,2026-04-06 03:13:49
8519,2586,Low,35,7,2026-03-27 19:08:21
8520,2587,High,35,5,2025-11-19 01:20:55
8521,2587,Low,26,5,2026-03-18 04:07:49
8522,2587,High,33,1,2026-05-04 07:26:27
8523,2587,Low,69,3,2026-04-27 07:27:41
8524,2587,High,75,2,2026-02-28 08:26:15
8525,2587,High,52,1,2026-05-09 09:57:23
8526,2588,High,84,4,2026-03-16 09:13:48
8527,2588,Medium,91,5,2026-04-23 09:55:39
8528,2588,High,85,4,2026-02-11 19:15:39
8529,2588,Medium,107,1,2025-12-03 02:22:31
8530,2588,Low,110,5,2026-02-06 20:24:59
8531,2588,Medium,105,1,2026-05-05 01:52:57
8532,2591,Low,112,1,2025-11-29 23:08:54
8533,2591,Low,87,2,2026-01-15 19:16:45
8534,2591,Low,71,4,2025-12-09 08:26:33
8535,2591,High,60,3,2026-04-16 02:01:18
8536,2591,Low,109,3,2026-03-13 23:50:55
8537,2591,Low,28,2,2026-03-30 01:38:26
8538,2591,Low,62,3,2025-11-20 22:11:12
8539,2591,Low,104,3,2026-04-11 17:25:49
8540,2591,Low,94,1,2026-02-28 22:16:37
8541,2591,High,90,5,2026-01-11 07:16:47
8542,2592,Low,73,5,2026-05-06 11:02:48
8543,2592,High,97,1,2026-01-29 09:34:55
8544,2592,Low,37,4,2026-03-01 06:03:37
8545,2592,Medium,87,4,2026-02-25 01:05:58
8546,2592,High,51,4,2026-04-23 04:35:04
8547,2592,Medium,100,1,2026-01-29 12:13:39
8548,2593,Low,39,9,2025-11-30 02:48:45
8549,2593,High,25,9,2025-12-16 10:27:14
8550,2594,Low,9,9,2026-03-18 07:52:57
8551,2595,Low,31,6,2025-12-23 08:00:25
8552,2595,High,23,6,2026-03-21 10:52:40
8553,2595,Low,10,9,2026-04-26 06:12:02
8554,2596,Medium,29,3,2026-02-06 15:18:13
8555,2596,High,90,4,2026-03-11 20:03:59
8556,2596,Medium,64,4,2026-03-27 12:30:04
8557,2596,High,100,2,2026-01-15 09:09:35
8558,2596,Low,104,4,2026-02-14 09:09:26
8559,2596,Medium,36,4,2026-04-12 02:22:42
8560,2596,Medium,104,4,2025-11-25 23:03:47
8561,2597,Medium,115,5,2026-04-29 08:16:25
8562,2597,Medium,98,4,2026-01-14 18:10:24
8563,2597,Medium,75,3,2026-03-07 10:38:30
8564,2597,Low,33,5,2026-04-15 06:40:51
8565,2598,Medium,20,6,2026-02-28 12:17:21
8566,2598,Medium,29,8,2026-01-02 21:20:30
8567,2598,High,21,9,2026-03-29 05:33:18
8568,2599,High,43,7,2026-03-17 10:21:53
8569,2599,Medium,41,9,2026-05-17 14:59:33
8570,2599,Low,30,6,2026-01-07 06:48:52
8571,2599,Medium,33,7,2025-12-10 08:12:16
8572,2600,Medium,101,5,2025-11-30 10:49:23
8573,2600,Medium,24,1,2026-03-13 06:46:38
8574,2600,Low,38,4,2026-03-07 09:40:20
8575,2601,High,70,2,2026-05-18 19:46:21
8576,2601,High,69,1,2026-01-30 00:07:31
8577,2601,Low,62,3,2026-04-20 16:56:09
8578,2601,High,78,2,2026-03-07 22:30:44
8579,2601,High,89,3,2026-02-01 12:42:05
8580,2601,Low,52,4,2026-01-04 21:16:05
8581,2601,Medium,90,4,2026-04-13 09:45:11
8582,2602,Medium,29,8,2026-03-21 16:57:55
8583,2602,Medium,37,6,2026-01-11 08:06:50
8584,2602,Medium,36,8,2026-02-10 23:32:01
8585,2603,Medium,45,9,2026-04-20 21:51:10
8586,2603,High,31,7,2026-05-04 11:12:20
8587,2604,Medium,1,7,2026-02-19 16:27:20
8588,2604,Low,40,8,2025-11-18 10:04:06
8589,2604,Medium,15,9,2026-04-14 20:17:59
8590,2604,Low,17,9,2025-12-10 23:12:02
8591,2605,Low,10,9,2026-04-21 00:04:44
8592,2605,Low,6,9,2026-05-13 08:39:53
8593,2605,Low,45,7,2025-11-19 05:38:51
8594,2608,Medium,119,3,2026-03-07 00:21:21
8595,2608,Medium,27,4,2026-05-04 14:07:00
8596,2608,Medium,62,4,2026-05-11 19:05:12
8597,2608,Medium,47,2,2026-04-20 15:09:31
8598,2608,High,48,4,2026-01-26 06:41:13
8599,2608,Medium,94,2,2026-04-15 04:21:15
8600,2608,Medium,81,4,2026-01-26 10:47:21
8601,2608,Medium,24,4,2026-04-10 12:08:42
8602,2609,High,25,9,2026-03-28 07:58:27
8603,2609,High,5,8,2026-01-15 01:38:07
8604,2611,Low,4,7,2026-04-23 15:05:22
8605,2611,Low,26,6,2025-12-05 17:52:45
8606,2611,Medium,39,9,2026-01-28 13:39:13
8607,2612,Low,39,6,2026-03-21 22:39:08
8608,2612,Low,45,9,2026-01-25 21:31:39
8609,2612,Medium,14,9,2025-12-27 08:57:11
8610,2612,Medium,9,8,2026-03-12 11:28:04
8611,2613,High,37,7,2026-01-31 13:43:54
8612,2613,High,20,9,2026-03-11 19:53:49
8613,2614,High,32,8,2025-12-12 06:15:31
8614,2614,High,21,6,2026-01-13 19:49:05
8615,2614,Medium,41,8,2026-01-01 09:22:06
8616,2616,Medium,29,7,2026-01-17 23:25:28
8617,2616,High,31,7,2026-02-22 06:38:08
8618,2616,Low,6,9,2025-11-23 19:19:45
8619,2617,Medium,43,6,2025-12-27 13:56:52
8620,2619,High,42,8,2026-03-12 09:11:12
8621,2619,High,1,9,2025-12-26 22:34:51
8622,2620,High,78,5,2026-03-17 09:59:00
8623,2620,High,69,2,2026-03-06 05:30:35
8624,2620,High,118,1,2026-05-12 01:51:12
8625,2621,Medium,19,8,2026-03-04 11:36:32
8626,2622,Medium,3,7,2026-01-27 19:08:43
8627,2622,High,35,7,2026-05-06 01:28:54
8628,2622,Low,29,7,2026-02-22 05:22:27
8629,2622,Medium,14,8,2026-02-21 23:10:38
8630,2623,High,28,7,2026-05-07 05:29:49
8631,2624,High,30,7,2026-05-06 02:06:52
8632,2624,Low,7,8,2026-03-11 08:17:01
8633,2624,Low,31,6,2025-11-22 02:26:49
8634,2624,Low,35,7,2026-03-21 04:09:45
8635,2626,Medium,47,8,2025-12-08 03:27:03
8636,2626,High,14,8,2026-01-06 03:36:22
8637,2626,High,36,8,2025-12-27 07:50:43
8638,2628,Low,24,9,2026-03-20 14:55:13
8639,2628,Medium,29,6,2026-04-08 13:10:10
8640,2628,Low,45,7,2026-01-18 11:33:18
8641,2628,Medium,8,8,2026-02-10 06:07:17
8642,2629,High,5,9,2025-12-06 17:37:07
8643,2629,Medium,4,8,2026-02-26 16:46:01
8644,2630,High,18,7,2026-02-07 00:25:22
8645,2630,High,30,8,2026-04-14 13:05:06
8646,2630,Medium,6,8,2026-02-01 12:52:44
8647,2630,High,16,8,2025-12-15 00:42:16
8648,2631,High,40,6,2026-01-25 11:39:14
8649,2631,Medium,43,8,2025-11-26 21:18:48
8650,2632,Low,57,3,2026-05-07 14:11:32
8651,2632,High,36,4,2025-12-05 00:35:08
8652,2632,High,50,1,2025-12-12 18:50:45
8653,2632,Medium,92,3,2026-01-31 08:34:41
8654,2633,Medium,22,8,2026-02-04 22:16:32
8655,2634,High,3,7,2026-01-06 13:10:31
8656,2635,High,21,8,2026-05-16 19:51:30
8657,2635,Medium,6,9,2026-03-08 17:32:52
8658,2635,Low,32,7,2025-12-26 01:47:20
8659,2636,Medium,37,7,2026-01-01 03:37:48
8660,2639,High,112,3,2026-02-13 12:28:54
8661,2639,Medium,109,2,2026-02-10 15:55:52
8662,2639,High,119,1,2025-11-19 23:52:55
8663,2639,Medium,86,1,2025-11-29 02:28:28
8664,2640,High,59,2,2025-11-22 10:53:01
8665,2640,Medium,62,5,2025-11-22 19:47:09
8666,2640,Low,33,2,2026-01-30 06:20:49
8667,2640,Low,55,1,2026-02-16 17:51:58
8668,2640,Medium,59,4,2025-11-21 06:56:27
8669,2640,Low,39,2,2025-12-17 00:05:20
8670,2640,High,31,2,2026-04-25 17:43:11
8671,2641,Low,103,3,2026-04-23 18:29:15
8672,2641,Medium,93,1,2026-03-13 04:25:56
8673,2641,Low,85,5,2026-01-03 09:09:04
8674,2641,High,99,1,2025-12-25 19:35:19
8675,2641,Low,61,4,2026-03-25 03:43:00
8676,2642,High,45,7,2026-04-08 18:06:14
8677,2642,Low,17,6,2025-11-23 22:22:07
8678,2642,Low,32,9,2026-01-31 04:27:45
8679,2643,Low,40,9,2026-01-19 15:50:20
8680,2644,Low,43,7,2025-12-15 02:22:23
8681,2645,Medium,24,7,2025-12-02 20:19:05
8682,2645,Medium,47,8,2026-01-12 21:53:59
8683,2646,Low,39,7,2026-01-11 11:13:36
8684,2646,High,36,6,2026-03-30 01:44:15
8685,2646,Low,10,8,2025-12-23 09:00:54
8686,2646,Low,46,6,2026-05-08 02:05:52
8687,2647,Low,102,2,2025-12-20 06:44:21
8688,2647,Medium,116,4,2025-12-31 20:04:20
8689,2647,Low,73,5,2026-01-12 03:16:25
8690,2647,Medium,118,1,2026-05-16 14:43:02
8691,2647,Low,33,3,2026-04-29 03:09:18
8692,2647,Medium,38,4,2026-03-15 08:50:33
8693,2647,Low,54,5,2025-12-01 14:13:16
8694,2648,Low,41,7,2026-05-16 11:25:46
8695,2648,Medium,45,9,2026-03-20 18:35:03
8696,2648,Medium,26,7,2026-01-09 14:34:06
8697,2648,High,36,9,2026-05-01 03:54:06
8698,2649,Low,104,3,2026-01-22 00:39:37
8699,2649,Low,26,5,2026-01-27 09:24:45
8700,2649,Medium,37,1,2026-01-31 08:05:00
8701,2649,Low,100,1,2026-04-23 17:42:57
8702,2650,Low,27,6,2026-03-14 08:57:10
8703,2650,Low,17,9,2026-05-08 07:56:03
8704,2650,Low,34,7,2026-01-19 12:45:13
8705,2650,High,17,8,2026-04-24 20:44:52
8706,2652,High,63,1,2026-05-03 22:41:58
8707,2652,High,89,2,2026-02-26 16:46:23
8708,2652,Medium,113,1,2026-01-21 18:10:36
8709,2652,Medium,117,4,2026-04-05 13:09:06
8710,2652,Medium,44,5,2026-03-06 00:21:08
8711,2652,Medium,48,2,2026-01-25 09:12:55
8712,2652,High,67,1,2026-01-24 21:44:31
8713,2652,Medium,32,4,2026-03-13 13:24:16
8714,2652,Medium,49,1,2026-02-04 01:21:25
8715,2653,High,37,9,2026-05-09 15:35:53
8716,2653,Medium,37,9,2026-02-13 16:47:55
8717,2654,Low,47,2,2025-11-26 06:13:30
8718,2654,Medium,43,1,2026-02-01 13:54:39
8719,2654,High,110,5,2026-03-13 01:09:51
8720,2654,Medium,54,3,2026-05-15 10:09:30
8721,2654,Medium,43,3,2026-04-18 21:05:36
8722,2654,High,50,5,2025-11-24 05:19:02
8723,2654,Low,67,3,2026-04-05 02:14:50
8724,2654,Medium,94,2,2026-04-02 19:23:36
8725,2655,Low,110,2,2025-12-21 09:30:03
8726,2655,Low,36,4,2026-04-11 18:25:43
8727,2655,Medium,27,2,2026-03-13 01:45:23
8728,2655,High,79,1,2026-02-18 20:00:15
8729,2655,Medium,57,4,2026-05-12 10:23:54
8730,2655,High,40,4,2025-12-30 07:01:03
8731,2655,Low,37,2,2026-04-18 14:22:58
8732,2655,Low,98,1,2026-01-14 03:58:14
8733,2656,Low,13,6,2026-04-28 19:26:33
8734,2656,High,2,7,2026-04-19 01:29:57
8735,2656,Medium,29,6,2026-05-03 14:58:49
8736,2656,High,4,9,2026-03-14 13:24:03
8737,2657,Medium,26,7,2026-01-19 14:26:38
8738,2658,High,28,8,2025-12-23 20:00:53
8739,2658,High,20,7,2026-03-28 15:07:44
8740,2658,High,18,6,2026-02-05 09:07:43
8741,2659,High,27,8,2026-02-26 07:59:16
8742,2659,Medium,27,7,2026-04-06 20:59:27
8743,2659,High,1,7,2026-01-15 12:43:55
8744,2660,Low,11,7,2026-04-04 13:56:44
8745,2661,Low,39,9,2026-04-17 08:04:50
8746,2661,High,21,6,2026-04-02 08:53:40
8747,2662,Low,41,5,2025-12-05 19:46:20
8748,2662,High,42,4,2025-11-18 21:44:11
8749,2662,Medium,100,2,2026-01-11 07:09:49
8750,2662,High,52,1,2026-04-06 21:23:46
8751,2662,Medium,79,5,2025-12-04 15:01:55
8752,2662,Low,86,3,2026-01-25 15:08:08
8753,2662,High,83,3,2026-02-14 19:37:15
8754,2662,Medium,72,1,2026-03-16 18:48:44
8755,2663,High,38,8,2026-03-01 03:14:41
8756,2663,High,1,9,2026-05-16 18:22:40
8757,2663,Low,17,6,2026-03-02 10:03:49
8758,2664,Medium,22,8,2026-04-27 01:06:44
8759,2664,Medium,39,9,2025-12-19 16:13:04
8760,2666,Medium,39,9,2026-01-29 23:47:41
8761,2666,High,4,9,2026-01-15 14:19:46
8762,2666,Low,45,9,2026-04-04 04:09:05
8763,2667,High,4,6,2026-04-16 19:30:07
8764,2668,High,1,6,2026-01-29 09:00:38
8765,2668,High,7,6,2026-04-08 19:36:58
8766,2668,Low,1,9,2025-12-09 00:36:50
8767,2668,Low,18,7,2025-12-19 17:28:18
8768,2669,Low,47,7,2026-03-14 12:32:03
8769,2669,Medium,2,6,2026-03-27 00:16:50
8770,2669,High,4,6,2026-02-17 10:34:26
8771,2670,Medium,23,7,2026-03-19 21:10:16
8772,2670,Low,43,6,2025-12-14 18:45:01
8773,2670,Medium,43,8,2026-05-19 07:33:26
8774,2670,Low,8,8,2026-02-26 08:24:22
8775,2671,High,48,3,2026-03-07 16:11:36
8776,2671,High,40,2,2026-01-03 14:51:25
8777,2671,Low,50,4,2026-01-28 05:14:11
8778,2671,Low,104,3,2025-12-25 09:17:15
8779,2671,Low,92,2,2025-12-11 18:11:55
8780,2671,Low,57,3,2025-12-12 21:36:12
8781,2671,High,31,2,2026-02-12 08:37:28
8782,2671,High,28,4,2026-04-20 22:53:04
8783,2671,Low,71,5,2026-04-06 08:07:14
8784,2671,Low,49,4,2026-01-06 08:04:04
8785,2672,High,23,7,2026-01-22 09:47:29
8786,2672,Low,13,6,2025-12-16 04:18:48
8787,2672,Low,20,9,2026-05-05 18:11:13
8788,2673,Medium,28,9,2025-11-28 13:38:27
8789,2673,Medium,37,9,2026-02-05 03:13:25
8790,2674,High,56,4,2025-12-28 02:41:35
8791,2674,Medium,83,4,2026-01-29 11:14:49
8792,2674,High,96,5,2025-12-01 18:10:29
8793,2674,Medium,40,4,2025-12-22 07:33:53
8794,2674,High,37,3,2026-03-26 21:45:19
8795,2674,Low,94,3,2025-11-19 09:53:58
8796,2675,High,3,6,2026-02-07 04:32:47
8797,2676,Low,67,3,2026-03-03 08:17:33
8798,2676,High,25,2,2026-03-07 15:31:28
8799,2676,Medium,91,1,2026-05-15 10:54:08
8800,2676,Low,104,4,2026-01-07 22:44:53
8801,2676,High,117,5,2026-05-01 07:04:27
8802,2676,High,27,5,2025-12-16 06:07:32
8803,2676,Low,42,3,2026-01-24 12:24:32
8804,2676,High,52,4,2026-01-02 05:22:36
8805,2676,Medium,58,4,2026-04-13 08:54:48
8806,2676,Medium,93,3,2026-02-03 03:59:37
8807,2677,High,23,8,2026-01-13 04:25:07
8808,2677,High,46,8,2026-04-21 00:50:47
8809,2677,High,44,9,2026-01-01 15:58:21
8810,2678,Low,8,8,2026-04-06 02:34:59
8811,2678,Low,2,6,2026-03-09 06:02:06
8812,2678,Medium,40,6,2026-03-29 23:01:05
8813,2679,Medium,108,4,2026-02-20 01:33:22
8814,2679,Low,71,4,2026-02-14 22:37:16
8815,2679,Low,84,4,2026-01-12 09:35:21
8816,2679,Low,61,3,2026-03-06 21:18:10
8817,2680,High,36,9,2026-01-24 10:28:22
8818,2680,High,23,8,2025-12-24 04:29:16
8819,2681,High,108,5,2026-02-10 14:35:20
8820,2681,Low,60,2,2026-01-14 08:33:27
8821,2681,High,94,2,2026-04-05 19:16:49
8822,2681,Medium,53,2,2025-12-06 10:06:50
8823,2681,Low,41,2,2025-12-10 09:41:55
8824,2681,Medium,62,2,2026-03-08 20:01:11
8825,2682,High,7,8,2026-04-06 21:40:37
8826,2682,High,5,6,2025-11-23 09:34:24
8827,2682,Low,46,7,2026-03-22 21:46:50
8828,2683,Low,13,6,2026-02-28 22:13:15
8829,2683,High,40,9,2026-01-31 12:50:49
8830,2684,Low,10,9,2026-04-11 14:39:12
8831,2684,Medium,17,7,2026-03-13 01:37:10
8832,2684,Medium,15,8,2026-01-20 14:38:26
8833,2684,Medium,40,8,2026-01-25 15:06:37
8834,2685,High,20,8,2026-03-01 03:07:31
8835,2685,Low,35,7,2026-02-05 01:34:53
8836,2686,Low,117,1,2026-04-06 06:59:19
8837,2686,Medium,86,5,2026-02-02 14:32:40
8838,2686,Low,75,2,2026-03-25 23:54:41
8839,2686,High,36,4,2026-04-14 13:25:51
8840,2686,Medium,98,1,2026-04-11 08:05:53
8841,2686,Medium,84,1,2026-03-16 21:45:02
8842,2687,Medium,112,2,2025-12-19 04:00:26
8843,2687,Low,55,5,2026-01-29 01:35:47
8844,2687,Medium,56,3,2026-02-23 16:17:06
8845,2687,High,27,5,2026-03-16 10:23:52
8846,2687,Medium,44,2,2025-12-03 12:50:19
8847,2688,High,43,3,2026-05-15 16:21:02
8848,2688,Medium,72,5,2025-12-31 08:20:06
8849,2688,Low,81,4,2026-05-12 09:57:37
8850,2688,High,48,4,2025-12-04 14:49:57
8851,2688,High,82,1,2026-04-25 21:07:46
8852,2690,Medium,33,8,2026-05-04 20:50:30
8853,2690,Medium,17,7,2026-04-04 23:31:54
8854,2690,High,17,9,2025-12-07 02:03:28
8855,2690,High,41,9,2026-03-18 13:25:08
8856,2692,High,4,6,2026-01-12 06:57:33
8857,2692,High,4,8,2025-12-27 07:44:57
8858,2693,High,46,8,2026-05-08 01:25:49
8859,2693,Low,9,8,2026-01-31 15:12:00
8860,2693,Medium,33,6,2026-03-13 23:04:02
8861,2694,High,107,4,2025-12-06 00:34:36
8862,2694,Medium,88,2,2026-05-05 18:43:50
8863,2694,Low,57,3,2026-01-25 20:20:08
8864,2694,Medium,108,3,2026-03-27 16:19:02
8865,2694,Low,87,1,2025-12-05 15:19:56
8866,2694,High,78,1,2026-02-04 08:10:06
8867,2694,Low,40,5,2025-11-23 18:17:01
8868,2695,High,83,5,2025-12-13 04:16:08
8869,2695,High,26,4,2026-05-18 22:54:57
8870,2695,Low,27,3,2026-04-20 06:03:12
8871,2695,Low,115,2,2026-01-12 14:45:21
8872,2695,Medium,98,3,2026-04-10 21:04:54
8873,2695,High,33,5,2026-05-11 08:46:53
8874,2696,Medium,13,6,2026-05-15 10:15:17
8875,2696,High,44,7,2025-12-29 02:45:38
8876,2696,Low,39,8,2026-01-15 05:47:46
8877,2698,Medium,19,9,2026-01-03 11:22:25
8878,2698,Medium,22,8,2026-01-06 07:56:09
8879,2698,Medium,37,9,2026-01-12 00:14:29
8880,2698,High,30,7,2025-11-28 12:54:13
8881,2699,Medium,12,6,2026-05-14 03:47:08
8882,2699,Medium,21,8,2026-01-23 02:17:23
8883,2699,Medium,37,9,2026-02-10 10:43:46
8884,2701,High,18,9,2026-05-09 11:22:34
8885,2701,Medium,27,6,2025-12-21 11:40:53
8886,2701,Medium,12,8,2026-01-13 22:13:55
8887,2701,High,34,7,2026-04-25 06:30:51
8888,2702,High,84,5,2026-02-03 16:43:13
8889,2702,High,48,4,2026-01-23 03:18:12
8890,2702,Medium,117,5,2026-03-11 03:35:43
8891,2702,Low,65,1,2026-05-06 18:48:07
8892,2702,Low,101,2,2026-02-16 23:39:20
8893,2702,Medium,58,1,2026-03-06 12:34:01
8894,2703,High,104,5,2026-01-02 16:36:19
8895,2703,Medium,114,5,2026-04-24 18:36:36
8896,2703,Medium,113,2,2026-02-24 13:21:39
8897,2704,High,54,2,2026-01-01 21:12:23
8898,2704,Low,49,4,2026-01-18 11:05:01
8899,2704,Medium,55,3,2025-12-21 09:30:53
8900,2704,High,75,4,2026-03-22 20:52:10
8901,2704,Medium,63,3,2026-04-09 19:30:17
8902,2705,Low,100,4,2025-11-19 14:46:29
8903,2705,Low,109,2,2026-01-06 23:42:17
8904,2705,Low,71,5,2026-05-16 14:05:32
8905,2705,High,66,3,2026-02-04 14:27:58
8906,2705,Low,76,2,2026-03-12 11:53:11
8907,2705,High,26,4,2026-01-04 18:17:41
8908,2705,High,28,2,2025-11-19 00:49:45
8909,2707,High,29,9,2026-04-22 21:00:43
8910,2707,High,31,7,2026-01-23 07:30:13
8911,2709,Medium,12,8,2025-12-23 06:23:35
8912,2710,High,92,5,2026-03-11 19:02:16
8913,2710,Low,50,1,2025-11-22 20:58:59
8914,2710,Low,91,3,2026-03-11 14:01:04
8915,2710,Low,87,5,2025-12-09 11:09:50
8916,2710,Medium,111,4,2026-02-17 22:29:56
8917,2710,Medium,118,4,2025-12-17 06:52:18
8918,2710,Low,111,1,2026-01-17 03:27:56
8919,2710,Low,76,2,2026-02-14 19:19:13
8920,2710,Low,72,1,2025-11-20 11:57:24
8921,2711,High,2,8,2026-03-04 12:35:09
8922,2711,Medium,25,9,2026-02-04 23:53:06
8923,2711,High,11,6,2026-02-12 22:59:23
8924,2711,Medium,44,7,2026-03-04 09:54:33
8925,2712,High,6,6,2025-12-20 16:34:55
8926,2713,Low,92,4,2026-03-22 18:33:03
8927,2713,Low,52,5,2026-04-03 04:13:00
8928,2713,Low,96,4,2026-02-05 10:12:14
8929,2713,Low,95,4,2026-05-10 11:59:44
8930,2713,Medium,50,5,2025-12-25 08:52:08
8931,2713,Medium,84,4,2026-04-01 01:21:55
8932,2713,Medium,110,3,2026-03-01 00:30:34
8933,2713,High,92,1,2026-02-09 08:03:55
8934,2713,High,30,4,2026-03-22 14:38:07
8935,2714,High,4,8,2026-05-08 07:24:07
8936,2715,High,5,8,2026-05-01 07:02:15
8937,2715,High,15,9,2026-04-05 22:39:15
8938,2715,High,34,6,2025-11-24 14:28:06
8939,2717,High,7,9,2026-04-09 15:35:57
8940,2717,Medium,6,9,2026-02-17 14:45:22
8941,2717,Medium,39,7,2026-05-02 15:47:01
8942,2718,Medium,30,7,2025-12-15 14:41:01
8943,2718,Low,25,9,2026-02-04 18:32:35
8944,2718,Low,20,8,2026-03-01 17:02:39
8945,2721,Medium,90,5,2026-05-19 19:50:44
8946,2721,High,88,2,2026-02-06 12:46:37
8947,2721,High,90,1,2025-11-22 13:21:04
8948,2721,High,92,3,2025-12-18 13:37:46
8949,2722,Low,13,8,2026-04-08 20:47:55
8950,2723,Medium,24,2,2026-01-14 15:12:34
8951,2723,High,41,1,2026-04-02 10:06:39
8952,2723,High,24,3,2026-04-27 14:20:14
8953,2723,Low,32,3,2026-03-05 10:41:49
8954,2723,High,68,2,2026-04-15 21:44:14
8955,2723,Low,25,2,2026-05-18 01:49:45
8956,2723,Medium,39,5,2026-04-08 15:09:46
8957,2723,Medium,116,4,2026-01-26 05:12:06
8958,2723,High,98,3,2026-01-01 12:34:35
8959,2723,High,37,4,2025-12-11 20:02:26
8960,2724,Medium,2,9,2026-02-04 20:54:10
8961,2724,High,31,8,2026-03-25 05:59:26
8962,2724,Low,22,8,2026-05-13 14:32:06
8963,2726,Low,31,6,2026-01-31 15:35:06
8964,2726,High,24,6,2025-12-07 23:58:11
8965,2727,Low,44,8,2026-02-15 01:43:26
8966,2727,Medium,37,8,2026-02-25 20:10:32
8967,2727,High,38,9,2026-03-28 00:50:02
8968,2727,Low,27,9,2025-12-05 18:58:30
8969,2728,High,12,8,2026-04-17 23:08:00
8970,2728,High,30,9,2025-12-06 19:51:51
8971,2728,High,23,7,2026-03-28 03:04:07
8972,2729,Low,7,7,2026-01-01 13:42:24
8973,2729,High,32,6,2026-01-31 06:59:01
8974,2729,High,39,9,2026-05-03 00:12:46
8975,2730,High,43,8,2025-11-20 11:55:08
8976,2730,High,14,8,2026-01-06 10:32:30
8977,2730,Low,46,9,2025-12-16 07:02:46
8978,2730,Low,43,9,2025-12-09 14:09:03
8979,2732,High,104,3,2026-03-11 11:36:54
8980,2732,High,97,5,2026-01-30 03:45:12
8981,2732,Low,86,2,2026-03-06 05:47:47
8982,2732,Low,90,2,2026-03-28 22:42:36
8983,2732,High,75,1,2025-11-27 19:59:56
8984,2733,Medium,46,8,2026-03-23 12:51:13
8985,2733,Low,46,8,2026-05-12 05:36:19
8986,2733,Low,33,9,2026-03-12 00:02:10
8987,2734,High,26,8,2025-12-11 22:29:30
8988,2735,High,38,7,2026-04-06 04:20:05
8989,2736,Low,26,7,2026-02-05 05:46:14
8990,2737,Low,92,3,2026-04-21 14:37:13
8991,2737,Low,89,3,2026-03-14 09:19:24
8992,2737,Low,96,3,2026-02-06 03:10:11
8993,2737,High,74,1,2026-04-14 12:31:20
8994,2737,Medium,41,3,2026-02-27 01:35:11
8995,2737,Medium,35,3,2025-12-03 14:00:32
8996,2737,High,105,1,2026-05-08 04:40:02
8997,2738,Medium,6,7,2025-12-12 18:52:34
8998,2740,Medium,45,8,2026-02-17 21:28:58
8999,2742,Medium,22,8,2026-03-06 02:51:12
9000,2742,High,39,8,2026-02-19 17:26:56
9001,2742,High,9,8,2026-05-11 00:35:05
9002,2742,Medium,23,9,2026-03-22 02:46:02
9003,2743,High,24,7,2026-03-17 13:26:28
9004,2744,High,40,6,2025-12-16 07:44:39
9005,2744,Medium,13,9,2025-11-21 22:51:39
9006,2744,High,42,6,2026-02-02 18:17:44
9007,2745,High,7,6,2026-01-06 17:51:29
9008,2745,High,24,7,2026-03-07 03:46:12
9009,2746,High,115,3,2026-04-17 00:57:19
9010,2746,Low,56,5,2025-12-04 04:21:08
9011,2746,High,97,5,2026-05-05 12:29:13
9012,2746,Low,69,5,2026-04-25 21:10:07
9013,2746,Low,32,3,2026-01-01 20:36:32
9014,2746,Low,58,2,2025-12-06 09:12:37
9015,2747,Low,19,6,2026-02-03 06:55:49
9016,2748,Low,25,8,2025-12-31 15:17:24
9017,2748,Low,10,6,2026-04-25 18:04:50
9018,2749,High,36,7,2025-11-23 03:37:10
9019,2749,Low,31,9,2026-04-20 13:11:50
9020,2749,High,21,7,2026-02-12 23:43:12
9021,2749,Medium,18,6,2025-12-03 17:27:35
9022,2750,Low,14,9,2026-04-05 21:05:30
9023,2750,High,2,8,2026-03-12 11:57:57
9024,2751,Medium,15,9,2025-11-29 21:22:46
9025,2751,Low,34,9,2026-01-24 05:37:13
9026,2751,High,1,8,2025-12-22 00:05:26
9027,2751,Medium,21,7,2026-05-03 07:37:53
9028,2752,Medium,1,9,2025-12-04 22:43:40
9029,2752,High,20,7,2026-05-02 05:55:56
9030,2753,Medium,47,9,2026-03-14 04:27:57
9031,2754,Low,39,7,2026-05-10 04:34:14
9032,2754,Medium,7,7,2026-01-21 22:23:04
9033,2754,High,45,7,2026-01-21 20:12:07
9034,2755,High,8,8,2026-02-18 02:22:12
9035,2755,Low,10,7,2026-02-27 08:01:04
9036,2755,High,46,8,2026-03-11 16:43:39
9037,2756,Low,11,7,2026-05-09 09:51:14
9038,2757,High,44,1,2026-04-23 11:16:33
9039,2757,High,42,2,2026-01-15 23:25:32
9040,2757,High,85,3,2025-11-24 09:38:58
9041,2757,Low,106,5,2026-04-07 18:25:38
9042,2757,High,47,2,2025-11-24 22:30:26
9043,2757,Medium,45,4,2026-02-12 16:49:35
9044,2757,High,80,2,2025-12-14 22:25:40
9045,2758,High,2,9,2026-04-09 22:52:11
9046,2758,Low,33,8,2026-05-19 15:09:44
9047,2758,Medium,38,8,2026-02-18 16:50:13
9048,2758,Low,28,7,2026-03-04 04:38:24
9049,2759,Medium,45,6,2025-11-24 04:27:08
9050,2759,Medium,34,8,2026-02-14 02:14:01
9051,2761,Low,9,6,2026-02-05 21:58:57
9052,2761,Low,42,7,2025-12-14 03:21:33
9053,2761,Medium,12,7,2026-02-28 01:09:55
9054,2761,Low,21,6,2026-02-27 00:37:28
9055,2762,High,88,3,2026-05-19 16:10:38
9056,2762,High,92,1,2026-04-13 16:54:51
9057,2762,Medium,87,1,2025-11-26 00:01:04
9058,2762,Low,95,1,2026-03-15 04:26:40
9059,2763,High,96,1,2025-12-08 21:42:32
9060,2763,Low,44,3,2026-04-07 15:07:10
9061,2763,Medium,31,1,2025-11-20 23:09:21
9062,2763,Medium,51,2,2026-01-29 00:44:33
9063,2763,Medium,94,2,2026-02-21 11:59:02
9064,2763,Low,109,2,2026-05-10 02:19:34
9065,2763,Low,33,2,2025-11-22 22:30:09
9066,2763,Medium,56,3,2026-01-01 07:39:46
9067,2764,Low,37,4,2026-02-13 20:08:18
9068,2764,Medium,69,5,2026-02-20 06:42:11
9069,2764,Low,59,5,2026-03-24 22:31:53
9070,2765,Low,39,5,2025-12-17 23:55:25
9071,2765,Low,112,2,2026-03-05 00:13:15
9072,2765,Low,61,1,2026-05-16 15:26:05
9073,2765,High,113,3,2026-01-27 15:40:13
9074,2765,High,100,4,2026-04-27 09:41:30
9075,2765,Medium,113,1,2026-03-23 01:22:35
9076,2765,High,31,4,2026-02-28 00:43:07
9077,2765,Medium,108,3,2026-04-16 09:00:27
9078,2765,Low,76,2,2026-02-18 20:03:16
9079,2766,Medium,37,6,2026-03-22 08:31:19
9080,2766,High,3,8,2026-05-16 14:40:12
9081,2766,High,1,6,2026-04-06 04:29:05
9082,2766,Medium,23,6,2026-02-16 15:27:07
9083,2767,Medium,41,8,2026-04-02 21:07:59
9084,2767,High,5,8,2026-01-21 16:58:23
9085,2767,Low,6,6,2026-01-18 14:20:13
9086,2767,Low,22,6,2026-03-22 06:59:57
9087,2768,Medium,13,9,2026-02-13 19:06:34
9088,2769,Low,27,5,2026-03-19 00:05:55
9089,2769,Medium,54,5,2025-12-14 02:54:30
9090,2769,High,68,2,2026-01-08 01:56:44
9091,2769,High,31,1,2026-03-09 17:04:35
9092,2769,High,116,5,2026-05-16 07:50:18
9093,2769,High,51,5,2026-01-30 03:57:21
9094,2769,High,104,5,2026-05-17 21:00:45
9095,2769,Medium,32,2,2026-04-19 06:52:38
9096,2769,Medium,86,3,2026-04-29 05:12:56
9097,2770,Low,31,8,2026-04-19 23:16:16
9098,2770,Medium,30,7,2025-12-30 23:49:58
9099,2770,Low,3,8,2026-04-15 09:20:42
9100,2770,High,9,7,2025-12-13 16:33:37
9101,2771,High,84,2,2026-03-27 20:17:07
9102,2771,Low,70,2,2026-04-26 12:39:23
9103,2771,Low,24,1,2026-01-15 08:03:45
9104,2771,Medium,61,1,2025-12-10 22:42:16
9105,2771,High,93,2,2026-04-24 14:12:24
9106,2772,Low,1,7,2026-03-16 20:47:12
9107,2772,High,3,6,2026-02-18 15:52:49
9108,2773,High,31,4,2026-01-13 19:21:05
9109,2773,Low,63,1,2026-03-20 00:40:22
9110,2773,High,112,1,2026-01-27 21:00:50
9111,2773,High,35,5,2026-04-10 03:27:48
9112,2773,Medium,112,3,2026-01-22 21:58:58
9113,2773,High,77,1,2026-02-03 13:10:00
9114,2773,Medium,116,3,2025-12-15 23:00:52
9115,2773,Low,83,4,2026-03-08 20:59:36
9116,2774,Medium,14,7,2026-01-27 21:37:15
9117,2774,Medium,38,6,2026-03-20 19:55:58
9118,2774,High,17,7,2026-03-14 19:00:37
9119,2775,Medium,8,9,2026-05-04 12:55:06
9120,2775,Medium,10,8,2025-12-06 08:05:06
9121,2776,High,36,9,2026-04-05 07:22:06
9122,2776,Low,14,9,2026-05-13 01:01:12
9123,2776,Medium,25,6,2026-02-21 15:40:40
9124,2776,High,4,6,2026-05-05 11:53:11
9125,2778,Medium,79,1,2026-01-16 16:09:34
9126,2778,Medium,62,1,2026-02-06 07:36:46
9127,2778,Low,86,1,2026-01-16 23:14:29
9128,2778,High,90,1,2026-01-02 11:02:30
9129,2778,Low,88,5,2026-05-12 20:42:23
9130,2778,Low,53,1,2026-02-28 00:21:18
9131,2778,High,71,4,2026-04-18 11:38:54
9132,2779,Low,110,4,2025-12-16 18:23:58
9133,2779,Low,112,4,2026-02-08 07:07:42
9134,2779,High,104,5,2026-02-02 18:31:27
9135,2779,Low,102,2,2025-12-30 19:29:44
9136,2779,Low,75,5,2026-03-15 18:39:08
9137,2779,High,99,1,2026-02-22 07:25:25
9138,2780,High,1,7,2026-04-17 06:21:55
9139,2780,Medium,18,8,2026-04-11 16:55:21
9140,2782,High,2,6,2026-02-04 13:10:16
9141,2782,High,8,7,2026-03-23 10:44:00
9142,2782,High,22,7,2026-04-10 11:20:08
9143,2783,Medium,26,6,2026-03-05 22:58:53
9144,2784,High,21,8,2026-01-14 06:28:35
9145,2784,High,43,7,2026-02-27 01:17:36
9146,2784,High,14,6,2026-04-03 13:17:48
9147,2785,Medium,94,1,2025-12-25 15:56:57
9148,2785,Low,98,3,2026-01-22 13:49:45
9149,2785,High,25,3,2025-12-05 04:06:05
9150,2785,Low,59,4,2026-03-09 13:26:41
9151,2787,High,28,8,2025-12-24 12:22:01
9152,2787,High,44,9,2026-01-02 13:22:18
9153,2787,High,10,7,2025-12-30 09:37:31
9154,2788,Low,30,7,2026-01-01 17:03:38
9155,2788,High,46,8,2026-03-28 12:34:57
9156,2789,High,97,2,2026-05-14 23:22:15
9157,2789,Medium,119,2,2026-04-26 14:06:31
9158,2789,Low,90,2,2026-03-08 22:18:25
9159,2790,Low,15,6,2026-01-15 19:27:13
9160,2790,Low,27,7,2026-04-22 20:28:36
9161,2790,Low,19,9,2026-01-11 05:57:35
9162,2790,Medium,24,6,2026-04-29 05:18:46
9163,2791,High,24,8,2025-12-05 05:41:42
9164,2792,Low,30,8,2026-03-07 03:37:47
9165,2792,Medium,47,8,2026-03-10 18:34:48
9166,2793,Medium,67,2,2025-11-22 06:56:40
9167,2793,Low,50,4,2026-05-09 13:25:41
9168,2793,Medium,87,1,2026-04-03 05:12:23
9169,2793,Low,119,4,2026-01-30 23:31:30
9170,2793,Medium,28,5,2026-03-05 00:49:51
9171,2793,High,31,2,2026-02-27 16:00:20
9172,2793,Low,30,5,2025-12-13 02:11:19
9173,2793,High,39,5,2025-12-19 23:07:54
9174,2793,Low,90,5,2026-01-02 17:58:21
9175,2793,Medium,97,5,2026-04-08 20:32:38
9176,2794,Medium,23,8,2026-05-14 02:38:33
9177,2794,Medium,18,6,2026-01-29 03:52:57
9178,2795,Low,8,8,2025-12-29 03:45:45
9179,2795,Low,21,7,2026-03-06 16:11:51
9180,2796,Medium,22,9,2026-04-09 21:25:08
9181,2796,Low,23,9,2026-02-25 00:11:31
9182,2796,Medium,8,9,2025-12-11 01:05:59
9183,2796,High,30,8,2026-03-09 09:04:55
9184,2797,Low,23,7,2025-12-01 17:33:47
9185,2797,Medium,29,8,2026-01-03 23:00:31
9186,2797,High,33,9,2026-02-23 07:10:45
9187,2797,Medium,47,7,2026-05-07 21:56:24
9188,2798,Medium,77,4,2026-03-15 09:17:26
9189,2798,Low,30,3,2026-04-01 01:40:48
9190,2798,High,115,1,2026-05-02 04:56:01
9191,2799,Medium,39,7,2026-02-26 03:11:37
9192,2799,Medium,39,8,2026-05-05 14:22:55
9193,2799,Medium,31,6,2026-01-22 20:18:40
9194,2802,High,24,6,2026-05-01 21:58:32
9195,2802,Low,23,8,2026-03-23 20:01:36
9196,2803,Medium,1,6,2026-01-05 19:39:39
9197,2803,Low,33,9,2026-01-13 05:00:03
9198,2803,Low,28,6,2026-05-08 09:55:25
9199,2804,Medium,64,4,2026-04-08 14:52:24
9200,2804,Low,96,2,2026-01-30 17:27:07
9201,2804,Low,34,1,2025-12-26 10:54:51
9202,2804,High,42,1,2026-05-12 12:37:24
9203,2804,High,65,2,2025-12-27 14:59:45
9204,2804,Low,94,4,2026-03-10 21:35:48
9205,2804,Medium,25,3,2025-12-15 22:34:43
9206,2804,Low,61,2,2025-12-16 02:07:45
9207,2804,Medium,31,2,2025-12-29 21:39:19
9208,2806,High,30,8,2025-11-20 10:05:00
9209,2807,Low,43,4,2026-03-02 12:13:21
9210,2807,Medium,43,1,2026-02-19 17:37:34
9211,2807,Medium,95,4,2025-12-07 10:04:54
9212,2807,Medium,38,2,2026-04-20 15:18:57
9213,2807,Medium,111,1,2026-04-05 06:12:30
9214,2807,Medium,86,3,2025-12-04 06:44:32
9215,2807,Medium,44,5,2025-12-11 09:00:52
9216,2808,High,35,6,2026-04-11 15:55:39
9217,2809,Low,4,6,2026-01-21 00:58:37
9218,2809,Medium,16,6,2026-02-06 02:01:21
9219,2810,Low,31,7,2026-03-02 15:19:36
9220,2810,Low,35,7,2026-01-07 00:48:02
9221,2810,Medium,33,6,2026-04-01 05:09:46
9222,2811,Low,103,2,2025-12-18 11:28:57
9223,2811,Medium,38,2,2026-02-28 18:08:48
9224,2811,High,111,1,2025-12-08 21:16:35
9225,2811,Low,115,1,2026-03-31 05:21:01
9226,2811,Low,88,4,2025-11-20 03:39:37
9227,2811,Low,43,1,2026-02-25 00:14:29
9228,2811,Medium,113,3,2025-12-14 21:04:33
9229,2811,Low,66,1,2025-11-21 02:26:58
9230,2811,Low,48,2,2025-12-16 17:16:36
9231,2812,Medium,99,1,2026-03-02 07:50:54
9232,2812,High,94,5,2026-04-11 10:03:13
9233,2812,Medium,35,1,2026-01-04 16:28:00
9234,2812,Low,92,2,2026-04-18 08:57:21
9235,2812,Low,71,5,2025-12-19 18:39:17
9236,2812,High,104,3,2026-03-11 02:22:43
9237,2812,Low,88,3,2026-02-04 14:14:46
9238,2812,Medium,59,4,2025-12-16 00:36:16
9239,2812,High,42,3,2026-02-03 12:37:13
9240,2813,Low,65,5,2025-12-19 23:21:10
9241,2813,Medium,42,3,2026-04-03 02:10:13
9242,2813,Medium,62,5,2026-04-14 16:04:10
9243,2813,High,75,4,2026-01-06 21:00:49
9244,2813,Medium,106,4,2026-05-07 01:17:25
9245,2813,High,59,4,2026-04-17 07:11:05
9246,2813,High,105,1,2025-11-20 11:13:30
9247,2814,Medium,43,7,2026-03-10 21:01:25
9248,2815,High,33,6,2025-11-21 06:38:46
9249,2815,High,18,6,2025-12-04 11:58:46
9250,2815,High,29,6,2026-02-03 01:37:48
9251,2816,Low,5,6,2026-05-01 18:55:19
9252,2816,Low,24,6,2026-03-30 00:17:50
9253,2816,Low,38,6,2026-03-20 04:44:00
9254,2817,Low,33,5,2026-04-04 04:37:54
9255,2817,Low,110,2,2026-02-11 12:16:32
9256,2817,Medium,34,2,2026-03-05 07:57:57
9257,2818,Low,21,9,2025-11-28 10:29:26
9258,2818,High,10,6,2026-01-26 10:11:22
9259,2818,Low,47,9,2026-02-28 18:32:18
9260,2818,Low,47,8,2025-12-20 19:43:51
9261,2819,Medium,44,9,2026-03-27 08:01:21
9262,2819,High,40,7,2026-05-03 13:31:46
9263,2821,Medium,6,6,2025-12-30 20:03:24
9264,2821,Medium,2,9,2026-01-11 23:34:15
9265,2821,Medium,4,8,2026-03-17 06:55:43
9266,2822,Low,13,6,2026-03-16 21:45:54
9267,2822,Medium,31,9,2025-11-26 19:01:47
9268,2822,Low,41,7,2026-02-10 22:16:40
9269,2823,Low,28,6,2025-12-18 08:54:56
9270,2823,High,47,9,2026-05-10 18:58:46
9271,2823,High,37,8,2026-03-07 09:58:29
9272,2823,Low,20,7,2026-01-02 05:41:12
9273,2824,Medium,36,8,2026-05-10 13:47:01
9274,2826,High,38,7,2026-03-20 12:47:32
9275,2826,Low,44,6,2026-04-10 02:06:34
9276,2827,Low,73,3,2026-02-03 12:37:24
9277,2827,Medium,43,4,2026-01-12 03:07:53
9278,2827,High,38,2,2026-02-09 13:48:14
9279,2827,Low,26,5,2025-12-04 21:21:23
9280,2827,High,114,5,2025-12-07 00:25:40
9281,2827,High,79,3,2026-02-18 18:45:27
9282,2827,High,94,2,2026-05-15 02:18:47
9283,2827,High,24,3,2026-05-18 01:44:18
9284,2827,Low,30,4,2026-03-31 17:26:58
9285,2828,High,99,4,2026-03-20 00:57:10
9286,2828,High,110,1,2025-12-13 14:32:26
9287,2828,High,117,3,2025-12-21 00:35:23
9288,2828,Low,84,5,2026-02-06 14:10:42
9289,2828,Low,118,2,2026-05-12 23:59:21
9290,2828,Low,64,3,2026-03-27 00:31:44
9291,2829,Medium,4,6,2026-01-05 04:02:13
9292,2831,Low,64,3,2025-11-27 18:26:50
9293,2831,Low,38,2,2026-01-28 01:52:45
9294,2831,Medium,45,2,2026-03-05 15:31:45
9295,2831,Low,103,2,2026-03-12 16:01:05
9296,2831,High,59,4,2025-12-06 05:41:54
9297,2831,Low,39,3,2026-03-07 21:30:25
9298,2831,Low,53,2,2026-03-23 13:38:00
9299,2832,Medium,49,1,2026-05-04 23:12:42
9300,2832,Medium,92,2,2026-02-14 00:05:54
9301,2832,High,79,4,2026-02-18 08:40:29
9302,2833,High,34,7,2026-05-13 18:59:28
9303,2833,High,20,7,2025-11-29 17:40:52
9304,2834,Low,25,9,2026-04-22 19:23:59
9305,2835,Medium,25,6,2025-11-28 22:49:09
9306,2835,Medium,14,9,2026-04-10 11:21:22
9307,2836,High,66,3,2025-12-28 15:12:50
9308,2836,Medium,85,4,2025-11-28 19:50:09
9309,2836,High,92,2,2026-05-06 00:07:28
9310,2838,Low,77,3,2025-12-21 05:57:37
9311,2838,Medium,84,5,2025-12-21 19:21:10
9312,2838,Medium,74,2,2026-01-07 14:24:57
9313,2838,Medium,47,3,2025-11-20 19:41:51
9314,2838,Medium,53,5,2026-05-07 16:55:33
9315,2838,High,76,3,2025-12-08 04:57:10
9316,2838,Medium,101,5,2026-01-01 05:00:54
9317,2839,Medium,16,7,2026-02-01 20:25:52
9318,2840,Low,108,4,2026-04-06 09:50:34
9319,2840,Low,77,5,2026-04-14 10:52:51
9320,2840,Low,101,3,2026-02-14 13:11:42
9321,2841,High,28,4,2026-03-05 06:06:34
9322,2841,High,118,5,2026-01-19 20:23:15
9323,2841,Medium,41,4,2025-12-17 10:26:07
9324,2842,Medium,31,8,2025-12-06 19:54:09
9325,2843,Medium,30,6,2026-02-05 06:39:04
9326,2843,High,47,7,2025-11-19 03:58:26
9327,2843,Low,41,9,2025-11-21 18:41:00
9328,2844,Low,5,6,2026-05-06 13:20:52
9329,2844,Medium,45,7,2026-01-11 22:18:42
9330,2844,Medium,27,9,2026-04-20 17:24:46
9331,2845,Medium,30,6,2025-12-04 10:01:27
9332,2845,Medium,36,6,2025-12-19 20:33:49
9333,2848,High,68,5,2026-04-19 09:07:33
9334,2848,High,68,4,2026-01-09 13:36:45
9335,2848,Low,107,5,2026-01-08 01:38:10
9336,2849,Medium,5,7,2025-11-24 04:22:16
9337,2849,High,32,7,2026-03-11 21:35:46
9338,2850,High,30,7,2026-02-23 01:14:46
9339,2850,High,37,6,2025-12-04 00:01:53
9340,2851,High,29,6,2026-03-27 23:53:07
9341,2851,Medium,25,6,2026-01-31 05:58:48
9342,2851,Low,24,8,2025-12-13 17:15:52
9343,2851,High,20,8,2026-04-16 20:29:42
9344,2852,Low,8,9,2026-01-13 08:55:19
9345,2852,High,9,6,2026-01-30 13:13:10
9346,2853,Low,84,4,2026-04-22 07:49:11
9347,2853,Low,102,2,2026-02-01 08:20:02
9348,2853,Low,77,2,2025-11-20 04:48:21
9349,2853,High,34,5,2026-04-19 07:40:07
9350,2853,High,34,3,2026-01-21 19:32:32
9351,2853,High,117,3,2026-04-10 18:49:19
9352,2853,Low,57,5,2025-11-26 23:26:17
9353,2853,Low,110,5,2025-12-15 21:13:59
9354,2853,High,88,3,2026-04-19 04:03:57
9355,2854,Low,3,9,2026-05-19 13:44:33
9356,2855,Low,14,9,2026-03-22 15:28:09
9357,2855,Low,30,7,2025-12-28 12:47:52
9358,2855,High,5,6,2026-03-23 16:52:03
9359,2856,Medium,15,7,2025-11-21 23:37:07
9360,2856,Medium,14,7,2026-02-22 20:27:23
9361,2856,High,8,9,2025-11-30 11:55:49
9362,2856,Medium,8,8,2025-12-27 20:52:29
9363,2857,High,55,5,2026-03-20 20:14:38
9364,2857,High,64,3,2026-05-18 14:59:04
9365,2857,Low,68,5,2026-04-24 12:57:27
9366,2857,Low,50,3,2025-12-28 03:43:59
9367,2857,Low,49,5,2026-04-03 19:02:26
9368,2857,Low,74,5,2026-04-12 08:03:07
9369,2858,High,9,8,2026-02-22 13:56:18
9370,2858,High,28,9,2025-12-09 13:41:50
9371,2858,Medium,3,8,2025-11-22 18:39:21
9372,2859,Medium,119,5,2025-12-19 07:45:28
9373,2859,Medium,31,3,2025-11-24 03:35:36
9374,2859,High,47,5,2025-11-19 04:00:16
9375,2859,High,66,5,2026-02-04 06:41:01
9376,2859,Low,95,3,2026-04-26 04:43:26
9377,2859,Medium,65,5,2026-01-16 17:13:19
9378,2859,Low,86,2,2026-04-10 19:10:43
9379,2859,Medium,41,2,2025-12-26 00:31:44
9380,2860,High,18,6,2026-01-21 14:50:31
9381,2860,High,7,9,2025-11-27 01:26:18
9382,2860,Low,38,9,2026-03-09 18:37:33
9383,2861,High,16,8,2025-12-05 08:24:41
9384,2862,High,33,9,2025-12-05 11:29:40
9385,2862,Low,3,7,2025-12-06 02:49:51
9386,2863,Low,27,4,2026-04-02 22:48:04
9387,2863,High,27,2,2026-05-01 20:54:19
9388,2863,Low,32,3,2026-01-08 16:30:44
9389,2863,High,40,1,2026-04-01 17:07:31
9390,2863,Low,43,4,2026-05-11 18:04:49
9391,2863,High,50,3,2026-03-22 02:20:22
9392,2863,Medium,26,1,2026-01-11 15:55:13
9393,2864,High,10,6,2026-05-04 11:56:37
9394,2864,High,29,9,2026-04-16 13:41:01
9395,2864,High,1,9,2026-04-27 11:31:07
9396,2866,Medium,44,1,2026-01-16 02:28:21
9397,2866,High,83,4,2026-04-09 15:33:29
9398,2866,Medium,49,1,2026-04-01 02:56:47
9399,2866,High,43,3,2026-02-25 19:09:10
9400,2866,Medium,59,2,2025-12-10 04:13:43
9401,2867,High,36,7,2026-05-07 19:21:45
9402,2867,Medium,9,7,2026-03-06 09:25:09
9403,2867,Low,1,6,2025-12-25 07:49:00
9404,2868,Low,96,5,2026-02-20 21:46:44
9405,2868,Low,106,2,2025-11-23 21:26:31
9406,2868,High,119,5,2026-02-17 17:05:23
9407,2868,Low,107,4,2026-03-01 23:49:00
9408,2868,High,66,4,2025-12-02 00:25:45
9409,2870,Medium,37,7,2026-01-18 05:48:44
9410,2870,High,10,8,2026-02-17 09:41:08
9411,2870,High,25,6,2026-03-05 18:59:53
9412,2870,High,24,8,2026-02-05 01:41:41
9413,2871,Medium,21,6,2025-12-05 18:45:59
9414,2871,Medium,9,7,2025-12-15 15:05:48
9415,2871,Low,42,7,2026-04-12 08:28:12
9416,2871,Medium,4,9,2026-05-10 15:33:30
9417,2872,High,32,6,2025-11-18 10:02:40
9418,2872,Low,14,6,2026-02-26 21:27:48
9419,2873,Low,13,8,2025-12-24 11:50:16
9420,2875,Low,21,9,2026-02-08 18:49:44
9421,2875,Medium,18,6,2025-11-24 23:38:12
9422,2875,Low,40,7,2026-04-10 18:00:56
9423,2875,High,32,9,2026-03-05 01:56:11
9424,2876,Medium,33,9,2026-03-05 14:12:06
9425,2877,Medium,31,7,2026-01-04 20:33:31
9426,2879,Low,35,9,2025-11-22 14:24:05
9427,2880,Low,74,1,2026-04-13 06:43:58
9428,2880,High,118,2,2026-04-21 08:56:14
9429,2880,Medium,75,2,2026-05-16 20:20:15
9430,2880,High,90,5,2025-11-18 15:05:53
9431,2881,Medium,32,8,2026-02-18 10:29:11
9432,2881,Medium,29,7,2026-01-07 13:32:44
9433,2881,Low,20,7,2025-11-24 20:31:50
9434,2881,High,43,6,2026-01-16 04:37:39
9435,2882,Medium,29,7,2026-03-28 07:05:52
9436,2882,High,17,8,2026-03-31 03:36:57
9437,2882,Low,34,9,2025-12-30 15:18:18
9438,2882,Medium,38,6,2026-01-29 03:44:03
9439,2883,Medium,37,9,2026-01-21 04:30:09
9440,2883,Medium,2,9,2026-04-21 08:38:22
9441,2883,Low,35,7,2025-11-20 06:35:22
9442,2883,High,46,9,2026-04-02 05:53:01
9443,2885,Low,21,6,2025-12-05 02:17:36
9444,2885,High,46,6,2026-01-01 23:45:57
9445,2886,Low,35,9,2025-12-31 07:04:13
9446,2886,Medium,15,8,2026-04-11 07:32:04
9447,2888,High,38,5,2026-02-15 07:57:34
9448,2888,High,29,1,2026-01-03 10:41:36
9449,2888,High,91,3,2026-04-26 15:31:32
9450,2888,Medium,45,3,2025-12-25 23:21:01
9451,2889,High,46,8,2026-04-07 16:27:52
9452,2889,High,44,8,2025-11-25 04:11:24
9453,2890,High,22,9,2026-02-28 14:54:54
9454,2890,Low,42,7,2026-01-02 21:28:15
9455,2890,Medium,9,7,2026-01-11 02:06:12
9456,2890,Low,36,6,2026-03-24 00:49:59
9457,2891,Medium,38,5,2026-05-02 20:53:51
9458,2891,Low,107,2,2026-03-19 19:16:16
9459,2891,High,115,3,2026-03-18 04:46:19
9460,2891,High,42,1,2025-12-17 16:08:28
9461,2891,Medium,39,3,2026-02-23 04:14:38
9462,2891,Low,31,1,2026-01-15 20:28:40
9463,2891,Medium,97,2,2026-02-19 13:31:06
9464,2891,Low,58,3,2025-12-31 19:29:12
9465,2892,Medium,73,3,2026-01-23 10:59:24
9466,2892,Low,114,3,2026-01-08 01:43:40
9467,2892,Medium,51,2,2026-04-21 05:03:16
9468,2892,Low,102,5,2026-04-16 22:54:13
9469,2892,Medium,104,3,2026-05-01 14:11:43
9470,2892,Low,74,5,2026-03-11 08:18:32
9471,2892,Medium,38,2,2026-01-10 10:57:38
9472,2892,Low,99,1,2026-02-23 11:59:02
9473,2892,Low,84,1,2026-04-15 16:59:24
9474,2893,High,92,4,2025-12-30 14:51:31
9475,2893,Medium,80,3,2026-03-29 00:11:34
9476,2893,High,90,2,2026-01-07 11:16:16
9477,2893,Low,73,1,2026-01-13 15:23:18
9478,2893,High,83,2,2026-01-10 15:32:39
9479,2893,Medium,89,3,2026-02-04 00:35:14
9480,2895,Low,24,8,2026-02-19 07:52:15
9481,2895,Low,23,9,2026-03-28 21:15:09
9482,2896,High,23,7,2026-01-29 12:32:17
9483,2896,High,41,8,2026-01-22 03:30:22
9484,2896,Low,2,9,2026-02-17 13:43:42
9485,2898,Low,89,5,2026-04-07 03:25:26
9486,2898,Medium,58,5,2026-03-29 18:12:49
9487,2898,Low,50,5,2026-03-28 10:00:10
9488,2898,Medium,56,2,2026-01-03 21:30:29
9489,2898,High,72,1,2026-02-06 03:00:11
9490,2899,Low,46,7,2026-05-10 03:58:47
9491,2899,High,30,9,2026-03-02 16:14:55
9492,2899,High,40,7,2025-12-13 18:52:53
9493,2900,High,7,7,2025-12-26 16:23:32
9494,2902,Low,4,6,2026-03-19 12:17:49
9495,2902,Medium,15,8,2026-02-19 11:49:26
9496,2902,Medium,25,8,2026-04-23 19:19:56
9497,2902,Low,33,9,2026-01-22 23:29:47
9498,2904,High,58,5,2026-02-24 07:33:26
9499,2904,Low,28,4,2025-12-16 00:16:42
9500,2904,Low,40,5,2026-01-10 19:29:18
9501,2905,Low,14,7,2026-03-19 12:13:12
9502,2906,Low,29,9,2026-05-08 18:22:42
9503,2906,High,34,9,2026-02-21 21:15:26
9504,2907,Low,24,5,2026-02-15 16:22:25
9505,2907,Low,59,3,2025-12-06 20:57:29
9506,2907,High,60,5,2025-12-06 21:37:29
9507,2908,High,5,6,2026-03-17 19:41:06
9508,2908,Low,32,9,2026-04-18 03:45:56
9509,2909,Low,75,3,2025-12-17 10:26:03
9510,2909,Medium,35,4,2026-04-21 20:32:12
9511,2909,High,24,1,2026-03-22 13:06:50
9512,2909,Medium,66,1,2026-02-15 19:02:12
9513,2909,Low,82,3,2025-12-26 21:48:52
9514,2909,Medium,52,3,2026-03-16 11:41:06
9515,2910,Medium,29,7,2026-04-04 06:54:29
9516,2910,Low,42,6,2026-04-16 04:56:56
9517,2911,Low,30,8,2025-12-31 06:09:48
9518,2912,High,21,9,2026-04-05 03:45:27
9519,2912,Medium,26,7,2026-01-03 11:36:50
9520,2912,High,47,6,2025-12-14 06:47:20
9521,2912,High,20,8,2026-03-17 09:19:37
9522,2913,Low,91,5,2026-04-27 07:08:35
9523,2913,Low,44,1,2026-03-21 12:59:54
9524,2913,Low,38,1,2026-03-06 04:05:06
9525,2913,High,74,3,2026-02-28 22:44:09
9526,2914,Low,106,2,2026-04-30 04:12:25
9527,2914,High,57,5,2025-12-19 10:39:43
9528,2914,Medium,72,5,2026-04-30 18:14:41
9529,2914,Low,92,1,2026-04-03 01:13:08
9530,2914,Low,100,3,2025-11-26 16:35:11
9531,2914,Low,24,5,2026-03-24 20:16:20
9532,2914,Low,66,3,2026-03-30 13:42:50
9533,2915,Medium,7,9,2026-05-18 02:31:53
9534,2916,Low,26,2,2026-01-27 20:34:56
9535,2916,Medium,112,1,2026-03-29 03:39:46
9536,2916,High,40,5,2025-11-21 16:42:52
9537,2916,Medium,101,5,2026-01-09 22:54:39
9538,2916,Low,81,3,2026-01-24 20:44:16
9539,2916,High,111,5,2026-04-21 01:50:47
9540,2916,Medium,77,3,2026-02-08 20:36:01
9541,2916,High,68,2,2026-03-23 09:41:18
9542,2916,High,110,4,2026-05-11 19:02:04
9543,2917,Medium,104,5,2026-01-09 09:16:46
9544,2917,Low,60,3,2026-04-25 16:05:27
9545,2917,Low,59,5,2026-04-13 05:55:31
9546,2917,Low,69,4,2026-05-01 17:42:33
9547,2919,Medium,6,8,2026-05-03 06:25:17
9548,2919,Low,10,7,2026-02-04 08:00:59
9549,2920,Medium,32,8,2026-01-12 20:56:57
9550,2920,Low,17,7,2026-03-01 01:41:36
9551,2920,Medium,20,9,2026-01-04 21:08:54
9552,2920,Low,41,8,2026-05-19 04:10:04
9553,2922,Low,44,7,2025-12-27 10:20:47
9554,2922,Low,22,7,2026-04-07 08:27:28
9555,2922,Medium,6,9,2025-11-27 04:25:27
9556,2922,High,23,9,2026-02-18 14:08:47
9557,2923,High,45,8,2025-12-12 19:30:28
9558,2923,Low,45,8,2026-04-01 05:21:38
9559,2924,Low,44,9,2025-12-05 01:47:33
9560,2924,High,3,9,2026-02-16 17:06:07
9561,2924,High,3,7,2025-12-31 02:19:58
9562,2925,High,18,8,2026-05-08 12:21:22
9563,2925,Medium,10,6,2026-03-12 12:21:41
9564,2926,Low,15,8,2025-11-23 22:25:32
9565,2926,Medium,9,9,2025-11-20 02:10:25
9566,2927,High,15,8,2025-12-25 06:40:56
9567,2927,Medium,8,6,2026-04-30 09:37:58
9568,2927,Medium,1,8,2026-04-13 09:31:50
9569,2929,Low,76,2,2025-12-13 10:32:48
9570,2929,High,35,1,2025-12-01 05:51:16
9571,2929,Low,30,4,2026-02-06 04:40:07
9572,2930,Low,26,3,2025-11-28 16:15:11
9573,2930,Medium,86,3,2025-12-09 00:52:27
9574,2930,Medium,117,3,2026-05-17 10:42:18
9575,2930,High,104,2,2025-11-28 11:26:07
9576,2930,Medium,45,5,2026-04-04 07:53:16
9577,2930,Low,84,5,2026-02-04 08:08:21
9578,2930,Low,49,3,2026-05-03 20:09:10
9579,2930,High,114,4,2025-12-14 16:21:44
9580,2931,High,8,6,2026-01-03 19:44:42
9581,2931,Medium,29,8,2026-03-23 05:09:59
9582,2931,Low,21,8,2026-01-30 17:10:29
9583,2933,Low,54,3,2026-02-26 18:21:45
9584,2933,Low,50,1,2026-03-22 03:03:23
9585,2933,Medium,80,1,2026-03-17 21:30:16
9586,2933,Medium,56,2,2026-04-30 10:37:01
9587,2933,Medium,115,4,2026-02-05 19:11:43
9588,2933,Medium,66,5,2026-02-28 23:44:46
9589,2933,Medium,88,4,2026-03-27 16:15:02
9590,2933,Medium,99,1,2026-01-31 04:11:40
9591,2934,High,15,7,2026-03-11 04:35:18
9592,2934,High,16,9,2025-12-11 15:53:36
9593,2934,Medium,8,7,2025-12-30 08:32:30
9594,2935,High,46,6,2026-03-05 23:38:06
9595,2936,Medium,15,9,2026-05-13 16:58:48
9596,2937,High,9,7,2026-03-24 10:11:00
9597,2937,Medium,17,7,2026-05-14 15:24:05
9598,2937,High,10,6,2026-04-25 19:41:24
9599,2938,Medium,31,7,2025-12-15 20:48:41
9600,2938,High,24,7,2026-04-13 15:03:02
9601,2938,High,19,6,2026-02-05 19:26:36
9602,2938,Low,43,6,2026-01-04 01:44:57
9603,2939,Low,10,7,2026-05-01 09:27:41
9604,2939,High,28,7,2026-01-14 00:42:46
9605,2939,High,28,8,2025-12-30 22:33:43
9606,2940,High,73,1,2026-04-21 02:36:06
9607,2940,High,26,4,2025-12-06 07:10:19
9608,2940,High,33,5,2025-12-02 11:56:22
9609,2940,High,60,2,2026-02-10 17:55:25
9610,2940,Low,32,4,2026-03-10 15:20:58
9611,2940,High,62,5,2026-01-07 10:22:41
9612,2940,Low,48,2,2025-12-09 21:02:36
9613,2940,Low,113,4,2025-12-18 03:24:04
9614,2940,Medium,112,4,2026-03-08 12:58:05
9615,2942,Low,9,7,2025-12-08 16:07:20
9616,2943,High,10,6,2025-12-28 02:40:55
9617,2943,Medium,26,8,2026-02-04 12:47:56
9618,2944,Low,27,9,2026-01-05 18:02:18
9619,2946,Medium,118,3,2026-02-15 06:11:34
9620,2946,Low,61,5,2026-03-24 21:17:02
9621,2946,Medium,70,5,2026-04-21 05:29:35
9622,2946,Medium,28,5,2025-11-19 12:56:21
9623,2946,Low,89,4,2025-11-18 22:05:23
9624,2946,High,75,3,2026-04-13 21:15:43
9625,2946,Medium,111,4,2025-11-29 01:04:48
9626,2946,Low,70,3,2026-02-10 15:50:52
9627,2947,Low,24,6,2026-01-22 05:55:35
9628,2949,Low,25,7,2026-04-09 21:14:55
9629,2950,Medium,87,4,2026-03-31 06:34:09
9630,2950,High,73,3,2026-01-01 07:48:29
9631,2950,Low,87,4,2025-12-30 06:28:01
9632,2950,High,109,3,2026-04-04 01:54:59
9633,2950,Medium,28,4,2026-02-28 15:44:33
9634,2951,Low,42,9,2026-04-12 12:03:18
9635,2951,High,38,9,2026-04-13 07:20:38
9636,2952,High,80,4,2026-02-27 04:04:28
9637,2952,High,48,4,2026-03-15 07:41:48
9638,2952,Low,38,4,2026-02-28 17:52:47
9639,2952,Medium,74,5,2026-04-13 12:21:02
9640,2953,Low,34,9,2026-03-25 00:41:43
9641,2953,Low,45,6,2026-01-31 20:22:07
9642,2953,Low,8,8,2026-01-26 15:48:56
9643,2953,Medium,13,9,2025-11-30 04:14:08
9644,2954,Low,6,7,2026-03-20 17:15:00
9645,2955,Low,32,6,2026-03-04 00:25:52
9646,2956,High,30,2,2025-12-23 18:33:16
9647,2956,Medium,102,1,2026-01-09 10:30:21
9648,2956,Low,65,4,2026-03-07 07:28:35
9649,2957,Medium,102,5,2025-11-27 20:28:03
9650,2957,High,39,5,2026-03-07 17:57:03
9651,2957,Low,41,4,2026-04-02 07:38:48
9652,2957,High,69,2,2026-05-08 00:21:58
9653,2957,High,110,3,2026-03-27 05:32:34
9654,2958,Medium,46,6,2026-02-13 02:48:10
9655,2958,Medium,39,8,2026-05-02 02:30:44
9656,2959,Medium,1,6,2025-12-02 03:46:31
9657,2959,High,22,6,2026-02-14 05:24:41
9658,2961,Low,14,9,2026-05-02 05:52:14
9659,2961,Low,28,6,2026-05-13 05:16:56
9660,2963,High,68,1,2026-04-08 15:00:02
9661,2963,Low,44,1,2026-01-09 04:54:15
9662,2963,High,27,3,2026-03-30 06:33:35
9663,2964,Low,30,8,2026-04-03 09:05:07
9664,2965,Medium,34,8,2026-03-07 02:56:46
9665,2965,High,20,8,2026-04-28 14:49:42
9666,2965,Medium,40,7,2026-04-14 09:55:15
9667,2966,High,25,8,2026-03-31 17:18:36
9668,2966,Medium,38,8,2026-03-29 19:00:45
9669,2966,High,2,6,2026-02-01 18:53:52
9670,2966,High,15,9,2026-05-01 03:41:19
9671,2967,High,44,8,2026-03-03 12:38:15
9672,2967,Low,10,7,2026-03-02 09:10:01
9673,2968,Low,27,7,2026-04-29 12:40:23
9674,2968,Medium,14,8,2026-05-07 06:31:34
9675,2968,Low,33,9,2026-03-18 19:43:04
9676,2969,Medium,1,7,2026-05-09 05:53:18
9677,2969,Low,19,9,2026-05-08 06:29:38
9678,2969,High,42,9,2026-01-22 03:12:55
9679,2969,Low,36,6,2026-04-16 14:08:37
9680,2970,High,32,6,2025-12-20 00:42:54
9681,2970,Low,39,9,2026-01-24 11:36:37
9682,2970,Low,3,9,2026-01-26 02:21:14
9683,2971,Low,20,7,2025-12-27 19:19:31
9684,2971,High,22,9,2026-03-26 21:27:47
9685,2971,High,3,8,2025-12-25 01:58:46
9686,2972,High,112,2,2026-02-28 12:27:47
9687,2972,Medium,71,1,2026-03-09 13:05:03
9688,2972,Medium,38,5,2026-03-24 23:51:26
9689,2972,Medium,90,4,2026-01-28 13:03:12
9690,2973,Medium,30,6,2025-12-11 12:22:38
9691,2973,Low,44,6,2026-02-18 14:54:49
9692,2973,Low,41,6,2026-01-16 07:54:11
9693,2974,High,46,8,2026-02-11 20:47:08
9694,2974,Medium,39,9,2026-03-06 20:26:35
9695,2975,Medium,22,8,2026-03-16 21:17:11
9696,2977,Low,43,5,2026-03-03 14:36:01
9697,2977,Medium,54,2,2025-12-02 18:12:29
9698,2977,High,41,3,2025-12-09 03:32:30
9699,2977,Medium,43,2,2026-02-19 12:49:04
9700,2979,Medium,11,7,2026-04-09 08:52:46
9701,2980,High,44,7,2026-01-10 11:51:11
9702,2982,Low,87,2,2026-03-25 21:51:46
9703,2982,High,57,1,2026-03-04 06:41:40
9704,2982,Low,78,2,2026-02-25 07:08:11
9705,2982,Medium,24,1,2026-05-10 20:01:21
9706,2983,High,32,1,2026-05-16 02:27:20
9707,2983,Low,75,2,2026-04-11 10:17:59
9708,2983,High,86,1,2025-11-23 03:19:56
9709,2983,Low,27,3,2026-02-10 07:20:26
9710,2983,Low,75,1,2026-04-29 11:20:43
9711,2983,Medium,87,5,2025-12-22 06:37:51
9712,2985,High,12,8,2025-12-10 10:01:57
9713,2985,Low,1,8,2025-12-03 17:24:27
9714,2985,High,25,7,2025-12-06 14:52:38
9715,2985,Medium,38,7,2026-02-09 04:50:28
9716,2986,Low,69,5,2026-01-02 06:52:27
9717,2986,Medium,49,5,2026-05-12 06:17:52
9718,2986,Low,90,2,2026-04-08 08:02:19
9719,2987,Low,19,9,2026-04-09 10:15:14
9720,2987,Medium,44,8,2025-12-25 17:54:15
9721,2988,Medium,83,3,2026-03-31 18:53:54
9722,2988,High,59,5,2026-04-14 03:09:51
9723,2988,Low,64,2,2025-12-03 07:43:44
9724,2988,Medium,86,5,2025-12-07 11:10:08
9725,2988,Medium,59,1,2025-11-26 02:40:04
9726,2988,High,113,5,2026-03-24 01:30:57
9727,2988,Medium,41,3,2025-11-26 03:53:58
9728,2989,High,31,9,2025-12-12 21:39:10
9729,2990,Medium,31,5,2025-12-12 07:07:52
9730,2990,Medium,44,1,2026-02-24 19:12:38
9731,2990,High,111,2,2026-05-09 03:49:10
9732,2990,High,83,2,2026-01-07 11:17:50
9733,2992,Low,36,6,2025-12-30 07:19:17
9734,2992,Low,31,8,2025-11-25 13:29:54
9735,2992,High,34,7,2026-03-18 06:34:05
9736,2992,Medium,42,8,2025-11-23 19:18:20
9737,2993,High,30,9,2026-02-06 23:18:10
9738,2993,Low,7,9,2026-01-31 19:17:48
9739,2993,Medium,19,7,2026-03-05 05:31:58
9740,2994,Low,28,7,2025-12-01 20:52:59
9741,2995,Low,38,5,2026-02-12 09:05:05
9742,2995,High,37,3,2026-03-24 07:02:18
9743,2995,Low,73,5,2026-01-16 08:50:28
9744,2995,High,77,1,2025-12-25 13:28:36
9745,2995,Low,46,4,2025-12-08 15:43:48
9746,2995,Low,101,4,2026-02-03 23:36:20
9747,2995,High,100,3,2026-01-18 00:24:22
9748,2995,High,83,3,2026-05-01 18:40:37
9749,2995,Low,68,5,2026-03-16 05:21:49
9750,2995,High,79,2,2026-03-28 15:29:34
9751,2996,High,41,6,2026-01-20 15:36:06
9752,2997,High,40,9,2026-02-13 15:18:32
9753,2997,High,24,6,2026-01-19 05:57:28
9754,2997,High,3,6,2025-12-04 17:30:48
9755,2997,High,4,7,2026-03-08 07:59:31
9756,2998,Medium,2,9,2026-05-11 00:08:39
9757,2998,Low,15,6,2025-11-21 06:21:26
9758,2999,Medium,32,6,2026-05-06 22:47:30
9759,2999,Medium,42,6,2026-05-08 05:44:23
9760,3000,Medium,38,8,2026-04-18 22:13:11
9761,3000,Low,7,6,2026-01-04 19:48:25
9762,3000,High,13,6,2026-05-13 19:40:29
9763,3000,High,1,7,2026-04-26 18:28:51
9764,3001,Low,29,7,2025-12-12 15:21:19
9765,3001,Low,3,7,2026-05-17 17:45:22
9766,3001,High,24,6,2026-01-20 16:00:09
9767,3002,Low,10,6,2026-05-16 13:50:18
9768,3002,Low,36,6,2025-12-25 17:18:21
9769,3002,High,14,9,2025-12-02 20:26:09
9770,3002,High,10,9,2026-04-03 11:12:34
9771,3003,Low,23,8,2026-05-18 01:11:20
9772,3003,Low,7,7,2026-03-23 18:43:08
9773,3003,Low,35,7,2026-03-27 23:01:01
9774,3004,High,15,6,2025-12-05 22:21:13
9775,3004,Low,47,6,2025-12-08 09:42:00
9776,3005,Low,75,2,2025-11-27 22:35:11
9777,3005,Medium,102,2,2025-12-14 13:37:32
9778,3005,Medium,47,4,2025-11-21 18:34:32
9779,3005,Low,46,5,2026-03-05 18:53:53
9780,3005,Medium,87,2,2026-01-07 11:21:39
9781,3005,Low,95,2,2026-01-14 23:41:26
9782,3005,Low,25,5,2026-03-12 01:46:37
9783,3005,Medium,54,1,2026-04-08 00:34:40
9784,3005,High,91,5,2025-11-29 18:23:14
9785,3005,Medium,42,3,2026-01-19 20:49:04
9786,3006,Low,45,9,2026-04-08 09:36:05
9787,3006,Low,39,6,2026-01-31 17:51:33
9788,3007,High,1,7,2025-11-24 03:03:34
9789,3008,Medium,94,3,2026-01-26 04:48:28
9790,3008,Medium,102,4,2026-01-12 00:27:06
9791,3008,Medium,110,1,2026-03-27 13:42:26
9792,3008,Medium,111,3,2026-01-22 10:31:59
9793,3008,High,91,4,2025-12-11 03:26:07
9794,3008,Low,40,2,2026-01-17 06:40:15
9795,3008,Low,77,2,2026-01-28 05:05:52
9796,3008,High,114,2,2025-12-03 19:08:31
9797,3008,Medium,29,4,2026-05-19 16:12:56
9798,3008,Low,38,4,2026-05-08 20:32:31
9799,3009,Medium,40,8,2026-02-05 19:31:41
9800,3009,Medium,45,8,2026-04-13 18:01:17
9801,3010,High,26,7,2026-05-13 04:16:27
9802,3010,High,31,7,2026-01-01 14:42:10
9803,3010,Low,28,7,2026-01-15 12:36:16
9804,3011,Medium,13,7,2026-03-08 17:08:33
9805,3011,High,30,8,2026-03-19 11:30:03
9806,3011,High,11,6,2026-04-13 02:23:41
9807,3012,Medium,24,6,2026-04-13 10:23:30
9808,3012,Low,29,9,2026-03-21 22:58:16
9809,3013,High,5,8,2026-02-18 11:18:46
9810,3013,Medium,19,8,2025-12-14 15:14:43
9811,3013,Medium,13,6,2025-12-10 16:46:49
9812,3015,High,44,7,2026-01-17 23:41:07
9813,3015,Low,38,7,2026-04-24 15:31:30
9814,3015,High,22,6,2026-01-05 20:11:40
9815,3015,Low,40,7,2026-03-01 20:26:06
9816,3016,Low,45,6,2026-04-12 10:22:23
9817,3016,Low,5,6,2025-12-11 19:45:52
9818,3016,Low,22,6,2026-02-10 18:27:22
9819,3016,Medium,3,9,2025-12-16 03:18:29
9820,3017,Low,38,7,2025-12-22 13:22:07
9821,3017,High,47,7,2025-11-28 19:43:23
9822,3017,Medium,43,8,2026-05-05 07:53:45
9823,3019,Medium,9,7,2026-01-31 02:21:57
9824,3020,High,47,9,2026-01-26 19:52:42
9825,3020,Low,6,6,2026-02-12 13:28:27
9826,3020,Medium,25,9,2026-04-04 10:14:12
9827,3021,Medium,15,7,2025-12-31 15:54:56
9828,3021,High,17,8,2026-05-04 10:00:04
9829,3021,High,3,6,2026-02-09 21:45:31
9830,3022,Low,104,5,2025-12-28 00:07:29
9831,3022,Low,61,1,2026-02-19 02:08:37
9832,3022,Low,94,2,2026-03-23 06:34:49
9833,3022,High,42,4,2026-03-15 19:07:26
9834,3022,Low,53,3,2026-05-10 18:20:42
9835,3022,Medium,78,5,2025-12-28 19:57:40
9836,3022,Medium,107,2,2026-04-17 00:12:13
9837,3022,Low,50,1,2026-05-13 06:33:55
9838,3022,Medium,32,1,2026-03-30 16:17:28
9839,3022,Medium,71,4,2026-03-03 11:08:10
9840,3023,Medium,33,2,2026-02-03 14:58:21
9841,3023,Medium,57,3,2026-04-28 08:14:21
9842,3023,High,75,1,2026-03-18 03:37:43
9843,3023,Medium,106,2,2026-04-27 11:40:39
9844,3024,High,38,1,2026-04-27 10:04:38
9845,3024,High,39,4,2025-12-09 21:25:19
9846,3024,Medium,108,2,2026-03-16 18:38:59
9847,3024,Low,33,2,2026-03-01 11:07:09
9848,3024,Medium,33,1,2025-12-26 11:15:38
9849,3024,Medium,51,3,2026-03-08 13:21:19
9850,3025,High,91,3,2026-05-04 20:58:23
9851,3025,Low,65,4,2026-01-19 11:54:36
9852,3025,Medium,41,4,2026-02-04 10:18:50
9853,3026,High,6,6,2026-04-04 19:44:14
9854,3027,Medium,34,7,2026-01-31 22:12:07
9855,3028,Low,2,7,2026-04-29 20:57:13
9856,3028,High,9,8,2025-12-27 13:26:26
9857,3028,Medium,42,7,2026-03-22 02:01:17
9858,3028,Low,40,9,2025-11-25 06:57:27
9859,3029,Medium,17,6,2026-01-26 07:53:31
9860,3029,Medium,36,7,2025-12-15 08:41:08
9861,3030,Low,99,1,2025-12-02 13:12:56
9862,3030,Low,96,5,2026-03-09 05:13:03
9863,3030,Low,106,1,2025-11-19 05:22:15
9864,3030,High,89,5,2026-01-09 23:53:49
9865,3030,Medium,77,5,2025-12-15 14:08:06
9866,3030,Medium,39,1,2025-12-22 17:07:20
9867,3031,High,27,8,2026-02-23 15:28:28
9868,3031,Low,8,9,2026-02-06 20:09:54
9869,3033,Low,23,9,2026-04-24 08:40:53
9870,3034,Medium,105,4,2025-11-19 21:39:14
9871,3034,Low,38,4,2026-02-26 14:22:03
9872,3034,Medium,73,4,2026-04-13 13:12:34
9873,3034,High,32,3,2026-04-18 20:57:40
9874,3034,Medium,74,2,2026-01-17 04:12:08
9875,3034,Medium,80,4,2026-05-08 19:41:46
9876,3034,High,54,3,2025-12-03 19:52:10
9877,3035,High,106,3,2026-01-20 05:49:07
9878,3035,Medium,52,2,2026-02-10 23:22:45
9879,3035,Low,35,4,2025-11-27 21:38:02
9880,3035,Low,105,1,2026-02-03 01:18:23
9881,3035,Low,70,2,2026-04-14 03:07:14
9882,3035,Medium,26,3,2026-01-02 19:08:09
9883,3036,Medium,10,7,2025-12-26 22:38:05
9884,3036,Low,36,9,2026-04-25 01:09:10
9885,3037,Medium,13,7,2026-04-19 03:49:45
9886,3038,Medium,52,3,2026-02-23 20:35:40
9887,3038,Medium,100,1,2026-01-03 01:03:37
9888,3038,High,113,4,2025-12-24 01:15:53
9889,3038,High,28,4,2026-03-31 00:14:08
9890,3038,Low,101,5,2026-01-05 18:45:48
9891,3038,High,37,5,2026-03-14 00:29:19
9892,3038,Medium,47,3,2025-11-19 14:33:32
9893,3038,Medium,88,2,2026-01-01 07:20:31
9894,3038,High,74,3,2026-03-03 11:24:12
9895,3039,Medium,26,7,2026-02-28 15:49:49
9896,3039,Low,41,6,2026-01-10 21:46:25
9897,3039,High,8,6,2026-03-12 19:35:35
9898,3039,High,16,7,2026-05-19 01:22:23
9899,3040,Low,21,7,2026-02-03 11:00:14
9900,3041,Medium,80,1,2026-01-01 20:14:40
9901,3041,High,79,1,2026-04-28 07:52:57
9902,3041,High,84,4,2026-05-07 22:59:02
9903,3041,High,27,2,2026-01-05 10:21:25
9904,3041,High,116,3,2026-04-26 22:09:47
9905,3042,Low,36,6,2025-11-26 02:14:42
9906,3042,Low,21,9,2025-12-19 23:54:24
9907,3043,Low,21,9,2025-11-20 22:14:58
9908,3043,Medium,1,7,2026-01-27 01:40:52
9909,3043,Medium,26,9,2025-12-07 19:52:50
9910,3045,Medium,2,6,2025-12-16 06:27:24
9911,3045,High,45,7,2026-02-02 06:29:22
9912,3045,High,42,6,2026-04-04 20:59:55
9913,3047,Low,11,6,2026-01-27 17:40:55
9914,3047,High,26,6,2025-12-10 04:49:18
9915,3047,Medium,36,7,2026-05-02 08:10:46
9916,3048,Low,58,3,2026-03-03 01:02:49
9917,3048,Low,64,3,2026-04-02 21:28:38
9918,3048,High,73,5,2026-04-21 05:09:24
9919,3048,Low,94,3,2026-03-19 20:42:48
9920,3049,High,40,7,2026-02-17 21:24:59
9921,3049,High,17,6,2026-02-25 08:31:12
9922,3049,Low,45,6,2026-02-21 21:30:29
9923,3050,Medium,13,9,2025-11-26 01:44:08
9924,3050,Low,29,6,2026-01-13 03:47:43
9925,3050,Medium,42,7,2026-02-05 08:16:32
9926,3050,Low,5,7,2026-01-11 23:26:19
9927,3051,High,11,6,2026-01-15 13:53:20
9928,3052,Low,38,9,2025-12-08 17:52:00
9929,3052,Medium,41,6,2025-12-29 02:04:25
9930,3052,Medium,8,9,2026-04-08 19:25:04
9931,3052,Low,40,8,2026-05-16 10:38:17
9932,3053,Medium,13,8,2026-02-15 01:08:28
9933,3053,High,34,9,2026-03-30 18:59:06
9934,3055,High,16,9,2026-02-18 12:54:34
9935,3055,Medium,18,7,2026-02-25 00:52:23
9936,3055,Medium,30,7,2026-04-11 10:33:25
9937,3056,Medium,100,3,2026-03-27 14:28:36
9938,3056,Medium,82,5,2026-01-21 01:58:39
9939,3056,High,75,1,2026-01-03 06:45:21
9940,3056,Medium,54,1,2025-12-05 21:52:55
9941,3056,High,43,5,2026-04-13 14:35:51
9942,3056,Medium,30,2,2026-05-18 09:43:07
9943,3056,Low,79,3,2026-02-03 22:58:03
9944,3056,Low,119,2,2026-02-24 11:05:29
9945,3056,Medium,114,2,2026-03-20 23:50:33
9946,3057,Medium,37,6,2026-04-03 12:13:49
9947,3057,Low,28,7,2026-04-14 17:22:44
9948,3057,High,2,9,2026-01-22 13:04:21
9949,3058,Low,4,9,2025-11-27 01:31:41
9950,3058,High,13,9,2026-04-04 05:55:49
9951,3058,Medium,38,7,2026-04-20 04:59:04
9952,3058,Medium,40,9,2025-11-28 04:15:06
9953,3059,High,45,8,2025-12-24 16:35:49
9954,3059,High,29,7,2026-01-31 20:30:34
9955,3060,High,59,2,2026-04-17 16:00:50
9956,3060,Medium,41,1,2025-12-20 22:04:23
9957,3060,High,31,2,2025-12-21 17:32:08
9958,3060,High,38,1,2026-03-11 19:34:59
9959,3060,Low,40,2,2026-05-08 05:13:26
9960,3060,Low,93,5,2026-01-08 17:39:22
9961,3060,Low,50,5,2026-02-24 18:32:50
9962,3060,Low,72,2,2026-01-17 21:32:49
9963,3060,High,41,2,2025-11-25 07:12:38
9964,3061,High,97,3,2026-01-17 04:15:09
9965,3061,Medium,67,1,2026-01-04 18:12:37
9966,3061,Low,82,5,2026-04-03 22:20:33
9967,3062,High,75,4,2026-02-12 21:17:40
9968,3062,High,65,3,2026-02-12 00:12:00
9969,3062,High,87,5,2026-04-27 19:51:41
9970,3062,Low,89,2,2026-01-10 17:27:15
9971,3062,High,118,1,2026-04-04 08:27:22
9972,3062,Medium,35,5,2026-03-21 18:46:23
9973,3062,High,99,3,2026-04-12 16:48:14
9974,3062,High,32,2,2026-04-20 14:15:54
9975,3062,Low,40,2,2026-05-16 09:02:25
9976,3062,High,62,1,2026-02-02 22:48:16
9977,3063,Medium,10,9,2025-11-25 14:12:51
9978,3063,Low,15,8,2026-04-19 09:53:53
9979,3064,Medium,15,9,2026-04-20 08:55:27
9980,3065,Medium,4,9,2026-04-16 11:35:35
9981,3065,Low,1,7,2025-12-06 20:00:45
9982,3065,Low,44,6,2026-04-09 19:47:02
9983,3065,Medium,34,8,2026-01-31 17:57:23
9984,3067,Medium,17,8,2026-02-28 15:01:41
9985,3067,Medium,38,9,2026-02-03 09:49:11
9986,3068,Low,33,9,2026-02-12 22:41:17
9987,3068,Medium,21,7,2026-04-02 13:50:17
9988,3068,Low,46,9,2026-02-22 20:14:51
9989,3069,Medium,5,6,2026-02-07 22:58:28
9990,3069,Medium,1,6,2026-02-02 07:51:17
9991,3069,High,6,6,2025-12-17 20:35:09
9992,3069,Medium,2,6,2026-01-04 13:49:19
9993,3070,Medium,92,2,2026-03-20 06:14:44
9994,3070,High,64,3,2026-03-03 03:44:12
9995,3070,Low,70,5,2025-11-18 08:01:04
9996,3070,Low,99,5,2025-12-25 06:17:57
9997,3070,Medium,89,3,2025-12-26 12:33:04
9998,3070,Low,91,3,2026-03-08 10:46:37
9999,3070,Low,114,2,2026-05-04 19:37:44
10000,3072,Medium,10,6,2026-02-27 14:21:21
10001,3073,High,44,7,2026-02-22 01:35:19
10002,3073,High,26,8,2026-02-23 19:52:54
10003,3073,Medium,46,6,2026-04-18 19:51:59
10004,3073,Medium,10,7,2026-04-18 19:55:55
10005,3074,High,40,6,2026-02-12 16:21:04
10006,3075,Low,15,6,2026-03-31 16:00:10
10007,3075,High,8,6,2026-05-19 19:10:19
10008,3075,Medium,21,7,2025-11-27 11:12:45
10009,3076,High,68,3,2026-01-30 02:58:49
10010,3076,High,63,2,2026-01-17 17:47:33
10011,3076,Medium,45,1,2026-05-16 16:08:11
10012,3076,Low,68,3,2026-01-16 09:54:33
10013,3076,High,105,2,2025-12-17 05:18:04
10014,3076,Medium,28,3,2025-12-06 07:09:56
10015,3077,High,93,5,2025-12-14 03:37:33
10016,3077,Medium,41,2,2026-04-14 20:57:29
10017,3077,High,49,5,2025-12-27 14:42:25
10018,3077,Low,67,4,2026-03-19 21:56:08
10019,3077,Medium,62,3,2025-12-08 16:40:22
10020,3078,High,32,6,2026-05-15 16:30:36
10021,3078,Low,15,7,2026-05-17 19:44:00
10022,3079,Low,39,7,2025-12-13 15:14:27
10023,3079,Low,11,9,2026-01-19 03:45:27
10024,3079,High,40,9,2025-12-06 02:14:19
10025,3080,High,33,9,2026-04-20 19:35:51
10026,3081,High,31,3,2026-05-09 06:16:13
10027,3081,High,58,5,2025-12-14 23:34:11
10028,3081,Medium,101,5,2026-04-12 10:49:30
10029,3081,High,47,1,2026-03-07 23:16:55
10030,3082,High,18,7,2026-04-26 20:13:38
10031,3082,Low,12,9,2025-12-18 03:00:46
10032,3083,Low,27,1,2025-11-19 06:29:48
10033,3083,Low,57,4,2026-04-14 17:42:07
10034,3083,Low,69,3,2025-11-30 11:44:44
10035,3083,Low,100,4,2026-05-11 02:12:04
10036,3083,Medium,48,2,2026-04-30 01:23:19
10037,3083,Low,47,1,2026-03-17 16:51:24
10038,3083,High,48,4,2026-03-19 06:45:20
10039,3083,High,59,2,2026-05-16 09:31:40
10040,3084,Low,6,7,2026-01-28 04:55:06
10041,3085,High,90,3,2026-05-09 00:52:45
10042,3085,Medium,93,3,2025-11-19 04:33:12
10043,3085,Low,71,1,2025-12-17 09:31:21
10044,3085,High,67,3,2026-03-17 03:00:10
10045,3086,Medium,19,6,2025-12-21 04:35:27
10046,3087,Low,7,7,2026-01-24 07:16:02
10047,3087,Low,37,7,2026-03-26 10:45:49
10048,3088,Medium,41,6,2026-02-07 05:18:25
10049,3089,High,30,1,2026-01-03 06:45:25
10050,3089,Low,27,1,2026-01-28 23:03:28
10051,3089,High,72,4,2026-04-12 00:59:36
10052,3089,Medium,29,2,2026-05-14 05:38:58
10053,3089,Medium,44,3,2026-03-03 16:31:41
10054,3089,High,89,1,2026-02-05 07:46:13
10055,3090,Medium,91,2,2026-01-17 04:34:39
10056,3090,Low,52,2,2025-12-28 11:54:21
10057,3090,Low,57,3,2026-03-20 22:50:29
10058,3092,Low,39,9,2026-05-07 10:19:07
10059,3092,Low,38,7,2026-05-13 22:43:53
10060,3092,Medium,36,8,2025-11-29 04:07:31
10061,3092,High,27,6,2026-04-01 10:54:42
10062,3095,Medium,20,6,2026-03-21 13:19:11
10063,3096,Low,23,7,2025-12-17 16:31:27
10064,3096,Low,25,8,2026-05-03 12:48:27
10065,3097,Medium,50,2,2025-11-18 09:44:40
10066,3097,Medium,95,3,2026-03-11 18:00:48
10067,3097,Low,64,2,2026-04-01 12:31:28
10068,3097,Medium,51,4,2026-03-23 04:53:59
10069,3098,Medium,118,3,2026-04-13 16:42:58
10070,3098,Low,97,2,2026-03-08 20:46:15
10071,3098,Medium,96,4,2026-03-13 00:16:55
10072,3098,Low,42,4,2025-12-01 13:27:43
10073,3099,High,42,4,2026-02-27 13:11:24
10074,3099,Low,85,5,2026-03-06 14:52:13
10075,3099,Low,48,4,2026-01-05 23:32:40
10076,3099,High,112,4,2025-12-23 21:49:47
10077,3099,Medium,65,5,2026-02-03 09:16:00
10078,3099,Medium,62,5,2025-12-10 04:34:31
10079,3099,Medium,104,2,2026-04-14 04:08:05
10080,3099,High,44,2,2026-01-27 01:44:58
10081,3099,Medium,29,2,2026-01-29 19:41:42
10082,3099,Low,103,2,2025-12-10 23:16:42
10083,3100,Medium,1,6,2026-01-18 20:41:24
10084,3102,High,53,2,2025-11-20 06:39:33
10085,3102,High,75,5,2025-12-11 12:06:24
10086,3102,High,71,1,2025-12-26 15:16:33
10087,3102,High,42,3,2026-05-19 16:21:12
10088,3102,Low,25,5,2026-03-02 01:18:56
10089,3104,Medium,17,9,2026-01-23 13:45:51
10090,3104,Medium,18,6,2026-03-24 06:04:11
10091,3105,Low,102,1,2026-01-15 00:06:04
10092,3105,High,50,5,2026-01-09 03:54:10
10093,3105,High,55,4,2025-11-26 19:15:00
10094,3106,Low,106,4,2026-04-03 02:06:10
10095,3106,Low,51,2,2025-12-05 01:19:38
10096,3106,High,107,1,2025-12-31 20:49:57
10097,3106,Low,108,5,2025-12-02 05:50:17
10098,3106,High,49,4,2026-02-24 22:37:23
10099,3106,Low,98,1,2026-02-14 16:07:17
10100,3106,High,105,4,2026-01-18 09:06:02
10101,3107,Low,38,8,2026-04-05 16:32:48
10102,3107,Low,44,7,2026-02-16 22:59:45
10103,3107,Medium,16,8,2026-03-20 09:38:07
10104,3107,Low,27,8,2026-05-04 06:53:20
10105,3108,Low,98,4,2026-01-19 17:18:02
10106,3108,Medium,99,3,2026-03-10 01:50:33
10107,3108,Low,63,3,2026-02-14 16:25:18
10108,3108,Low,25,4,2026-02-24 00:17:58
10109,3108,Low,71,4,2026-03-28 13:43:19
10110,3108,High,47,5,2026-04-17 07:52:31
10111,3109,Medium,47,7,2026-05-09 03:29:21
10112,3110,Medium,34,9,2026-03-05 17:02:21
10113,3110,Low,18,7,2026-04-23 20:44:05
10114,3112,High,18,7,2025-11-24 18:31:13
10115,3112,High,1,9,2026-01-27 10:54:14
10116,3113,Medium,34,6,2026-05-18 13:03:28
10117,3113,High,41,9,2026-04-24 19:21:33
10118,3114,Medium,98,3,2025-12-05 17:00:06
10119,3114,High,46,4,2026-01-07 14:59:05
10120,3114,Medium,90,4,2026-01-25 08:37:35
10121,3114,Low,53,1,2026-04-23 19:17:48
10122,3114,Medium,64,4,2025-12-14 20:45:37
10123,3114,Low,29,3,2026-03-21 07:37:39
10124,3114,Low,27,5,2026-05-12 00:57:51
10125,3114,High,33,3,2025-11-25 17:37:50
10126,3114,High,116,1,2026-02-14 11:02:29
10127,3114,Medium,31,1,2025-11-30 12:43:24
10128,3115,Low,38,6,2026-04-06 11:36:46
10129,3115,High,19,8,2025-11-26 12:22:13
10130,3115,High,33,8,2026-04-07 06:05:34
10131,3116,Low,54,5,2026-02-22 14:08:34
10132,3116,Low,26,2,2026-04-04 05:04:18
10133,3116,High,58,1,2026-04-05 06:11:50
10134,3116,Medium,82,5,2025-12-17 02:09:29
10135,3116,Medium,82,2,2025-12-17 22:20:23
10136,3116,Medium,108,4,2025-11-21 16:03:25
10137,3116,Medium,115,5,2026-01-31 17:08:17
10138,3117,Medium,35,1,2025-12-29 08:10:25
10139,3117,High,107,1,2026-04-05 03:04:09
10140,3117,Low,44,4,2026-03-08 01:55:12
10141,3117,High,75,1,2026-01-08 08:52:46
10142,3117,Medium,72,3,2025-11-30 00:44:14
10143,3117,Medium,87,4,2025-12-28 13:19:28
10144,3117,Low,109,2,2026-04-08 19:17:27
10145,3118,Medium,7,8,2026-03-26 01:14:46
10146,3118,Medium,8,7,2025-12-11 13:18:48
10147,3118,High,26,9,2026-01-29 19:09:23
10148,3118,Low,24,9,2026-03-08 01:07:58
10149,3119,Low,12,8,2025-11-29 11:57:03
10150,3119,Low,8,7,2026-01-02 22:24:47
10151,3119,High,9,8,2026-05-09 12:06:20
10152,3120,High,21,8,2026-03-20 12:51:15
10153,3120,Medium,47,9,2026-04-14 17:03:09
10154,3121,High,91,4,2026-03-21 00:53:11
10155,3121,High,86,2,2026-03-02 00:05:53
10156,3121,High,113,5,2026-02-23 00:55:42
10157,3121,Medium,28,3,2026-02-28 15:17:08
10158,3121,Medium,52,5,2026-01-25 14:43:14
10159,3121,Low,102,3,2026-02-09 03:44:24
10160,3121,Low,107,2,2026-01-29 02:58:41
10161,3122,Medium,83,4,2026-05-12 03:42:09
10162,3122,Medium,85,2,2026-03-02 05:28:49
10163,3122,Low,103,3,2025-12-28 15:27:39
10164,3122,Medium,72,4,2026-05-01 07:47:54
10165,3122,Low,71,5,2026-03-28 07:23:36
10166,3124,High,10,6,2026-02-17 07:04:47
10167,3125,Medium,45,9,2025-12-28 19:06:44
10168,3125,Low,9,9,2026-05-04 11:13:53
10169,3126,Low,36,9,2025-12-01 00:54:22
10170,3126,Low,29,9,2026-01-16 15:38:18
10171,3127,High,52,2,2026-04-30 04:31:12
10172,3127,Low,71,3,2026-02-16 04:38:20
10173,3127,High,118,3,2025-11-23 14:42:08
10174,3127,Medium,30,1,2026-01-21 10:25:15
10175,3127,Low,77,5,2026-02-13 15:46:47
10176,3127,Medium,91,2,2026-03-29 16:16:59
10177,3127,High,65,2,2026-01-15 14:34:50
10178,3127,Medium,82,4,2026-01-06 19:15:29
10179,3128,High,34,7,2026-02-05 23:25:05
10180,3130,Medium,46,1,2026-03-24 08:04:35
10181,3130,High,31,5,2026-04-14 10:38:27
10182,3130,Low,37,1,2025-11-18 11:51:56
10183,3130,High,26,1,2025-12-05 09:23:37
10184,3130,Low,67,2,2025-12-21 09:44:48
10185,3130,Low,81,4,2026-04-12 06:11:28
10186,3130,High,37,1,2025-12-08 11:38:00
10187,3130,Medium,49,2,2026-04-17 15:13:23
10188,3130,High,98,1,2026-03-13 12:56:02
10189,3131,High,34,8,2026-01-19 23:30:10
10190,3131,Low,39,7,2026-05-18 06:02:41
10191,3131,High,13,6,2026-02-16 00:28:32
10192,3131,High,23,7,2026-03-02 19:01:03
10193,3132,High,24,6,2026-05-16 10:17:06
10194,3132,Medium,47,9,2026-02-28 14:47:02
10195,3132,Medium,26,8,2026-04-04 13:50:54
10196,3133,Low,1,9,2026-01-08 09:22:21
10197,3133,Low,47,7,2026-03-07 19:02:47
10198,3135,Medium,14,7,2025-12-12 22:38:18
10199,3135,Low,34,8,2026-04-13 08:59:13
10200,3135,Medium,31,7,2025-11-30 17:25:44
10201,3136,Low,72,5,2026-01-14 22:36:16
10202,3136,Low,54,5,2025-12-26 07:58:26
10203,3136,Medium,102,4,2026-01-07 01:28:52
10204,3136,Low,92,4,2026-04-05 09:55:13
10205,3136,High,34,3,2026-01-21 11:48:56
10206,3136,Medium,93,2,2025-12-08 08:19:14
10207,3136,High,102,1,2026-05-03 13:51:19
10208,3136,Medium,70,3,2025-12-04 07:31:53
10209,3136,Low,70,4,2026-01-28 12:48:22
10210,3137,Low,30,6,2026-04-25 00:43:00
10211,3137,Medium,9,6,2026-03-01 00:40:11
10212,3137,Low,38,9,2026-02-04 16:32:52
10213,3137,High,8,8,2026-01-14 11:30:16
10214,3138,Low,18,8,2026-01-12 03:28:21
10215,3138,Medium,18,9,2026-03-12 03:14:46
10216,3138,Medium,32,6,2026-04-28 16:22:44
10217,3138,Low,45,7,2025-12-04 12:29:10
10218,3139,Low,108,5,2026-04-25 16:57:50
10219,3139,High,39,1,2026-04-16 23:30:06
10220,3139,High,111,1,2026-02-18 10:10:49
10221,3139,Low,84,3,2026-04-07 11:28:33
10222,3139,Medium,85,3,2026-01-14 01:36:44
10223,3139,High,104,2,2026-04-05 12:18:56
10224,3139,Low,68,4,2026-05-16 00:04:28
10225,3139,Low,98,2,2026-02-10 19:35:47
10226,3139,Medium,66,2,2026-02-25 09:46:30
10227,3140,Medium,46,5,2026-02-21 05:49:19
10228,3140,High,118,5,2025-11-21 16:06:10
10229,3140,Medium,36,1,2026-05-11 11:17:06
10230,3140,Medium,94,2,2025-12-14 15:58:12
10231,3141,Medium,38,9,2026-03-23 21:54:30
10232,3141,Medium,44,9,2026-02-23 13:10:54
10233,3143,Medium,13,9,2026-04-15 18:33:22
10234,3143,Medium,28,9,2026-02-04 19:34:00
10235,3143,High,43,7,2026-04-07 12:57:32
10236,3143,Low,34,9,2026-03-15 23:35:53
10237,3144,Medium,24,3,2025-12-17 19:02:07
10238,3144,High,65,2,2025-12-03 09:58:59
10239,3144,Medium,83,1,2025-12-27 21:33:24
10240,3144,Medium,74,2,2025-12-23 23:27:52
10241,3144,High,62,5,2026-05-14 14:47:04
10242,3144,Low,56,5,2026-01-13 20:02:07
10243,3144,Medium,40,1,2026-04-21 02:13:34
10244,3144,High,29,5,2026-05-16 15:50:10
10245,3144,Low,63,5,2026-03-16 03:15:47
10246,3146,Low,12,8,2026-02-15 08:45:56
10247,3148,Low,45,6,2026-03-20 05:26:35
10248,3149,High,27,2,2026-04-02 19:14:32
10249,3149,High,26,4,2025-12-13 18:43:23
10250,3149,Medium,88,3,2026-04-27 11:33:27
10251,3149,Low,73,5,2026-05-08 19:14:42
10252,3149,Low,40,4,2026-01-18 13:14:22
10253,3149,Low,74,1,2025-12-14 11:06:20
10254,3149,Low,57,3,2026-05-11 19:04:02
10255,3149,High,47,2,2026-02-18 23:36:35
10256,3150,High,46,9,2026-01-08 13:26:49
10257,3150,Low,39,6,2026-02-07 11:33:51
10258,3151,Medium,110,1,2026-01-31 00:03:53
10259,3151,Low,50,1,2026-04-20 12:49:35
10260,3151,Low,108,3,2026-05-04 22:35:30
10261,3153,Low,10,8,2026-01-21 12:03:44
10262,3153,Medium,44,6,2026-02-08 01:34:57
10263,3154,High,20,6,2025-11-18 10:21:49
10264,3154,High,2,8,2026-05-10 02:24:37
10265,3155,Medium,15,9,2025-12-19 08:05:42
10266,3155,High,13,7,2026-04-04 09:54:06
10267,3155,Low,14,7,2025-12-24 09:31:22
10268,3156,High,2,7,2026-04-05 11:54:55
10269,3157,Low,35,6,2026-01-19 01:11:35
10270,3157,Low,25,9,2026-05-10 01:16:06
10271,3157,Medium,15,9,2026-03-17 00:36:56
10272,3158,High,32,2,2025-12-10 23:53:19
10273,3158,Medium,54,5,2026-03-20 13:50:39
10274,3158,High,76,3,2025-12-26 10:13:14
10275,3158,Medium,61,2,2026-05-14 14:46:58
10276,3158,High,95,3,2025-11-20 07:18:48
10277,3160,High,2,9,2026-04-01 12:17:52
10278,3160,Low,19,7,2025-12-23 12:11:33
10279,3160,High,41,9,2026-04-03 08:17:54
10280,3160,Medium,31,7,2025-12-02 20:11:34
10281,3161,Medium,81,4,2026-02-24 15:37:03
10282,3161,Medium,27,2,2026-04-21 22:04:59
10283,3161,High,74,5,2025-11-22 11:49:25
10284,3161,Medium,41,4,2026-05-16 23:53:54
10285,3161,Low,32,4,2026-04-14 03:42:42
10286,3161,Low,52,4,2025-11-29 05:41:57
10287,3161,Medium,44,2,2025-11-18 23:20:21
10288,3161,Medium,82,3,2026-04-07 07:45:32
10289,3161,High,51,4,2026-01-07 15:02:47
10290,3161,Low,54,1,2026-03-03 00:15:27
10291,3162,High,23,9,2026-04-24 14:52:53
10292,3162,Low,41,6,2026-02-26 13:33:07
10293,3163,High,69,1,2026-02-25 00:09:37
10294,3163,Low,88,2,2026-04-20 02:33:38
10295,3163,Low,46,3,2026-02-16 09:45:47
10296,3163,Medium,112,3,2026-01-12 07:14:56
10297,3163,Low,111,1,2026-05-05 19:10:22
10298,3163,Low,26,4,2025-11-21 13:37:08
10299,3165,Medium,99,3,2026-03-04 07:14:26
10300,3165,Medium,102,1,2026-01-29 14:45:46
10301,3165,Low,55,3,2025-12-11 06:37:33
10302,3165,Medium,94,5,2026-05-14 04:01:08
10303,3165,Low,81,5,2026-01-22 01:48:01
10304,3165,Medium,71,3,2025-11-21 11:28:48
10305,3166,High,47,8,2026-04-13 03:19:04
10306,3167,High,37,8,2025-11-29 00:00:21
10307,3167,Medium,11,7,2026-03-12 15:16:59
10308,3167,Medium,21,8,2026-01-08 06:14:53
10309,3167,High,41,6,2025-12-09 08:46:27
10310,3168,High,43,1,2026-04-01 23:34:24
10311,3168,Low,63,3,2026-04-29 01:48:12
10312,3168,High,57,4,2026-05-18 01:24:54
10313,3168,Low,114,3,2026-01-24 09:16:44
10314,3168,Low,66,5,2026-04-21 14:54:24
10315,3168,Low,86,5,2026-04-12 14:12:29
10316,3168,Medium,33,3,2026-04-21 06:36:58
10317,3168,Medium,36,5,2026-04-03 04:34:20
10318,3168,Medium,28,2,2025-12-08 18:37:49
10319,3168,High,81,3,2025-11-30 05:32:27
10320,3169,Low,12,9,2025-12-10 13:48:58
10321,3169,Medium,13,7,2026-02-25 00:17:58
10322,3169,Low,40,8,2025-12-08 11:31:29
10323,3169,Low,13,6,2026-02-05 13:58:50
10324,3170,Medium,61,3,2025-12-26 20:54:49
10325,3170,Low,76,4,2026-03-18 20:12:17
10326,3170,High,24,3,2025-12-24 08:51:49
10327,3170,Medium,81,3,2026-05-19 02:08:12
10328,3170,High,63,3,2026-02-07 21:39:28
10329,3170,High,83,3,2026-01-25 01:05:48
10330,3170,Low,67,4,2026-03-03 22:38:05
10331,3171,Medium,54,5,2026-04-23 07:18:14
10332,3171,Low,77,4,2026-02-18 13:33:56
10333,3171,High,40,1,2025-11-26 21:50:07
10334,3171,Low,97,4,2026-01-24 07:01:39
10335,3171,Low,101,2,2025-11-21 08:45:12
10336,3173,Low,116,1,2026-03-17 09:28:24
10337,3173,Medium,85,3,2025-11-23 06:18:15
10338,3173,Low,48,4,2026-01-29 11:31:55
10339,3173,Medium,103,1,2025-12-11 01:00:40
10340,3173,High,26,3,2026-05-11 15:33:38
10341,3173,High,81,2,2026-02-26 19:51:21
10342,3173,Medium,70,1,2025-12-11 01:53:41
10343,3173,Medium,67,5,2026-05-04 18:11:59
10344,3173,Medium,82,2,2026-05-01 23:02:35
10345,3173,Low,92,5,2026-04-14 11:41:39
10346,3174,Low,29,9,2026-01-07 12:41:13
10347,3174,Medium,26,9,2025-12-30 16:51:59
10348,3174,Medium,3,7,2026-01-20 09:27:20
10349,3174,Low,25,9,2026-05-09 17:53:22
10350,3175,Medium,19,9,2026-01-08 09:25:14
10351,3176,Medium,2,8,2026-01-14 12:51:25
10352,3176,High,1,7,2026-03-22 12:34:01
10353,3176,Medium,27,7,2026-04-25 18:59:28
10354,3176,Low,45,8,2026-02-11 12:23:49
10355,3177,Medium,35,6,2025-11-29 19:41:52
10356,3177,Medium,5,7,2025-12-12 18:36:49
10357,3177,Low,4,6,2026-02-22 09:16:54
10358,3179,High,21,6,2026-02-01 02:33:33
10359,3179,Medium,31,9,2025-11-19 22:24:20
10360,3179,Low,22,8,2026-01-27 11:42:18
10361,3180,Low,34,6,2026-02-06 20:25:08
10362,3180,Medium,15,7,2026-05-12 23:06:28
10363,3181,High,10,7,2026-04-06 17:43:12
10364,3182,High,32,6,2025-12-28 12:09:33
10365,3182,High,31,6,2026-02-24 14:06:58
10366,3183,High,44,9,2026-04-15 00:05:54
10367,3183,Medium,31,7,2026-01-17 10:29:03
10368,3183,Low,14,7,2026-01-05 05:22:40
10369,3185,Low,110,1,2026-03-27 21:06:15
10370,3185,Low,62,2,2026-04-14 03:00:34
10371,3185,Low,61,1,2025-12-04 00:17:09
10372,3185,Low,63,3,2026-04-28 05:25:10
10373,3185,Low,87,1,2026-04-28 01:29:02
10374,3185,High,39,1,2025-12-19 07:07:54
10375,3186,Low,105,5,2026-01-18 06:30:30
10376,3186,Low,82,5,2026-01-28 00:41:43
10377,3186,High,114,2,2026-03-09 04:07:41
10378,3186,Low,34,1,2026-01-25 10:18:20
10379,3186,Medium,36,5,2026-02-01 12:18:10
10380,3186,Low,41,5,2026-03-06 01:28:27
10381,3186,High,55,2,2026-04-04 07:48:24
10382,3187,Medium,7,9,2025-12-06 22:52:12
10383,3187,Medium,16,8,2026-02-28 14:27:48
10384,3187,Low,31,8,2026-03-05 08:12:28
10385,3188,High,50,4,2026-01-07 11:23:08
10386,3188,High,56,5,2026-04-16 08:17:35
10387,3188,Medium,116,1,2026-03-30 15:13:43
10388,3188,Medium,64,3,2026-03-02 18:53:50
10389,3188,Low,108,1,2026-02-21 21:03:35
10390,3188,Low,108,1,2025-12-23 12:23:39
10391,3189,Medium,42,9,2026-02-01 13:32:11
10392,3190,High,23,8,2026-03-11 05:05:32
10393,3190,High,33,9,2026-01-22 23:20:36
10394,3191,High,48,2,2025-11-29 04:27:14
10395,3191,Low,75,4,2026-02-25 22:21:47
10396,3191,Low,55,1,2025-11-23 20:25:34
10397,3191,Low,97,4,2026-04-23 22:38:28
10398,3191,High,38,3,2025-12-11 20:26:59
10399,3191,High,29,3,2026-05-03 12:11:33
10400,3191,High,92,5,2025-12-09 23:04:41
10401,3192,High,105,4,2026-03-04 15:06:49
10402,3192,Medium,58,3,2026-02-14 15:09:58
10403,3192,High,109,2,2026-03-27 01:16:03
10404,3192,Low,86,4,2025-12-06 20:50:30
10405,3192,Low,41,1,2026-03-01 18:58:40
10406,3192,Medium,49,2,2026-04-13 14:52:03
10407,3192,High,109,1,2026-03-19 14:21:29
10408,3192,Low,84,3,2026-04-24 02:24:45
10409,3192,Low,101,2,2026-01-25 13:13:43
10410,3192,Low,111,5,2026-05-07 20:07:54
10411,3193,Medium,8,9,2025-12-25 20:12:25
10412,3193,Low,31,7,2026-02-28 05:16:33
10413,3194,High,110,1,2026-03-21 14:02:04
10414,3194,Medium,30,3,2025-12-11 09:44:12
10415,3194,Medium,30,1,2025-11-19 23:24:28
10416,3195,Low,13,8,2026-05-07 04:54:12
10417,3195,Low,28,7,2025-12-08 10:05:43
10418,3196,Low,74,4,2026-05-03 05:15:45
10419,3196,Low,90,4,2026-04-16 08:53:21
10420,3196,High,28,2,2025-12-10 14:33:06
10421,3196,Low,113,1,2026-02-20 17:35:56
10422,3196,High,33,4,2025-12-06 15:44:27
10423,3196,Medium,87,2,2026-03-20 23:16:50
10424,3196,Medium,82,3,2025-12-16 11:03:36
10425,3197,Low,27,7,2025-11-30 12:34:56
10426,3197,Medium,23,9,2026-04-15 16:56:30
10427,3197,Low,33,7,2026-05-01 09:05:32
10428,3197,Medium,23,8,2025-11-18 21:39:51
10429,3201,High,13,6,2026-01-22 23:14:51
10430,3201,Medium,12,8,2025-11-20 08:47:15
10431,3201,Low,18,6,2026-05-03 09:22:48
10432,3201,High,45,8,2026-03-13 15:25:40
10433,3202,Low,42,6,2026-05-06 08:06:29
10434,3202,Low,38,6,2026-02-10 04:27:52
10435,3202,Low,42,8,2025-12-25 21:19:14
10436,3202,Low,9,8,2025-12-07 07:35:13
10437,3203,High,101,3,2026-04-01 00:38:54
10438,3203,Medium,94,2,2026-02-28 21:40:05
10439,3203,Medium,53,2,2026-04-13 07:20:16
10440,3203,Medium,69,5,2026-03-19 01:57:01
10441,3203,High,28,5,2025-12-25 16:48:33
10442,3203,Medium,106,3,2026-01-27 15:44:42
10443,3203,High,61,4,2026-04-28 19:14:39
10444,3204,High,26,6,2026-03-22 05:44:13
10445,3204,Medium,42,8,2026-02-20 07:55:34
10446,3205,Medium,46,6,2026-04-12 00:26:39
10447,3205,Medium,30,8,2026-02-14 14:06:15
10448,3207,Medium,115,1,2026-03-22 03:48:14
10449,3207,High,26,5,2026-01-04 14:25:36
10450,3207,Medium,106,2,2026-01-15 14:20:17
10451,3207,High,85,2,2026-01-12 19:47:20
10452,3207,High,80,1,2026-03-09 08:28:13
10453,3207,High,96,4,2026-02-10 01:35:28
10454,3207,Medium,92,3,2025-11-19 06:06:45
10455,3207,Low,69,2,2026-03-19 21:03:20
10456,3208,High,34,6,2025-11-24 23:48:43
10457,3208,High,33,6,2026-05-18 10:32:23
10458,3210,Medium,65,5,2025-11-27 17:17:55
10459,3210,Low,48,3,2025-12-16 18:08:15
10460,3210,High,96,3,2025-12-19 01:07:11
10461,3210,Low,38,4,2025-12-25 09:45:21
10462,3210,Medium,61,4,2026-01-01 10:19:09
10463,3211,Low,46,5,2026-03-01 21:05:39
10464,3211,Low,85,1,2026-04-20 21:54:19
10465,3211,High,60,5,2026-04-05 21:10:03
10466,3211,High,56,5,2026-04-13 12:57:27
10467,3211,High,38,5,2026-03-05 10:11:14
10468,3211,Medium,112,1,2026-03-21 05:43:02
10469,3211,Medium,79,2,2026-02-14 01:20:15
10470,3211,Low,30,2,2026-05-14 03:24:32
10471,3211,High,73,4,2026-04-19 22:12:38
10472,3211,Low,106,4,2025-12-04 17:00:31
10473,3212,Medium,7,9,2026-01-02 13:32:08
10474,3213,Medium,68,3,2025-12-05 23:05:26
10475,3213,High,111,3,2025-12-23 06:23:56
10476,3213,High,78,1,2025-12-25 20:20:03
10477,3213,High,77,5,2026-04-19 04:59:42
10478,3214,High,44,8,2026-04-14 05:59:51
10479,3214,Low,2,8,2026-04-09 19:23:49
10480,3214,Medium,21,9,2026-03-01 05:15:50
10481,3215,Medium,73,1,2025-12-29 12:38:12
10482,3215,Medium,75,4,2026-04-17 00:25:13
10483,3215,High,32,3,2026-04-24 15:51:36
10484,3215,Medium,43,3,2025-12-07 03:27:56
10485,3215,Medium,41,4,2025-12-22 23:19:13
10486,3215,Medium,53,1,2026-04-18 01:40:46
10487,3215,Low,47,3,2026-02-27 22:07:01
10488,3215,Low,117,2,2025-12-11 11:03:32
10489,3216,High,42,9,2025-12-04 01:11:16
10490,3216,High,38,6,2026-02-21 09:58:51
10491,3216,Medium,13,9,2026-04-08 21:18:18
10492,3216,High,45,6,2026-02-01 20:32:33
10493,3218,Medium,28,4,2025-12-29 19:47:07
10494,3218,High,111,1,2026-02-23 15:38:21
10495,3218,Medium,73,4,2026-03-10 13:24:08
10496,3218,Medium,69,3,2026-03-28 03:54:56
10497,3218,Low,34,4,2026-01-14 01:13:25
10498,3218,Low,36,1,2026-04-04 23:35:17
10499,3218,Medium,32,4,2026-03-31 23:43:13
10500,3218,High,25,5,2026-01-06 08:01:25
10501,3218,Low,25,4,2026-03-19 20:32:39
10502,3219,High,12,9,2026-04-08 18:00:37
10503,3219,Low,10,8,2025-12-05 04:29:35
10504,3219,High,4,7,2026-04-29 17:56:47
10505,3220,High,23,6,2025-12-12 03:37:53
10506,3220,High,3,7,2026-05-11 14:35:43
10507,3221,Medium,43,8,2026-01-25 00:40:43
10508,3222,Medium,14,6,2026-01-07 18:19:12
10509,3222,Low,43,9,2026-01-09 14:33:04
10510,3222,Medium,21,9,2026-01-11 00:05:02
10511,3224,Low,24,7,2026-01-29 22:12:24
10512,3224,Low,38,6,2026-03-07 10:43:23
10513,3224,Medium,22,8,2026-03-08 05:48:39
10514,3225,Low,45,7,2026-03-22 18:57:46
10515,3225,Low,10,6,2025-12-02 08:00:56
10516,3225,Medium,11,6,2026-03-03 22:57:40
10517,3225,Medium,38,7,2025-12-16 11:17:57
10518,3227,Medium,33,8,2026-05-02 22:52:21
10519,3227,High,31,9,2026-02-24 18:27:50
10520,3227,Low,35,6,2026-05-11 21:23:59
10521,3229,Low,47,8,2026-02-25 09:32:44
10522,3229,Medium,36,8,2026-04-04 04:52:39
10523,3230,High,36,9,2026-05-09 03:19:55
10524,3230,High,39,7,2025-12-14 03:24:30
10525,3231,Low,25,6,2025-12-05 20:03:53
10526,3231,Low,15,6,2026-03-24 14:41:22
10527,3231,High,45,9,2025-12-29 22:43:34
10528,3231,Medium,22,6,2026-02-27 15:29:40
10529,3232,High,22,6,2026-03-01 03:39:38
10530,3233,Medium,14,7,2026-04-20 08:48:15
10531,3234,Low,17,9,2025-12-26 23:12:16
10532,3234,Medium,34,7,2026-01-05 13:08:21
10533,3234,Low,45,7,2026-04-01 19:10:04
10534,3234,Low,22,9,2026-05-03 23:09:58
10535,3235,Medium,30,9,2026-01-30 03:33:09
10536,3235,Low,38,7,2026-02-28 08:00:08
10537,3235,High,24,9,2025-11-24 08:21:33
10538,3236,Medium,35,7,2026-04-09 00:59:57
10539,3236,Medium,4,7,2026-05-13 23:50:27
10540,3236,Low,6,7,2026-04-24 20:27:07
10541,3237,Medium,37,8,2026-03-21 23:30:31
10542,3237,High,41,8,2026-01-28 18:33:11
10543,3238,Low,61,3,2026-02-16 18:06:19
10544,3238,High,66,5,2026-01-15 02:04:37
10545,3238,Medium,38,2,2026-03-15 17:57:18
10546,3238,High,79,1,2026-01-28 12:14:28
10547,3238,Medium,79,3,2026-01-09 04:02:36
10548,3238,High,80,3,2026-01-13 12:23:23
10549,3238,Low,47,2,2026-03-25 06:42:57
10550,3239,Medium,9,8,2026-01-09 02:54:33
10551,3240,Medium,27,2,2026-02-26 03:05:55
10552,3240,High,86,1,2026-03-04 08:44:41
10553,3240,Low,106,3,2026-02-10 00:01:41
10554,3240,Medium,86,3,2026-01-06 11:48:17
10555,3240,Medium,86,4,2025-12-30 09:48:04
10556,3242,High,79,5,2026-04-28 20:42:39
10557,3242,High,57,3,2026-01-30 18:54:38
10558,3242,Medium,40,2,2025-12-26 14:30:00
10559,3242,High,104,2,2026-03-06 10:36:03
10560,3242,Low,74,1,2026-02-27 06:13:09
10561,3242,Medium,66,1,2026-05-08 03:29:34
10562,3242,Medium,33,5,2026-01-25 13:59:52
10563,3243,Low,71,5,2026-02-24 18:29:47
10564,3243,High,79,4,2026-04-20 06:25:08
10565,3243,Medium,59,3,2026-02-09 06:22:55
10566,3243,High,96,4,2025-12-21 17:33:15
10567,3244,High,26,8,2026-03-08 22:26:44
10568,3244,High,16,6,2025-11-21 17:52:20
10569,3245,Medium,25,7,2026-01-01 23:58:04
10570,3245,Medium,7,6,2026-01-22 08:11:44
10571,3246,Medium,78,4,2026-04-09 07:08:50
10572,3246,Medium,27,3,2026-01-21 22:51:32
10573,3246,Medium,63,1,2026-03-25 19:07:38
10574,3246,Medium,53,2,2026-01-28 01:20:59
10575,3246,Low,117,4,2026-01-01 00:03:00
10576,3246,High,58,4,2026-05-12 20:57:11
10577,3246,Low,43,1,2026-03-18 10:55:33
10578,3246,Medium,119,3,2026-02-12 14:02:37
10579,3246,Low,72,2,2026-04-20 08:51:22
10580,3247,High,26,9,2026-01-01 06:35:01
10581,3248,Low,43,7,2025-12-21 21:09:28
10582,3248,High,35,8,2026-02-13 13:49:14
10583,3249,Low,99,1,2026-01-13 06:36:41
10584,3249,High,101,1,2025-11-19 04:51:37
10585,3249,High,68,5,2026-03-07 21:45:34
10586,3249,High,111,1,2026-01-20 10:52:31
10587,3249,Medium,35,2,2026-05-17 01:20:20
10588,3249,Low,101,4,2026-01-01 07:48:16
10589,3249,Medium,91,3,2026-02-09 03:09:18
10590,3249,Low,74,5,2025-12-08 17:53:52
10591,3250,High,13,6,2026-03-14 07:13:31
10592,3250,Low,18,8,2026-01-14 17:06:00
10593,3250,Medium,28,7,2026-01-10 12:38:37
10594,3251,Low,67,3,2026-01-27 06:18:38
10595,3251,Low,69,3,2026-02-24 15:46:31
10596,3251,Low,26,3,2026-04-17 22:43:33
10597,3251,Medium,43,1,2026-04-28 09:58:28
10598,3251,High,98,5,2026-02-04 11:23:44
10599,3251,Low,79,1,2026-03-27 19:00:22
10600,3251,Medium,84,4,2025-12-03 18:31:58
10601,3251,High,78,3,2026-04-28 19:01:04
10602,3251,Low,101,3,2026-03-09 10:02:43
10603,3251,Medium,62,1,2025-12-16 16:37:18
10604,3252,High,106,3,2025-12-04 01:09:19
10605,3252,Medium,57,2,2025-12-10 21:27:50
10606,3252,Low,64,3,2026-02-24 18:11:00
10607,3252,Low,44,1,2026-03-20 04:20:13
10608,3252,High,54,3,2026-04-08 00:15:45
10609,3252,High,60,2,2025-12-24 23:17:02
10610,3252,High,77,1,2025-11-25 23:51:57
10611,3252,High,106,2,2026-02-04 20:15:32
10612,3252,High,59,2,2026-02-10 11:24:32
10613,3252,High,82,5,2026-05-02 15:10:40
10614,3254,High,62,4,2026-04-03 07:25:53
10615,3254,Low,38,4,2025-12-05 21:14:52
10616,3254,High,71,4,2025-12-29 02:00:18
10617,3254,High,96,3,2026-01-10 22:06:21
10618,3254,Medium,95,4,2026-05-02 03:52:00
10619,3254,Low,81,5,2026-04-01 01:51:40
10620,3255,High,19,7,2026-04-01 12:11:13
10621,3256,Medium,94,2,2026-02-03 15:40:17
10622,3256,High,48,4,2026-01-25 23:05:29
10623,3256,Medium,81,1,2026-03-19 20:29:08
10624,3256,High,116,4,2026-04-18 17:54:23
10625,3256,Low,63,4,2025-12-17 11:13:21
10626,3257,High,93,4,2026-04-09 09:31:29
10627,3257,High,33,2,2025-11-24 14:31:49
10628,3257,Low,48,3,2025-12-26 05:09:07
10629,3257,Low,59,1,2026-05-16 11:58:47
10630,3257,Low,71,3,2026-04-28 08:18:50
10631,3257,Low,110,3,2026-03-24 05:11:08
10632,3257,Low,30,3,2026-02-02 18:37:55
10633,3257,High,100,3,2026-03-30 18:17:28
10634,3257,Low,40,2,2025-12-18 16:36:28
10635,3257,High,45,5,2025-12-01 16:09:54
10636,3259,Low,35,1,2026-04-03 06:49:16
10637,3259,Low,56,4,2026-04-29 06:27:53
10638,3259,Medium,37,3,2026-04-08 06:53:07
10639,3259,Low,87,3,2026-01-31 20:22:26
10640,3259,High,81,1,2026-04-25 00:00:08
10641,3259,Medium,104,4,2025-12-16 22:29:23
10642,3260,Low,39,6,2026-03-30 20:02:03
10643,3260,Low,41,6,2026-02-17 06:18:40
10644,3260,Medium,24,7,2025-12-26 08:36:57
10645,3261,Medium,111,3,2026-02-01 04:32:06
10646,3261,Low,102,1,2026-03-28 17:32:38
10647,3261,Low,36,1,2026-02-06 21:11:00
10648,3261,High,86,3,2025-12-14 17:32:33
10649,3261,Medium,46,2,2026-02-19 07:47:38
10650,3261,High,24,3,2026-01-05 07:32:22
10651,3261,High,97,1,2025-12-14 22:49:20
10652,3261,Medium,92,3,2026-01-11 18:48:44
10653,3261,High,72,2,2026-01-03 04:57:50
10654,3262,Low,27,8,2026-04-17 18:27:40
10655,3262,Medium,22,7,2026-02-18 14:46:51
10656,3262,Low,16,7,2026-04-30 19:17:05
10657,3262,High,47,6,2025-11-19 12:52:23
10658,3263,Low,68,3,2026-03-12 09:42:53
10659,3263,Low,95,2,2026-04-30 10:35:32
10660,3263,High,54,4,2026-05-13 19:27:19
10661,3264,Low,32,5,2026-02-11 22:28:30
10662,3264,High,96,2,2026-01-15 22:27:11
10663,3264,High,117,3,2025-12-04 20:40:24
10664,3264,High,85,4,2026-05-09 05:59:13
10665,3264,High,42,4,2026-05-13 17:29:20
10666,3264,Low,113,2,2025-11-23 02:54:01
10667,3265,Medium,24,6,2026-02-07 15:25:38
10668,3265,Medium,46,6,2026-02-02 06:18:52
10669,3265,Medium,34,6,2026-03-16 06:46:12
10670,3266,High,59,3,2025-11-25 22:19:32
10671,3266,Medium,117,1,2026-04-08 17:33:26
10672,3266,Medium,71,5,2025-12-12 06:05:06
10673,3266,High,47,2,2025-12-31 21:16:29
10674,3267,Medium,27,7,2025-12-07 00:16:47
10675,3267,Medium,21,9,2026-01-26 20:54:17
10676,3268,Medium,24,3,2026-04-21 18:54:57
10677,3268,Medium,29,1,2026-05-03 20:18:07
10678,3268,Medium,31,2,2026-04-28 14:35:52
10679,3268,Low,102,4,2026-04-02 05:12:21
10680,3270,Medium,19,9,2026-02-15 22:15:25
10681,3270,Low,33,9,2026-04-05 20:28:27
10682,3271,Low,111,2,2026-04-23 01:46:09
10683,3271,High,75,2,2025-11-30 03:19:57
10684,3271,Medium,57,4,2026-01-09 08:54:09
10685,3271,Low,84,4,2026-03-07 14:47:22
10686,3271,High,39,2,2026-03-27 06:05:02
10687,3271,High,94,3,2026-04-24 09:47:25
10688,3271,High,106,1,2026-02-04 18:33:44
10689,3271,High,58,5,2026-01-28 03:46:49
10690,3271,Medium,73,4,2026-04-05 09:54:19
10691,3273,Low,99,5,2026-03-25 01:28:50
10692,3273,Medium,81,3,2026-01-05 14:39:43
10693,3273,High,86,1,2026-05-16 06:15:52
10694,3273,Medium,72,4,2026-03-30 10:12:45
10695,3273,Medium,77,1,2025-12-28 00:15:57
10696,3273,Low,55,3,2025-12-26 14:48:11
10697,3273,Low,118,4,2026-04-03 04:36:54
10698,3273,Medium,76,5,2026-02-09 09:34:34
10699,3274,High,32,8,2025-12-28 12:47:48
10700,3274,Low,37,8,2025-12-24 01:13:39
10701,3274,Medium,38,7,2026-05-16 02:51:02
10702,3274,High,32,6,2026-04-19 09:26:13
10703,3275,Medium,2,8,2026-03-15 08:52:26
10704,3275,High,11,8,2025-12-30 12:46:30
10705,3275,Low,20,6,2025-12-12 03:11:25
10706,3275,Low,9,7,2025-12-24 04:12:22
10707,3276,Medium,72,3,2026-01-01 13:51:38
10708,3276,High,78,5,2026-05-03 20:02:19
10709,3276,High,65,1,2026-05-03 06:22:57
10710,3276,High,30,3,2026-02-10 00:03:49
10711,3276,Medium,96,1,2026-05-07 19:45:00
10712,3277,High,30,6,2025-12-02 04:32:35
10713,3277,Low,3,7,2025-11-21 10:05:58
10714,3277,Medium,40,8,2026-02-17 03:04:13
10715,3278,Medium,20,9,2026-04-08 00:30:46
10716,3278,Low,7,9,2025-11-30 07:11:51
10717,3279,Medium,7,9,2026-01-23 23:22:12
10718,3279,Medium,25,6,2026-05-18 23:36:56
10719,3279,High,35,9,2026-04-08 00:03:48
10720,3280,High,24,9,2026-03-29 05:42:42
10721,3281,Low,100,4,2026-02-20 04:48:38
10722,3281,High,62,4,2025-12-24 11:23:44
10723,3281,Medium,84,4,2026-03-25 18:25:46
10724,3281,High,104,1,2025-11-25 21:59:16
10725,3281,High,85,1,2026-01-29 00:36:16
10726,3281,Medium,25,4,2025-12-02 22:37:30
10727,3281,High,98,5,2025-12-05 15:48:00
10728,3282,Low,66,2,2025-11-30 23:07:45
10729,3282,Low,63,1,2026-02-08 05:33:58
10730,3282,Low,62,4,2025-12-01 10:22:08
10731,3282,High,103,4,2026-05-05 22:58:58
10732,3282,Low,64,4,2025-12-19 22:16:58
10733,3282,Low,52,5,2026-02-17 19:29:13
10734,3282,Low,103,5,2026-03-03 21:36:49
10735,3282,High,74,1,2026-04-21 03:55:14
10736,3282,Low,68,2,2026-04-25 02:25:18
10737,3283,High,45,3,2025-12-29 12:45:00
10738,3283,Medium,33,1,2026-02-05 10:20:17
10739,3283,Medium,112,5,2026-04-24 09:13:43
10740,3283,Low,69,2,2026-04-04 18:27:24
10741,3283,High,108,5,2025-12-06 19:53:42
10742,3283,Low,115,5,2026-05-06 01:23:25
10743,3283,Low,74,4,2025-12-25 01:20:10
10744,3283,Low,111,5,2026-04-01 16:17:22
10745,3283,High,89,4,2025-11-29 12:46:10
10746,3283,Medium,62,3,2026-03-11 19:07:41
10747,3284,Low,101,1,2026-04-03 11:09:40
10748,3284,Low,71,3,2026-02-24 03:30:53
10749,3284,High,54,3,2026-03-28 04:31:17
10750,3284,Medium,48,4,2026-04-05 16:29:14
10751,3284,Low,74,5,2026-04-22 20:45:08
10752,3284,Low,86,2,2026-04-25 03:32:09
10753,3284,High,77,5,2026-01-17 13:07:31
10754,3284,Low,90,2,2026-05-18 18:52:15
10755,3284,Medium,79,3,2025-12-29 04:50:11
10756,3285,High,69,1,2025-12-05 10:27:09
10757,3285,High,44,1,2025-12-04 23:25:46
10758,3285,Low,93,3,2025-12-14 17:53:48
10759,3285,Low,46,4,2025-11-23 23:52:06
10760,3285,Medium,108,4,2026-03-22 20:21:31
10761,3285,Low,89,5,2026-04-16 13:53:23
10762,3285,High,32,4,2026-03-06 03:38:35
10763,3285,Medium,105,5,2025-12-26 06:41:28
10764,3286,Low,86,2,2026-02-13 12:08:02
10765,3286,High,96,5,2025-12-03 07:36:10
10766,3286,High,105,3,2026-03-08 21:33:16
10767,3286,High,39,5,2026-03-08 22:29:39
10768,3286,Low,28,5,2026-01-18 14:19:28
10769,3286,Low,70,5,2026-03-19 10:12:11
10770,3286,Medium,45,1,2026-01-12 06:10:02
10771,3286,Medium,106,3,2026-02-03 14:21:16
10772,3286,Medium,111,2,2025-11-23 21:25:59
10773,3287,Low,6,9,2026-02-25 08:46:35
10774,3287,Low,3,7,2026-01-27 11:40:45
10775,3288,Medium,68,2,2026-01-17 03:53:28
10776,3288,High,25,5,2026-04-05 04:59:12
10777,3288,Low,38,4,2026-03-28 17:33:56
10778,3288,Low,119,5,2026-01-24 21:08:18
10779,3288,High,87,1,2026-01-16 08:00:34
10780,3290,Low,119,2,2026-02-20 05:10:50
10781,3290,Low,75,3,2026-05-03 12:07:20
10782,3290,Low,60,3,2026-04-28 18:25:27
10783,3290,Low,64,5,2026-01-10 06:11:00
10784,3291,Medium,33,6,2026-04-25 16:51:02
10785,3291,High,46,6,2025-12-09 15:26:58
10786,3292,Low,40,6,2025-12-22 20:02:35
10787,3292,Medium,46,9,2026-03-12 12:06:56
10788,3292,Low,38,9,2026-03-14 08:33:05
10789,3292,High,34,8,2025-12-08 20:54:29
10790,3293,Medium,27,6,2025-12-25 11:56:22
10791,3293,Low,5,6,2025-12-09 20:32:16
10792,3293,Low,25,7,2025-12-16 20:18:28
10793,3293,High,19,7,2026-01-24 15:24:27
10794,3294,High,71,2,2026-01-15 13:06:44
10795,3294,Medium,79,5,2026-03-10 15:53:56
10796,3294,Medium,54,1,2025-12-04 13:25:02
10797,3294,High,26,1,2025-11-25 09:02:08
10798,3294,High,31,1,2026-02-02 09:40:03
10799,3294,Low,85,3,2026-04-08 18:16:47
10800,3294,Low,40,3,2026-04-05 06:27:58
10801,3294,Medium,72,3,2025-12-06 04:01:39
10802,3294,Medium,64,2,2026-02-18 02:24:41
10803,3294,High,75,2,2025-12-24 17:24:52
10804,3295,Low,4,7,2026-01-12 07:15:21
10805,3295,High,28,6,2026-04-29 23:11:08
10806,3295,Low,11,8,2026-01-08 13:49:27
10807,3296,High,40,6,2026-01-30 20:43:00
10808,3297,Low,21,7,2026-02-19 07:59:29
10809,3297,Low,37,9,2026-05-07 10:47:10
10810,3298,Low,11,9,2026-03-08 00:42:09
10811,3298,Low,22,6,2025-12-29 20:34:52
10812,3298,High,13,7,2026-03-18 04:22:54
10813,3299,Medium,3,6,2026-05-06 05:29:39
10814,3299,Low,28,7,2026-04-11 21:01:30
10815,3299,Low,11,8,2026-02-06 09:01:54
10816,3299,Medium,21,9,2026-03-01 06:02:28
10817,3300,Medium,21,8,2026-04-27 21:16:11
10818,3300,High,17,9,2026-04-25 03:32:24
10819,3301,Low,14,8,2026-04-26 01:24:11
10820,3301,Low,33,8,2026-01-02 22:23:04
10821,3302,Low,13,6,2026-02-25 05:01:01
10822,3302,High,34,6,2026-04-22 00:41:46
10823,3303,Low,13,9,2025-12-23 03:42:23
10824,3303,High,37,7,2026-03-22 15:39:55
10825,3303,High,41,6,2026-02-20 08:39:39
10826,3303,High,37,8,2026-02-11 14:43:30
10827,3304,Medium,30,2,2026-02-18 15:03:22
10828,3304,High,103,3,2025-12-22 14:18:56
10829,3304,Low,69,3,2026-03-01 07:11:33
10830,3304,High,93,3,2026-03-06 02:29:29
10831,3304,High,27,1,2025-12-28 02:03:56
10832,3304,Low,57,5,2026-03-15 06:59:19
10833,3304,High,32,4,2026-01-26 17:27:10
10834,3305,Medium,33,2,2026-01-06 11:11:19
10835,3305,High,73,4,2026-02-27 08:17:52
10836,3305,Low,71,1,2026-01-06 13:25:34
10837,3305,Low,47,5,2026-01-07 07:51:43
10838,3305,Medium,118,2,2026-03-30 21:12:11
10839,3305,Medium,87,2,2026-02-14 10:04:04
10840,3305,Medium,105,4,2026-03-27 03:36:03
10841,3305,Low,58,1,2026-05-08 11:10:26
10842,3305,Medium,112,1,2026-02-09 10:13:26
10843,3305,Low,103,4,2025-11-19 11:33:40
10844,3306,Low,91,5,2026-02-12 08:29:43
10845,3306,High,61,4,2026-05-14 19:00:45
10846,3306,High,45,1,2025-12-06 08:00:57
10847,3306,Medium,36,3,2026-03-06 02:16:47
10848,3306,High,41,2,2026-03-05 22:13:26
10849,3308,Medium,13,7,2026-02-17 13:03:46
10850,3310,High,14,8,2026-02-22 15:47:21
10851,3310,High,39,7,2025-12-16 12:20:57
10852,3310,Low,22,9,2026-02-08 21:53:48
10853,3310,Medium,17,8,2025-12-12 18:08:40
10854,3312,High,32,7,2026-01-14 10:03:00
10855,3312,High,42,6,2026-01-21 10:38:18
10856,3312,High,29,7,2026-03-20 04:17:46
10857,3314,Medium,4,8,2026-02-09 15:30:13
10858,3314,Low,45,9,2026-05-14 21:15:56
10859,3314,Medium,10,8,2026-03-11 19:55:25
10860,3314,High,28,8,2026-05-18 03:34:40
10861,3318,High,35,8,2025-11-27 16:08:55
10862,3318,Low,8,9,2026-04-06 15:34:42
10863,3318,High,21,6,2026-04-13 06:35:24
10864,3319,Medium,29,9,2026-03-30 17:28:10
10865,3319,Medium,30,9,2026-03-03 01:28:58
10866,3320,Low,107,1,2026-01-16 19:55:15
10867,3320,Low,103,1,2026-04-06 14:03:02
10868,3320,Low,118,1,2025-11-24 05:10:33
10869,3320,Low,82,2,2026-04-02 21:32:15
10870,3320,Low,98,2,2026-02-26 04:52:35
10871,3320,High,35,4,2026-02-17 03:45:41
10872,3320,High,75,5,2026-05-08 05:06:31
10873,3321,High,50,2,2026-03-04 06:06:46
10874,3321,High,35,5,2026-02-08 07:23:20
10875,3321,High,95,5,2025-12-25 14:32:24
10876,3321,Low,52,3,2026-04-30 10:44:22
10877,3321,High,83,5,2026-04-07 07:45:25
10878,3321,Medium,54,5,2025-12-23 19:39:09
10879,3321,Low,99,3,2026-02-18 14:29:45
10880,3321,Medium,84,2,2026-01-13 12:50:16
10881,3321,Medium,56,1,2026-01-06 04:43:02
10882,3322,Medium,82,5,2026-03-20 03:12:03
10883,3322,High,72,1,2026-02-02 20:48:36
10884,3322,Medium,55,4,2026-05-13 14:41:28
10885,3322,High,102,5,2026-01-25 04:57:50
10886,3322,Low,108,4,2025-11-27 20:32:54
10887,3323,Medium,36,2,2026-05-17 12:48:08
10888,3323,Low,115,1,2026-04-06 05:37:17
10889,3323,High,47,5,2026-02-13 11:05:18
10890,3323,Medium,81,2,2026-01-24 01:55:42
10891,3324,Low,74,2,2026-02-04 06:05:39
10892,3324,Medium,95,5,2025-12-04 18:51:47
10893,3324,Medium,60,2,2026-05-11 03:51:25
10894,3324,Low,36,5,2025-12-07 07:06:38
10895,3324,Low,55,1,2026-02-16 23:19:57
10896,3324,Low,45,4,2025-12-13 16:03:10
10897,3324,Low,63,5,2026-01-17 19:50:02
10898,3324,High,60,3,2026-01-24 06:39:58
10899,3326,Medium,20,8,2026-02-07 17:28:02
10900,3327,High,44,8,2026-04-24 03:30:19
10901,3327,Low,44,7,2026-02-05 12:30:06
10902,3327,Low,9,6,2026-03-22 06:23:20
10903,3327,High,35,9,2026-05-16 14:47:07
10904,3328,Low,20,6,2025-11-29 13:27:49
10905,3330,Low,93,2,2026-02-12 09:28:19
10906,3330,Medium,97,3,2026-04-26 20:02:40
10907,3330,Low,56,4,2025-11-24 19:18:49
10908,3331,Low,6,8,2026-02-24 20:10:58
10909,3331,Medium,31,7,2025-11-28 21:09:39
10910,3332,High,41,2,2026-04-02 12:04:08
10911,3332,High,51,4,2026-03-30 11:56:50
10912,3332,Low,91,5,2025-12-11 13:06:02
10913,3332,Medium,88,2,2026-04-08 03:43:18
10914,3332,Low,103,5,2026-01-10 20:29:33
10915,3332,High,81,2,2026-01-07 04:06:19
10916,3332,Medium,75,4,2025-12-18 09:05:11
10917,3332,Medium,24,2,2026-05-10 14:44:16
10918,3336,High,11,7,2026-05-04 19:18:36
10919,3336,Low,42,6,2026-04-30 17:07:01
10920,3337,High,11,9,2025-12-19 05:32:01
10921,3337,High,10,7,2026-04-02 20:13:58
10922,3337,Medium,14,8,2026-03-01 13:45:48
10923,3338,Medium,46,3,2026-01-02 16:39:16
10924,3338,High,45,4,2025-12-17 23:12:15
10925,3338,Medium,50,2,2025-12-17 23:05:38
10926,3338,Medium,62,3,2025-12-09 20:26:40
10927,3338,High,42,4,2026-01-23 16:20:22
10928,3338,Medium,90,5,2025-12-01 19:43:42
10929,3339,High,8,7,2026-04-19 00:49:16
10930,3340,Medium,36,8,2026-03-10 21:02:24
10931,3340,High,7,7,2026-04-13 20:30:20
10932,3341,High,46,9,2025-11-23 18:24:05
10933,3341,Low,8,7,2026-05-03 03:08:04
10934,3341,Low,12,7,2025-11-30 12:32:08
10935,3341,Medium,14,6,2026-03-19 18:56:35
10936,3342,High,38,7,2026-01-31 13:19:07
10937,3342,High,5,6,2026-02-17 12:59:37
10938,3342,Medium,1,6,2026-01-15 16:41:49
10939,3343,Low,20,6,2026-04-13 20:17:11
10940,3343,Low,11,7,2026-01-19 13:11:30
10941,3344,High,44,8,2025-12-10 20:36:10
10942,3345,Medium,6,7,2025-12-23 12:30:29
10943,3346,Low,43,6,2026-03-22 13:47:55
10944,3346,Low,45,8,2025-12-16 23:21:21
10945,3346,Medium,8,6,2026-01-26 10:50:23
10946,3346,High,10,7,2025-12-23 15:31:55
10947,3347,Low,24,7,2026-02-22 01:22:27
10948,3348,High,104,3,2026-03-06 18:52:43
10949,3348,Medium,111,5,2026-04-23 02:57:43
10950,3348,High,86,5,2026-03-17 04:30:22
10951,3348,Medium,71,2,2026-01-04 10:25:45
10952,3348,Low,39,1,2026-05-19 03:36:57
10953,3348,Low,95,5,2025-12-27 15:13:07
10954,3349,Low,75,1,2026-03-16 11:43:15
10955,3349,Medium,46,2,2026-02-21 19:36:36
10956,3349,Medium,90,2,2026-01-26 10:09:30
10957,3349,High,57,5,2026-05-19 13:34:46
10958,3349,Medium,52,1,2026-05-16 17:42:16
10959,3349,Medium,89,1,2026-02-08 06:19:27
10960,3349,Low,62,5,2026-01-10 14:07:35
10961,3349,Low,31,2,2026-04-02 03:44:41
10962,3349,Medium,105,1,2026-02-10 14:59:31
10963,3349,High,39,5,2026-04-01 06:20:04
10964,3350,Medium,10,7,2026-04-21 00:33:17
10965,3350,Low,4,9,2025-12-16 02:04:58
10966,3350,Medium,8,8,2025-12-11 00:24:23
10967,3351,Medium,78,3,2025-12-05 18:07:12
10968,3351,Low,87,3,2026-03-21 16:42:58
10969,3351,Low,32,1,2025-12-28 05:19:54
10970,3351,Low,67,3,2026-04-12 11:36:44
10971,3351,Medium,38,4,2026-04-13 06:06:12
10972,3351,Low,93,5,2026-01-31 23:47:18
10973,3351,High,103,2,2026-05-16 10:37:41
10974,3351,Medium,46,5,2025-11-22 04:45:03
10975,3351,High,70,1,2026-05-05 11:21:45
10976,3353,Low,27,9,2026-04-28 20:18:23
10977,3353,High,22,6,2026-03-14 06:05:40
10978,3354,Low,106,3,2026-04-06 18:19:35
10979,3354,High,36,5,2026-01-12 04:08:48
10980,3354,Medium,89,4,2026-04-26 20:49:15
10981,3354,Medium,37,1,2026-05-06 16:20:41
10982,3354,High,97,4,2026-01-30 12:56:23
10983,3354,Low,112,1,2026-02-02 05:21:40
10984,3354,Low,51,2,2026-04-16 14:22:27
10985,3354,Medium,40,3,2025-11-20 22:51:22
10986,3355,Medium,4,6,2026-04-02 23:58:36
10987,3355,Medium,18,8,2026-02-26 16:35:46
10988,3355,High,37,6,2026-03-03 06:59:02
10989,3355,High,41,9,2026-02-23 04:47:53
10990,3358,Medium,8,8,2025-12-20 21:05:10
10991,3358,High,2,6,2026-02-12 23:57:14
10992,3358,High,12,7,2025-12-20 00:17:06
10993,3358,Medium,13,7,2026-01-14 06:30:51
10994,3359,Medium,104,3,2026-05-04 02:24:51
10995,3359,High,92,1,2026-02-10 13:14:58
10996,3359,High,82,1,2026-01-01 14:49:49
10997,3359,High,100,4,2026-01-15 09:47:01
10998,3359,High,86,4,2026-01-09 03:41:11
10999,3359,Medium,46,3,2026-03-07 03:40:32
11000,3359,Low,91,5,2026-04-06 02:06:21
11001,3359,Medium,66,1,2026-04-01 19:27:48
11002,3359,Medium,30,2,2026-01-03 07:24:09
11003,3359,High,110,1,2026-01-03 03:41:50
11004,3360,Low,5,7,2026-05-13 21:08:07
11005,3362,High,88,3,2026-03-17 17:30:10
11006,3362,Medium,51,2,2026-03-10 07:37:34
11007,3362,Low,111,5,2025-12-07 16:41:34
11008,3362,Low,33,5,2026-01-06 11:26:17
11009,3362,High,119,5,2026-01-12 10:31:02
11010,3362,Medium,109,4,2026-03-22 09:13:56
11011,3362,Medium,37,3,2026-04-07 21:45:06
11012,3363,Low,106,2,2025-12-14 13:11:29
11013,3363,High,83,5,2026-04-17 04:12:13
11014,3363,Medium,62,4,2025-11-19 15:53:36
11015,3363,Medium,51,2,2026-04-04 12:31:14
11016,3363,Medium,51,4,2026-04-08 14:29:13
11017,3363,High,115,1,2026-04-04 04:32:10
11018,3363,Medium,83,4,2025-12-05 01:44:29
11019,3363,High,39,5,2026-01-01 19:33:58
11020,3363,High,77,1,2026-04-23 01:30:16
11021,3366,High,59,4,2025-12-12 11:02:42
11022,3366,High,49,2,2026-04-18 19:41:53
11023,3366,Medium,45,1,2025-12-06 00:20:30
11024,3366,Medium,92,1,2026-02-01 08:31:47
11025,3366,Low,72,2,2026-04-14 09:10:34
11026,3366,Medium,25,5,2026-05-06 22:28:57
11027,3366,Medium,30,4,2026-03-07 09:30:22
11028,3368,Low,13,9,2025-11-27 16:29:07
11029,3368,Medium,30,7,2026-03-29 13:22:02
11030,3368,Low,11,8,2026-02-28 11:38:49
11031,3369,Medium,3,8,2025-12-20 22:08:30
11032,3369,High,2,9,2026-01-06 22:37:41
11033,3370,Low,3,9,2026-04-27 08:50:18
11034,3370,Medium,15,6,2026-04-05 21:58:22
11035,3370,Low,7,9,2025-12-31 12:35:15
11036,3370,High,5,7,2026-03-16 06:15:53
11037,3371,Medium,77,5,2026-01-03 18:10:45
11038,3371,High,39,5,2025-12-08 17:41:41
11039,3371,High,90,3,2026-02-01 03:20:40
11040,3371,Medium,82,3,2026-01-13 05:01:11
11041,3372,Medium,87,2,2025-11-23 08:48:33
11042,3372,Low,108,1,2026-01-15 22:12:55
11043,3372,Medium,95,3,2026-04-22 18:53:23
11044,3372,Medium,77,5,2026-05-14 05:00:47
11045,3373,Medium,17,6,2026-05-05 20:09:54
11046,3373,Low,14,8,2026-04-06 00:38:00
11047,3374,High,41,9,2025-11-29 03:41:32
11048,3375,Low,31,6,2026-04-17 06:26:23
11049,3376,High,35,9,2026-04-24 14:06:38
11050,3376,Low,22,6,2025-12-19 11:24:14
11051,3376,Low,29,7,2026-05-17 21:35:34
11052,3376,Low,18,8,2025-12-22 00:30:24
11053,3378,High,44,9,2025-12-13 18:54:29
11054,3379,High,72,3,2026-02-17 21:46:28
11055,3379,Medium,78,4,2025-12-10 11:41:56
11056,3379,Low,110,1,2026-02-20 19:16:16
11057,3379,High,44,2,2025-11-24 23:21:47
11058,3379,High,51,3,2025-12-17 01:17:35
11059,3379,Low,62,1,2026-02-05 11:04:16
11060,3379,Low,63,3,2025-12-18 22:02:34
11061,3379,High,52,4,2025-12-19 06:18:44
11062,3379,Medium,43,2,2026-04-19 17:52:16
11063,3379,Medium,35,1,2026-03-06 21:50:25
11064,3381,High,48,1,2026-01-14 06:07:18
11065,3381,High,27,4,2026-05-03 06:03:45
11066,3381,Low,32,2,2026-01-17 12:58:02
11067,3381,High,102,2,2026-03-04 18:45:05
11068,3381,Low,115,4,2026-02-28 20:50:33
11069,3381,Medium,75,1,2026-04-01 18:13:17
11070,3381,Low,101,5,2026-04-24 12:29:07
11071,3381,Low,79,4,2026-01-21 00:50:11
11072,3382,Medium,44,6,2025-12-16 23:11:58
11073,3382,Low,32,8,2026-01-27 05:36:31
11074,3382,High,30,9,2025-12-10 18:50:36
11075,3382,Low,12,7,2026-04-07 16:01:15
11076,3383,Low,2,7,2026-02-18 09:27:00
11077,3384,High,13,6,2025-12-31 03:07:53
11078,3384,Medium,24,7,2025-11-19 17:28:44
11079,3385,Low,35,4,2025-12-10 21:04:59
11080,3385,High,83,5,2026-01-12 19:12:58
11081,3385,Medium,109,4,2026-01-25 14:19:26
11082,3385,Medium,24,3,2025-11-22 11:39:10
11083,3385,Low,78,2,2025-12-06 09:18:05
11084,3385,Low,57,1,2026-03-25 02:13:24
11085,3385,Medium,91,5,2026-04-30 09:07:13
11086,3385,High,107,2,2026-04-26 23:08:20
11087,3385,Medium,102,2,2025-12-18 06:06:00
11088,3386,Medium,29,8,2025-12-09 02:49:28
11089,3386,High,34,9,2026-02-04 23:52:39
11090,3387,Medium,15,6,2026-03-22 22:22:12
11091,3387,Medium,17,9,2026-03-04 20:19:31
11092,3388,Low,20,6,2025-12-05 02:43:24
11093,3388,Low,13,9,2026-01-30 23:20:57
11094,3388,Medium,24,7,2026-04-27 09:26:57
11095,3388,Low,47,9,2026-02-22 18:24:06
11096,3389,Low,37,8,2026-04-15 19:50:09
11097,3389,High,8,8,2026-02-01 00:26:10
11098,3392,Low,14,9,2026-05-02 03:59:31
11099,3392,Medium,21,6,2026-02-14 13:49:53
11100,3392,High,46,7,2026-02-08 10:05:36
11101,3392,High,22,7,2026-04-24 21:53:54
11102,3393,High,30,9,2026-01-22 11:37:15
11103,3393,High,16,8,2026-02-28 15:19:29
11104,3393,Medium,22,6,2026-05-18 00:39:01
11105,3393,Low,25,7,2025-12-16 03:58:35
11106,3394,High,14,7,2026-01-22 02:55:05
11107,3394,Low,2,7,2025-12-28 10:06:42
11108,3394,High,13,8,2026-03-14 07:16:54
11109,3395,Medium,53,2,2026-01-18 16:53:04
11110,3395,High,77,4,2026-02-02 08:41:46
11111,3395,Low,44,5,2026-01-21 06:01:35
11112,3395,Low,106,4,2026-02-27 05:47:05
11113,3395,Low,27,3,2026-01-17 21:25:59
11114,3396,High,15,9,2026-04-08 23:37:47
11115,3396,High,1,9,2026-04-29 13:01:25
11116,3396,High,47,9,2026-02-06 01:07:58
11117,3396,High,20,9,2026-01-03 08:30:56
11118,3397,High,33,6,2026-01-15 21:59:40
11119,3397,High,5,7,2026-01-14 13:36:15
11120,3397,Low,5,7,2026-04-25 22:46:07
11121,3398,High,62,5,2026-01-02 15:46:12
11122,3398,Medium,59,1,2026-02-05 00:37:33
11123,3398,High,91,5,2026-05-01 04:48:00
11124,3399,High,21,7,2026-03-17 07:56:22
11125,3399,Medium,24,8,2026-04-18 21:41:08
11126,3399,Medium,31,8,2026-04-17 06:26:26
11127,3399,Medium,38,7,2026-01-22 07:28:52
11128,3400,High,99,2,2026-04-27 13:44:48
11129,3400,Medium,35,3,2026-03-03 21:12:03
11130,3400,Low,115,1,2026-01-03 07:02:28
11131,3400,Medium,92,5,2026-05-19 16:30:15
11132,3400,Low,29,3,2026-04-03 16:21:11
11133,3400,Medium,56,3,2026-02-04 00:26:49
11134,3401,Medium,44,4,2026-01-02 18:37:55
11135,3401,Medium,88,1,2025-12-13 17:06:11
11136,3401,High,116,2,2026-05-16 16:47:00
11137,3401,Low,51,2,2026-02-02 06:15:40
11138,3401,High,113,5,2026-01-12 15:49:39
11139,3401,Low,36,1,2026-04-08 18:32:21
11140,3402,High,85,5,2026-02-08 22:52:02
11141,3402,Medium,77,3,2025-12-02 14:26:52
11142,3402,Medium,91,1,2026-02-03 13:48:40
11143,3402,Low,99,1,2026-04-09 13:39:18
11144,3402,Medium,55,3,2025-12-14 11:54:55
11145,3402,High,47,1,2026-03-11 23:27:08
11146,3402,High,112,1,2026-04-10 13:23:17
11147,3402,Low,26,4,2026-02-18 14:37:30
11148,3402,Medium,66,1,2025-12-04 08:00:43
11149,3402,High,69,1,2025-12-29 16:30:54
11150,3403,High,61,5,2026-01-20 20:02:22
11151,3403,Low,114,3,2026-03-05 10:07:56
11152,3403,Medium,97,4,2025-12-19 21:03:45
11153,3403,Medium,97,2,2026-02-28 08:56:55
11154,3403,Low,47,4,2026-05-05 11:54:14
11155,3403,High,45,5,2026-03-30 00:43:12
11156,3403,Low,39,5,2026-04-20 02:51:50
11157,3403,High,85,3,2026-04-25 15:48:06
11158,3403,Low,110,3,2026-04-24 06:23:37
11159,3403,Medium,114,3,2026-05-08 02:48:22
11160,3404,High,22,6,2026-03-09 11:45:01
11161,3404,Low,1,6,2025-12-14 09:21:30
11162,3404,High,33,8,2026-04-07 19:16:32
11163,3404,Medium,19,9,2026-01-17 10:19:16
11164,3405,Medium,6,9,2026-05-06 07:39:44
11165,3405,Medium,15,9,2026-04-23 23:56:15
11166,3408,Medium,33,9,2026-04-14 20:25:03
11167,3408,High,27,6,2025-12-03 04:01:57
11168,3408,Low,11,6,2026-04-05 16:03:06
11169,3409,Medium,23,6,2026-02-13 23:46:09
11170,3409,High,41,7,2026-01-14 17:02:53
11171,3409,Low,47,9,2026-02-18 08:34:52
11172,3409,Low,29,8,2026-02-19 09:05:22
11173,3410,Low,1,7,2026-04-24 05:05:52
11174,3410,Low,18,7,2025-12-07 18:39:46
11175,3410,Low,6,9,2026-04-26 03:01:51
11176,3411,Medium,40,6,2026-02-19 13:54:55
11177,3411,High,47,7,2026-01-21 03:48:51
11178,3411,High,30,9,2025-11-26 06:32:14
11179,3412,High,32,7,2026-04-21 21:31:38
11180,3412,Low,43,6,2026-02-07 23:18:03
11181,3412,Low,9,6,2026-01-11 19:05:28
11182,3414,Low,11,8,2026-01-02 10:44:47
11183,3414,High,27,9,2026-02-28 15:04:18
11184,3414,Low,10,8,2026-04-13 09:13:06
11185,3415,Low,31,1,2025-12-28 08:12:36
11186,3415,High,47,1,2026-02-02 19:01:32
11187,3415,High,42,2,2026-03-29 23:52:20
11188,3415,Medium,78,3,2026-05-17 07:27:01
11189,3416,Medium,35,6,2026-03-11 06:49:06
11190,3416,Low,42,6,2026-01-18 08:04:05
11191,3416,Medium,3,7,2025-12-05 07:00:20
11192,3417,Low,35,6,2026-03-02 17:17:28
11193,3417,High,25,8,2026-01-16 20:11:56
11194,3417,Medium,2,6,2026-04-03 15:06:26
11195,3417,Low,7,9,2026-02-25 22:34:55
11196,3418,Medium,43,8,2026-03-15 18:02:44
11197,3418,High,6,8,2026-04-25 17:46:30
11198,3419,High,44,3,2026-01-16 22:32:13
11199,3419,Low,69,3,2026-04-07 22:54:04
11200,3419,Low,31,2,2026-03-24 15:53:54
11201,3419,High,91,3,2026-01-24 17:40:49
11202,3420,Medium,16,8,2026-04-29 05:24:34
11203,3420,Medium,7,9,2025-12-04 06:54:27
11204,3421,High,2,6,2025-12-20 15:54:39
11205,3421,Medium,1,7,2026-05-06 17:08:42
11206,3421,Medium,7,9,2026-01-13 13:49:20
11207,3422,High,5,6,2025-12-26 13:34:51
11208,3422,Low,28,7,2026-01-21 23:11:14
11209,3422,High,24,7,2026-03-28 05:20:00
11210,3423,High,55,5,2025-12-26 13:57:01
11211,3423,High,56,2,2026-03-01 11:42:17
11212,3423,High,96,1,2025-12-03 15:03:39
11213,3423,Low,56,1,2025-11-18 18:22:00
11214,3423,Low,94,4,2026-01-01 18:01:16
11215,3424,High,51,5,2026-03-18 01:37:28
11216,3424,High,119,4,2026-01-12 17:32:27
11217,3424,Medium,103,2,2026-05-01 00:20:07
11218,3425,Medium,14,8,2026-03-06 08:20:37
11219,3425,Medium,36,7,2025-12-11 23:44:56
11220,3425,Medium,24,7,2026-03-26 12:39:31
11221,3426,High,16,6,2026-01-05 19:21:40
11222,3427,Low,60,1,2026-05-07 13:21:00
11223,3427,Low,48,4,2026-01-17 00:57:22
11224,3427,Medium,117,4,2026-05-09 02:51:35
11225,3427,Medium,41,4,2026-05-03 05:25:35
11226,3427,Medium,71,4,2026-02-19 01:16:36
11227,3427,Low,93,3,2026-01-24 18:32:50
11228,3427,High,41,2,2026-03-02 06:22:20
11229,3428,High,23,8,2026-03-16 05:27:19
11230,3428,High,6,7,2026-03-25 16:23:44
11231,3428,High,26,7,2026-05-04 18:22:52
11232,3428,Medium,21,6,2026-04-12 16:49:26
11233,3429,Medium,111,3,2026-01-02 13:28:59
11234,3429,Medium,55,4,2026-01-06 10:55:21
11235,3429,Medium,28,3,2026-02-05 12:31:41
11236,3429,Low,102,5,2026-01-17 20:35:30
11237,3429,Low,58,2,2026-01-29 01:10:02
11238,3429,Low,46,5,2026-03-22 02:48:46
11239,3429,High,113,3,2026-03-23 14:23:19
11240,3430,Medium,52,2,2026-05-02 05:07:32
11241,3430,High,87,4,2026-04-10 01:52:53
11242,3430,Medium,110,4,2026-05-19 08:21:38
11243,3430,High,29,3,2026-05-13 18:48:17
11244,3430,High,61,2,2026-04-18 22:32:05
11245,3430,Medium,104,3,2025-12-29 18:35:31
11246,3432,Medium,44,7,2026-04-29 01:13:39
11247,3432,Low,34,7,2025-12-24 21:37:31
11248,3434,Medium,52,4,2026-03-21 10:06:47
11249,3434,Medium,77,5,2026-04-29 07:05:49
11250,3434,Medium,92,2,2026-04-15 23:04:48
11251,3434,Low,97,5,2026-02-17 18:04:41
11252,3434,Low,32,5,2026-03-29 06:12:23
11253,3434,Medium,100,2,2025-12-19 21:41:27
11254,3434,Medium,98,4,2025-12-08 17:16:02
11255,3435,Low,46,7,2026-02-20 11:21:14
11256,3435,Low,31,6,2026-05-03 17:23:26
11257,3435,High,34,7,2026-02-21 20:52:33
11258,3435,Medium,35,8,2026-05-19 19:59:16
11259,3436,Low,39,6,2026-02-28 23:36:20
11260,3437,High,8,9,2026-04-21 21:12:12
11261,3438,Low,33,9,2026-04-27 21:08:33
11262,3438,Low,46,7,2026-01-14 14:28:11
11263,3438,High,34,9,2026-04-13 10:45:24
11264,3438,Low,42,8,2025-12-03 10:40:33
11265,3439,High,13,7,2025-12-02 19:42:44
11266,3439,Low,21,8,2026-05-02 07:06:28
11267,3439,Low,32,8,2026-04-02 11:14:42
11268,3439,Medium,14,8,2026-04-12 05:33:48
11269,3440,Medium,25,2,2026-03-27 02:47:19
11270,3440,Low,84,4,2026-02-04 12:13:02
11271,3440,Medium,40,1,2026-03-15 02:53:56
11272,3441,Medium,27,9,2026-05-07 16:39:26
11273,3441,High,17,6,2026-04-20 04:06:03
11274,3441,Medium,12,7,2025-12-03 08:58:29
11275,3441,High,18,7,2025-12-07 21:35:52
11276,3442,Medium,31,6,2025-12-18 15:21:50
11277,3443,Low,6,6,2026-01-26 11:57:53
11278,3443,High,15,7,2025-12-30 23:46:57
11279,3444,Medium,113,3,2025-11-29 23:01:35
11280,3444,Medium,99,1,2026-03-18 18:12:17
11281,3444,Medium,70,1,2026-05-08 05:55:05
11282,3444,Medium,40,1,2026-05-18 16:06:13
11283,3446,Medium,29,6,2026-02-08 17:46:37
11284,3447,Medium,54,5,2025-11-20 08:07:26
11285,3447,Low,103,2,2025-12-27 17:11:10
11286,3447,High,68,2,2026-04-01 09:59:05
11287,3447,Low,68,3,2026-04-19 22:21:48
11288,3449,Low,13,8,2025-11-28 04:25:58
11289,3449,High,4,8,2025-12-10 18:21:07
11290,3450,Medium,25,7,2026-04-30 07:53:33
11291,3450,Medium,31,9,2025-11-24 14:31:49
11292,3451,High,91,2,2026-02-12 00:54:38
11293,3451,High,81,3,2025-12-18 06:00:22
11294,3451,Medium,71,5,2026-02-21 09:40:44
11295,3451,Low,110,4,2026-01-18 03:30:10
11296,3452,Low,32,9,2026-02-04 06:48:13
11297,3452,High,25,6,2025-12-04 09:07:50
11298,3452,High,28,8,2026-04-26 03:41:16
11299,3453,Low,7,9,2025-11-27 19:00:45
11300,3453,High,41,6,2026-01-27 02:30:13
11301,3455,Low,89,5,2026-03-11 23:29:43
11302,3455,Low,41,1,2025-12-29 08:55:52
11303,3455,High,86,3,2025-12-30 01:03:43
11304,3456,Low,21,7,2026-03-03 01:53:07
11305,3456,High,30,8,2026-01-03 21:14:57
11306,3456,Low,22,8,2026-04-01 08:39:27
11307,3457,Medium,25,8,2026-05-11 09:33:38
11308,3457,Low,30,9,2025-11-20 20:49:36
11309,3458,Low,45,9,2026-02-05 22:03:38
11310,3458,High,23,7,2026-01-01 19:30:00
11311,3458,Medium,8,9,2026-04-20 11:40:00
11312,3459,Low,77,4,2026-02-19 06:11:36
11313,3459,Low,73,3,2026-04-09 22:47:18
11314,3459,High,54,5,2026-03-01 05:40:25
11315,3459,Low,82,4,2026-05-02 08:42:33
11316,3459,High,100,1,2025-12-11 11:43:17
11317,3459,High,96,5,2026-03-17 13:13:00
11318,3459,High,90,1,2026-03-09 08:54:05
11319,3460,Low,25,9,2026-03-15 23:28:26
11320,3461,Low,29,8,2026-02-02 04:17:13
11321,3461,Medium,11,6,2025-11-23 23:47:56
11322,3461,High,26,6,2026-01-27 20:54:25
11323,3462,High,37,2,2026-01-08 19:58:00
11324,3462,Low,54,4,2026-05-13 04:17:06
11325,3462,Low,33,2,2026-01-28 22:14:10
11326,3462,Medium,43,5,2026-05-13 22:04:29
11327,3462,High,67,1,2025-11-19 06:55:01
11328,3462,Medium,102,1,2026-04-05 00:23:30
11329,3463,Medium,7,7,2025-11-21 19:59:32
11330,3463,High,24,9,2025-12-12 12:30:39
11331,3463,High,20,9,2025-12-17 20:10:21
11332,3463,Low,14,7,2025-11-25 22:48:39
11333,3464,Medium,16,6,2026-01-20 06:48:10
11334,3464,High,32,8,2025-12-07 04:35:00
11335,3465,Medium,35,8,2026-04-26 02:17:01
11336,3466,Medium,32,8,2026-05-07 06:51:46
11337,3467,Medium,76,4,2026-02-10 22:58:05
11338,3467,High,107,2,2026-04-04 13:56:29
11339,3467,Medium,65,5,2026-02-13 16:50:32
11340,3467,High,93,5,2026-04-18 07:47:39
11341,3467,Medium,76,5,2026-05-16 07:17:46
11342,3467,High,74,2,2025-12-07 14:40:39
11343,3467,Medium,29,3,2025-12-30 01:45:23
11344,3467,Medium,56,5,2026-01-03 05:03:16
11345,3467,Low,113,1,2026-03-13 10:21:59
11346,3467,Low,75,3,2026-03-01 05:38:45
11347,3468,Medium,61,5,2026-04-20 00:05:51
11348,3468,Medium,110,5,2026-01-13 18:10:18
11349,3468,Medium,116,5,2025-11-22 01:26:30
11350,3468,Medium,69,2,2026-01-17 12:15:49
11351,3469,High,34,8,2026-01-30 22:45:00
11352,3470,Low,15,8,2026-03-08 15:51:29
11353,3470,Low,9,7,2026-04-25 10:51:16
11354,3470,Medium,3,9,2026-01-28 07:20:21
11355,3471,High,47,6,2026-01-01 08:06:28
11356,3471,Low,20,9,2026-01-20 15:48:29
11357,3472,High,5,7,2026-03-28 19:19:36
11358,3472,Medium,16,8,2026-04-18 00:03:16
11359,3473,Medium,25,9,2026-03-27 19:36:38
11360,3474,High,48,3,2025-12-15 18:48:10
11361,3474,Medium,51,3,2026-01-15 02:19:02
11362,3474,High,65,4,2026-03-17 18:38:56
11363,3474,Low,109,3,2026-01-18 15:08:19
11364,3474,Low,77,2,2025-11-29 12:00:57
11365,3474,Medium,47,1,2026-03-06 20:28:48
11366,3474,Medium,51,2,2026-02-04 23:59:08
11367,3474,High,118,4,2026-05-01 23:24:28
11368,3474,Low,78,1,2026-03-30 22:46:31
11369,3474,Medium,33,5,2026-03-09 10:44:43
11370,3476,Medium,34,8,2026-04-11 19:56:42
11371,3476,Medium,29,8,2025-12-08 18:38:53
11372,3476,High,43,8,2026-03-07 01:21:38
11373,3476,Medium,33,7,2026-02-13 02:01:10
11374,3477,Medium,46,6,2026-05-11 12:33:34
11375,3477,Medium,1,6,2026-01-27 22:21:46
11376,3477,Medium,23,6,2026-03-24 02:05:48
11377,3478,Medium,9,9,2026-01-08 10:47:00
11378,3478,Low,1,6,2026-04-05 05:43:24
11379,3478,Medium,22,7,2026-04-16 01:59:54
11380,3479,High,27,1,2026-01-05 03:11:07
11381,3479,Low,74,2,2026-03-22 07:06:11
11382,3479,Medium,86,4,2026-01-24 23:49:23
11383,3479,High,59,5,2025-11-21 20:16:05
11384,3479,Low,75,5,2026-02-13 02:08:02
11385,3479,Medium,52,3,2026-02-16 02:31:35
11386,3479,Medium,48,4,2025-12-07 08:12:26
11387,3479,Medium,112,1,2026-03-15 08:43:34
11388,3479,Low,88,5,2026-01-04 12:58:03
11389,3479,High,43,5,2026-01-21 13:29:54
11390,3480,High,36,6,2026-05-08 09:58:06
11391,3481,High,81,2,2026-04-16 17:48:25
11392,3481,Low,25,5,2025-12-02 08:44:26
11393,3481,High,39,3,2025-12-30 09:07:36
11394,3481,High,85,3,2025-12-02 10:37:40
11395,3481,Medium,104,4,2026-05-03 23:39:06
11396,3481,Low,91,3,2025-11-19 13:37:44
11397,3482,High,25,6,2026-02-16 20:38:05
11398,3482,Low,14,9,2025-11-22 05:29:02
11399,3482,High,11,6,2025-12-05 05:48:12
11400,3482,Low,28,8,2026-05-13 06:48:55
11401,3483,Low,36,7,2026-04-18 16:15:30
11402,3483,High,36,8,2025-12-03 20:53:59
11403,3483,Medium,19,7,2026-01-05 00:20:15
11404,3484,High,6,9,2026-02-10 09:55:48
11405,3484,Low,7,7,2025-12-08 02:41:26
11406,3486,Low,12,6,2026-03-07 04:53:47
11407,3486,Medium,34,6,2025-11-19 04:47:52
11408,3486,High,17,6,2026-04-11 04:53:35
11409,3486,Low,33,8,2026-04-23 14:30:06
11410,3487,High,9,7,2025-11-28 16:41:10
11411,3488,High,2,7,2025-12-06 17:53:18
11412,3488,Low,9,8,2026-04-30 15:27:57
11413,3488,Medium,16,6,2025-11-25 18:56:37
11414,3489,Medium,24,8,2026-01-19 22:40:11
11415,3490,Medium,116,4,2025-12-14 15:09:31
11416,3490,Low,78,2,2025-11-27 02:21:17
11417,3490,High,61,3,2026-04-02 20:02:33
11418,3490,High,110,4,2026-04-26 20:14:06
11419,3490,Low,82,2,2026-04-15 13:46:19
11420,3490,Low,37,5,2026-05-13 14:03:59
11421,3490,Low,70,2,2026-03-27 09:37:30
11422,3490,Low,74,3,2025-11-25 19:10:13
11423,3491,Low,2,8,2026-05-13 10:54:44
11424,3491,High,1,7,2026-02-20 17:25:46
11425,3491,Medium,38,7,2026-03-01 05:56:28
11426,3491,Medium,13,7,2025-12-27 04:07:23
11427,3492,Low,67,1,2026-04-19 20:14:14
11428,3492,Medium,46,2,2026-04-16 15:48:04
11429,3492,Medium,80,4,2026-02-26 02:26:16
11430,3494,High,46,4,2026-03-16 11:57:17
11431,3494,High,80,1,2025-11-18 10:34:16
11432,3494,Low,95,3,2026-04-10 14:02:31
11433,3494,Low,37,1,2025-12-17 05:54:44
11434,3494,Medium,57,5,2025-12-25 15:10:11
11435,3494,High,74,1,2026-03-09 17:43:21
11436,3496,High,40,6,2026-02-14 14:52:12
11437,3496,Medium,35,7,2025-12-06 05:32:24
11438,3496,Low,40,9,2025-12-05 12:03:25
11439,3497,Low,117,5,2026-03-21 01:18:53
11440,3497,Low,102,1,2026-03-05 21:56:13
11441,3497,Low,33,3,2026-05-09 20:24:06
11442,3497,High,90,4,2026-04-30 16:35:00
11443,3497,High,27,3,2025-12-06 06:13:34
11444,3497,High,56,4,2026-01-22 20:36:15
11445,3497,High,119,1,2026-05-01 10:37:17
11446,3498,Low,16,6,2026-01-29 22:30:39
11447,3498,Low,11,7,2026-03-27 20:10:28
11448,3498,High,27,6,2025-12-21 14:34:16
11449,3499,High,12,7,2026-03-14 22:54:44
11450,3499,Low,40,9,2026-03-05 02:22:21
11451,3499,Low,37,6,2026-04-11 18:16:02
11452,3499,High,33,6,2025-12-27 20:44:17
11453,3500,Medium,29,6,2026-04-13 03:13:36
11454,3500,Low,40,7,2026-05-01 05:15:16
11455,3500,High,18,8,2026-05-04 22:12:03
11456,3500,Medium,13,8,2026-02-03 12:22:14
11457,3501,Medium,10,9,2026-05-10 20:41:19
11458,3501,High,41,6,2026-03-06 23:10:54
11459,3503,Medium,26,3,2026-03-17 14:16:26
11460,3503,Medium,78,3,2025-12-10 12:21:24
11461,3503,Low,56,2,2026-01-16 18:51:04
11462,3503,Low,98,2,2026-03-16 22:04:40
11463,3503,Medium,56,2,2026-05-08 16:26:53
11464,3503,High,30,2,2026-04-17 04:23:32
11465,3503,High,34,3,2026-03-21 07:13:52
11466,3504,Medium,39,8,2025-12-17 20:35:25
11467,3504,Medium,1,7,2026-03-12 00:49:06
11468,3504,Medium,21,8,2026-05-18 01:11:25
11469,3506,Medium,30,7,2026-01-17 15:59:08
11470,3507,Medium,8,9,2026-03-23 01:12:51
11471,3507,Medium,19,8,2026-01-05 04:27:44
11472,3507,Medium,15,9,2025-11-22 00:07:50
11473,3507,High,6,6,2026-04-16 17:53:02
11474,3508,High,42,7,2026-01-11 20:46:30
11475,3508,Low,18,7,2025-12-21 09:55:25
11476,3508,Medium,19,6,2026-04-19 21:38:37
11477,3508,Low,30,6,2026-05-01 15:20:06
11478,3509,High,62,4,2026-02-02 02:31:26
11479,3509,Medium,35,2,2026-05-05 01:11:47
11480,3509,Medium,82,4,2026-01-11 20:20:11
11481,3509,High,67,4,2026-02-07 02:16:24
11482,3509,High,59,2,2025-12-07 06:06:17
11483,3509,Low,71,1,2026-01-04 06:12:43
11484,3509,Medium,72,3,2025-11-30 22:00:41
11485,3509,Low,110,5,2026-03-02 04:32:50
11486,3509,High,32,5,2026-01-14 14:38:12
11487,3509,Low,95,1,2026-03-31 09:47:12
11488,3510,Low,39,3,2026-01-24 04:22:29
11489,3510,Medium,51,3,2026-04-04 02:39:28
11490,3510,Medium,79,1,2026-03-19 04:07:13
11491,3510,Medium,75,4,2026-03-03 00:19:56
11492,3510,High,61,4,2025-11-26 19:45:46
11493,3510,Low,71,1,2026-04-26 18:07:23
11494,3510,High,82,5,2026-05-17 10:40:10
11495,3510,Medium,90,2,2026-03-01 17:00:04
11496,3510,Medium,107,2,2026-03-10 02:10:14
11497,3511,High,27,9,2025-11-27 17:57:32
11498,3514,Low,10,9,2026-01-09 08:06:47
11499,3514,Low,17,7,2025-11-30 17:27:08
11500,3514,Medium,33,7,2026-02-26 09:58:00
11501,3514,High,39,8,2026-03-23 08:48:03
11502,3515,Low,18,6,2025-12-07 14:30:36
11503,3516,Medium,95,1,2025-12-17 08:03:17
11504,3516,High,118,2,2026-02-26 11:43:22
11505,3516,Medium,27,4,2026-03-08 12:39:25
11506,3516,High,51,1,2026-04-10 03:45:28
11507,3516,High,67,1,2026-04-09 02:16:21
11508,3517,Low,47,6,2026-01-31 13:28:03
11509,3517,Low,16,7,2026-04-11 13:57:26
11510,3517,Medium,31,7,2025-12-22 07:01:05
11511,3517,Medium,1,6,2026-03-11 04:51:24
11512,3518,Medium,16,8,2026-02-17 14:48:29
11513,3518,High,37,9,2026-04-07 03:17:47
11514,3518,Medium,10,7,2026-04-29 01:48:18
11515,3519,Low,38,9,2026-01-05 14:34:58
11516,3520,High,31,7,2026-03-06 01:07:05
11517,3520,High,34,8,2026-03-19 03:40:22
11518,3521,Medium,6,9,2026-04-01 04:50:12
11519,3521,Low,28,8,2026-02-13 18:04:14
11520,3521,Medium,13,6,2026-02-01 06:40:42
11521,3521,High,12,7,2026-05-14 09:15:56
11522,3522,High,40,6,2026-02-23 09:43:49
11523,3523,High,73,1,2026-04-15 02:55:26
11524,3523,Medium,80,2,2026-01-13 19:31:52
11525,3523,Medium,31,2,2026-01-23 15:53:08
11526,3523,High,86,1,2026-01-11 00:14:52
11527,3523,Low,83,2,2025-11-28 21:41:54
11528,3523,Medium,86,3,2026-04-29 02:51:23
11529,3523,Medium,26,1,2026-03-13 10:48:24
11530,3523,High,36,1,2025-11-21 21:49:35
11531,3523,Medium,118,1,2026-04-01 05:35:10
11532,3523,High,75,4,2026-02-10 11:22:10
11533,3524,High,45,9,2025-12-14 15:51:19
11534,3524,High,47,8,2025-12-13 20:38:22
11535,3524,Low,45,6,2026-03-12 05:20:08
11536,3524,Low,45,8,2026-03-14 05:47:40
11537,3525,High,31,6,2026-01-19 16:07:35
11538,3525,Low,47,6,2026-02-12 06:30:46
11539,3525,Medium,19,8,2026-01-14 16:28:35
11540,3526,Low,69,2,2026-05-10 18:11:15
11541,3526,Low,116,2,2026-01-20 22:06:27
11542,3526,High,35,1,2026-02-17 05:40:43
11543,3526,High,46,3,2026-03-14 08:20:16
11544,3526,Low,96,1,2026-02-07 01:01:42
11545,3527,Low,25,8,2026-02-27 19:46:20
11546,3528,Low,9,9,2026-03-17 20:34:40
11547,3528,Low,11,6,2026-04-13 15:44:37
11548,3528,Medium,38,9,2026-02-02 22:47:21
11549,3529,Low,8,7,2026-02-02 16:42:17
11550,3529,High,25,8,2026-03-22 19:49:43
11551,3529,High,36,6,2025-12-15 22:33:55
11552,3530,Low,43,6,2025-12-12 12:14:08
11553,3530,High,41,9,2026-03-19 10:45:34
11554,3530,High,8,8,2026-02-21 11:30:20
11555,3531,Medium,18,7,2026-01-05 00:12:07
11556,3531,Low,35,6,2026-05-11 09:53:40
11557,3531,Medium,36,6,2026-01-07 03:31:06
11558,3533,Medium,28,7,2026-05-02 06:33:03
11559,3533,High,15,8,2026-01-09 06:22:41
11560,3533,High,22,7,2026-01-29 10:20:07
11561,3534,High,47,8,2025-12-05 01:40:23
11562,3534,Medium,44,9,2026-05-03 14:09:23
11563,3535,High,96,4,2026-02-07 19:23:08
11564,3535,High,60,3,2026-02-17 08:15:29
11565,3535,Low,25,4,2025-12-13 04:23:50
11566,3535,Low,28,2,2026-04-08 04:27:08
11567,3535,Medium,69,5,2026-01-03 20:27:40
11568,3535,High,69,4,2025-12-18 18:32:33
11569,3535,High,51,3,2026-02-01 03:57:46
11570,3535,Low,24,5,2026-01-21 09:55:05
11571,3536,High,9,6,2026-04-28 20:39:28
11572,3536,Medium,22,9,2026-03-22 09:40:24
11573,3536,High,2,9,2026-01-08 08:46:25
11574,3536,High,40,7,2025-12-22 14:11:49
11575,3537,Medium,6,8,2025-12-10 10:29:03
11576,3537,Medium,13,6,2026-04-20 19:54:17
11577,3538,Medium,19,8,2026-01-21 03:10:04
11578,3539,Low,33,7,2026-04-16 15:28:45
11579,3540,High,1,9,2026-03-05 19:11:30
11580,3540,Medium,12,8,2026-05-19 15:44:03
11581,3540,Low,29,6,2026-01-23 09:31:12
11582,3540,Medium,4,6,2026-04-09 01:43:48
11583,3541,Low,7,9,2026-05-05 16:24:59
11584,3541,Low,13,6,2026-01-23 03:54:13
11585,3541,Medium,6,7,2026-03-13 04:23:28
11586,3544,High,7,7,2026-03-03 02:44:54
11587,3544,Low,28,7,2026-04-27 09:16:17
11588,3545,High,10,9,2026-04-12 08:24:05
11589,3546,High,90,1,2026-03-22 20:22:38
11590,3546,Medium,110,3,2026-05-10 00:56:57
11591,3546,Medium,101,5,2026-01-09 17:19:22
11592,3546,Low,61,5,2026-04-10 20:23:59
11593,3548,High,26,3,2026-01-21 03:38:53
11594,3548,Low,36,2,2025-12-28 13:34:52
11595,3548,Low,111,1,2026-02-21 17:13:18
11596,3548,Medium,99,3,2026-04-16 08:14:51
11597,3548,High,32,4,2026-04-23 04:54:49
11598,3548,High,101,4,2026-01-06 10:49:32
11599,3548,Low,114,2,2026-05-17 06:17:10
11600,3548,Medium,65,1,2026-03-08 04:06:59
11601,3548,High,93,1,2026-05-19 17:59:04
11602,3548,Low,112,5,2026-03-04 06:29:50
11603,3549,Medium,23,9,2026-03-12 18:38:27
11604,3550,Medium,108,2,2026-05-05 18:08:48
11605,3550,High,79,4,2026-01-29 02:45:13
11606,3550,High,40,2,2025-12-20 17:29:01
11607,3550,Medium,110,4,2026-01-05 08:13:59
11608,3550,Medium,25,3,2026-02-27 21:01:31
11609,3550,High,37,1,2026-01-12 23:47:13
11610,3550,Medium,64,2,2026-03-05 04:19:58
11611,3551,High,19,9,2026-04-02 21:30:55
11612,3551,High,43,9,2026-04-29 03:41:15
11613,3552,Low,25,6,2026-03-27 10:51:52
11614,3553,Low,2,9,2026-03-27 04:20:49
11615,3553,Low,27,7,2025-12-12 18:56:36
11616,3553,High,30,8,2025-11-21 19:49:12
11617,3553,Low,10,8,2025-11-22 21:14:34
11618,3554,Low,42,9,2026-02-23 11:12:28
11619,3554,Medium,13,9,2025-12-29 02:36:54
11620,3555,Low,8,9,2025-12-26 16:40:47
11621,3555,Low,31,6,2026-02-12 06:01:07
11622,3555,High,25,8,2026-01-03 19:57:39
11623,3555,High,39,9,2026-01-17 09:55:28
11624,3556,Medium,21,8,2026-02-03 13:19:12
11625,3556,High,38,6,2026-03-16 15:33:29
11626,3556,High,29,7,2026-01-21 11:57:04
11627,3557,High,105,1,2026-01-25 22:42:00
11628,3557,High,67,3,2026-03-15 01:42:01
11629,3557,High,114,5,2025-11-22 12:13:00
11630,3557,Medium,94,2,2026-03-28 13:15:07
11631,3557,Low,97,3,2026-01-07 13:20:59
11632,3557,Low,80,2,2025-12-18 09:01:53
11633,3557,Low,115,4,2026-02-22 10:51:55
11634,3558,Low,10,7,2025-12-20 10:41:25
11635,3560,Low,35,6,2026-01-30 09:46:42
11636,3560,Low,35,6,2026-04-02 08:32:37
11637,3560,Low,20,6,2026-04-22 21:38:22
11638,3560,Medium,11,7,2026-01-25 19:59:11
11639,3562,Low,45,8,2026-03-03 08:18:59
11640,3562,Low,28,7,2026-05-06 15:05:21
11641,3563,High,45,9,2026-05-01 09:49:23
11642,3564,Medium,4,6,2026-02-28 13:42:36
11643,3564,High,37,8,2026-02-01 15:41:02
11644,3564,Medium,37,6,2026-02-19 16:43:49
11645,3565,Medium,14,8,2025-12-26 08:04:16
11646,3565,High,28,9,2025-11-29 07:47:30
11647,3566,Low,67,3,2026-01-26 12:04:39
11648,3566,High,65,1,2026-03-12 21:04:51
11649,3566,Medium,46,4,2026-05-08 18:48:10
11650,3566,Medium,27,1,2026-05-13 01:03:44
11651,3567,High,18,8,2026-03-18 00:06:44
11652,3567,Medium,47,8,2026-04-11 08:00:01
11653,3567,Medium,39,6,2025-12-29 19:44:31
11654,3568,High,105,3,2026-03-06 14:43:37
11655,3568,Medium,76,4,2026-04-13 11:14:53
11656,3568,High,48,3,2025-12-03 21:51:14
11657,3568,Low,88,5,2026-04-27 20:23:19
11658,3568,High,88,3,2026-03-12 07:35:26
11659,3568,Low,105,3,2026-05-02 04:23:05
11660,3568,Low,96,5,2026-04-27 05:34:29
11661,3569,High,27,4,2026-05-03 11:33:12
11662,3569,Low,116,1,2026-01-08 12:18:03
11663,3569,Medium,117,5,2026-01-23 23:57:49
11664,3569,High,88,3,2025-12-29 00:08:58
11665,3569,Medium,45,2,2026-04-05 12:43:20
11666,3569,Medium,48,4,2026-03-20 13:07:16
11667,3569,High,107,2,2025-11-23 23:33:44
11668,3570,High,17,7,2026-04-15 10:07:54
11669,3570,Low,7,8,2026-02-04 21:19:54
11670,3571,Medium,42,8,2026-02-20 07:02:19
11671,3571,High,9,7,2025-11-22 18:48:16
11672,3571,Medium,17,6,2026-02-28 02:44:05
11673,3571,Low,9,6,2026-02-17 19:36:39
11674,3573,Medium,24,8,2026-05-11 05:42:53
11675,3573,High,11,9,2025-11-24 20:48:36
11676,3574,High,48,2,2026-04-03 17:33:08
11677,3574,Medium,33,5,2025-12-08 04:32:33
11678,3574,Low,47,3,2025-12-12 08:16:30
11679,3574,High,82,3,2026-04-27 20:15:03
11680,3574,High,29,5,2026-02-13 01:41:44
11681,3574,Low,82,3,2025-11-19 19:29:14
11682,3574,Medium,79,1,2025-12-31 21:39:30
11683,3574,Medium,79,3,2026-02-21 20:41:29
11684,3575,High,38,6,2026-03-18 13:24:13
11685,3576,Low,104,3,2026-05-12 05:52:22
11686,3576,Medium,57,4,2026-03-07 18:17:56
11687,3576,Medium,111,2,2026-05-03 16:26:56
11688,3577,Low,11,9,2026-01-15 20:15:41
11689,3577,Low,27,9,2026-03-21 10:08:00
11690,3577,High,24,7,2026-04-08 22:07:31
11691,3577,Medium,27,7,2026-02-21 17:07:23
11692,3578,Low,41,6,2025-11-25 21:29:07
11693,3578,Medium,34,9,2026-04-18 14:00:54
11694,3579,High,33,7,2026-03-05 15:42:48
11695,3579,Low,18,8,2026-01-18 21:23:45
11696,3580,Medium,24,6,2026-01-17 08:13:09
11697,3580,Low,6,8,2026-03-15 04:36:50
11698,3580,High,22,8,2025-12-30 20:25:09
11699,3580,Medium,43,8,2025-11-29 23:59:57
11700,3581,Medium,8,6,2026-02-20 18:22:36
11701,3581,Low,9,8,2026-03-01 12:33:50
11702,3581,High,21,9,2025-11-30 22:33:39
11703,3582,Medium,46,9,2025-12-17 00:45:10
11704,3582,High,24,9,2026-03-09 22:50:11
11705,3584,High,84,1,2026-04-16 03:23:49
11706,3584,Medium,57,4,2026-04-14 17:23:18
11707,3584,High,103,2,2025-12-13 15:43:15
11708,3585,Medium,57,3,2026-02-25 06:31:51
11709,3585,Low,33,3,2026-03-15 19:56:45
11710,3585,Medium,48,1,2026-01-24 02:01:09
11711,3585,High,86,3,2026-04-21 08:41:33
11712,3585,High,94,4,2025-11-21 07:43:29
11713,3585,High,104,3,2026-01-28 07:25:16
11714,3585,Low,69,4,2026-05-08 07:34:33
11715,3585,Low,49,2,2026-05-04 06:59:19
11716,3585,Medium,57,3,2026-02-02 13:23:44
11717,3585,Low,33,1,2026-05-19 13:16:01
11718,3586,High,15,6,2026-02-19 19:54:45
11719,3586,Low,22,6,2026-03-08 01:40:38
11720,3586,High,31,7,2026-01-20 06:07:33
11721,3586,High,45,8,2026-01-19 19:08:06
11722,3587,Low,14,7,2026-04-01 08:39:45
11723,3589,Low,117,4,2026-03-20 03:53:02
11724,3589,Low,38,5,2025-12-25 11:32:38
11725,3589,Medium,50,5,2025-11-19 16:45:33
11726,3589,High,32,4,2025-11-23 16:19:14
11727,3589,High,81,1,2026-01-25 02:38:11
11728,3589,Low,80,4,2025-12-16 00:46:07
11729,3589,Medium,98,1,2025-11-27 16:03:18
11730,3589,Low,31,3,2025-11-23 21:11:36
11731,3589,High,42,1,2026-01-02 07:18:23
11732,3590,Low,90,4,2025-12-15 14:15:15
11733,3590,High,112,4,2026-01-10 04:20:14
11734,3590,High,59,3,2025-12-06 02:26:54
11735,3590,High,74,1,2026-04-07 00:36:08
11736,3590,Low,85,2,2026-01-28 08:09:44
11737,3590,Medium,47,1,2025-12-10 16:05:43
11738,3590,High,71,4,2025-12-15 01:52:10
11739,3591,High,109,3,2026-04-20 18:59:41
11740,3591,Low,35,5,2026-04-14 13:06:30
11741,3591,High,28,4,2026-01-08 15:54:16
11742,3591,High,77,2,2026-01-20 21:24:50
11743,3591,Medium,102,2,2026-02-06 01:23:26
11744,3591,High,53,1,2025-12-11 15:45:07
11745,3591,Low,26,2,2026-01-25 02:32:56
11746,3591,High,71,5,2026-03-03 11:46:50
11747,3592,Medium,16,9,2026-02-03 07:18:21
11748,3592,High,34,7,2026-03-30 23:55:16
11749,3592,High,7,6,2026-03-04 18:28:30
11750,3595,High,27,8,2026-01-24 08:18:45
11751,3596,High,32,9,2025-12-30 08:28:22
11752,3597,Low,9,8,2026-01-27 09:42:27
11753,3597,Low,16,7,2026-05-03 01:33:33
11754,3598,Low,35,6,2025-11-28 15:32:23
11755,3598,Medium,23,9,2026-02-06 17:36:44
11756,3598,High,2,8,2026-02-05 17:58:13
11757,3599,High,32,6,2026-03-02 11:06:38
11758,3600,Medium,3,9,2026-01-24 17:43:15
11759,3600,Low,2,8,2025-12-06 01:53:50
11760,3600,High,37,9,2026-03-26 17:28:14
11761,3600,High,29,6,2026-02-02 04:50:27
11762,3602,Medium,10,6,2026-03-16 14:27:03
11763,3602,High,22,7,2025-12-11 22:45:25
11764,3603,Low,85,3,2026-02-18 06:44:55
11765,3603,Medium,54,4,2025-12-16 05:57:25
11766,3603,Medium,35,1,2026-05-12 03:52:35
11767,3603,High,45,3,2026-02-14 09:43:23
11768,3603,High,111,4,2026-04-26 00:10:31
11769,3603,Low,41,5,2026-05-02 03:13:05
11770,3603,High,103,4,2025-11-29 04:24:28
11771,3603,Medium,35,1,2026-03-26 16:14:54
11772,3604,Low,56,2,2025-12-17 04:27:29
11773,3604,Low,77,1,2026-01-21 13:36:04
11774,3604,Low,50,2,2026-03-25 09:47:38
11775,3604,High,106,1,2026-03-13 21:27:38
11776,3606,Medium,34,9,2026-04-17 19:00:08
11777,3607,Low,83,5,2026-04-08 18:44:50
11778,3607,Low,59,4,2025-11-20 22:19:16
11779,3607,Low,92,5,2026-05-08 14:30:46
11780,3608,Medium,36,6,2026-02-09 22:53:56
11781,3608,Low,4,7,2025-11-19 14:39:50
11782,3609,Medium,1,6,2025-12-24 05:57:16
11783,3610,High,40,8,2026-03-30 02:48:47
11784,3611,Medium,60,3,2025-12-05 07:18:59
11785,3611,Low,54,3,2025-11-21 23:22:29
11786,3611,Medium,104,5,2025-12-20 23:27:20
11787,3611,High,110,5,2026-01-05 14:07:01
11788,3611,Medium,70,3,2025-11-30 00:42:54
11789,3612,Medium,74,4,2026-04-03 13:17:34
11790,3612,Low,36,4,2026-04-08 14:10:54
11791,3612,High,47,5,2025-11-24 23:30:33
11792,3612,Medium,26,3,2026-01-30 05:06:38
11793,3612,Medium,33,1,2025-12-18 18:39:18
11794,3613,Low,13,7,2026-01-20 16:16:14
11795,3614,Low,33,7,2026-04-25 22:36:09
11796,3614,Low,2,8,2026-02-08 14:43:23
11797,3615,Medium,41,9,2026-02-22 20:53:04
11798,3615,High,31,9,2026-01-04 17:00:36
11799,3616,Medium,34,8,2026-02-11 22:52:32
11800,3616,Low,37,6,2026-04-13 16:14:19
11801,3616,Medium,24,6,2026-04-18 00:36:51
11802,3617,High,44,7,2026-01-19 22:31:17
11803,3617,Medium,19,6,2026-04-20 21:47:20
11804,3618,High,10,8,2026-03-05 10:01:12
11805,3618,High,42,9,2026-01-21 12:44:47
11806,3619,High,14,9,2025-12-22 23:14:58
11807,3619,High,20,9,2026-02-17 19:55:14
11808,3619,Low,38,9,2026-01-12 01:38:36
11809,3620,High,83,2,2025-12-17 09:13:55
11810,3620,Medium,62,5,2026-03-17 02:37:47
11811,3620,Low,119,3,2026-01-29 00:32:52
11812,3621,High,14,7,2026-02-10 09:32:15
11813,3621,Low,14,9,2025-12-09 14:06:33
11814,3621,High,27,7,2026-03-10 02:23:22
11815,3621,Medium,26,9,2026-04-13 16:07:25
11816,3622,High,31,2,2026-01-19 00:53:51
11817,3622,High,39,4,2026-02-07 20:36:31
11818,3622,Medium,49,1,2026-03-08 17:55:55
11819,3622,Low,68,5,2026-03-25 09:25:15
11820,3622,Medium,107,1,2026-01-02 05:25:59
11821,3622,High,42,1,2025-12-25 07:31:05
11822,3622,High,88,3,2025-12-31 17:05:58
11823,3622,High,52,1,2026-04-04 11:20:57
11824,3623,Low,36,5,2026-04-20 12:36:24
11825,3623,High,114,1,2026-04-13 00:22:34
11826,3623,Low,52,5,2025-12-04 06:59:03
11827,3623,Medium,106,5,2026-05-01 10:06:11
11828,3623,Low,28,5,2026-03-12 10:52:35
11829,3623,Medium,76,2,2026-05-06 19:17:37
11830,3623,Medium,118,4,2026-04-15 21:14:55
11831,3624,Low,96,3,2026-04-23 15:55:11
11832,3624,High,51,2,2026-01-05 11:32:59
11833,3624,High,49,2,2026-03-16 04:42:49
11834,3625,Medium,36,9,2026-04-21 01:50:14
11835,3626,Medium,41,4,2025-12-19 22:41:36
11836,3626,High,81,5,2026-01-15 15:06:10
11837,3626,Medium,55,5,2026-04-05 00:36:50
11838,3626,Medium,72,2,2026-03-19 16:28:30
11839,3626,High,94,1,2026-03-09 04:30:50
11840,3627,High,28,6,2026-04-25 23:49:43
11841,3627,High,4,8,2026-04-01 01:53:01
11842,3627,Low,20,6,2025-12-18 23:05:33
11843,3628,High,59,1,2025-12-27 02:01:31
11844,3628,Low,118,4,2025-11-19 00:47:10
11845,3628,High,26,5,2026-04-11 08:50:06
11846,3628,Medium,46,5,2025-11-26 05:48:19
11847,3628,Low,88,5,2025-12-27 18:43:45
11848,3628,Low,68,3,2026-01-26 12:48:41
11849,3628,Medium,111,5,2026-05-04 14:53:47
11850,3628,Medium,86,5,2025-12-25 06:32:26
11851,3629,Medium,37,6,2026-02-07 21:39:21
11852,3629,High,32,6,2025-11-29 14:23:04
11853,3631,Medium,33,3,2026-04-17 08:48:04
11854,3631,Medium,78,1,2026-01-02 12:35:17
11855,3631,Low,114,5,2026-03-29 04:15:00
11856,3631,Medium,119,3,2026-05-06 05:39:38
11857,3631,High,35,4,2026-02-22 11:20:55
11858,3632,Low,42,7,2026-02-08 08:25:50
11859,3633,High,90,1,2026-04-10 15:59:27
11860,3633,Medium,96,5,2025-12-16 02:51:34
11861,3633,High,88,2,2026-05-08 15:35:30
11862,3633,High,76,4,2026-01-07 08:42:30
11863,3633,High,80,1,2026-03-27 11:25:18
11864,3633,Medium,51,3,2026-04-09 18:37:37
11865,3633,High,39,5,2026-05-03 01:14:09
11866,3633,Medium,100,3,2026-02-09 19:02:19
11867,3633,Medium,65,2,2026-05-10 02:46:22
11868,3633,Low,61,2,2026-04-27 17:24:35
11869,3634,High,38,7,2026-02-07 15:34:44
11870,3634,Medium,13,7,2026-01-03 09:58:03
11871,3635,Medium,39,6,2026-03-22 18:13:56
11872,3635,Medium,47,9,2025-12-16 13:14:18
11873,3635,High,33,9,2026-05-19 11:55:33
11874,3635,Medium,3,7,2026-02-18 06:10:30
11875,3636,Low,26,7,2026-03-09 00:54:53
11876,3636,Low,40,7,2026-03-05 09:47:21
11877,3637,Low,4,7,2026-05-05 08:04:10
11878,3637,Medium,28,9,2026-02-23 03:20:41
11879,3637,Medium,25,7,2026-04-12 22:12:02
11880,3637,Medium,45,8,2026-04-07 17:52:43
11881,3638,Medium,2,7,2026-01-13 16:08:06
11882,3638,High,34,7,2026-02-20 23:36:39
11883,3638,Low,21,9,2026-03-16 15:23:16
11884,3638,Low,37,9,2026-01-04 20:24:08
11885,3639,Low,23,6,2026-02-07 21:33:58
11886,3639,Medium,2,8,2026-04-06 04:52:46
11887,3639,High,22,7,2026-01-18 13:56:14
11888,3639,High,16,9,2026-03-16 23:03:29
11889,3640,Low,26,9,2026-04-23 23:08:56
11890,3640,High,6,6,2026-02-21 19:53:46
11891,3640,Low,44,8,2026-03-08 23:00:41
11892,3640,Low,42,6,2026-03-05 11:11:34
11893,3641,Low,95,5,2025-11-22 02:52:40
11894,3641,Low,45,1,2026-02-26 16:18:49
11895,3641,Medium,61,1,2026-04-27 06:02:36
11896,3641,Low,60,1,2026-01-19 02:29:59
11897,3641,Medium,84,1,2026-04-05 11:07:26
11898,3641,Medium,84,5,2026-05-16 05:46:34
11899,3641,Medium,55,5,2026-03-20 05:27:29
11900,3641,Low,29,5,2026-01-11 19:31:27
11901,3642,Low,14,9,2026-04-25 16:09:12
11902,3642,High,3,6,2026-03-31 06:21:44
11903,3642,Low,47,6,2026-01-16 00:49:51
11904,3643,Low,117,4,2026-03-25 01:04:26
11905,3643,Medium,65,2,2026-01-28 04:48:10
11906,3643,Medium,119,3,2025-12-18 10:03:42
11907,3643,Low,24,3,2026-02-11 07:20:04
11908,3643,Low,94,3,2025-12-04 03:21:16
11909,3643,Low,72,3,2026-01-22 16:11:36
11910,3644,Medium,4,8,2026-02-17 04:44:42
11911,3646,Low,2,7,2026-05-17 10:22:58
11912,3647,Low,87,5,2025-12-29 08:26:49
11913,3647,Medium,86,2,2025-12-04 07:34:57
11914,3647,Low,54,3,2026-04-07 11:00:49
11915,3647,Medium,45,2,2025-11-29 12:15:30
11916,3647,Low,117,1,2026-03-28 20:06:44
11917,3647,Medium,106,1,2026-05-15 06:16:32
11918,3647,High,81,5,2026-04-24 04:45:47
11919,3647,High,69,1,2026-02-15 11:16:51
11920,3648,High,119,1,2026-03-12 12:22:26
11921,3648,Low,84,1,2025-12-12 07:59:14
11922,3648,Medium,104,5,2026-05-14 16:24:18
11923,3648,High,100,2,2025-11-19 08:30:34
11924,3648,Medium,55,2,2026-04-30 13:46:57
11925,3648,Medium,79,1,2026-05-02 15:10:31
11926,3648,High,90,2,2026-04-29 15:06:49
11927,3648,Low,73,3,2025-12-16 02:55:26
11928,3648,Low,26,5,2026-01-27 14:36:21
11929,3649,Low,24,7,2026-03-13 20:19:55
11930,3649,Medium,34,8,2025-12-10 17:50:45
11931,3649,Low,39,9,2025-12-25 07:00:19
11932,3650,Medium,24,9,2026-02-13 10:12:03
11933,3650,Medium,28,9,2026-03-30 21:25:59
11934,3650,High,34,9,2026-02-14 08:13:06
11935,3651,High,36,8,2025-12-28 14:07:17
11936,3651,Medium,18,7,2026-05-17 18:53:53
11937,3651,High,28,8,2026-02-27 04:02:08
11938,3653,Medium,34,8,2026-03-11 12:58:57
11939,3653,High,41,6,2026-03-29 23:55:58
11940,3654,Low,4,7,2025-12-07 10:55:31
11941,3654,Low,5,6,2025-12-03 09:00:44
11942,3654,High,39,9,2025-12-20 15:17:11
11943,3654,Low,15,8,2025-12-31 12:29:03
11944,3655,Medium,19,8,2025-12-03 13:35:38
11945,3656,Medium,11,9,2026-03-25 14:24:07
11946,3656,High,36,7,2026-04-23 11:51:50
11947,3657,High,37,2,2026-03-18 20:05:43
11948,3657,High,61,1,2026-02-17 01:09:20
11949,3657,Medium,103,2,2026-04-27 04:17:48
11950,3658,High,24,1,2026-03-04 12:36:22
11951,3658,Low,24,3,2026-02-21 00:38:38
11952,3658,Low,108,5,2026-04-02 08:36:44
11953,3658,Medium,83,1,2026-04-19 11:44:33
11954,3659,Low,27,7,2026-03-08 00:54:52
11955,3660,Medium,12,9,2026-02-24 11:50:05
11956,3661,Low,32,6,2026-05-11 17:54:40
11957,3661,Medium,8,7,2025-12-19 08:24:33
11958,3661,Medium,26,7,2026-01-05 06:25:59
11959,3662,Medium,73,5,2026-03-05 16:09:15
11960,3662,Low,64,1,2026-02-16 10:54:05
11961,3662,Medium,25,3,2026-02-19 06:11:41
11962,3662,Medium,93,4,2026-04-20 20:29:36
11963,3662,Medium,77,3,2025-12-01 20:25:50
11964,3663,Low,28,8,2026-01-16 17:14:51
11965,3663,Medium,19,9,2026-03-02 20:49:25
11966,3663,Medium,2,8,2026-02-16 22:38:55
11967,3664,Low,67,5,2026-01-03 03:56:33
11968,3664,Medium,82,3,2025-12-10 00:58:59
11969,3664,High,61,1,2026-03-10 23:54:46
11970,3664,High,44,2,2025-12-19 08:25:46
11971,3664,Low,59,1,2026-03-01 21:39:59
11972,3665,Low,12,7,2026-02-12 23:11:38
11973,3665,Medium,46,6,2026-04-27 14:01:29
11974,3665,High,33,6,2026-01-06 07:42:46
11975,3667,Low,16,8,2026-03-16 03:51:11
11976,3667,Low,37,6,2026-03-03 20:01:12
11977,3667,Medium,29,7,2026-01-19 06:43:03
11978,3668,High,116,5,2026-04-03 13:37:50
11979,3668,High,105,4,2026-02-16 11:26:36
11980,3668,Medium,65,3,2025-12-15 03:52:30
11981,3668,High,49,4,2026-04-03 09:01:48
11982,3668,Medium,50,3,2025-12-22 21:51:30
11983,3669,Medium,80,5,2026-01-14 18:26:06
11984,3669,High,50,3,2026-05-15 20:43:18
11985,3669,High,85,4,2026-05-15 10:34:17
11986,3670,Medium,3,9,2026-02-26 17:10:51
11987,3670,Low,39,9,2026-03-19 12:07:47
11988,3670,Medium,29,8,2026-01-19 04:34:37
11989,3671,Medium,30,9,2026-03-29 11:00:26
11990,3671,High,1,6,2026-02-06 22:32:09
11991,3671,High,30,9,2025-11-30 23:51:13
11992,3673,High,55,2,2025-12-08 16:03:12
11993,3673,Medium,114,3,2026-04-03 19:48:11
11994,3673,Medium,31,3,2026-01-27 00:37:37
11995,3673,High,59,2,2026-01-27 18:11:03
11996,3673,Medium,78,3,2026-04-11 00:12:20
11997,3673,High,59,4,2026-05-08 09:00:01
11998,3673,Medium,112,4,2025-12-13 17:29:38
11999,3673,Low,84,4,2026-03-28 19:05:55
12000,3673,Low,104,1,2026-03-19 14:49:40
12001,3673,Medium,87,4,2025-12-23 02:40:41
12002,3674,Medium,31,7,2025-12-13 22:59:11
12003,3674,High,35,9,2026-05-17 01:41:41
12004,3674,Low,4,9,2026-05-10 00:22:09
12005,3674,Low,20,6,2026-05-02 03:28:04
12006,3676,High,1,6,2026-01-03 02:57:59
12007,3676,High,26,7,2026-01-31 16:45:08
12008,3677,Low,33,3,2026-05-07 09:55:13
12009,3677,High,47,5,2026-05-08 10:19:59
12010,3677,High,52,2,2025-12-29 15:04:48
12011,3677,High,114,3,2026-04-10 08:50:02
12012,3677,Medium,33,2,2026-05-19 10:20:52
12013,3677,Medium,111,1,2026-05-07 22:55:11
12014,3677,Low,37,3,2025-12-13 20:41:06
12015,3678,Medium,57,1,2025-11-24 11:21:53
12016,3678,Low,44,3,2026-04-01 20:58:45
12017,3678,Low,81,2,2025-12-23 17:26:31
12018,3678,Medium,87,1,2026-04-02 19:47:42
12019,3678,Medium,55,3,2026-03-22 18:12:48
12020,3678,Medium,109,2,2026-05-16 20:49:15
12021,3678,Low,41,3,2026-04-30 19:52:26
12022,3678,High,77,2,2026-01-08 03:13:22
12023,3678,High,60,2,2025-12-08 23:03:43
12024,3678,Medium,35,4,2025-12-02 01:39:25
12025,3679,Medium,66,3,2026-04-14 02:33:04
12026,3679,Medium,74,5,2026-01-19 07:44:03
12027,3679,High,29,5,2026-03-17 19:23:32
12028,3679,Medium,110,2,2026-05-15 09:14:28
12029,3679,Low,79,1,2026-03-15 05:11:45
12030,3679,High,91,4,2026-04-25 04:27:30
12031,3679,Medium,119,4,2026-03-01 03:45:21
12032,3680,Medium,15,7,2025-11-20 13:18:36
12033,3681,Medium,65,3,2026-05-17 09:27:22
12034,3681,Low,96,3,2025-12-31 10:45:13
12035,3681,Medium,89,5,2026-05-13 10:08:03
12036,3681,Medium,50,2,2025-12-28 21:15:58
12037,3681,Medium,113,5,2026-01-09 10:11:51
12038,3681,High,44,5,2026-01-06 02:55:38
12039,3681,Low,95,1,2026-02-05 20:55:34
12040,3681,High,81,5,2026-04-29 21:24:41
12041,3682,Medium,96,4,2025-12-24 18:07:08
12042,3682,High,29,4,2026-05-06 04:48:09
12043,3682,Low,81,1,2026-04-07 17:59:50
12044,3682,High,96,4,2026-03-08 13:11:08
12045,3683,Low,22,8,2026-02-04 14:16:06
12046,3683,Low,12,7,2026-04-23 18:43:39
12047,3683,Low,6,9,2026-04-16 14:23:20
12048,3684,Low,9,9,2025-12-28 03:12:25
12049,3684,Low,37,6,2026-03-29 21:49:23
12050,3684,High,3,7,2025-12-24 23:24:24
12051,3684,Low,8,7,2026-05-19 08:33:02
12052,3685,Medium,47,6,2026-05-18 05:54:40
12053,3685,Medium,42,8,2026-03-11 20:02:16
12054,3685,Medium,9,7,2026-04-18 04:08:35
12055,3686,High,114,1,2026-04-20 07:35:45
12056,3686,High,119,4,2026-05-09 20:38:47
12057,3686,Low,25,3,2026-03-14 00:06:30
12058,3686,High,108,1,2026-04-21 13:15:18
12059,3686,High,98,1,2026-05-14 03:28:55
12060,3686,High,69,3,2026-02-01 11:12:12
12061,3686,Medium,98,5,2025-12-08 15:52:24
12062,3686,Low,30,2,2026-02-25 03:13:48
12063,3686,Low,38,4,2026-02-08 22:40:26
12064,3686,Medium,70,2,2025-11-25 00:06:10
12065,3687,Low,40,6,2025-12-09 21:55:21
12066,3687,Low,42,8,2026-01-28 05:45:38
12067,3688,High,35,9,2026-01-30 01:35:03
12068,3688,High,46,6,2026-03-13 09:44:43
12069,3688,Low,41,6,2025-11-25 18:47:28
12070,3688,Medium,38,9,2026-03-17 22:18:56
12071,3689,High,43,9,2026-04-19 20:48:03
12072,3689,Low,8,9,2025-11-20 08:37:21
12073,3689,Medium,10,8,2025-11-27 23:05:02
12074,3689,High,23,9,2026-03-18 22:30:02
12075,3690,Medium,71,4,2026-03-17 22:02:05
12076,3690,Medium,61,1,2025-12-20 00:19:23
12077,3690,Low,110,5,2026-04-03 04:00:31
12078,3690,Low,108,1,2025-12-01 04:38:17
12079,3690,High,104,1,2026-05-18 05:52:24
12080,3690,Medium,47,5,2026-03-11 16:48:32
12081,3690,High,40,2,2026-03-03 00:26:38
12082,3692,Low,26,8,2026-01-31 22:03:13
12083,3692,Low,26,9,2026-02-23 16:12:40
12084,3692,High,3,7,2026-05-19 17:45:24
12085,3693,Medium,28,7,2026-01-07 15:07:13
12086,3693,High,22,8,2026-04-07 05:56:39
12087,3694,High,4,6,2026-02-28 04:00:08
12088,3694,Low,38,8,2026-01-01 10:37:31
12089,3694,High,20,7,2025-12-01 03:27:41
12090,3694,Low,9,9,2026-03-23 18:14:57
12091,3695,High,31,7,2026-03-07 11:55:58
12092,3695,Medium,26,9,2026-05-09 00:46:59
12093,3696,Medium,26,9,2026-05-08 12:37:12
12094,3697,High,5,8,2026-01-18 10:13:18
12095,3697,High,10,7,2026-02-24 01:32:58
12096,3698,Medium,15,6,2025-12-02 11:48:58
12097,3699,High,33,6,2026-05-18 21:42:13
12098,3699,Low,37,9,2025-12-07 02:20:30
12099,3699,High,22,7,2026-01-17 08:37:19
12100,3699,Medium,22,9,2026-01-29 18:15:25
12101,3700,High,15,6,2026-04-27 00:51:15
12102,3701,Medium,45,8,2025-12-25 19:53:08
12103,3701,Low,28,8,2026-01-19 14:34:54
12104,3702,Low,22,6,2026-03-15 10:53:37
12105,3702,Low,42,6,2025-12-01 23:26:12
12106,3702,Medium,5,7,2026-02-28 03:15:39
12107,3703,Medium,17,9,2026-01-23 11:45:42
12108,3704,Medium,7,6,2026-02-16 17:53:31
12109,3704,High,37,9,2026-02-24 06:09:14
12110,3705,Low,63,3,2026-02-26 10:17:08
12111,3705,Low,96,3,2026-01-29 22:25:19
12112,3705,Low,74,1,2026-01-08 22:38:14
12113,3705,Low,46,4,2026-02-05 22:29:17
12114,3705,High,54,1,2026-05-16 23:04:42
12115,3705,Medium,81,3,2025-12-31 21:53:38
12116,3705,Low,53,5,2026-05-05 03:03:30
12117,3705,Low,74,5,2026-04-03 13:44:01
12118,3706,High,113,2,2026-04-04 20:23:58
12119,3706,High,29,2,2026-03-24 10:50:08
12120,3706,High,79,1,2026-02-24 01:06:09
12121,3706,Medium,36,2,2026-05-04 15:00:43
12122,3706,High,28,3,2025-11-29 15:32:31
12123,3706,Medium,34,5,2026-01-10 21:01:20
12124,3706,High,117,4,2026-04-26 16:49:14
12125,3707,Medium,35,6,2026-04-28 23:51:23
12126,3707,High,5,7,2026-02-04 13:51:15
12127,3707,Medium,2,9,2026-03-09 15:16:23
12128,3707,Medium,37,7,2026-03-31 05:31:27
12129,3708,Medium,72,2,2025-12-28 06:32:14
12130,3708,Medium,98,4,2026-05-18 08:03:28
12131,3708,Medium,98,1,2026-05-13 02:34:32
12132,3709,Medium,6,9,2026-05-01 18:18:06
12133,3709,Low,34,7,2026-01-31 08:23:15
12134,3710,High,47,6,2026-04-15 13:45:12
12135,3710,Medium,32,9,2025-12-19 10:13:12
12136,3710,Low,12,6,2026-04-09 19:57:14
12137,3711,High,32,6,2026-03-22 11:31:34
12138,3711,Low,4,7,2026-02-06 18:14:30
12139,3711,High,33,8,2026-03-25 05:43:58
12140,3711,Medium,43,6,2026-03-18 09:26:39
12141,3712,Medium,34,8,2025-11-20 23:47:16
12142,3712,Low,30,7,2026-01-26 00:14:27
12143,3713,Low,20,8,2025-12-02 07:07:48
12144,3713,High,23,6,2026-03-08 18:09:47
12145,3713,Medium,44,6,2026-03-10 19:25:45
12146,3713,High,35,8,2026-02-23 23:41:01
12147,3714,Low,39,8,2026-02-16 09:31:35
12148,3714,Low,37,6,2026-01-25 16:08:53
12149,3715,Medium,23,8,2026-04-05 15:20:15
12150,3715,Medium,28,9,2026-04-16 08:49:44
12151,3715,Medium,19,6,2025-11-27 05:50:17
12152,3715,Medium,30,6,2026-03-15 17:24:31
12153,3716,High,24,6,2026-01-05 15:48:06
12154,3716,Medium,26,8,2025-11-24 15:45:55
12155,3716,Low,36,7,2026-02-26 09:09:13
12156,3717,High,33,8,2026-03-29 13:32:52
12157,3718,High,91,1,2026-01-13 07:06:16
12158,3718,Medium,31,2,2026-03-15 23:44:23
12159,3718,High,116,3,2025-11-23 11:38:57
12160,3718,Medium,44,1,2026-03-03 22:24:26
12161,3718,Medium,57,3,2026-02-20 20:35:54
12162,3719,Medium,49,1,2025-12-02 21:49:33
12163,3719,High,28,1,2026-02-02 17:09:44
12164,3719,High,86,4,2026-03-11 04:28:11
12165,3720,Low,71,2,2026-01-06 01:21:33
12166,3720,Medium,39,5,2026-04-19 05:02:29
12167,3720,High,109,3,2025-12-10 03:58:17
12168,3720,Low,88,4,2025-12-19 08:29:56
12169,3720,Medium,86,2,2026-04-17 14:30:29
12170,3720,High,104,2,2025-11-23 22:26:53
12171,3720,Low,68,4,2026-03-22 23:51:50
12172,3720,Low,97,1,2026-03-04 00:51:58
12173,3720,Medium,25,1,2025-12-15 13:30:04
12174,3720,Low,45,5,2026-02-08 03:25:21
12175,3721,Low,58,1,2026-04-22 22:16:37
12176,3721,High,99,4,2026-03-09 03:46:40
12177,3721,Medium,53,4,2026-04-23 09:29:19
12178,3721,Low,65,2,2026-04-21 21:46:24
12179,3721,Low,73,4,2026-05-10 01:45:21
12180,3721,High,53,4,2025-12-01 11:56:57
12181,3722,High,31,7,2026-01-16 03:27:26
12182,3722,Medium,46,8,2026-03-04 08:48:52
12183,3722,Medium,2,6,2025-12-31 23:23:55
12184,3723,Medium,98,2,2026-02-11 00:19:19
12185,3723,High,103,3,2025-12-02 18:11:41
12186,3723,Medium,75,1,2026-03-30 11:04:43
12187,3723,Medium,108,4,2025-12-28 22:07:47
12188,3723,Medium,95,3,2026-03-29 09:13:03
12189,3723,High,49,1,2026-01-04 15:41:39
12190,3725,High,26,6,2025-12-01 11:01:06
12191,3725,High,30,8,2026-02-16 11:57:19
12192,3726,Medium,33,8,2026-05-04 06:33:14
12193,3726,Low,41,6,2025-11-22 01:54:31
12194,3726,Medium,2,6,2026-05-17 11:20:44
12195,3726,Medium,18,7,2026-02-11 21:06:02
12196,3727,Medium,48,4,2026-02-17 08:42:40
12197,3727,Medium,37,5,2025-12-21 14:07:14
12198,3727,Low,82,2,2026-04-02 22:31:53
12199,3727,Low,75,2,2026-01-11 03:09:30
12200,3727,Medium,91,4,2025-12-03 14:57:10
12201,3727,Medium,98,4,2026-05-15 08:10:16
12202,3727,Low,66,1,2026-02-10 03:18:29
12203,3727,High,97,3,2025-11-30 16:19:20
12204,3727,Medium,29,2,2026-05-16 21:31:14
12205,3727,Medium,54,5,2026-03-09 08:32:24
12206,3728,High,6,6,2026-03-21 23:42:04
12207,3729,Medium,52,5,2025-12-05 17:32:03
12208,3729,High,77,4,2026-02-23 17:52:25
12209,3729,High,117,5,2026-02-06 11:07:49
12210,3729,Medium,78,2,2026-03-19 01:38:14
12211,3730,Medium,22,7,2026-03-07 14:57:36
12212,3730,Low,20,7,2026-01-14 07:04:29
12213,3730,High,40,8,2026-01-04 20:39:11
12214,3732,Low,47,8,2025-12-11 10:30:04
12215,3732,Low,40,6,2025-12-19 15:08:19
12216,3732,High,18,7,2026-01-29 04:48:02
12217,3732,High,17,7,2026-04-10 22:41:16
12218,3733,Low,25,9,2025-11-25 15:44:18
12219,3733,High,15,6,2025-11-22 19:22:01
12220,3733,High,26,7,2026-03-17 15:23:37
12221,3733,High,11,6,2026-03-12 01:12:12
12222,3734,Low,33,7,2026-04-05 00:22:47
12223,3734,Medium,37,7,2026-01-12 17:45:03
12224,3734,High,1,8,2026-04-29 06:31:29
12225,3735,Low,27,9,2026-02-07 09:32:56
12226,3736,High,55,1,2026-03-11 07:57:13
12227,3736,Low,38,1,2026-01-09 23:00:14
12228,3736,Medium,75,2,2026-04-07 13:56:29
12229,3736,Low,45,4,2026-02-09 08:25:45
12230,3736,High,96,3,2026-01-11 04:58:48
12231,3736,High,114,5,2025-11-23 15:26:25
12232,3736,High,66,1,2026-01-19 19:54:37
12233,3736,Medium,67,1,2026-02-08 10:07:53
12234,3736,High,32,5,2025-12-10 09:33:39
12235,3736,High,102,2,2026-02-12 20:18:20
12236,3737,Low,9,6,2026-03-06 06:28:18
12237,3738,Medium,28,6,2025-12-06 18:32:15
12238,3738,High,24,6,2026-01-12 06:17:53
12239,3738,Low,10,7,2026-02-10 14:35:38
12240,3739,Medium,22,8,2025-12-07 12:10:36
12241,3740,Medium,22,8,2025-11-30 05:05:42
12242,3741,Medium,60,4,2026-04-26 15:09:14
12243,3741,Low,62,4,2026-05-11 23:07:40
12244,3741,Low,97,2,2025-12-24 11:24:03
12245,3741,Low,113,1,2026-05-02 14:07:10
12246,3741,High,76,4,2026-05-11 10:18:51
12247,3742,Medium,13,8,2026-04-03 05:06:54
12248,3742,Low,6,9,2026-05-16 08:36:09
12249,3742,High,12,8,2025-12-22 20:20:37
12250,3743,Medium,32,8,2026-01-04 18:08:50
12251,3743,Low,38,6,2026-02-07 07:05:59
12252,3743,Low,2,8,2026-03-08 14:18:27
12253,3743,Medium,15,9,2026-02-22 06:36:06
12254,3744,High,36,6,2026-02-07 09:17:38
12255,3744,Low,15,8,2026-02-28 11:00:03
12256,3744,High,10,6,2026-02-22 15:52:47
12257,3744,Medium,34,9,2026-02-13 06:12:27
12258,3745,Low,47,2,2026-01-14 20:12:23
12259,3745,Medium,53,3,2026-01-15 19:35:52
12260,3745,High,74,4,2026-05-02 04:07:37
12261,3745,Low,26,5,2025-12-28 02:57:57
12262,3745,Low,51,4,2026-05-07 15:38:49
12263,3746,High,101,3,2026-01-02 04:44:21
12264,3746,High,95,5,2025-11-30 14:58:19
12265,3746,Medium,95,4,2026-05-03 19:20:14
12266,3747,Medium,15,8,2026-04-27 07:26:37
12267,3747,Medium,46,9,2025-12-03 09:47:53
12268,3747,Low,7,9,2026-03-18 05:59:23
12269,3747,Medium,7,7,2025-12-06 20:38:27
12270,3748,High,18,9,2026-05-14 15:11:24
12271,3748,High,6,7,2025-12-04 15:37:06
12272,3750,High,4,8,2025-12-05 10:07:49
12273,3750,High,3,6,2026-01-13 14:23:53
12274,3750,High,47,7,2026-04-27 12:02:09
12275,3750,Low,6,7,2026-05-15 02:43:18
12276,3751,Medium,44,8,2026-04-20 09:04:20
12277,3751,High,38,8,2026-04-09 13:55:56
12278,3751,Low,29,9,2026-04-22 14:19:05
12279,3752,Medium,10,7,2026-01-16 01:14:32
12280,3752,High,27,7,2026-03-06 06:15:01
12281,3754,Medium,14,9,2026-04-08 21:09:16
12282,3754,High,12,9,2026-05-04 06:33:40
12283,3755,High,23,6,2026-01-16 03:42:56
12284,3755,High,8,8,2025-12-20 02:46:36
12285,3755,Medium,9,9,2025-12-03 11:20:55
12286,3755,Medium,31,6,2026-03-11 07:43:41
12287,3758,Medium,40,2,2026-05-10 00:48:16
12288,3758,High,52,4,2026-01-15 08:57:10
12289,3758,Low,90,5,2026-02-10 07:15:30
12290,3758,High,80,2,2026-05-19 14:04:05
12291,3758,Low,62,2,2026-01-27 16:45:45
12292,3759,Medium,31,8,2026-02-24 09:52:25
12293,3759,High,38,9,2026-03-31 02:15:25
12294,3760,Low,46,6,2026-01-29 00:21:31
12295,3760,Low,45,9,2026-03-23 15:50:38
12296,3761,Low,20,8,2026-03-18 08:52:08
12297,3761,Medium,20,8,2026-05-02 01:33:45
12298,3761,Low,1,9,2026-02-16 22:11:23
12299,3762,High,18,8,2026-04-16 18:03:08
12300,3762,High,44,6,2025-12-14 14:53:43
12301,3764,High,41,3,2026-02-23 08:04:49
12302,3764,Medium,62,1,2026-01-10 06:11:51
12303,3764,Low,36,5,2026-04-03 02:40:17
12304,3764,Medium,66,4,2026-05-17 05:48:53
12305,3764,Medium,94,4,2026-01-25 19:17:44
12306,3764,Medium,35,3,2025-11-22 13:51:35
12307,3764,High,100,4,2026-03-14 21:12:41
12308,3764,Medium,39,3,2025-11-30 12:28:30
12309,3764,Medium,81,4,2025-12-01 06:13:41
12310,3764,Medium,64,3,2025-12-11 16:49:12
12311,3765,High,10,6,2026-01-06 07:13:54
12312,3765,Medium,42,7,2026-04-13 03:26:51
12313,3766,Low,44,8,2026-01-06 21:23:03
12314,3766,Low,7,7,2026-03-01 10:57:31
12315,3766,Low,19,8,2026-03-07 09:58:59
12316,3766,High,39,9,2026-01-16 16:10:05
12317,3767,Low,109,5,2025-12-15 09:51:14
12318,3767,Low,62,2,2025-12-01 19:26:02
12319,3767,Medium,77,4,2026-03-23 11:40:58
12320,3767,High,53,4,2025-11-23 08:13:06
12321,3767,Medium,119,5,2026-01-20 05:13:49
12322,3767,High,65,1,2026-01-14 12:37:11
12323,3767,Medium,110,5,2026-04-12 16:02:51
12324,3768,High,41,7,2026-03-15 14:11:48
12325,3768,Low,39,6,2026-04-03 14:32:41
12326,3769,High,27,6,2025-12-31 20:07:52
12327,3769,Medium,42,6,2025-12-14 22:01:28
12328,3769,Medium,7,6,2026-01-04 19:52:50
12329,3769,High,15,8,2026-03-29 11:26:21
12330,3770,High,42,9,2026-02-01 20:55:24
12331,3770,Medium,9,8,2026-02-20 10:33:50
12332,3770,Low,22,7,2026-03-06 15:15:04
12333,3771,Low,35,6,2026-01-02 09:51:12
12334,3772,Medium,11,9,2026-02-28 22:53:15
12335,3772,Medium,32,7,2026-04-26 00:01:03
12336,3772,Medium,15,7,2025-12-03 18:58:17
12337,3772,High,1,7,2026-05-01 05:54:47
12338,3773,Low,24,8,2026-04-05 04:28:48
12339,3774,High,40,7,2026-03-18 21:46:01
12340,3775,Low,3,7,2026-02-12 19:50:18
12341,3775,High,2,6,2026-04-01 09:35:53
12342,3777,Medium,32,9,2025-11-18 14:16:38
12343,3777,High,38,6,2026-01-10 15:07:53
12344,3778,Medium,69,2,2025-12-24 11:52:30
12345,3778,High,29,1,2025-12-27 18:35:15
12346,3778,Low,48,2,2026-01-07 14:27:52
12347,3778,Medium,34,5,2026-03-28 22:42:48
12348,3778,High,64,1,2026-03-23 09:15:26
12349,3778,Low,69,3,2026-05-11 05:40:12
12350,3778,High,109,2,2026-03-09 12:50:08
12351,3778,High,108,1,2026-05-13 13:13:22
12352,3778,Medium,88,2,2026-04-10 15:14:12
12353,3779,Medium,14,9,2026-03-28 15:07:01
12354,3779,Medium,27,6,2026-03-09 14:59:11
12355,3779,Medium,6,8,2026-04-24 07:20:42
12356,3779,High,17,6,2025-12-25 16:20:47
12357,3780,High,83,5,2026-01-20 09:07:39
12358,3780,Medium,59,5,2025-12-14 20:25:33
12359,3780,Low,50,1,2025-12-09 21:45:09
12360,3780,Medium,51,3,2025-11-27 03:32:14
12361,3780,Medium,59,3,2026-02-08 04:28:20
12362,3782,Medium,42,5,2026-05-05 04:19:23
12363,3782,Low,80,5,2025-12-06 17:36:08
12364,3782,Medium,56,3,2026-03-31 20:31:05
12365,3782,Low,103,2,2025-12-08 11:36:10
12366,3783,Low,25,6,2026-04-07 16:18:09
12367,3784,High,39,6,2025-12-12 15:11:55
12368,3784,High,28,8,2025-12-30 10:10:13
12369,3785,High,97,1,2026-01-24 06:02:24
12370,3785,Low,104,1,2026-03-14 21:31:34
12371,3785,Medium,67,4,2026-05-13 22:07:39
12372,3785,Medium,93,2,2026-05-09 12:27:30
12373,3786,High,16,6,2026-01-15 15:50:29
12374,3786,High,28,6,2026-02-16 16:16:47
12375,3786,Low,32,7,2025-12-03 14:11:01
12376,3787,High,34,4,2026-03-03 11:06:48
12377,3787,Low,48,5,2026-02-17 00:11:31
12378,3787,Medium,68,3,2025-11-24 07:35:54
12379,3787,High,90,4,2026-01-17 01:35:48
12380,3787,Low,63,1,2026-01-03 01:29:15
12381,3787,Medium,112,1,2025-12-23 15:04:55
12382,3788,Medium,61,4,2026-05-02 17:52:58
12383,3788,High,59,3,2025-11-30 22:31:45
12384,3788,Low,67,1,2026-04-18 06:04:05
12385,3788,Medium,89,1,2025-11-23 16:37:49
12386,3789,High,30,8,2025-11-26 07:01:57
12387,3789,High,10,8,2026-05-18 18:16:42
12388,3789,High,36,7,2026-01-24 15:56:40
12389,3789,Low,33,6,2025-12-20 23:31:08
12390,3791,High,18,9,2026-01-11 20:52:03
12391,3791,High,47,8,2025-12-07 09:38:23
12392,3791,Low,25,9,2026-03-03 09:59:41
12393,3792,Medium,28,6,2026-04-21 23:20:55
12394,3793,High,45,2,2026-01-13 19:41:57
12395,3793,High,48,1,2025-12-24 12:05:27
12396,3793,Low,82,1,2026-02-15 07:02:09
12397,3793,Low,77,4,2026-03-19 03:23:39
12398,3793,High,75,4,2026-02-10 20:46:13
12399,3794,Low,39,5,2025-12-29 05:44:55
12400,3794,Low,39,1,2026-01-25 04:33:14
12401,3794,High,78,5,2026-03-04 01:12:50
12402,3794,Medium,118,5,2026-05-16 02:09:25
12403,3794,High,63,3,2025-12-31 22:52:53
12404,3794,Medium,44,2,2026-05-02 13:50:33
12405,3794,Low,31,2,2026-03-16 00:32:01
12406,3794,High,94,2,2026-01-01 14:28:31
12407,3794,Low,80,4,2026-03-11 05:04:54
12408,3794,High,66,1,2026-02-06 09:04:37
12409,3796,High,36,8,2026-02-14 22:19:19
12410,3797,Low,43,8,2026-04-13 08:42:48
12411,3797,Low,18,7,2026-02-22 17:39:06
12412,3798,Low,74,3,2025-12-15 14:10:58
12413,3798,High,47,2,2026-01-06 04:22:26
12414,3798,High,82,2,2025-12-13 17:11:57
12415,3798,Medium,25,2,2025-12-20 01:58:23
12416,3798,Medium,46,4,2025-12-25 17:08:35
12417,3798,Low,40,2,2026-03-31 23:06:05
12418,3799,Medium,37,1,2026-03-05 15:32:54
12419,3799,High,102,4,2026-03-21 09:40:38
12420,3799,Low,39,2,2025-12-19 03:42:31
12421,3800,Medium,34,9,2025-11-24 03:56:45
12422,3801,Medium,57,1,2025-12-28 16:43:15
12423,3801,Low,91,3,2026-04-20 23:15:51
12424,3801,Medium,87,4,2026-02-01 15:45:52
12425,3801,Low,94,2,2025-11-29 11:17:26
12426,3803,High,4,6,2025-11-21 22:47:24
12427,3803,Low,11,8,2025-12-18 01:52:46
12428,3803,High,20,8,2025-12-30 06:32:14
12429,3803,Medium,15,7,2025-11-21 06:25:19
12430,3804,High,17,7,2026-04-20 14:39:19
12431,3804,Low,12,7,2025-11-24 21:20:58
12432,3805,Medium,28,9,2026-04-27 19:24:54
12433,3805,Low,35,9,2026-01-17 07:21:41
12434,3805,High,27,7,2026-05-03 09:27:26
12435,3805,Medium,24,7,2026-04-10 12:14:46
12436,3806,High,31,7,2026-03-10 22:09:54
12437,3807,Medium,1,6,2026-03-30 20:35:04
12438,3807,Low,14,6,2025-12-05 21:12:26
12439,3807,Medium,36,9,2026-01-23 07:37:00
12440,3807,Medium,41,8,2026-01-31 12:19:37
12441,3808,Medium,5,6,2026-03-09 03:19:34
12442,3808,Medium,19,6,2026-04-04 09:41:23
12443,3808,High,42,7,2026-03-30 15:18:10
12444,3808,Low,30,9,2026-01-05 17:04:53
12445,3809,High,10,7,2026-02-05 10:02:43
12446,3809,Medium,16,9,2026-04-10 17:47:32
12447,3810,High,69,5,2025-12-21 01:00:38
12448,3810,Medium,38,3,2026-02-01 23:25:49
12449,3810,Medium,57,4,2026-04-17 03:06:05
12450,3810,High,53,3,2026-01-25 17:47:10
12451,3810,Low,96,2,2025-12-18 12:19:36
12452,3810,Medium,42,4,2025-12-01 23:20:14
12453,3810,Medium,93,3,2025-12-16 15:19:58
12454,3811,High,33,9,2026-02-20 06:56:06
12455,3811,Medium,16,8,2025-12-14 06:54:20
12456,3811,High,22,9,2025-12-23 17:15:09
12457,3811,Medium,23,8,2026-01-16 22:35:58
12458,3813,Medium,26,6,2026-04-20 06:46:04
12459,3815,High,83,5,2026-02-11 21:36:25
12460,3815,Medium,28,1,2026-02-13 06:21:25
12461,3815,Medium,35,1,2026-03-17 15:24:26
12462,3815,Low,107,5,2026-02-03 06:26:53
12463,3815,Low,67,5,2026-03-31 21:15:14
12464,3815,Low,50,1,2025-12-02 19:05:52
12465,3815,Medium,28,4,2025-11-30 23:03:30
12466,3815,High,36,2,2026-01-04 07:41:17
12467,3816,Low,38,2,2025-12-01 11:17:34
12468,3816,Medium,73,2,2025-11-28 13:27:47
12469,3816,Medium,110,3,2026-01-25 15:17:27
12470,3816,High,36,3,2025-12-11 08:16:55
12471,3816,High,91,1,2026-04-26 21:13:56
12472,3816,High,98,2,2026-01-24 13:01:48
12473,3816,Low,35,5,2026-02-04 03:41:39
12474,3817,Low,9,8,2026-03-06 09:49:18
12475,3818,Low,45,7,2025-11-24 23:24:19
12476,3819,High,93,3,2026-02-21 04:07:10
12477,3819,Medium,66,2,2026-01-30 07:14:46
12478,3819,Medium,46,5,2026-02-05 02:17:47
12479,3819,High,46,5,2026-03-26 05:52:41
12480,3819,Medium,57,5,2026-02-20 22:19:23
12481,3819,Low,74,1,2026-03-07 06:43:02
12482,3819,High,55,5,2026-04-03 16:44:24
12483,3820,High,17,7,2025-11-29 20:30:48
12484,3820,Low,39,6,2026-01-27 18:31:35
12485,3821,Medium,71,2,2026-04-28 13:23:23
12486,3821,Low,51,5,2026-03-08 06:08:53
12487,3821,Low,73,2,2026-01-09 09:47:08
12488,3821,Medium,24,5,2025-12-13 08:43:35
12489,3821,Low,73,3,2025-12-16 05:36:37
12490,3822,High,34,8,2026-01-25 02:03:54
12491,3823,Medium,4,8,2026-04-22 08:08:41
12492,3824,Medium,3,6,2026-02-25 07:04:48
12493,3824,High,10,9,2025-11-24 11:15:15
12494,3824,High,34,8,2026-03-17 06:29:59
12495,3824,Medium,47,8,2025-12-26 05:02:08
12496,3825,Low,19,7,2026-01-30 22:22:34
12497,3825,Medium,46,9,2025-12-17 14:09:47
12498,3826,Medium,43,8,2026-04-01 14:37:44
12499,3826,Medium,23,6,2026-03-12 23:02:50
12500,3826,Low,7,7,2026-03-29 19:36:54
12501,3827,Medium,41,4,2025-12-21 19:37:57
12502,3827,High,69,5,2026-04-12 04:41:58
12503,3827,Medium,32,3,2026-04-14 16:58:54
12504,3827,High,104,4,2026-03-20 06:41:17
12505,3827,Medium,99,4,2025-11-25 08:11:52
12506,3827,Medium,75,5,2026-01-29 00:49:51
12507,3827,Medium,47,2,2026-05-14 19:14:22
12508,3828,High,81,5,2026-01-19 22:49:51
12509,3828,Medium,33,4,2025-12-05 00:41:39
12510,3828,Medium,41,1,2026-01-26 17:50:59
12511,3828,Low,104,3,2026-03-08 15:16:36
12512,3828,Medium,88,1,2025-12-23 13:30:36
12513,3828,Low,69,4,2026-03-30 20:11:42
12514,3828,Medium,32,5,2026-01-17 10:30:37
12515,3828,Medium,83,4,2026-05-15 17:55:40
12516,3828,High,26,3,2026-04-03 18:17:55
12517,3829,Medium,8,7,2026-02-26 03:59:09
12518,3830,Low,6,8,2026-01-22 22:33:29
12519,3830,High,6,6,2026-05-04 10:06:32
12520,3831,Low,37,9,2025-12-05 10:30:24
12521,3832,Medium,9,6,2025-11-25 08:40:39
12522,3832,Medium,19,6,2026-01-06 03:31:24
12523,3834,Medium,77,4,2025-12-03 08:16:33
12524,3834,Medium,55,3,2025-11-19 05:29:49
12525,3834,Medium,101,1,2026-01-12 09:29:08
12526,3834,High,77,5,2026-04-30 21:42:40
12527,3834,High,35,4,2025-11-25 03:30:02
12528,3834,High,111,2,2025-12-05 10:01:35
12529,3834,Low,31,4,2026-03-10 04:28:05
12530,3834,Low,44,4,2026-03-17 19:47:23
12531,3835,Medium,103,2,2026-02-08 19:41:05
12532,3835,Low,75,4,2026-02-27 13:21:23
12533,3835,Low,113,4,2026-01-30 17:00:13
12534,3835,Low,119,3,2026-02-24 12:51:21
12535,3835,Low,27,1,2026-02-07 14:12:48
12536,3835,Medium,96,3,2026-01-30 17:17:04
12537,3835,High,78,4,2026-02-17 05:42:43
12538,3835,Medium,70,4,2026-03-11 09:05:32
12539,3835,High,32,2,2026-02-10 03:52:36
12540,3835,High,90,2,2025-12-30 22:17:49
12541,3836,Low,44,9,2026-01-05 21:14:59
12542,3836,High,5,7,2026-02-12 01:32:29
12543,3836,Medium,28,8,2026-05-19 04:40:21
12544,3837,Low,14,7,2026-02-05 10:41:45
12545,3837,Medium,23,6,2026-05-18 18:17:33
12546,3837,High,16,7,2026-01-29 11:23:39
12547,3838,Medium,40,9,2026-02-11 13:53:42
12548,3838,Low,17,7,2026-04-12 05:53:07
12549,3838,Low,17,8,2026-01-25 15:04:38
12550,3838,Low,1,6,2026-03-07 07:49:57
12551,3839,Medium,24,9,2026-01-16 17:57:22
12552,3839,High,25,7,2026-03-15 14:35:00
12553,3840,Medium,25,7,2026-04-05 19:44:21
12554,3840,Medium,39,6,2026-03-05 13:09:08
12555,3842,Low,33,6,2026-01-04 20:25:58
12556,3842,High,31,7,2026-05-09 10:48:12
12557,3842,Low,6,8,2026-03-06 14:44:10
12558,3843,High,25,7,2025-12-03 04:51:52
12559,3843,Medium,37,9,2025-12-23 07:19:56
12560,3844,Low,30,7,2026-02-13 21:59:35
12561,3845,Medium,18,9,2026-01-29 10:49:34
12562,3845,High,27,7,2026-04-10 14:42:50
12563,3845,Low,27,8,2025-12-20 22:03:56
12564,3845,High,39,6,2025-12-18 14:01:01
12565,3846,Medium,42,4,2026-05-08 13:58:28
12566,3846,Low,70,3,2026-05-10 05:34:22
12567,3846,Medium,89,3,2026-01-11 00:12:43
12568,3846,High,74,4,2025-12-24 11:05:21
12569,3847,High,28,9,2026-04-26 13:22:53
12570,3847,Medium,15,9,2025-11-18 08:53:29
12571,3847,High,33,8,2026-01-03 02:24:14
12572,3847,High,12,8,2026-03-19 00:57:03
12573,3848,High,66,4,2026-03-26 05:59:25
12574,3848,Low,52,3,2026-01-24 13:27:31
12575,3848,Low,72,3,2025-12-26 06:54:12
12576,3848,Low,92,4,2026-04-09 03:43:43
12577,3848,High,89,2,2026-03-08 14:56:11
12578,3848,High,49,4,2026-03-30 08:45:02
12579,3848,High,97,5,2025-11-25 20:28:08
12580,3849,Medium,47,9,2025-12-14 22:32:05
12581,3849,Medium,32,7,2025-12-13 01:52:49
12582,3850,Low,54,1,2026-01-15 11:05:05
12583,3850,Medium,107,4,2025-12-14 16:50:50
12584,3850,Medium,31,2,2025-12-10 20:54:28
12585,3850,Low,72,5,2026-05-11 19:49:45
12586,3850,Medium,51,5,2025-12-23 14:53:33
12587,3850,Medium,52,5,2026-01-28 18:00:10
12588,3851,Low,8,8,2025-12-21 23:57:42
12589,3851,High,47,6,2025-11-22 17:03:30
12590,3852,Medium,41,2,2025-12-24 02:17:38
12591,3852,High,112,1,2026-05-01 15:13:10
12592,3852,High,45,5,2026-01-17 18:05:22
12593,3852,Low,84,3,2026-04-15 20:01:29
12594,3852,Low,116,5,2025-12-21 08:37:57
12595,3852,Low,94,5,2026-05-04 12:38:57
12596,3852,High,99,4,2025-12-23 22:16:28
12597,3853,Medium,47,3,2026-01-23 17:49:48
12598,3853,Medium,119,3,2026-01-24 18:33:58
12599,3853,Medium,119,2,2026-05-01 02:07:07
12600,3853,Low,98,2,2026-04-28 21:25:07
12601,3853,High,28,3,2025-11-19 18:51:19
12602,3853,Low,58,3,2025-11-27 07:31:55
12603,3853,High,65,2,2026-03-04 10:13:14
12604,3853,Medium,104,2,2026-03-04 18:31:48
12605,3853,Low,105,4,2026-01-07 04:55:10
12606,3854,Medium,8,8,2026-03-04 13:12:39
12607,3854,Low,26,8,2025-12-04 18:07:50
12608,3854,High,24,8,2026-02-05 02:46:27
12609,3854,Medium,38,7,2026-02-09 16:11:50
12610,3855,Medium,35,6,2026-01-18 02:04:34
12611,3855,Medium,9,9,2026-02-05 22:27:06
12612,3855,High,22,8,2025-12-25 12:15:52
12613,3855,Medium,34,9,2026-04-22 02:40:42
12614,3857,High,96,2,2026-04-11 01:32:37
12615,3857,Low,25,5,2026-04-19 12:44:08
12616,3857,High,57,3,2026-02-17 08:56:25
12617,3857,Low,60,4,2026-03-25 18:28:11
12618,3858,High,37,2,2026-02-26 12:35:21
12619,3858,Low,46,4,2025-12-30 20:50:33
12620,3858,High,112,1,2025-11-24 13:47:53
12621,3858,Medium,102,1,2026-01-06 20:21:43
12622,3858,High,84,5,2026-05-14 17:19:00
12623,3859,Low,78,2,2025-12-10 11:10:58
12624,3859,High,94,4,2026-05-13 20:46:03
12625,3859,Medium,108,2,2026-03-09 11:09:32
12626,3859,Medium,35,1,2025-12-22 03:24:24
12627,3859,Medium,57,4,2025-11-22 10:42:14
12628,3859,Medium,58,3,2026-03-13 17:47:12
12629,3860,High,28,4,2025-12-17 13:03:30
12630,3860,Medium,38,3,2026-05-15 06:07:33
12631,3860,Low,97,2,2026-05-17 10:06:36
12632,3860,Low,83,4,2026-01-17 01:22:25
12633,3860,High,45,4,2025-11-18 09:27:47
12634,3861,Medium,55,3,2026-03-29 22:47:33
12635,3861,High,74,5,2026-04-04 01:52:49
12636,3861,High,26,2,2026-04-24 23:37:36
12637,3861,High,111,5,2026-04-17 15:27:28
12638,3861,Medium,82,4,2026-02-09 12:50:12
12639,3861,Low,114,1,2026-03-20 07:07:32
12640,3861,Medium,100,3,2026-01-09 04:16:59
12641,3861,High,34,2,2026-04-14 18:12:17
12642,3862,Low,20,9,2026-01-10 00:57:44
12643,3862,High,34,6,2026-05-18 02:24:30
12644,3863,Low,16,7,2026-02-07 19:46:57
12645,3863,Low,28,7,2026-02-03 02:35:26
12646,3863,Low,26,7,2026-05-07 22:32:56
12647,3864,Medium,30,5,2026-01-01 08:46:15
12648,3864,Low,68,1,2025-12-14 14:44:41
12649,3864,Medium,58,4,2026-03-07 16:42:27
12650,3864,Low,44,1,2026-03-03 00:24:44
12651,3864,High,51,4,2026-02-19 21:21:05
12652,3864,High,103,2,2025-12-27 17:18:56
12653,3864,Medium,46,4,2026-04-25 09:19:59
12654,3864,High,38,3,2025-11-20 07:50:10
12655,3865,High,6,9,2025-12-08 18:25:43
12656,3865,High,33,7,2025-12-09 11:07:00
12657,3865,Low,39,9,2026-05-01 02:59:07
12658,3866,Medium,36,8,2026-02-13 21:55:44
12659,3866,High,10,6,2026-03-08 08:40:36
12660,3866,High,34,6,2026-03-10 04:29:55
12661,3866,Low,10,9,2025-12-14 00:53:14
12662,3867,Low,11,6,2026-01-13 23:04:36
12663,3868,Medium,14,8,2026-05-19 06:23:23
12664,3869,Low,33,8,2026-01-05 02:41:15
12665,3870,High,27,2,2026-01-29 16:36:48
12666,3870,High,102,4,2026-02-04 01:41:50
12667,3870,Low,27,4,2026-02-05 14:33:04
12668,3871,High,27,7,2026-04-27 08:00:36
12669,3872,Low,22,6,2025-12-16 10:15:45
12670,3872,Medium,45,7,2025-12-04 15:30:51
12671,3873,Low,32,9,2026-05-15 15:42:11
12672,3873,High,6,7,2025-12-13 14:09:18
12673,3874,Low,31,2,2026-01-24 09:53:15
12674,3874,Medium,76,4,2026-01-30 00:19:23
12675,3874,Low,28,5,2026-01-22 10:14:55
12676,3874,Medium,70,2,2026-01-07 10:53:50
12677,3874,Medium,63,2,2026-01-01 20:24:34
12678,3874,Low,30,4,2026-02-12 14:03:45
12679,3875,Medium,117,1,2026-01-24 04:25:21
12680,3875,Low,51,3,2026-01-04 20:48:19
12681,3875,Low,100,1,2026-01-05 13:29:00
12682,3875,Medium,109,2,2026-02-03 09:59:29
12683,3875,Low,50,3,2026-05-02 02:50:58
12684,3875,Medium,116,2,2025-11-25 23:29:27
12685,3876,Medium,92,3,2026-02-05 06:08:25
12686,3876,High,70,5,2026-02-23 11:48:45
12687,3876,High,91,3,2026-03-11 08:09:23
12688,3877,Medium,45,6,2026-01-24 00:16:57
12689,3879,Medium,24,1,2025-11-23 01:03:59
12690,3879,Medium,64,4,2026-03-06 16:12:13
12691,3879,Low,75,1,2025-12-13 10:10:10
12692,3879,Low,84,1,2026-05-12 06:15:40
12693,3879,Medium,36,1,2025-12-26 21:03:27
12694,3879,High,63,5,2026-01-29 20:34:31
12695,3879,Low,67,1,2025-12-29 15:15:59
12696,3879,Low,85,1,2026-01-03 05:10:42
12697,3879,Low,67,2,2026-01-01 18:17:13
12698,3879,High,82,1,2026-02-26 05:56:52
12699,3880,High,31,9,2026-02-10 12:02:17
12700,3880,High,11,6,2025-11-29 17:37:34
12701,3880,Low,46,7,2025-12-09 22:29:34
12702,3880,Low,45,7,2025-11-30 19:48:41
12703,3881,Low,20,8,2026-01-08 03:48:09
12704,3882,High,85,1,2026-01-27 08:42:28
12705,3882,High,116,4,2025-12-17 00:53:49
12706,3882,Medium,99,5,2026-01-01 20:36:16
12707,3882,High,99,5,2025-12-04 20:49:16
12708,3882,Medium,58,4,2026-02-17 08:50:45
12709,3882,Medium,60,4,2026-03-04 03:41:42
12710,3882,Low,88,1,2026-01-01 07:42:02
12711,3882,Low,65,5,2026-04-01 05:43:00
12712,3882,Low,97,5,2026-03-25 00:11:42
12713,3882,High,71,4,2026-03-10 07:57:55
12714,3883,Medium,29,9,2026-01-19 21:37:37
12715,3883,Medium,4,7,2026-02-07 07:43:03
12716,3884,Low,28,6,2025-12-25 09:53:20
12717,3884,Medium,13,6,2025-11-18 14:32:54
12718,3884,Low,3,6,2026-05-12 08:51:14
12719,3884,Low,19,9,2025-12-18 05:08:28
12720,3885,Medium,19,6,2026-01-27 15:34:19
12721,3885,Medium,18,7,2026-03-13 11:34:37
12722,3885,Low,23,9,2026-05-02 07:21:10
12723,3886,Medium,73,1,2026-03-02 20:33:59
12724,3886,Medium,52,3,2026-03-20 07:18:47
12725,3886,Low,65,5,2026-03-27 09:13:44
12726,3886,Medium,89,4,2025-12-02 07:06:38
12727,3886,High,40,1,2025-12-02 06:06:23
12728,3886,Medium,54,4,2026-03-28 20:12:30
12729,3886,Low,75,4,2026-03-05 02:46:45
12730,3886,High,117,3,2026-03-03 04:53:52
12731,3888,Medium,20,9,2026-04-28 08:21:55
12732,3888,Low,34,7,2026-05-13 12:24:30
12733,3888,Medium,26,9,2026-01-16 13:41:41
12734,3889,Low,42,8,2026-02-01 01:28:37
12735,3889,Low,24,8,2025-12-18 14:07:28
12736,3890,Low,18,9,2026-02-26 18:56:16
12737,3891,Low,43,6,2026-04-28 22:35:25
12738,3891,Low,19,9,2026-03-08 17:41:23
12739,3891,High,42,7,2025-12-11 00:30:29
12740,3891,Low,26,8,2026-03-05 10:23:18
12741,3892,High,118,3,2025-12-20 08:35:10
12742,3892,Medium,90,5,2026-02-27 10:18:11
12743,3892,Low,52,4,2026-01-22 12:17:30
12744,3892,Low,24,4,2026-01-12 14:35:46
12745,3892,High,47,2,2026-01-16 14:07:14
12746,3893,High,7,8,2026-03-19 19:53:23
12747,3894,Medium,11,9,2025-11-25 19:59:43
12748,3894,High,20,8,2025-12-15 13:12:58
12749,3895,Low,103,5,2025-11-26 16:50:24
12750,3895,Medium,111,1,2026-04-08 22:10:40
12751,3895,Low,107,1,2026-04-18 02:04:33
12752,3895,Low,84,5,2025-12-11 14:16:08
12753,3895,High,60,3,2026-01-23 03:29:27
12754,3895,Low,58,4,2025-12-17 19:17:29
12755,3895,High,93,4,2026-01-16 00:35:45
12756,3895,High,103,3,2026-03-16 14:45:56
12757,3895,Low,26,1,2026-01-31 03:59:58
12758,3896,Low,108,3,2026-03-02 06:48:52
12759,3896,Low,54,4,2026-03-26 16:46:30
12760,3896,Low,42,2,2026-05-09 04:41:09
12761,3896,Medium,63,3,2026-03-09 00:37:44
12762,3896,Low,95,5,2025-12-21 00:04:08
12763,3896,Medium,77,3,2026-02-05 14:53:13
12764,3896,Medium,102,4,2026-01-20 23:03:23
12765,3896,High,101,1,2026-04-19 23:46:45
12766,3897,Medium,26,6,2025-11-26 02:44:57
12767,3897,High,20,7,2026-04-24 22:22:33
12768,3898,Low,19,7,2026-02-04 16:59:05
12769,3898,Low,30,7,2026-01-03 02:42:22
12770,3899,Low,48,2,2026-03-09 00:31:08
12771,3899,Medium,89,3,2025-12-05 13:19:18
12772,3899,Low,74,5,2025-12-19 05:37:04
12773,3899,High,94,3,2025-12-23 22:17:09
12774,3899,Low,33,1,2026-01-20 16:20:19
12775,3899,Medium,66,5,2025-12-09 04:20:12
12776,3899,Low,71,5,2026-05-05 20:08:35
12777,3899,High,25,3,2026-04-05 05:13:27
12778,3900,High,19,7,2026-03-04 10:59:02
12779,3900,High,38,7,2026-03-19 07:05:10
12780,3900,High,26,7,2026-05-18 22:33:43
12781,3901,Low,20,8,2026-04-04 01:03:08
12782,3904,Low,77,4,2026-04-19 05:13:43
12783,3904,Low,58,3,2026-03-21 02:17:01
12784,3904,Medium,31,1,2025-12-04 01:20:37
12785,3904,Low,73,1,2026-02-06 05:25:29
12786,3904,Low,111,5,2026-01-13 00:12:54
12787,3904,Medium,59,5,2026-02-17 02:33:12
12788,3904,Medium,81,5,2026-03-07 08:35:48
12789,3904,Medium,39,2,2025-12-09 03:10:28
12790,3905,Medium,2,6,2026-02-12 07:10:57
12791,3905,Low,31,7,2025-12-16 08:12:28
12792,3905,High,13,9,2026-02-19 17:04:15
12793,3905,High,18,6,2026-01-22 01:55:42
12794,3906,Medium,115,4,2025-12-21 04:28:50
12795,3906,Medium,58,1,2026-05-14 20:56:22
12796,3906,Medium,60,5,2026-03-28 19:26:04
12797,3907,Low,1,9,2026-01-22 06:02:37
12798,3907,Medium,32,7,2025-12-13 20:04:59
12799,3908,High,24,5,2026-01-09 07:25:42
12800,3908,High,69,1,2026-01-15 00:42:11
12801,3908,High,99,3,2026-01-10 02:19:02
12802,3908,Low,26,2,2025-12-07 02:04:44
12803,3908,Medium,49,4,2025-11-20 00:28:57
12804,3908,Medium,85,2,2026-03-09 03:59:10
12805,3908,High,90,4,2026-02-28 08:04:56
12806,3908,High,78,4,2026-05-15 13:40:31
12807,3909,Low,67,1,2026-02-23 18:44:48
12808,3909,Low,61,2,2026-05-08 07:58:34
12809,3909,High,31,5,2026-05-12 04:41:42
12810,3909,Low,85,3,2025-12-22 04:49:42
12811,3909,Low,86,2,2026-05-10 20:50:53
12812,3909,Low,119,5,2026-03-16 16:47:48
12813,3912,Medium,43,6,2025-12-14 07:57:57
12814,3912,High,15,6,2026-01-31 19:19:22
12815,3912,Low,16,8,2026-02-10 16:34:37
12816,3913,Low,13,8,2026-03-08 06:58:10
12817,3914,Low,22,8,2026-01-27 05:52:28
12818,3914,High,36,8,2026-04-04 08:29:38
12819,3915,Medium,10,6,2026-01-07 06:08:03
12820,3915,High,30,6,2026-03-23 21:14:58
12821,3916,High,30,6,2026-01-09 07:55:35
12822,3916,High,46,7,2026-02-08 08:37:36
12823,3916,High,7,7,2026-01-24 15:57:12
12824,3917,High,35,7,2026-04-08 21:20:04
12825,3917,Medium,30,8,2026-02-21 10:44:50
12826,3917,Low,39,6,2025-11-25 08:11:10
12827,3917,Medium,3,6,2026-03-27 05:35:03
12828,3918,Medium,34,8,2025-12-07 20:44:47
12829,3918,High,22,7,2025-12-05 07:01:30
12830,3918,Low,14,9,2026-04-29 10:14:53
12831,3919,High,39,7,2026-04-29 08:15:36
12832,3919,Low,2,9,2026-05-13 09:35:55
12833,3919,High,43,6,2026-04-06 20:15:37
12834,3919,Medium,3,6,2026-04-10 22:24:18
12835,3921,Low,8,7,2026-05-05 04:21:31
12836,3923,High,32,8,2025-11-26 11:35:27
12837,3925,Low,86,1,2026-02-04 14:23:23
12838,3925,Medium,102,4,2026-03-25 03:14:48
12839,3925,Medium,91,4,2026-04-29 22:03:20
12840,3925,Low,33,3,2026-04-07 06:19:03
12841,3925,High,73,5,2026-03-10 13:24:17
12842,3925,Medium,70,3,2025-12-29 04:37:22
12843,3926,Medium,39,8,2026-01-05 09:52:49
12844,3926,Low,17,7,2025-12-15 16:02:31
12845,3926,High,27,9,2026-01-05 01:17:04
12846,3927,Medium,16,9,2026-03-17 23:44:31
12847,3927,Medium,40,8,2026-04-01 22:08:18
12848,3927,Low,47,6,2025-11-26 14:43:27
12849,3927,Medium,42,7,2026-04-11 16:51:26
12850,3928,Medium,39,8,2026-04-22 01:43:00
12851,3928,High,46,9,2025-12-17 05:39:50
12852,3928,Medium,27,9,2026-01-15 05:06:44
12853,3928,Low,15,8,2026-01-28 05:00:20
12854,3929,High,45,6,2026-04-16 11:56:12
12855,3929,High,42,6,2026-04-10 20:29:31
12856,3930,Medium,41,7,2026-01-15 15:37:32
12857,3930,Low,12,7,2025-12-18 23:52:35
12858,3931,Medium,20,7,2026-05-06 23:50:18
12859,3931,Medium,20,7,2026-05-08 06:20:07
12860,3932,Medium,46,8,2026-01-28 23:07:05
12861,3932,High,20,8,2025-12-19 16:32:18
12862,3932,Low,7,9,2026-02-11 00:57:46
12863,3932,High,40,7,2025-12-25 15:34:44
12864,3933,High,8,7,2026-03-13 14:19:23
12865,3933,Medium,14,7,2025-12-13 14:57:13
12866,3934,Medium,73,2,2025-11-19 22:58:25
12867,3934,Medium,41,4,2025-12-13 11:31:58
12868,3934,High,92,4,2026-01-14 01:46:46
12869,3934,Low,54,5,2025-11-30 23:07:34
12870,3935,Low,107,2,2026-03-28 01:34:03
12871,3935,Low,104,5,2026-04-01 10:07:04
12872,3935,Medium,73,5,2026-02-03 05:40:50
12873,3935,Low,104,4,2025-11-24 01:25:56
12874,3935,Low,38,2,2026-04-17 14:20:38
12875,3936,High,44,9,2025-12-07 06:00:36
12876,3936,Medium,42,6,2025-12-02 07:53:30
12877,3936,Low,30,8,2026-01-10 09:01:28
12878,3936,Medium,35,7,2025-12-25 21:33:00
12879,3937,Medium,10,8,2025-12-26 19:30:16
12880,3937,Medium,38,6,2025-12-07 08:19:14
12881,3938,High,93,5,2026-03-26 08:56:18
12882,3938,Low,30,4,2026-01-21 04:07:28
12883,3938,Medium,99,2,2026-01-06 03:10:43
12884,3938,High,83,1,2026-01-31 02:45:29
12885,3939,Low,23,6,2026-01-29 17:33:15
12886,3940,Low,41,4,2026-01-23 15:12:52
12887,3940,Low,30,3,2025-11-20 13:07:48
12888,3940,High,77,3,2026-03-10 00:13:09
12889,3940,High,116,2,2026-04-05 21:16:38
12890,3940,Medium,84,3,2026-02-04 19:30:44
12891,3940,High,82,3,2026-05-05 03:00:41
12892,3941,Low,5,8,2026-02-24 16:28:45
12893,3941,High,34,9,2026-01-12 13:27:20
12894,3941,High,14,9,2026-05-09 23:57:01
12895,3941,High,6,6,2025-12-01 02:20:35
12896,3942,High,79,1,2026-03-05 15:12:09
12897,3942,Medium,98,2,2026-04-22 20:14:57
12898,3942,High,111,2,2026-04-30 20:28:55
12899,3943,High,46,5,2026-02-19 13:53:50
12900,3943,High,39,4,2026-02-14 05:35:05
12901,3943,Low,118,5,2026-01-11 13:07:22
12902,3943,Medium,24,3,2025-12-12 23:35:34
12903,3943,Low,112,1,2026-04-29 07:58:28
12904,3943,Low,44,3,2026-03-18 01:54:18
12905,3944,High,38,6,2026-01-18 16:42:44
12906,3945,Low,12,6,2026-03-26 20:48:10
12907,3945,High,9,9,2025-12-13 17:09:18
12908,3945,Low,9,8,2025-12-09 06:08:07
12909,3945,High,1,7,2026-03-10 19:28:45
12910,3946,Low,33,4,2025-11-30 00:04:22
12911,3946,Medium,81,5,2025-12-05 07:30:57
12912,3946,Low,75,3,2025-11-24 08:10:32
12913,3946,Medium,104,5,2026-02-05 13:20:55
12914,3946,Medium,29,2,2026-03-02 09:51:53
12915,3946,Medium,71,3,2026-01-01 11:31:20
12916,3946,High,104,5,2026-05-02 05:54:04
12917,3946,Medium,29,2,2026-04-10 20:44:02
12918,3946,Medium,117,5,2026-02-24 18:57:19
12919,3947,Medium,42,6,2026-02-05 00:42:19
12920,3947,Low,27,8,2025-12-21 19:18:51
12921,3947,High,29,7,2025-11-24 18:38:29
12922,3948,Low,29,6,2026-05-18 12:39:39
12923,3948,Low,36,7,2026-01-27 18:49:30
12924,3949,High,60,2,2026-03-04 20:04:31
12925,3949,High,88,4,2026-01-24 18:42:20
12926,3949,High,113,1,2025-12-06 20:10:08
12927,3949,Medium,82,2,2025-12-08 22:02:38
12928,3949,Low,27,2,2026-02-10 00:15:02
12929,3949,High,57,1,2026-03-09 07:03:15
12930,3949,High,76,5,2025-12-27 11:18:01
12931,3950,Low,22,7,2026-02-23 14:00:37
12932,3950,Low,16,9,2026-02-02 08:21:01
12933,3950,Medium,28,8,2025-12-29 05:31:22
12934,3950,Low,22,9,2026-04-18 03:27:34
12935,3951,Medium,6,6,2025-12-12 18:11:43
12936,3952,Low,65,2,2025-12-31 14:36:23
12937,3952,Medium,94,5,2026-01-27 19:29:08
12938,3952,Low,104,3,2026-01-25 19:41:31
12939,3952,High,43,4,2026-02-19 13:41:56
12940,3952,Medium,25,1,2026-03-27 14:20:26
12941,3953,High,106,4,2026-02-20 08:06:36
12942,3953,Low,32,3,2025-12-03 13:30:40
12943,3953,Low,101,2,2026-02-17 05:45:33
12944,3953,Medium,108,4,2026-01-13 03:15:02
12945,3953,Low,83,3,2025-12-03 15:30:40
12946,3953,Low,108,1,2026-02-24 22:02:37
12947,3953,Medium,25,1,2026-02-05 16:02:20
12948,3953,Low,106,4,2025-12-20 06:40:32
12949,3953,Medium,99,1,2025-12-25 20:04:56
12950,3955,High,23,7,2026-04-04 15:22:28
12951,3955,Low,34,9,2026-02-14 01:40:18
12952,3955,Low,24,7,2025-12-25 22:49:55
12953,3955,Medium,25,6,2025-12-03 11:34:13
12954,3956,High,3,6,2026-02-07 15:57:53
12955,3957,Medium,115,4,2026-04-12 14:10:57
12956,3957,Low,49,4,2026-05-08 22:33:31
12957,3957,High,31,5,2026-01-08 06:14:27
12958,3957,Low,34,2,2026-04-24 09:15:43
12959,3957,High,114,1,2025-12-10 08:31:46
12960,3957,Medium,42,5,2026-05-14 18:30:05
12961,3957,High,78,5,2026-01-12 07:44:14
12962,3959,Low,55,4,2026-02-13 05:58:45
12963,3959,High,59,2,2025-11-18 09:34:33
12964,3959,Medium,97,2,2026-04-28 00:09:08
12965,3959,Medium,35,3,2026-05-09 21:04:07
12966,3959,Low,95,1,2026-01-02 13:27:20
12967,3959,High,69,2,2026-01-27 08:26:39
12968,3959,High,32,5,2026-02-23 23:25:55
12969,3959,High,28,2,2026-02-05 04:27:34
12970,3959,Medium,42,2,2026-04-03 04:56:15
12971,3959,Low,40,2,2026-01-31 00:54:47
12972,3961,Medium,46,8,2026-03-10 15:35:25
12973,3961,Low,43,9,2026-01-15 13:57:42
12974,3962,Medium,43,3,2026-03-24 09:06:59
12975,3962,Low,55,3,2025-12-07 17:34:45
12976,3962,High,47,1,2026-04-05 18:18:53
12977,3962,Medium,41,4,2026-04-17 22:44:21
12978,3962,Medium,64,2,2025-12-21 23:58:10
12979,3962,High,87,4,2026-03-27 20:47:01
12980,3962,Low,46,1,2026-04-30 04:43:22
12981,3962,High,47,5,2026-02-04 19:06:36
12982,3962,High,78,5,2026-02-08 07:10:48
12983,3963,Medium,20,6,2026-03-12 19:43:44
12984,3963,Low,31,9,2025-12-14 06:00:19
12985,3963,High,8,7,2025-12-01 05:10:28
12986,3965,High,24,5,2026-03-05 04:17:56
12987,3965,High,48,5,2026-04-07 18:22:49
12988,3965,High,84,2,2026-02-14 14:55:07
12989,3965,Medium,83,3,2025-12-02 07:40:48
12990,3966,High,96,4,2025-12-10 00:45:40
12991,3966,Medium,71,4,2025-11-27 13:12:24
12992,3966,High,63,3,2026-05-17 07:52:09
12993,3966,Medium,108,3,2026-03-09 14:26:37
12994,3966,Medium,38,5,2025-12-12 15:19:04
12995,3966,Low,79,2,2026-01-13 18:37:42
12996,3967,Medium,69,5,2026-03-08 14:13:31
12997,3967,High,98,1,2025-12-22 19:09:00
12998,3967,High,58,4,2026-04-21 06:38:16
12999,3967,Medium,26,2,2025-11-20 03:49:36
13000,3968,High,76,4,2026-01-25 12:19:00
13001,3968,High,116,5,2026-03-05 22:01:12
13002,3968,Medium,77,3,2026-02-24 10:40:47
13003,3968,Medium,88,4,2026-04-05 21:04:45
13004,3968,High,109,2,2026-05-03 14:47:48
13005,3968,Medium,73,1,2026-05-09 21:39:50
13006,3968,Medium,96,3,2026-03-23 22:08:12
13007,3971,High,25,4,2026-02-07 01:22:30
13008,3971,Medium,39,1,2026-05-10 02:05:01
13009,3971,Low,32,1,2026-05-05 04:58:52
13010,3971,High,63,4,2026-03-27 05:13:55
13011,3972,Low,18,9,2026-04-16 11:50:57
13012,3972,High,8,8,2026-05-02 20:21:49
13013,3972,Medium,36,8,2026-04-14 02:40:55
13014,3973,Low,15,7,2026-03-17 05:51:26
13015,3973,High,33,7,2026-03-05 05:40:21
13016,3974,High,46,3,2026-02-02 12:06:13
13017,3974,High,26,5,2026-04-17 13:55:30
13018,3974,High,40,2,2025-11-29 11:09:07
13019,3974,Medium,81,2,2026-03-28 10:11:16
13020,3974,High,119,1,2026-05-03 02:41:17
13021,3974,High,30,2,2025-12-13 04:38:08
13022,3974,High,79,4,2026-03-04 09:01:19
13023,3974,Medium,35,1,2026-05-17 03:22:24
13024,3974,Low,57,5,2025-11-27 10:10:21
13025,3974,High,39,5,2026-04-01 18:09:36
13026,3976,High,28,4,2026-03-18 06:07:56
13027,3976,Low,53,5,2025-12-09 07:42:52
13028,3976,Low,73,2,2026-02-02 06:43:09
13029,3976,Low,28,3,2025-12-07 12:27:32
13030,3977,High,13,8,2026-02-24 18:09:43
13031,3977,High,25,7,2026-01-21 05:52:31
13032,3978,Medium,37,4,2026-03-04 12:04:55
13033,3978,High,69,2,2026-02-26 05:19:59
13034,3978,High,105,4,2026-03-10 04:24:12
13035,3978,Low,57,4,2025-12-11 04:47:07
13036,3978,Medium,97,1,2026-02-04 22:00:46
13037,3978,High,34,2,2026-02-06 10:33:44
13038,3978,Medium,114,5,2026-02-17 18:21:03
13039,3978,Medium,118,2,2026-05-17 05:34:20
13040,3978,High,27,1,2026-04-23 02:22:01
13041,3979,Low,17,6,2026-04-09 12:48:22
13042,3979,Medium,20,6,2026-01-01 08:47:10
13043,3979,High,40,8,2026-05-06 09:58:52
13044,3979,High,15,6,2026-01-21 23:15:59
13045,3980,High,19,6,2026-01-13 04:45:37
13046,3980,Low,15,6,2025-11-18 16:42:39
13047,3980,Low,5,9,2026-04-13 04:52:05
13048,3981,Low,83,5,2026-03-04 16:39:24
13049,3981,High,119,3,2025-12-24 09:12:00
13050,3981,Medium,55,5,2025-12-08 17:41:19
13051,3981,Low,61,2,2025-12-15 21:57:52
13052,3981,Medium,104,5,2026-01-26 16:52:45
13053,3982,Low,33,8,2026-03-26 04:48:32
13054,3982,High,5,6,2026-02-18 15:31:12
13055,3982,Medium,7,9,2026-01-12 06:35:07
13056,3983,Medium,18,8,2026-03-12 12:28:14
13057,3983,High,6,7,2026-02-28 20:34:23
13058,3984,Medium,13,7,2026-01-26 12:52:49
13059,3984,Low,11,7,2026-03-20 06:48:34
13060,3985,Medium,21,7,2026-02-10 10:17:42
13061,3985,Low,40,9,2026-02-19 06:02:27
13062,3986,Medium,74,4,2026-04-23 06:47:11
13063,3986,High,104,1,2026-01-16 07:10:49
13064,3986,High,28,3,2025-11-26 14:45:09
13065,3986,Medium,91,4,2026-04-18 10:20:43
13066,3986,Low,71,4,2026-04-25 19:24:36
13067,3986,Low,96,3,2026-04-18 17:18:58
13068,3986,High,32,2,2025-12-17 12:31:09
13069,3986,High,106,4,2026-04-17 18:22:59
13070,3987,High,9,6,2026-05-13 23:50:35
13071,3987,Medium,1,9,2025-12-23 11:38:21
13072,3988,Low,58,2,2025-12-27 22:52:55
13073,3988,Medium,35,2,2026-05-11 10:02:22
13074,3988,Low,101,2,2026-01-11 21:51:19
13075,3988,Medium,97,2,2025-12-06 16:12:17
13076,3988,Medium,47,1,2026-02-05 13:26:06
13077,3988,High,117,2,2026-04-30 18:16:33
13078,3988,High,105,1,2026-02-17 22:05:07
13079,3988,High,39,5,2026-04-15 21:01:08
13080,3989,Medium,38,5,2026-03-02 16:00:56
13081,3989,Medium,68,4,2026-04-14 23:37:16
13082,3989,Low,94,3,2026-02-18 11:22:51
13083,3989,High,112,5,2026-04-22 15:29:00
13084,3989,Low,40,1,2026-03-20 03:01:10
13085,3989,High,67,5,2026-03-18 17:20:33
13086,3990,Medium,113,1,2026-04-06 22:03:21
13087,3990,High,28,1,2025-11-21 23:35:20
13088,3990,Medium,27,4,2026-01-31 13:11:38
13089,3990,High,49,4,2026-01-28 05:10:05
13090,3990,Low,39,5,2026-04-14 13:55:27
13091,3990,Medium,45,4,2026-01-12 23:03:09
13092,3990,Low,81,3,2026-04-08 20:15:02
13093,3990,Medium,48,1,2026-01-03 05:48:52
13094,3990,High,84,2,2026-01-08 12:31:46
13095,3991,Medium,12,6,2026-01-31 07:46:18
13096,3991,Medium,33,8,2026-03-23 06:48:20
13097,3991,Medium,12,8,2026-01-20 18:11:22
13098,3992,Low,13,8,2026-01-12 00:44:58
13099,3992,Low,27,6,2026-05-16 16:04:49
13100,3993,Low,40,8,2026-05-10 07:46:23
13101,3993,Low,25,6,2026-03-13 20:39:07
13102,3994,High,10,6,2026-03-21 04:00:17
13103,3995,High,3,6,2026-01-19 07:58:52
13104,3995,High,22,7,2025-12-27 22:18:45
13105,3996,Medium,14,8,2025-12-05 06:53:33
13106,3996,High,42,9,2026-04-25 01:31:31
13107,3996,High,18,9,2026-03-17 22:26:28
13108,3996,Low,13,7,2026-03-22 09:52:05
13109,3997,High,93,2,2026-04-10 23:19:29
13110,3997,High,116,3,2026-01-12 16:49:18
13111,3997,Low,48,4,2026-03-13 01:13:19
13112,3997,Low,117,4,2025-12-30 01:42:50
13113,3997,Low,81,5,2025-12-19 14:04:19
13114,3997,Low,39,5,2026-01-24 05:57:51
13115,3997,High,93,5,2025-12-23 04:05:17
13116,3997,High,119,1,2025-12-22 03:21:31
13117,3997,High,60,5,2025-11-20 12:27:44
13118,3998,Medium,110,2,2026-04-19 16:30:51
13119,3998,Low,42,4,2026-01-23 14:44:15
13120,3998,High,25,2,2026-03-24 08:40:18
13121,3998,Medium,33,4,2025-12-02 09:25:46
13122,3998,High,69,2,2026-05-01 01:59:40
13123,3998,Medium,42,5,2026-05-16 04:06:14
13124,3998,Medium,114,5,2026-01-28 17:43:43
13125,3998,Low,57,2,2026-02-10 04:55:57
13126,3998,Medium,67,1,2025-11-24 02:01:24
13127,4000,High,19,9,2026-03-06 07:37:41
13128,4000,High,27,9,2026-01-07 01:23:12
13129,4002,Low,30,8,2026-01-17 05:33:49
13130,4002,Medium,27,6,2026-03-21 22:56:10
13131,4004,High,7,9,2026-04-15 11:57:32
13132,4005,High,25,9,2026-03-15 03:32:47
13133,4006,Low,38,7,2025-11-24 11:15:14
13134,4006,Medium,33,6,2025-12-16 11:58:24
13135,4007,High,32,7,2026-01-08 00:20:31
13136,4008,Low,25,7,2026-02-16 20:07:25
13137,4009,Medium,38,7,2026-02-06 16:47:55
13138,4010,Low,27,4,2026-02-08 23:35:05
13139,4010,Low,85,2,2025-12-09 08:41:15
13140,4010,Medium,33,3,2026-02-23 20:24:24
13141,4010,Low,46,1,2026-05-09 14:43:19
13142,4010,Low,88,2,2025-12-04 12:16:15
13143,4010,High,102,1,2025-12-21 14:41:17
13144,4011,Medium,32,6,2026-05-14 07:51:14
13145,4011,Medium,20,6,2025-12-10 17:17:09
13146,4011,High,11,6,2026-01-13 23:40:41
13147,4012,Medium,112,4,2026-02-27 01:25:16
13148,4012,Low,48,2,2025-12-11 22:28:03
13149,4012,High,68,1,2026-01-24 20:32:48
13150,4012,High,54,5,2026-02-08 10:40:51
13151,4012,Medium,88,4,2026-04-29 08:51:03
13152,4012,High,103,4,2026-04-07 11:07:40
13153,4013,High,44,3,2026-05-08 19:02:57
13154,4013,Medium,26,2,2025-12-09 07:14:49
13155,4013,High,93,3,2025-12-05 22:04:59
13156,4013,Medium,52,3,2026-04-24 18:28:44
13157,4013,Medium,81,1,2026-01-11 09:46:32
13158,4013,Medium,98,5,2025-12-26 01:44:28
13159,4013,Medium,92,2,2026-02-13 23:19:34
13160,4013,Medium,55,2,2026-04-05 17:32:24
13161,4013,Low,107,4,2026-03-15 22:36:41
13162,4014,High,39,6,2026-02-01 00:25:46
13163,4014,Medium,40,9,2025-12-17 07:28:50
13164,4016,Medium,13,7,2026-03-02 23:58:54
13165,4017,High,16,6,2026-03-07 07:17:00
13166,4018,Low,10,6,2025-12-05 02:00:57
13167,4018,Low,46,8,2026-04-16 23:02:47
13168,4018,High,38,9,2025-12-08 08:39:22
13169,4018,High,26,9,2025-12-26 05:27:46
13170,4019,High,82,1,2026-05-02 21:17:16
13171,4019,Medium,76,4,2026-02-09 05:50:27
13172,4019,Low,81,1,2025-12-08 22:43:37
13173,4019,High,59,2,2026-02-09 17:06:52
13174,4019,Low,29,5,2026-02-15 15:44:42
13175,4019,High,54,3,2026-03-01 21:22:22
13176,4019,Medium,95,3,2026-03-03 20:27:36
13177,4019,High,70,5,2025-11-23 13:31:59
13178,4019,High,24,5,2025-12-25 18:36:48
13179,4019,High,77,2,2026-04-21 19:03:23
13180,4020,Low,15,8,2025-11-27 09:38:44
13181,4020,Medium,15,6,2026-02-08 21:29:11
13182,4020,Medium,3,7,2026-01-13 19:49:58
13183,4020,High,14,9,2026-04-07 00:59:06
13184,4022,High,4,9,2026-01-04 07:43:01
13185,4022,Medium,3,6,2025-12-31 13:05:50
13186,4022,Medium,25,8,2026-01-07 01:59:18
13187,4023,Medium,11,9,2026-04-11 16:57:13
13188,4023,Low,26,7,2026-03-14 22:39:09
13189,4023,Low,28,9,2025-12-02 07:28:30
13190,4023,Low,10,7,2026-04-09 08:43:52
13191,4024,Medium,39,6,2026-04-13 21:29:23
13192,4024,High,39,6,2026-04-18 04:05:06
13193,4024,High,28,7,2025-12-15 18:18:35
13194,4024,Low,33,6,2025-12-29 22:13:21
13195,4025,Medium,11,6,2026-03-15 11:12:45
13196,4025,High,44,6,2026-02-01 00:43:29
13197,4026,Low,76,1,2025-11-18 14:25:34
13198,4026,High,90,2,2026-01-24 20:44:36
13199,4026,Medium,38,1,2026-01-21 23:42:24
13200,4026,Low,37,5,2026-03-09 20:35:45
13201,4026,High,46,4,2026-01-06 13:28:26
13202,4027,High,8,7,2026-04-01 07:21:03
13203,4027,Medium,36,9,2026-03-24 17:29:55
13204,4029,Medium,6,6,2026-02-22 16:11:45
13205,4029,Medium,28,7,2026-02-07 21:49:27
13206,4029,High,38,7,2025-11-26 11:28:01
13207,4029,Low,46,8,2025-12-11 23:59:18
13208,4030,Low,17,6,2026-04-20 03:38:17
13209,4030,High,28,7,2026-03-23 12:54:51
13210,4030,Medium,7,7,2026-04-28 11:17:11
13211,4031,High,28,6,2026-01-12 06:26:20
13212,4031,High,40,9,2026-02-08 13:47:49
13213,4032,Medium,44,9,2026-02-03 12:53:50
13214,4032,Low,5,6,2026-02-12 01:55:35
13215,4033,High,14,7,2026-03-31 04:35:44
13216,4033,Medium,7,8,2026-01-10 21:26:53
13217,4033,Low,17,8,2026-01-09 01:49:29
13218,4033,High,9,8,2026-01-15 13:45:42
13219,4034,Medium,22,6,2025-12-16 23:12:43
13220,4034,Low,9,8,2026-03-27 11:46:57
13221,4034,High,16,9,2026-04-08 00:03:48
13222,4034,Low,34,6,2026-01-01 12:02:13
13223,4035,High,13,8,2025-12-13 20:03:18
13224,4035,Low,12,9,2026-03-20 14:09:57
13225,4037,Low,10,9,2025-11-20 09:47:33
13226,4037,High,28,9,2026-02-02 16:55:06
13227,4037,Medium,19,9,2026-03-05 06:34:34
13228,4037,High,6,9,2025-12-22 20:55:12
13229,4038,High,30,8,2025-11-19 20:07:10
13230,4039,Low,31,7,2026-01-20 07:01:00
13231,4040,Low,27,6,2026-01-07 06:03:33
13232,4040,Low,21,6,2026-02-20 07:47:18
13233,4040,Low,9,6,2025-12-16 10:21:00
13234,4040,High,35,7,2026-01-01 14:38:24
13235,4041,High,47,9,2025-12-22 14:47:45
13236,4041,Low,21,6,2025-11-26 09:44:06
13237,4041,Medium,24,8,2026-01-30 01:54:40
13238,4043,Medium,29,1,2025-12-14 22:03:50
13239,4043,High,58,2,2025-12-22 03:00:42
13240,4043,High,60,5,2025-12-23 01:05:27
13241,4043,High,48,3,2025-11-21 04:16:05
13242,4044,Medium,1,6,2025-12-17 14:03:59
13243,4044,Medium,35,7,2026-03-18 07:02:56
13244,4044,High,19,6,2026-02-07 14:18:13
13245,4045,Low,12,9,2026-02-25 13:02:24
13246,4045,Medium,40,8,2026-03-26 23:17:08
13247,4045,Low,43,9,2025-11-20 03:35:03
13248,4047,Medium,33,6,2026-04-15 07:32:02
13249,4047,Low,16,7,2026-02-03 01:33:14
13250,4048,Medium,101,5,2026-04-10 19:04:13
13251,4048,Medium,59,3,2025-12-08 08:33:37
13252,4048,Low,48,3,2026-02-09 12:04:08
13253,4048,Low,76,3,2026-01-16 17:19:57
13254,4048,Medium,98,2,2026-03-27 08:07:23
13255,4048,Medium,70,3,2026-05-17 14:15:27
13256,4048,Low,65,2,2025-11-22 03:06:34
13257,4048,Low,29,2,2025-12-12 08:00:16
13258,4048,Medium,104,2,2025-12-07 18:57:50
13259,4050,Medium,101,2,2026-05-04 07:55:32
13260,4050,Low,56,2,2026-01-13 22:53:01
13261,4050,High,85,4,2026-03-17 08:55:36
13262,4050,Medium,119,1,2026-04-07 01:35:07
13263,4050,Low,111,5,2026-02-25 12:44:57
13264,4050,High,74,5,2026-05-09 04:30:18
13265,4050,Low,55,5,2026-04-21 20:47:50
13266,4050,High,72,1,2026-05-15 22:31:23
13267,4052,Low,46,9,2026-04-19 20:07:30
13268,4052,Low,30,6,2026-01-13 16:37:40
13269,4054,Low,17,8,2026-04-07 09:35:08
13270,4054,Low,13,9,2026-05-11 10:05:42
13271,4054,Medium,36,7,2026-03-04 13:54:54
13272,4054,Medium,23,8,2026-01-26 09:11:41
13273,4055,Low,33,8,2026-05-18 06:35:55
13274,4055,High,36,6,2026-03-22 08:45:08
13275,4056,Medium,39,7,2026-02-28 05:28:10
13276,4056,Low,12,6,2026-03-10 23:25:14
13277,4056,Low,40,8,2025-12-31 16:59:42
13278,4056,Low,27,9,2025-12-02 05:46:09
13279,4057,Low,63,5,2026-01-17 22:09:31
13280,4057,High,49,3,2025-12-29 22:18:09
13281,4057,Low,61,1,2026-03-10 11:47:22
13282,4057,Medium,45,1,2026-04-07 02:37:24
13283,4057,Low,39,5,2026-01-17 16:08:09
13284,4057,High,99,2,2025-12-29 15:35:44
13285,4057,Low,52,2,2026-03-05 04:26:50
13286,4057,High,25,2,2026-04-24 19:22:44
13287,4057,Medium,26,5,2026-03-08 09:08:24
13288,4057,High,79,3,2026-03-31 18:10:14
13289,4058,Medium,99,4,2025-12-08 09:37:16
13290,4058,High,32,1,2026-01-08 09:20:28
13291,4058,Low,79,1,2026-03-25 16:45:18
13292,4058,High,109,2,2026-02-02 03:19:48
13293,4058,Low,116,4,2026-05-17 13:58:53
13294,4059,Low,24,9,2025-12-27 17:53:30
13295,4059,High,46,7,2025-12-05 22:43:54
13296,4059,Low,14,6,2026-02-04 18:28:00
13297,4060,Medium,45,4,2025-11-24 06:31:51
13298,4060,Medium,73,2,2026-01-16 08:41:40
13299,4060,Low,114,5,2026-03-05 17:11:18
13300,4060,Medium,99,3,2026-01-08 17:57:40
13301,4061,High,19,9,2026-02-08 13:24:48
13302,4062,Low,34,9,2026-02-07 17:05:59
13303,4062,Low,29,6,2026-04-20 19:28:06
13304,4062,Medium,21,8,2026-02-22 07:12:58
13305,4062,Low,42,6,2025-11-21 07:47:58
13306,4063,Low,12,6,2026-04-18 14:50:26
13307,4063,High,7,6,2026-03-01 12:22:08
13308,4063,Medium,2,6,2026-04-26 14:03:02
13309,4063,Medium,10,7,2026-04-18 13:23:00
13310,4064,Medium,67,3,2026-02-02 17:04:36
13311,4064,Low,58,2,2026-05-06 09:10:14
13312,4064,High,96,4,2026-03-25 08:42:16
13313,4064,High,58,5,2025-12-26 15:19:29
13314,4064,Low,95,1,2026-03-08 14:46:20
13315,4064,Medium,103,4,2025-12-18 01:41:06
13316,4064,Low,93,4,2026-01-18 14:52:08
13317,4064,Medium,34,2,2026-02-25 08:40:50
13318,4064,Low,46,1,2026-05-12 18:07:46
13319,4065,Medium,115,3,2025-12-23 12:45:32
13320,4065,Low,51,2,2026-02-22 16:12:56
13321,4065,Medium,56,2,2026-02-23 16:06:45
13322,4065,Low,45,5,2025-12-24 04:16:13
13323,4065,Medium,57,2,2025-12-01 15:21:57
13324,4065,Low,75,2,2025-11-18 12:21:05
13325,4066,High,45,7,2026-03-06 13:35:06
13326,4066,High,11,7,2026-01-29 22:42:55
13327,4066,High,34,6,2026-02-14 20:27:31
13328,4068,Low,13,7,2026-04-15 02:11:31
13329,4068,High,25,7,2026-04-12 18:51:39
13330,4068,High,21,6,2026-05-14 20:18:04
13331,4068,Medium,5,6,2026-05-05 05:36:28
13332,4069,High,22,8,2026-03-03 12:12:31
13333,4069,High,13,6,2026-04-22 21:57:23
13334,4069,High,23,6,2026-01-23 02:13:47
13335,4069,High,6,9,2026-03-06 02:06:19
13336,4070,High,99,1,2026-04-19 05:24:29
13337,4070,High,73,4,2026-03-18 01:21:14
13338,4070,Low,34,4,2026-02-10 02:23:16
13339,4070,Medium,119,3,2026-05-09 18:03:29
13340,4070,Medium,111,1,2026-01-01 20:16:46
13341,4070,Low,58,1,2026-01-16 10:15:58
13342,4070,Medium,48,1,2026-02-16 12:51:58
13343,4070,Low,42,1,2026-05-06 04:21:59
13344,4070,Medium,54,1,2025-12-28 21:46:08
13345,4071,Medium,23,8,2026-05-11 05:18:39
13346,4071,Medium,47,6,2026-02-16 06:37:48
13347,4071,Medium,10,9,2025-12-02 02:41:59
13348,4073,Low,42,6,2026-01-23 15:14:53
13349,4073,Medium,26,7,2026-03-23 14:43:27
13350,4073,Low,19,7,2026-02-16 00:47:22
13351,4074,High,8,8,2026-03-16 14:45:08
13352,4074,Medium,1,9,2025-12-05 20:08:52
13353,4075,Medium,25,9,2026-04-01 01:13:51
13354,4075,Medium,47,9,2025-12-01 05:19:00
13355,4075,Medium,30,6,2026-05-16 01:48:07
13356,4075,Medium,3,9,2026-01-20 18:32:21
13357,4076,High,40,5,2026-02-20 22:45:23
13358,4076,Low,92,3,2025-12-03 02:23:31
13359,4076,Low,61,4,2025-11-30 00:27:16
13360,4078,High,42,1,2026-05-13 12:42:31
13361,4078,High,110,1,2026-04-27 07:10:16
13362,4078,High,36,3,2026-03-06 18:00:36
13363,4078,High,24,2,2025-12-19 00:48:10
13364,4078,Low,105,4,2026-02-24 22:49:06
13365,4078,High,89,4,2026-05-03 05:07:58
13366,4078,Medium,39,4,2026-01-16 10:54:00
13367,4080,Low,9,6,2026-03-21 21:12:18
13368,4080,Low,21,8,2025-12-13 14:16:27
13369,4080,Medium,2,8,2026-01-18 09:36:57
13370,4080,Medium,23,7,2026-04-18 20:22:55
13371,4081,Medium,47,8,2026-05-01 10:54:57
13372,4082,High,67,1,2026-04-04 14:58:27
13373,4082,Medium,87,4,2026-02-06 12:28:05
13374,4082,High,27,1,2026-05-04 18:28:47
13375,4083,High,41,7,2026-01-13 01:39:15
13376,4083,Low,28,8,2025-12-26 21:47:30
13377,4083,High,28,6,2026-03-29 05:56:35
13378,4083,Medium,10,8,2026-01-04 00:21:30
13379,4085,Low,74,3,2026-01-27 14:58:40
13380,4085,Medium,102,1,2026-02-11 14:18:27
13381,4085,Low,92,1,2026-03-03 23:37:35
13382,4085,Low,56,3,2026-01-21 11:36:44
13383,4085,High,73,2,2026-02-12 20:41:03
13384,4085,Medium,47,3,2026-01-05 23:38:34
13385,4087,Medium,39,6,2026-01-22 16:19:09
13386,4088,High,25,9,2025-11-24 01:23:46
13387,4089,Low,31,8,2026-03-23 06:01:57
13388,4089,Low,38,6,2026-02-06 03:44:01
13389,4089,Medium,27,9,2026-01-10 16:07:31
13390,4089,Low,11,6,2025-12-16 17:50:31
13391,4091,Low,44,6,2026-04-29 00:46:56
13392,4091,Low,19,8,2026-05-10 18:00:45
13393,4092,Low,47,6,2025-12-23 10:32:13
13394,4092,Medium,16,8,2026-05-11 21:28:53
13395,4093,Medium,34,3,2025-12-10 23:08:40
13396,4093,Medium,97,2,2025-12-31 01:04:26
13397,4093,Low,92,1,2026-04-11 13:19:37
13398,4093,Low,116,5,2026-01-22 06:56:29
13399,4093,Low,119,2,2026-03-21 00:53:55
13400,4093,High,35,5,2025-11-28 21:35:17
13401,4094,High,52,3,2026-05-19 16:57:48
13402,4094,High,46,1,2025-12-29 09:33:22
13403,4094,Medium,31,2,2025-12-19 08:46:06
13404,4094,Medium,100,5,2025-12-30 14:48:58
13405,4094,High,64,2,2026-05-07 02:23:04
13406,4094,High,86,3,2026-05-16 08:10:45
13407,4095,Low,69,3,2026-01-29 08:59:29
13408,4095,High,116,5,2026-01-31 17:05:32
13409,4095,High,75,1,2026-04-03 12:58:59
13410,4095,Medium,30,1,2026-04-27 04:05:11
13411,4095,Medium,107,3,2026-04-21 00:45:44
13412,4095,High,48,3,2026-01-02 14:44:58
13413,4095,Low,111,2,2026-01-31 03:26:43
13414,4096,Medium,27,8,2025-12-07 19:25:37
13415,4096,Medium,29,6,2026-01-02 16:17:15
13416,4096,Medium,11,8,2026-02-02 07:21:50
13417,4097,Medium,19,9,2025-12-29 17:20:12
13418,4098,High,39,6,2026-01-15 12:57:20
13419,4098,Low,26,7,2026-02-11 22:32:33
13420,4099,Low,6,8,2025-12-22 14:18:53
13421,4099,High,14,9,2026-05-03 00:08:44
13422,4099,Medium,36,9,2026-04-19 01:53:54
13423,4100,High,40,6,2026-01-06 00:07:07
13424,4101,Low,25,1,2026-03-10 00:17:50
13425,4101,High,83,4,2026-05-08 07:01:51
13426,4101,Low,45,4,2026-01-13 18:36:36
13427,4101,Low,79,5,2026-05-14 18:35:06
13428,4101,Low,81,1,2026-04-07 04:57:02
13429,4101,Medium,111,2,2025-12-21 03:32:31
13430,4103,High,30,9,2025-12-15 13:27:18
13431,4104,Low,19,9,2026-02-14 18:14:27
13432,4104,High,37,7,2025-12-05 15:28:43
13433,4105,High,40,8,2026-05-06 01:39:10
13434,4105,High,4,8,2026-02-03 21:02:00
13435,4106,Medium,107,4,2026-01-30 06:17:48
13436,4106,High,107,5,2025-12-27 17:16:01
13437,4106,Medium,44,2,2026-05-09 23:34:47
13438,4106,Medium,53,4,2026-02-23 13:20:35
13439,4106,High,61,3,2025-11-27 23:27:29
13440,4106,Medium,116,5,2026-03-30 16:41:15
13441,4106,Low,33,5,2026-03-04 01:40:08
13442,4106,Low,98,4,2025-11-24 07:33:38
13443,4106,Medium,72,2,2026-03-31 04:36:32
13444,4107,Low,35,7,2026-01-05 21:17:37
13445,4108,Low,63,4,2026-04-19 17:09:37
13446,4108,Low,108,5,2026-05-01 07:15:42
13447,4108,High,71,3,2026-05-18 10:25:53
13448,4108,Low,24,1,2026-05-15 07:55:55
13449,4108,Medium,45,4,2026-04-08 09:53:08
13450,4108,Medium,107,3,2026-02-07 21:35:07
13451,4108,Low,37,1,2026-02-07 22:03:25
13452,4108,Low,42,2,2026-03-06 10:25:52
13453,4108,Low,27,1,2025-12-24 08:08:06
13454,4108,Low,66,5,2025-12-05 19:33:34
13455,4109,Low,2,8,2026-01-09 04:19:14
13456,4109,Low,45,6,2026-02-15 07:20:00
13457,4109,High,31,8,2026-01-30 06:00:09
13458,4110,Low,29,4,2026-04-04 19:43:25
13459,4110,Medium,118,3,2026-04-11 12:29:37
13460,4110,High,90,1,2026-01-10 18:37:17
13461,4110,Medium,82,5,2026-01-03 21:31:09
13462,4111,High,21,9,2026-01-09 05:56:34
13463,4111,Low,37,9,2025-12-01 22:21:26
13464,4111,Medium,21,9,2025-12-29 00:24:42
13465,4112,Low,44,6,2026-01-22 11:12:05
13466,4112,High,4,8,2026-01-14 10:57:19
13467,4112,High,9,9,2026-01-08 06:33:23
13468,4112,Low,33,6,2026-01-12 00:27:48
13469,4113,High,37,9,2026-04-04 06:57:52
13470,4114,Low,25,8,2026-03-02 14:17:45
13471,4114,High,41,6,2025-12-27 16:30:14
13472,4116,Medium,40,8,2026-01-18 22:56:59
13473,4117,Low,73,4,2025-12-04 01:47:51
13474,4117,Medium,102,5,2026-02-06 10:50:29
13475,4117,Medium,83,2,2026-03-30 23:45:32
13476,4117,Low,43,5,2026-03-01 11:38:16
13477,4117,High,41,4,2026-04-23 01:55:30
13478,4117,Low,63,1,2026-05-13 06:31:33
13479,4117,Medium,42,2,2026-03-07 02:17:13
13480,4118,Low,29,8,2026-04-15 02:11:11
13481,4118,Medium,34,8,2026-04-13 12:13:43
13482,4118,High,18,7,2026-04-24 14:06:32
13483,4120,Low,27,7,2026-05-01 01:22:54
13484,4121,Medium,39,7,2026-01-31 08:40:27
13485,4122,Low,6,8,2026-02-08 19:54:05
13486,4122,Medium,41,9,2026-01-04 05:39:32
13487,4122,Low,30,9,2026-01-07 01:21:06
13488,4123,High,77,5,2026-04-03 05:53:23
13489,4123,High,64,4,2026-03-19 18:54:20
13490,4123,Medium,41,4,2026-05-06 23:01:18
13491,4123,High,59,1,2026-02-19 08:19:48
13492,4123,Low,30,2,2026-03-13 00:24:55
13493,4123,Low,43,5,2025-12-30 18:16:01
13494,4124,Low,41,2,2025-12-26 11:20:36
13495,4124,Low,56,3,2026-01-29 17:07:20
13496,4124,High,88,5,2025-11-18 19:34:07
13497,4124,Low,95,1,2026-01-18 16:52:24
13498,4124,Medium,73,4,2026-03-07 05:53:06
13499,4124,High,53,3,2025-12-22 12:35:26
13500,4124,High,89,4,2026-04-26 12:25:05
13501,4124,Low,60,5,2025-12-08 11:03:28
13502,4125,High,13,6,2026-02-27 17:47:09
13503,4125,Low,45,6,2026-01-06 06:28:54
13504,4125,High,41,9,2026-03-02 22:41:37
13505,4125,Medium,24,9,2025-12-01 22:04:02
13506,4126,Low,12,7,2026-01-29 11:52:50
13507,4126,Low,19,7,2026-04-12 22:30:39
13508,4128,Low,16,9,2026-03-21 18:57:47
13509,4129,Low,13,6,2026-04-05 13:27:04
13510,4129,High,23,7,2025-12-14 04:06:11
13511,4129,Low,38,8,2026-04-14 19:48:38
13512,4130,High,17,9,2026-04-17 12:26:10
13513,4130,Low,3,7,2025-12-20 07:57:00
13514,4130,Low,13,9,2026-02-23 23:05:18
13515,4132,High,38,7,2026-02-20 18:03:12
13516,4132,Low,21,6,2026-02-10 17:25:07
13517,4132,Low,45,7,2025-12-25 21:25:40
13518,4132,High,39,6,2026-04-04 05:40:01
13519,4133,High,101,2,2025-12-14 22:18:52
13520,4133,High,91,1,2026-01-21 02:28:49
13521,4133,Medium,62,4,2026-03-17 19:05:57
13522,4133,Medium,100,4,2025-11-23 13:11:02
13523,4133,High,91,3,2026-03-24 13:06:58
13524,4133,High,31,4,2026-05-05 11:06:28
13525,4133,Medium,63,1,2026-04-14 06:57:36
13526,4133,Medium,59,4,2026-02-15 20:37:46
13527,4133,High,93,2,2026-03-23 19:16:31
13528,4133,Low,96,3,2026-01-18 12:00:52
13529,4134,High,38,6,2025-12-22 00:52:20
13530,4134,Medium,18,9,2025-12-16 21:25:57
13531,4134,Medium,27,9,2026-03-21 02:22:38
13532,4135,Medium,47,6,2025-12-30 10:17:29
13533,4135,Low,15,8,2025-11-24 20:25:59
13534,4135,Medium,27,9,2025-12-22 19:36:46
13535,4136,Medium,21,6,2026-05-18 01:03:33
13536,4136,Low,29,8,2026-01-08 01:46:48
13537,4136,Low,12,9,2025-12-31 07:37:37
13538,4136,Medium,28,8,2026-01-03 15:49:44
13539,4137,Medium,37,8,2026-05-09 02:40:39
13540,4138,Low,31,7,2026-01-03 12:32:57
13541,4138,Medium,33,6,2026-01-20 02:20:13
13542,4140,Medium,47,9,2026-02-03 22:52:16
13543,4140,Low,11,7,2026-05-16 05:17:25
13544,4140,Low,29,6,2026-01-28 19:25:46
13545,4141,Medium,13,8,2026-03-22 07:45:50
13546,4141,High,44,7,2025-12-28 01:40:44
13547,4141,High,19,7,2026-03-02 21:05:27
13548,4142,Medium,36,9,2026-01-20 19:53:33
13549,4143,High,4,8,2025-12-15 20:13:07
13550,4144,Low,38,6,2026-03-19 20:11:42
13551,4144,Medium,43,6,2026-04-23 20:50:03
13552,4145,Medium,64,3,2026-02-20 12:58:25
13553,4145,Medium,116,1,2026-03-19 13:56:24
13554,4145,High,116,4,2025-12-06 02:30:59
13555,4145,Medium,107,1,2025-12-31 13:44:22
13556,4145,Medium,99,1,2025-11-20 16:43:15
13557,4145,Medium,73,4,2026-03-25 00:35:30
13558,4145,Medium,97,2,2026-02-09 17:09:08
13559,4145,Medium,53,1,2026-02-14 13:12:53
13560,4145,Medium,100,1,2026-01-06 06:37:39
13561,4146,High,6,7,2026-01-20 17:20:38
13562,4146,Medium,7,9,2025-12-28 04:54:00
13563,4147,High,21,7,2026-03-08 06:38:49
13564,4148,Low,43,6,2025-12-26 05:29:12
13565,4148,Low,28,9,2026-01-10 15:34:17
13566,4148,Low,44,6,2026-05-16 13:57:08
13567,4148,High,21,9,2026-02-07 21:55:51
13568,4149,High,27,8,2026-01-07 23:08:27
13569,4150,High,13,7,2025-12-13 22:16:09
13570,4151,Medium,29,8,2026-02-01 13:01:06
13571,4151,Medium,28,6,2026-04-29 14:07:27
13572,4151,High,29,9,2026-03-20 22:54:14
13573,4151,Medium,22,9,2026-01-06 10:26:58
13574,4152,High,30,9,2025-12-12 02:48:18
13575,4152,Medium,23,6,2026-05-07 13:33:07
13576,4153,Medium,4,8,2026-03-20 06:52:58
13577,4154,Medium,32,9,2026-02-23 18:08:49
13578,4155,High,88,4,2026-03-08 01:06:04
13579,4155,High,36,2,2026-04-19 17:29:50
13580,4155,Medium,82,5,2026-01-11 07:30:16
13581,4155,Medium,96,5,2026-03-23 01:23:20
13582,4156,Medium,2,6,2026-01-15 18:23:49
13583,4156,Low,7,7,2026-02-07 10:34:04
13584,4156,Low,8,8,2026-05-04 10:25:18
13585,4156,Low,12,8,2025-12-17 21:28:52
13586,4157,High,30,8,2026-05-15 10:16:16
13587,4157,Low,9,9,2025-12-27 21:51:48
13588,4158,High,4,8,2026-05-02 09:35:57
13589,4158,Medium,17,8,2026-05-11 05:32:42
13590,4158,Low,2,8,2026-02-06 04:26:14
13591,4159,Low,22,6,2025-12-23 09:20:04
13592,4159,High,26,9,2026-04-01 08:50:03
13593,4159,Low,32,6,2026-01-22 05:37:17
13594,4160,High,43,6,2026-05-17 13:36:23
13595,4160,High,26,8,2026-04-19 04:27:09
13596,4160,Low,29,6,2026-01-18 17:04:59
13597,4161,High,24,6,2026-05-12 17:25:14
13598,4161,High,31,6,2026-05-10 07:16:23
13599,4162,Low,5,7,2026-05-08 16:48:22
13600,4162,High,45,8,2026-03-13 09:35:58
13601,4162,Medium,32,9,2026-02-25 03:12:38
13602,4162,High,8,9,2026-01-20 04:19:12
13603,4163,Low,34,8,2026-01-11 21:02:53
13604,4164,Medium,42,9,2026-02-05 17:51:08
13605,4164,Medium,2,6,2026-03-09 01:43:17
13606,4164,Low,15,6,2026-03-28 07:27:21
13607,4165,Medium,6,6,2026-03-24 17:44:04
13608,4166,High,90,3,2026-03-01 21:19:45
13609,4166,High,66,3,2026-04-04 20:39:48
13610,4166,High,96,3,2026-05-06 05:39:01
13611,4166,High,106,3,2026-03-30 03:47:33
13612,4166,High,62,2,2026-02-16 21:27:08
13613,4166,Low,97,4,2026-04-25 01:34:59
13614,4166,High,24,5,2026-01-26 11:09:32
13615,4166,Low,69,3,2026-01-08 20:48:56
13616,4168,Low,89,1,2026-05-17 00:29:08
13617,4168,Low,90,4,2026-02-07 22:01:29
13618,4168,Low,100,3,2026-05-17 13:09:38
13619,4168,Medium,102,5,2026-04-29 18:54:15
13620,4170,Medium,45,3,2026-04-01 08:30:45
13621,4170,Low,91,1,2026-04-06 15:55:00
13622,4170,High,28,5,2026-01-03 17:25:06
13623,4170,Low,80,5,2026-01-21 22:00:32
13624,4170,Low,53,2,2026-02-04 17:01:45
13625,4170,Medium,30,1,2025-12-23 16:30:43
13626,4170,Low,94,3,2026-02-28 04:45:35
13627,4170,Medium,111,3,2025-12-08 16:04:30
13628,4171,Medium,41,9,2025-12-15 03:17:52
13629,4171,High,34,7,2026-01-20 00:27:45
13630,4171,Medium,27,7,2025-12-09 06:29:49
13631,4171,Medium,10,6,2026-01-13 11:07:45
13632,4172,High,31,6,2026-03-20 23:28:40
13633,4172,Low,2,7,2026-02-18 05:35:42
13634,4173,Medium,10,7,2026-03-26 00:19:25
13635,4173,Low,5,7,2026-01-19 01:24:11
13636,4174,Low,4,8,2026-04-15 07:23:24
13637,4174,Low,34,8,2026-02-05 10:00:57
13638,4174,Low,17,8,2026-04-05 03:51:06
13639,4174,Medium,8,9,2026-03-14 20:15:30
13640,4175,High,85,1,2026-04-25 10:17:45
13641,4175,High,108,4,2026-05-17 15:47:41
13642,4175,Medium,113,5,2026-05-09 08:11:54
13643,4175,Low,67,5,2026-05-13 12:42:43
13644,4176,High,45,6,2025-12-16 13:13:21
13645,4176,High,24,8,2026-02-11 15:54:58
13646,4176,Medium,15,7,2025-12-27 08:42:13
13647,4176,High,32,9,2025-12-28 19:12:30
13648,4177,High,34,9,2025-11-30 00:46:40
13649,4177,Low,20,6,2026-01-04 12:52:19
13650,4179,Medium,12,8,2026-04-24 02:09:34
13651,4180,Low,61,1,2026-03-13 02:34:29
13652,4180,Low,50,1,2026-01-08 17:52:59
13653,4180,Medium,86,3,2026-03-04 10:25:38
13654,4180,Medium,87,2,2026-02-10 04:28:22
13655,4181,Medium,2,7,2026-02-09 21:29:32
13656,4181,Low,29,6,2025-12-26 20:20:21
13657,4181,Low,24,9,2026-05-14 18:31:04
13658,4182,High,16,8,2026-03-14 21:02:39
13659,4182,Medium,43,6,2026-01-16 11:43:49
13660,4182,Medium,27,9,2026-04-28 19:11:21
13661,4182,High,41,6,2026-04-25 05:03:31
13662,4183,Low,14,6,2026-05-10 16:51:28
13663,4183,Medium,25,8,2025-12-13 20:23:09
13664,4183,Low,44,7,2026-01-02 13:16:49
13665,4183,Medium,35,6,2026-04-24 17:10:00
13666,4184,Medium,27,9,2026-04-08 16:58:03
13667,4184,Medium,26,8,2026-03-01 04:14:14
13668,4184,Low,45,8,2026-04-14 15:40:27
13669,4184,Medium,45,7,2026-02-11 20:22:19
13670,4186,Low,6,8,2026-04-23 23:20:10
13671,4187,High,29,4,2025-11-24 11:07:19
13672,4187,Medium,90,5,2025-11-20 03:16:55
13673,4187,Low,86,5,2025-11-24 11:23:26
13674,4187,Low,100,1,2026-01-23 23:49:33
13675,4187,High,63,5,2026-05-02 10:16:31
13676,4187,Low,54,4,2026-05-11 04:58:23
13677,4187,High,40,1,2026-03-04 07:09:38
13678,4188,Medium,87,1,2026-03-11 16:09:31
13679,4188,High,36,5,2026-04-06 15:42:08
13680,4188,Low,37,3,2026-04-28 05:21:37
13681,4188,Medium,48,2,2025-11-28 14:05:26
13682,4188,High,101,1,2025-12-02 00:41:01
13683,4188,Medium,94,1,2026-04-04 10:37:05
13684,4188,Low,65,2,2025-11-27 11:14:28
13685,4188,High,70,4,2026-04-23 01:49:02
13686,4189,Low,67,1,2026-01-22 11:15:57
13687,4189,Medium,26,4,2026-03-26 05:14:17
13688,4189,Medium,113,2,2026-03-26 18:34:59
13689,4189,Low,24,3,2026-04-26 01:01:02
13690,4189,High,30,4,2026-01-23 03:03:08
13691,4189,Medium,61,3,2026-04-28 03:57:01
13692,4189,High,76,2,2026-03-01 20:53:13
13693,4189,Low,117,4,2026-03-09 02:30:31
13694,4189,Medium,68,3,2026-01-16 17:52:39
13695,4190,Low,37,8,2026-02-13 22:12:27
13696,4190,Low,18,6,2026-05-03 02:24:17
13697,4191,High,21,9,2026-01-30 23:31:25
13698,4192,Medium,16,9,2026-05-04 04:02:49
13699,4192,Medium,28,7,2026-01-14 10:41:29
13700,4193,Medium,106,1,2025-12-11 12:24:19
13701,4193,Low,118,4,2025-11-20 05:16:23
13702,4193,Medium,65,2,2026-01-29 11:54:21
13703,4193,High,93,4,2025-11-28 03:33:00
13704,4193,High,26,1,2026-04-25 05:20:12
13705,4193,Medium,67,3,2026-05-04 12:43:08
13706,4193,High,74,4,2026-01-28 02:44:56
13707,4193,Low,55,3,2026-02-08 11:54:04
13708,4193,Medium,36,3,2025-12-27 11:57:16
13709,4194,Low,20,8,2026-04-17 11:32:50
13710,4194,Low,2,9,2026-03-31 10:16:34
13711,4194,High,27,9,2026-04-12 22:39:55
13712,4194,Low,25,9,2026-01-28 14:36:18
13713,4195,Low,32,6,2026-02-19 20:33:54
13714,4195,Medium,1,6,2026-02-06 06:02:39
13715,4195,Medium,30,6,2026-04-21 20:56:42
13716,4195,Low,12,7,2026-03-17 16:44:15
13717,4196,Medium,55,1,2026-05-15 08:55:35
13718,4196,Medium,40,2,2025-12-09 18:45:25
13719,4196,Low,63,4,2026-01-09 04:34:10
13720,4196,High,118,3,2026-02-05 01:17:11
13721,4196,High,52,5,2026-02-04 03:16:13
13722,4196,Medium,113,4,2026-01-19 21:51:31
13723,4196,High,115,1,2026-01-15 04:30:05
13724,4196,Medium,96,5,2025-12-19 22:21:35
13725,4196,Medium,83,2,2026-04-18 22:43:01
13726,4196,Medium,98,4,2026-01-27 12:37:27
13727,4197,Medium,47,8,2025-11-25 23:39:51
13728,4197,Medium,16,8,2026-01-06 16:34:03
13729,4197,High,29,6,2026-05-17 17:50:02
13730,4197,Medium,18,8,2026-01-24 03:51:23
13731,4198,Medium,22,9,2026-04-20 17:48:26
13732,4199,High,7,6,2026-01-31 17:40:26
13733,4199,Low,30,7,2026-03-07 18:55:51
13734,4200,Medium,44,9,2026-01-28 05:05:40
13735,4200,Medium,41,9,2026-04-15 02:15:32
13736,4200,Low,11,8,2025-12-11 15:06:25
13737,4201,High,58,5,2026-02-05 18:26:01
13738,4201,Low,68,5,2026-01-16 18:12:20
13739,4201,High,115,5,2026-04-03 00:25:42
13740,4201,Medium,57,4,2026-04-22 19:22:26
13741,4201,High,91,5,2025-12-28 15:40:47
13742,4201,Low,63,5,2026-04-15 16:03:14
13743,4201,Low,51,3,2025-12-17 10:54:46
13744,4201,Low,46,3,2025-11-22 23:23:15
13745,4201,Low,98,2,2026-03-16 15:15:17
13746,4201,Low,97,2,2025-11-25 17:52:49
13747,4202,Low,115,4,2026-03-10 21:09:56
13748,4202,Medium,115,5,2026-04-05 15:12:48
13749,4202,Low,95,3,2026-01-01 16:27:55
13750,4202,Low,76,3,2026-03-25 06:42:57
13751,4203,Low,21,7,2026-02-03 11:35:28
13752,4203,Low,9,9,2026-03-20 11:15:00
13753,4203,Low,41,6,2026-04-09 13:05:53
13754,4203,Low,34,6,2025-12-23 05:55:25
13755,4205,High,9,7,2026-04-24 21:56:14
13756,4205,Low,11,6,2026-03-28 11:36:24
13757,4206,High,38,6,2026-04-29 17:46:26
13758,4207,High,16,9,2026-05-13 17:22:18
13759,4207,Medium,34,8,2025-12-07 04:29:03
13760,4207,High,15,6,2025-12-03 10:21:22
13761,4209,Low,38,8,2026-02-11 05:59:58
13762,4209,Low,32,8,2026-02-04 11:04:39
13763,4209,High,30,9,2026-01-28 18:08:25
13764,4209,Low,17,9,2025-11-19 15:46:05
13765,4210,High,19,8,2026-05-07 04:10:26
13766,4212,Low,68,3,2026-01-28 03:40:33
13767,4212,High,44,4,2025-11-26 22:23:38
13768,4212,Low,26,2,2026-04-18 10:04:06
13769,4212,Low,52,2,2026-03-01 02:02:52
13770,4212,Medium,60,5,2026-03-04 09:33:35
13771,4213,Low,45,9,2026-05-18 12:26:47
13772,4216,Medium,46,9,2026-04-17 16:02:12
13773,4216,High,45,9,2026-03-22 05:57:20
13774,4216,High,18,6,2026-02-24 06:35:07
13775,4217,Medium,27,2,2026-03-16 15:25:14
13776,4217,Low,78,5,2026-05-04 16:40:27
13777,4217,High,63,4,2025-11-21 14:24:25
13778,4217,Medium,51,3,2026-01-17 18:31:13
13779,4217,High,52,4,2026-01-27 07:59:43
13780,4217,High,84,4,2026-01-30 02:54:24
13781,4218,Medium,9,8,2026-03-04 07:14:47
13782,4219,High,17,6,2025-11-30 23:38:32
13783,4219,High,20,7,2026-04-02 16:50:27
13784,4220,Low,46,6,2026-02-27 14:44:23
13785,4220,Medium,13,9,2026-02-21 14:36:45
13786,4220,Low,45,6,2026-04-20 05:15:58
13787,4220,High,17,8,2026-04-08 08:48:18
13788,4222,Low,85,2,2026-01-23 07:30:04
13789,4222,Low,66,4,2026-03-03 13:41:10
13790,4222,Medium,107,3,2026-01-10 17:32:39
13791,4222,Low,109,5,2025-12-31 09:23:47
13792,4223,High,8,9,2025-12-10 10:09:15
13793,4223,Low,45,6,2026-01-23 13:52:33
13794,4223,High,30,6,2026-03-10 06:33:27
13795,4223,Low,33,8,2026-04-27 08:09:27
13796,4224,Low,59,3,2025-11-22 19:07:26
13797,4224,Low,107,1,2026-05-06 01:38:13
13798,4224,Medium,48,4,2026-03-05 08:00:44
13799,4224,Low,42,5,2025-12-03 00:12:34
13800,4225,Medium,42,6,2026-01-05 17:04:45
13801,4226,Medium,3,7,2026-03-10 18:28:46
13802,4226,High,15,6,2026-02-12 08:32:29
13803,4226,Medium,42,7,2026-03-23 12:30:22
13804,4226,High,1,8,2026-03-02 00:32:12
13805,4227,Low,47,8,2025-12-24 17:50:21
13806,4227,Medium,20,9,2026-04-28 20:28:49
13807,4228,Medium,78,4,2026-05-15 18:10:35
13808,4228,High,74,3,2025-12-19 20:48:08
13809,4228,Low,95,2,2026-03-27 18:23:29
13810,4228,High,78,1,2026-04-16 02:22:23
13811,4228,Low,79,4,2026-04-20 12:54:21
13812,4228,High,72,2,2025-12-19 20:03:37
13813,4228,High,83,1,2026-04-30 00:34:32
13814,4229,Medium,7,7,2025-12-29 03:14:18
13815,4229,Low,6,7,2026-01-31 00:57:27
13816,4231,Low,31,5,2026-04-16 10:21:27
13817,4231,Medium,38,2,2026-04-22 04:37:51
13818,4231,Medium,62,3,2026-01-13 12:33:00
13819,4233,Medium,10,8,2026-01-31 05:24:24
13820,4233,Low,30,7,2025-12-21 23:25:43
13821,4233,High,22,8,2026-04-30 05:46:15
13822,4233,High,1,6,2026-04-03 17:01:47
13823,4234,Low,19,9,2026-01-19 10:38:05
13824,4234,High,34,6,2026-02-07 22:33:42
13825,4234,High,31,8,2026-04-21 05:24:45
13826,4235,Medium,111,4,2026-03-16 06:16:05
13827,4235,High,36,3,2026-05-06 10:19:48
13828,4235,Medium,75,5,2025-12-29 05:02:55
13829,4235,High,107,1,2026-02-25 01:13:50
13830,4236,High,71,3,2026-01-24 18:52:28
13831,4236,Medium,62,5,2026-05-03 01:30:49
13832,4236,High,27,5,2026-03-18 16:31:56
13833,4236,Medium,66,1,2025-12-10 02:16:39
13834,4237,Medium,24,6,2026-01-28 17:53:10
13835,4237,High,46,9,2025-12-02 21:08:43
13836,4237,Medium,45,8,2025-12-04 05:55:29
13837,4238,Medium,22,9,2026-05-09 11:10:03
13838,4238,Medium,25,6,2025-11-19 20:19:34
13839,4239,Medium,3,6,2026-04-10 18:42:19
13840,4239,High,13,8,2026-03-25 16:04:47
13841,4239,High,13,6,2026-01-17 02:19:58
13842,4240,Low,18,6,2026-02-10 08:09:29
13843,4241,Low,43,7,2026-04-30 06:01:15
13844,4241,Low,17,8,2025-11-29 23:17:15
13845,4241,High,21,9,2026-01-26 08:54:54
13846,4241,Medium,40,8,2026-03-07 09:30:27
13847,4242,Medium,12,9,2026-04-03 15:30:33
13848,4242,Medium,11,9,2025-12-16 07:33:04
13849,4242,Medium,37,9,2026-03-06 10:08:50
13850,4243,Medium,35,9,2026-01-30 14:39:05
13851,4243,Medium,15,9,2026-01-03 13:08:48
13852,4243,Medium,45,8,2026-01-01 04:58:47
13853,4244,Low,47,8,2025-12-27 05:54:33
13854,4245,Medium,54,4,2026-01-23 15:57:53
13855,4245,Low,31,1,2026-02-25 00:28:24
13856,4245,Low,84,4,2026-01-25 10:35:21
13857,4245,Medium,73,3,2025-12-17 18:48:35
13858,4245,Medium,99,5,2025-11-27 18:15:21
13859,4245,High,108,2,2026-03-29 06:09:54
13860,4245,Low,78,2,2026-03-16 07:15:47
13861,4245,Medium,37,4,2026-01-02 01:30:24
13862,4245,Medium,40,5,2026-02-04 22:59:18
13863,4247,High,24,6,2026-02-13 05:50:15
13864,4247,Low,7,8,2026-02-21 11:59:19
13865,4247,Low,47,6,2026-01-26 21:26:23
13866,4248,Low,35,3,2026-03-03 15:22:44
13867,4248,Low,98,2,2026-05-11 00:25:52
13868,4248,Low,52,5,2026-02-06 03:18:05
13869,4248,Medium,71,4,2025-12-29 03:44:24
13870,4248,Medium,114,2,2025-11-19 21:42:51
13871,4249,Medium,109,2,2026-03-11 00:39:43
13872,4249,Medium,71,3,2026-03-20 16:34:09
13873,4249,Low,94,1,2025-11-22 21:06:51
13874,4249,Low,99,3,2025-12-07 08:47:31
13875,4249,Medium,104,1,2026-01-13 09:16:49
13876,4250,Low,32,9,2025-11-27 03:50:16
13877,4250,Medium,23,7,2026-03-02 11:12:16
13878,4250,High,30,8,2026-02-16 14:48:27
13879,4251,Low,10,8,2026-02-22 10:28:47
13880,4251,Low,38,8,2025-11-26 12:04:42
13881,4252,High,30,7,2026-03-26 22:11:40
13882,4252,High,26,8,2026-02-26 03:51:49
13883,4252,Medium,45,7,2026-05-13 23:49:22
13884,4253,Medium,3,9,2026-04-18 12:21:23
13885,4253,Low,26,6,2025-11-19 15:38:51
13886,4253,Medium,14,8,2026-04-21 12:35:21
13887,4255,Low,14,7,2026-04-22 13:45:09
13888,4255,Low,40,7,2026-02-20 13:12:39
13889,4256,High,9,7,2026-01-28 04:36:17
13890,4256,Medium,40,8,2025-12-08 03:23:30
13891,4257,Medium,42,7,2025-12-18 06:55:30
13892,4257,Low,36,9,2026-01-27 05:09:31
13893,4257,Low,12,7,2026-03-03 03:18:56
13894,4257,High,40,8,2026-02-05 15:14:23
13895,4258,Low,18,8,2026-02-19 02:08:30
13896,4258,Medium,31,6,2026-03-21 00:18:03
13897,4258,Medium,31,9,2026-01-08 16:00:20
13898,4259,Medium,87,5,2026-05-13 03:32:26
13899,4259,High,116,3,2025-11-23 06:13:40
13900,4259,Low,116,3,2026-02-17 17:54:51
13901,4260,High,15,6,2026-02-15 17:43:32
13902,4260,Medium,19,9,2026-01-28 18:50:23
13903,4261,High,27,5,2025-12-09 10:47:03
13904,4261,Low,36,3,2026-05-09 07:13:13
13905,4261,High,71,3,2025-12-16 03:08:01
13906,4261,Low,117,2,2026-04-15 21:01:20
13907,4261,High,107,2,2026-02-05 19:22:44
13908,4261,Medium,48,3,2026-01-20 03:29:23
13909,4261,Medium,24,1,2026-03-13 08:50:51
13910,4261,High,71,2,2026-02-12 02:52:10
13911,4261,Medium,104,3,2026-01-12 21:49:22
13912,4262,Medium,19,7,2026-03-28 18:38:18
13913,4263,Medium,34,9,2026-03-08 06:49:48
13914,4263,Low,12,8,2026-04-02 13:45:39
13915,4263,Low,17,8,2026-01-24 16:30:09
13916,4263,Medium,6,8,2026-01-05 17:26:58
13917,4264,Medium,13,8,2025-12-16 19:15:26
13918,4264,Low,22,8,2026-05-05 04:43:46
13919,4265,Medium,7,6,2026-01-02 10:58:01
13920,4266,Medium,45,6,2025-12-25 11:12:47
13921,4267,Medium,1,7,2026-01-31 22:36:29
13922,4267,High,19,8,2026-04-10 13:01:00
13923,4267,Medium,47,7,2026-04-27 10:39:02
13924,4268,High,52,3,2026-02-10 10:02:48
13925,4268,Low,107,4,2026-03-14 04:51:28
13926,4268,Low,84,1,2025-11-19 22:56:05
13927,4268,Medium,46,3,2025-12-08 09:45:29
13928,4268,High,86,3,2025-11-22 08:58:16
13929,4268,High,45,1,2026-02-18 09:15:08
13930,4268,Low,67,3,2026-04-07 11:22:42
13931,4268,High,25,1,2026-05-04 02:07:06
13932,4269,High,1,7,2026-02-08 05:46:31
13933,4269,Low,46,7,2026-05-09 12:24:44
13934,4269,Low,22,9,2026-02-21 06:19:02
13935,4269,Medium,33,7,2026-04-17 01:30:38
13936,4270,Low,58,3,2026-05-03 09:52:30
13937,4270,Medium,94,4,2026-03-23 12:16:08
13938,4270,High,48,5,2026-02-25 00:06:07
13939,4270,Low,54,3,2026-02-07 09:44:20
13940,4270,Medium,74,2,2026-01-24 11:33:31
13941,4270,Low,57,3,2026-02-26 02:22:31
13942,4270,High,44,5,2026-01-19 11:22:44
13943,4270,Medium,87,1,2026-04-12 17:59:12
13944,4270,Low,42,4,2026-01-18 15:37:31
13945,4270,High,108,2,2026-02-15 03:45:59
13946,4271,Medium,76,5,2026-05-15 02:55:28
13947,4271,High,86,5,2026-02-05 08:24:57
13948,4271,High,42,3,2025-12-12 14:41:23
13949,4271,Medium,25,1,2026-05-11 19:38:03
13950,4271,Low,29,5,2026-05-04 17:31:06
13951,4271,Medium,64,3,2025-12-22 08:13:27
13952,4271,Medium,28,1,2026-05-08 13:53:46
13953,4271,Low,85,1,2026-04-22 04:42:11
13954,4271,Medium,85,4,2025-12-24 15:26:12
13955,4271,High,50,2,2025-12-08 20:40:45
13956,4272,Medium,105,4,2026-02-18 19:50:43
13957,4272,Low,72,4,2026-03-25 15:51:25
13958,4272,Medium,83,3,2026-01-12 11:12:38
13959,4272,Low,103,5,2026-01-11 02:52:40
13960,4272,Low,32,2,2026-02-24 12:30:31
13961,4274,Medium,34,9,2026-01-26 00:12:31
13962,4274,High,31,9,2026-04-29 00:33:46
13963,4275,High,20,6,2025-12-10 16:52:52
13964,4275,Low,20,9,2026-05-09 13:13:08
13965,4275,Medium,21,6,2026-05-02 08:24:40
13966,4276,Medium,19,8,2026-04-23 13:53:18
13967,4276,Medium,3,7,2026-02-04 16:12:23
13968,4277,High,5,7,2025-12-24 00:17:02
13969,4277,Low,6,8,2026-03-27 15:16:52
13970,4277,High,42,9,2025-12-18 05:32:10
13971,4277,Low,44,6,2025-11-27 12:47:51
13972,4278,High,36,8,2026-03-21 02:36:04
13973,4278,Low,41,7,2026-01-17 13:50:45
13974,4278,Medium,44,7,2026-03-09 03:20:31
13975,4278,High,23,8,2026-04-05 05:03:01
13976,4279,High,52,3,2026-04-16 15:23:19
13977,4279,Low,64,5,2026-03-06 02:11:27
13978,4279,High,71,5,2026-02-09 14:44:52
13979,4280,Medium,33,7,2026-04-02 11:09:48
13980,4280,Low,22,8,2026-05-13 23:28:52
13981,4280,Medium,17,7,2025-12-29 12:20:40
13982,4280,Medium,5,6,2026-03-11 08:16:59
13983,4282,Medium,112,5,2025-12-25 13:21:29
13984,4282,Low,104,1,2025-12-22 19:27:43
13985,4282,Low,82,1,2026-01-29 19:23:35
13986,4282,Medium,62,5,2026-01-09 00:16:34
13987,4282,Low,71,4,2026-01-05 10:15:09
13988,4282,Low,101,5,2026-01-20 18:30:33
13989,4282,High,100,3,2026-01-12 11:58:59
13990,4283,Low,24,8,2025-11-27 00:56:38
13991,4283,Medium,8,6,2025-12-23 06:33:35
13992,4283,Medium,47,7,2026-03-12 06:04:12
13993,4284,Medium,44,3,2025-11-25 03:36:41
13994,4284,High,80,1,2026-03-09 00:53:50
13995,4284,Medium,98,3,2026-03-04 06:06:53
13996,4284,High,65,3,2026-02-26 01:03:15
13997,4284,Low,95,1,2026-01-26 23:56:56
13998,4285,Medium,99,3,2026-01-04 03:02:01
13999,4285,Low,39,4,2026-03-16 07:44:17
14000,4285,Medium,89,4,2025-12-17 05:00:29
14001,4285,Medium,114,1,2026-03-15 11:07:30
14002,4285,Medium,43,5,2026-04-14 17:51:07
14003,4285,Low,117,2,2025-12-15 12:20:18
14004,4285,High,107,2,2026-04-22 07:47:51
14005,4285,High,41,2,2026-04-19 06:39:50
14006,4285,Medium,25,4,2026-01-06 20:57:41
14007,4285,Medium,119,2,2026-01-18 14:13:41
14008,4286,High,8,8,2026-02-14 10:32:24
14009,4287,Medium,33,3,2026-01-11 19:12:41
14010,4287,Low,37,2,2026-03-29 08:12:13
14011,4287,Low,70,2,2026-05-09 02:34:34
14012,4287,Low,27,3,2026-03-13 14:51:12
14013,4287,Medium,47,3,2026-04-02 17:12:57
14014,4288,Medium,37,7,2026-05-09 18:42:48
14015,4288,Medium,2,9,2026-02-12 23:53:45
14016,4288,Low,21,6,2026-04-19 11:13:28
14017,4288,Medium,7,9,2026-05-05 21:03:21
14018,4289,High,91,3,2025-12-19 20:53:45
14019,4289,Low,77,1,2026-03-14 10:28:46
14020,4289,High,85,5,2026-01-18 13:31:17
14021,4289,Medium,96,2,2026-05-17 00:48:57
14022,4289,High,35,1,2026-04-14 18:38:13
14023,4289,Medium,95,1,2025-12-01 04:12:24
14024,4289,Medium,87,4,2026-05-12 02:59:52
14025,4289,Low,91,5,2026-04-05 22:21:11
14026,4289,Medium,37,1,2026-01-27 16:25:42
14027,4290,Low,9,7,2026-02-07 02:16:37
14028,4290,High,47,7,2026-05-18 10:09:08
14029,4290,Medium,17,6,2026-02-25 15:57:41
14030,4290,Medium,4,9,2026-02-05 08:37:58
14031,4291,High,26,5,2026-02-10 19:17:52
14032,4291,Low,48,5,2026-02-16 07:38:31
14033,4291,High,35,1,2025-12-29 07:26:30
14034,4292,Medium,1,6,2025-12-03 11:43:34
14035,4294,Low,69,2,2026-04-01 11:06:09
14036,4294,Low,38,3,2026-02-16 05:08:14
14037,4294,Low,79,5,2026-05-06 03:14:52
14038,4294,High,110,5,2025-12-18 14:28:54
14039,4295,High,50,1,2026-02-25 06:47:26
14040,4295,Low,104,2,2025-12-15 21:55:22
14041,4295,Low,84,3,2026-04-04 04:44:27
14042,4295,Medium,36,4,2026-03-22 09:36:33
14043,4295,Medium,52,5,2026-02-14 05:29:56
14044,4296,Low,107,4,2026-05-19 03:55:16
14045,4296,Medium,54,3,2025-11-21 04:07:54
14046,4296,Medium,62,1,2026-01-16 14:09:30
14047,4296,Low,65,4,2025-12-16 19:20:36
14048,4296,Medium,88,3,2026-03-22 00:48:22
14049,4296,Medium,117,5,2026-02-23 16:37:27
14050,4296,High,42,3,2025-12-06 23:52:59
14051,4296,Low,57,4,2026-03-30 11:58:26
14052,4297,Medium,45,9,2025-12-02 00:54:32
14053,4297,High,12,7,2025-11-30 09:51:38
14054,4297,Medium,32,7,2025-12-13 06:58:01
14055,4297,High,22,6,2026-01-29 02:22:16
14056,4298,High,40,9,2025-12-29 21:24:47
14057,4300,Medium,31,9,2026-04-20 16:19:55
14058,4301,Low,24,8,2025-12-08 08:59:23
14059,4302,Low,40,3,2026-03-16 21:14:33
14060,4302,Low,78,2,2026-01-18 21:38:45
14061,4302,Low,93,4,2025-12-18 21:20:45
14062,4302,High,74,4,2025-12-23 05:54:39
14063,4302,High,100,1,2026-04-09 11:37:55
14064,4302,High,58,2,2026-01-31 22:36:52
14065,4302,Low,39,2,2026-03-01 23:26:57
14066,4304,Medium,18,7,2026-02-12 17:15:38
14067,4307,Low,66,5,2026-02-15 20:57:54
14068,4307,Low,41,2,2026-05-17 14:56:27
14069,4307,Low,63,2,2025-12-06 08:38:34
14070,4307,High,28,1,2025-12-22 13:49:24
14071,4307,Medium,109,2,2026-03-05 22:26:18
14072,4307,Medium,45,2,2026-05-03 04:22:06
14073,4308,High,113,1,2026-02-13 07:56:25
14074,4308,High,72,1,2026-02-04 06:38:30
14075,4308,Medium,101,4,2026-02-08 06:05:39
14076,4308,Low,118,4,2026-01-30 20:33:08
14077,4308,High,58,4,2026-04-07 07:45:10
14078,4308,Medium,85,4,2026-03-07 15:21:40
14079,4308,Medium,106,5,2025-12-30 12:22:45
14080,4308,Low,105,5,2026-04-11 15:33:40
14081,4308,High,84,1,2026-03-11 12:00:26
14082,4309,High,112,2,2025-12-18 16:15:00
14083,4309,Low,58,1,2026-04-17 08:18:17
14084,4309,Low,102,4,2025-12-30 00:48:48
14085,4309,Low,102,2,2026-02-11 16:14:31
14086,4309,High,68,2,2026-01-31 03:48:50
14087,4309,Low,88,3,2026-01-18 23:06:42
14088,4309,Low,60,3,2025-12-04 19:50:42
14089,4309,Low,113,3,2026-03-25 19:06:57
14090,4309,High,114,2,2026-02-16 23:45:36
14091,4310,Low,13,8,2026-01-29 21:47:13
14092,4310,Medium,8,7,2026-02-14 06:52:39
14093,4310,High,23,7,2026-01-28 03:24:22
14094,4312,Medium,44,8,2026-04-15 14:30:13
14095,4312,High,27,6,2026-04-05 04:54:57
14096,4312,Low,46,7,2026-04-08 07:16:29
14097,4312,Medium,47,6,2026-05-02 20:47:09
14098,4313,Low,7,8,2026-01-29 14:41:30
14099,4314,High,97,1,2026-03-27 15:49:13
14100,4314,High,73,3,2026-01-03 09:34:03
14101,4314,High,64,5,2026-01-27 20:25:35
14102,4315,Medium,37,8,2026-05-15 00:57:14
14103,4315,High,45,9,2025-11-27 16:21:45
14104,4316,High,39,4,2026-02-24 10:51:11
14105,4316,Medium,73,3,2026-01-19 09:42:01
14106,4316,Low,94,2,2026-01-19 10:50:04
14107,4316,Low,42,4,2025-11-28 06:12:43
14108,4316,High,74,2,2026-01-21 20:35:59
14109,4316,Medium,26,1,2026-03-28 23:09:33
14110,4316,Medium,77,1,2026-02-17 12:27:12
14111,4316,Low,51,4,2026-04-29 16:39:21
14112,4317,Medium,32,8,2025-12-20 10:12:44
14113,4317,Medium,41,9,2026-04-06 23:19:16
14114,4319,Medium,59,3,2025-12-25 16:29:03
14115,4319,Low,110,2,2026-01-25 08:21:48
14116,4319,Medium,33,5,2026-05-07 17:12:32
14117,4319,High,116,4,2026-04-03 01:49:14
14118,4319,High,45,2,2026-03-30 02:31:52
14119,4319,High,43,1,2026-03-23 06:38:49
14120,4319,High,38,2,2025-12-26 05:14:21
14121,4320,Low,10,8,2026-02-22 13:51:42
14122,4320,Low,37,8,2025-12-05 22:26:13
14123,4320,Low,24,8,2025-11-20 11:50:46
14124,4322,Low,40,8,2025-12-12 21:01:16
14125,4322,High,21,9,2026-04-12 04:18:17
14126,4322,Low,38,8,2026-03-28 16:24:07
14127,4323,High,102,5,2026-01-28 20:23:34
14128,4323,High,68,3,2025-12-23 09:04:16
14129,4323,High,108,4,2025-12-20 21:40:10
14130,4323,Medium,107,1,2026-03-01 01:55:44
14131,4323,High,26,4,2026-01-16 17:02:14
14132,4323,High,110,3,2026-01-28 18:33:47
14133,4324,High,35,6,2025-11-30 08:54:57
14134,4325,Medium,32,8,2026-01-25 04:30:30
14135,4325,Medium,22,9,2026-01-03 16:02:53
14136,4327,High,38,7,2026-05-17 22:46:37
14137,4328,Low,28,9,2025-12-05 19:08:21
14138,4328,High,11,9,2026-04-23 05:52:50
14139,4330,Low,87,2,2026-02-04 14:02:03
14140,4330,Low,82,5,2026-02-04 05:43:25
14141,4330,Low,27,1,2026-05-15 19:30:22
14142,4330,Medium,68,5,2026-05-06 19:13:54
14143,4330,Low,57,5,2026-05-07 08:15:04
14144,4330,Medium,30,1,2026-03-12 00:56:08
14145,4330,High,95,2,2026-02-12 11:05:22
14146,4331,High,47,8,2026-03-31 01:24:47
14147,4331,Medium,37,7,2025-11-18 23:21:29
14148,4331,Medium,29,6,2026-04-17 00:45:59
14149,4332,High,23,7,2026-04-08 07:01:55
14150,4332,Low,29,8,2026-04-10 00:11:56
14151,4332,Medium,44,6,2026-05-15 07:10:15
14152,4333,High,40,8,2025-12-28 20:39:53
14153,4333,High,14,9,2026-01-18 14:25:23
14154,4333,Medium,42,7,2026-04-11 08:14:30
14155,4334,Low,35,6,2025-12-10 18:37:54
14156,4335,Low,35,7,2026-02-10 11:08:22
14157,4335,Low,28,9,2026-03-23 20:48:09
14158,4335,Low,32,9,2025-12-25 08:54:43
14159,4335,High,45,6,2025-12-29 07:01:39
14160,4336,Low,94,3,2026-01-31 07:27:12
14161,4336,Medium,60,4,2026-01-18 05:07:45
14162,4336,Low,104,2,2026-04-22 03:55:19
14163,4337,Medium,27,5,2026-01-02 23:21:10
14164,4337,Medium,89,2,2026-02-05 17:20:36
14165,4337,High,50,5,2025-12-20 14:38:31
14166,4337,High,34,2,2026-02-11 23:06:18
14167,4337,Low,27,1,2026-02-03 15:25:19
14168,4337,Low,101,4,2026-03-25 15:55:16
14169,4337,Low,65,4,2026-04-12 04:29:35
14170,4338,Low,4,9,2026-01-07 22:28:58
14171,4338,High,21,8,2025-12-05 02:19:28
14172,4339,Medium,25,9,2026-03-01 03:26:27
14173,4340,Low,47,8,2026-04-15 06:56:27
14174,4340,Medium,16,8,2025-11-29 16:27:44
14175,4341,High,36,7,2026-01-11 19:36:27
14176,4341,Low,31,9,2026-01-31 19:49:04
14177,4341,Medium,13,8,2025-11-18 12:40:05
14178,4342,Low,75,4,2026-05-10 11:20:39
14179,4342,Medium,60,2,2026-03-27 00:24:13
14180,4342,Low,67,1,2026-05-15 13:20:29
14181,4343,Medium,42,6,2025-12-21 18:40:21
14182,4343,Low,37,8,2026-05-06 04:00:55
14183,4346,Low,20,9,2026-01-22 14:45:25
14184,4346,Low,44,8,2025-12-09 05:00:30
14185,4346,Low,16,6,2026-04-30 06:28:48
14186,4348,Medium,69,4,2026-02-18 12:20:37
14187,4348,High,68,5,2026-02-28 23:28:27
14188,4348,High,101,5,2026-02-17 18:16:00
14189,4348,High,45,5,2026-01-18 10:44:37
14190,4348,Medium,86,5,2025-11-23 20:20:49
14191,4348,Medium,82,2,2026-02-23 22:18:11
14192,4349,High,75,1,2026-03-20 03:26:31
14193,4349,High,62,5,2026-03-24 12:22:27
14194,4349,Medium,104,3,2026-01-08 18:13:40
14195,4351,Low,42,8,2025-12-01 11:54:07
14196,4353,High,50,4,2026-03-16 12:16:17
14197,4353,Medium,77,5,2026-02-06 16:27:16
14198,4353,Low,95,4,2026-01-25 01:47:43
14199,4353,Low,27,3,2026-01-08 19:37:18
14200,4353,Medium,40,2,2026-04-17 13:39:44
14201,4353,Medium,29,4,2025-11-27 08:12:32
14202,4353,Medium,62,2,2026-05-09 17:28:35
14203,4353,Medium,31,3,2026-03-20 00:35:44
14204,4353,Low,103,1,2026-05-16 10:07:59
14205,4354,High,82,2,2026-04-10 07:40:36
14206,4354,Low,30,2,2025-11-21 09:54:26
14207,4354,High,99,1,2026-01-23 18:43:56
14208,4356,High,45,9,2025-12-05 06:48:47
14209,4356,Medium,15,7,2026-01-23 06:25:12
14210,4357,Low,32,9,2026-02-17 21:53:16
14211,4357,Medium,26,7,2026-02-18 20:30:19
14212,4357,Low,26,6,2026-03-28 20:25:29
14213,4358,Low,5,9,2026-03-13 11:29:32
14214,4358,Low,38,7,2025-12-30 04:50:41
14215,4359,Low,46,9,2025-12-22 05:19:55
14216,4359,High,28,8,2026-05-09 16:36:44
14217,4359,Low,1,6,2026-05-11 16:45:44
14218,4360,Medium,43,8,2026-04-28 08:45:06
14219,4360,High,25,7,2026-05-03 11:59:19
14220,4360,High,16,6,2026-03-24 06:54:09
14221,4360,Medium,13,9,2026-05-11 02:59:34
14222,4361,High,44,9,2026-04-12 06:33:51
14223,4362,Medium,95,4,2026-03-21 00:02:10
14224,4362,Medium,106,4,2026-03-17 03:35:21
14225,4362,Low,103,4,2026-03-07 03:48:18
14226,4363,Medium,20,7,2026-04-13 19:50:07
14227,4363,Medium,12,9,2026-05-19 07:46:28
14228,4363,Medium,25,9,2025-12-02 03:35:57
14229,4363,High,11,7,2025-12-24 18:47:06
14230,4364,Medium,57,5,2025-12-25 16:56:39
14231,4364,High,61,4,2026-05-11 17:51:47
14232,4364,Medium,59,4,2025-12-23 15:58:15
14233,4364,High,114,5,2025-12-05 05:46:30
14234,4364,High,66,3,2026-03-20 09:41:38
14235,4365,Low,31,7,2026-01-18 22:38:39
14236,4365,Medium,18,7,2026-01-28 02:49:27
14237,4365,High,42,8,2026-03-14 02:26:44
14238,4365,High,38,9,2026-02-13 18:15:08
14239,4366,Medium,22,9,2026-01-22 01:54:05
14240,4366,Low,19,9,2026-03-01 08:49:29
14241,4367,Medium,14,7,2026-02-04 08:37:44
14242,4367,Medium,29,6,2026-03-09 18:55:56
14243,4367,Medium,37,6,2026-01-23 02:00:13
14244,4367,Medium,1,9,2026-02-09 04:11:28
14245,4368,Low,94,3,2025-12-21 23:21:35
14246,4368,High,37,2,2025-11-24 19:01:03
14247,4368,Medium,106,3,2025-12-14 07:08:47
14248,4368,High,31,5,2026-01-18 20:57:01
14249,4368,High,66,1,2026-03-17 10:35:23
14250,4368,Medium,42,4,2026-04-17 19:41:37
14251,4368,Medium,50,5,2026-02-11 19:45:22
14252,4369,Low,25,6,2025-12-08 18:20:30
14253,4369,High,38,9,2025-11-27 14:35:45
14254,4369,Medium,17,9,2026-05-05 08:23:39
14255,4370,Medium,33,8,2026-01-09 13:48:07
14256,4371,High,14,9,2026-03-08 13:16:11
14257,4371,Medium,18,8,2026-01-22 00:20:16
14258,4372,High,56,4,2026-04-23 13:56:36
14259,4372,High,38,5,2026-03-18 12:58:28
14260,4372,Low,34,4,2026-01-15 08:22:31
14261,4372,Low,38,5,2026-03-08 00:53:39
14262,4372,Medium,85,2,2025-12-10 05:28:44
14263,4372,High,38,1,2026-03-22 02:48:10
14264,4372,High,110,3,2026-04-11 12:25:33
14265,4372,Low,73,4,2026-03-01 03:33:18
14266,4372,High,82,5,2026-03-21 07:05:17
14267,4372,Medium,98,5,2025-12-02 14:06:18
14268,4373,High,18,9,2025-12-17 06:34:03
14269,4373,High,31,6,2025-12-26 08:38:50
14270,4373,Low,22,8,2025-11-25 22:44:42
14271,4373,High,17,6,2026-05-06 02:01:13
14272,4374,Low,11,8,2026-04-14 01:56:29
14273,4375,Low,8,8,2026-02-15 14:03:17
14274,4375,Medium,4,9,2026-03-14 19:34:08
14275,4375,Low,19,9,2026-03-28 14:08:23
14276,4376,High,41,6,2026-04-14 16:02:32
14277,4376,Low,18,6,2025-12-13 13:56:50
14278,4376,High,46,9,2026-05-11 01:38:31
14279,4376,Low,10,8,2026-02-23 15:03:23
14280,4377,Low,14,8,2026-02-12 20:33:39
14281,4377,Medium,12,7,2026-03-28 05:07:12
14282,4377,High,27,9,2026-01-14 08:49:25
14283,4377,High,37,8,2026-03-12 13:02:51
14284,4378,High,36,9,2026-03-28 20:10:42
14285,4379,High,100,3,2026-01-21 00:54:31
14286,4379,High,66,2,2026-02-11 23:36:35
14287,4379,Medium,104,2,2026-04-22 19:04:08
14288,4379,Medium,107,5,2026-04-06 14:20:43
14289,4379,Low,95,3,2026-05-02 06:25:27
14290,4379,Medium,44,5,2026-01-15 06:27:52
14291,4380,High,38,6,2026-05-19 18:13:43
14292,4380,Medium,8,8,2026-04-06 10:28:01
14293,4381,High,5,8,2026-04-15 19:19:00
14294,4381,Medium,19,7,2026-01-21 01:06:44
14295,4381,Low,10,8,2026-03-26 06:42:00
14296,4381,High,13,8,2026-04-28 22:56:39
14297,4382,High,22,6,2026-01-04 22:02:21
14298,4382,Medium,39,7,2025-12-28 22:11:07
14299,4384,High,31,8,2026-01-15 07:53:39
14300,4385,Low,100,2,2026-02-27 05:37:48
14301,4385,High,59,3,2026-03-18 23:21:08
14302,4385,Low,91,5,2026-03-04 01:18:09
14303,4385,High,91,4,2026-03-05 19:09:03
14304,4385,Low,53,3,2026-02-07 01:08:45
14305,4385,High,92,4,2026-01-06 19:59:19
14306,4385,Low,62,3,2025-12-25 05:03:33
14307,4385,Medium,67,3,2026-01-04 22:34:48
14308,4385,Low,117,5,2026-02-02 14:19:38
14309,4385,Low,86,2,2026-02-19 06:50:02
14310,4386,Low,27,8,2026-01-22 20:40:37
14311,4386,Medium,28,6,2026-05-12 08:45:51
14312,4387,Low,64,1,2026-02-21 02:47:04
14313,4387,High,41,5,2026-02-11 15:24:06
14314,4387,High,66,1,2026-04-08 09:37:39
14315,4387,Low,97,5,2026-02-03 04:05:31
14316,4387,Low,33,1,2026-05-18 23:22:50
14317,4387,Low,27,5,2025-12-18 19:49:13
14318,4387,Low,57,3,2025-11-22 05:47:04
14319,4388,Medium,56,4,2026-02-07 08:33:33
14320,4388,Low,67,2,2026-02-25 09:53:20
14321,4388,Low,99,2,2026-01-15 17:57:23
14322,4389,High,2,9,2026-02-02 13:28:46
14323,4392,Medium,93,5,2026-01-13 23:48:52
14324,4392,Low,83,4,2026-02-11 06:30:04
14325,4392,Medium,69,3,2025-12-14 21:54:37
14326,4392,Medium,67,3,2026-01-08 23:14:57
14327,4392,High,72,2,2025-11-28 15:10:36
14328,4392,Medium,114,1,2026-03-23 02:12:46
14329,4392,Low,101,2,2025-12-15 06:36:11
14330,4393,Medium,44,8,2025-11-24 20:25:09
14331,4393,Medium,12,6,2025-11-26 11:56:37
14332,4393,Medium,29,8,2026-02-09 22:36:26
14333,4393,Medium,13,6,2026-01-09 01:25:38
14334,4394,Medium,24,8,2026-04-19 16:44:16
14335,4395,High,30,6,2025-11-22 20:02:48
14336,4395,High,10,6,2026-04-25 18:47:15
14337,4395,Medium,38,7,2026-01-22 09:20:18
14338,4396,High,47,8,2026-01-12 07:48:35
14339,4396,Low,9,6,2026-04-26 19:19:48
14340,4396,High,23,6,2025-12-16 18:55:03
14341,4396,Medium,9,8,2025-11-30 09:12:35
14342,4397,Medium,117,1,2026-03-15 08:11:24
14343,4397,Medium,48,5,2025-12-06 05:08:21
14344,4397,Medium,111,4,2026-05-10 06:25:19
14345,4399,High,112,4,2026-01-13 09:00:43
14346,4399,Medium,104,4,2026-04-19 19:25:14
14347,4399,Medium,113,3,2025-12-07 09:36:45
14348,4399,High,83,5,2026-03-24 08:38:36
14349,4399,Low,26,3,2026-04-07 10:59:05
14350,4399,Medium,115,3,2025-12-17 01:44:42
14351,4399,High,76,5,2026-01-09 21:20:02
14352,4400,High,31,6,2026-01-21 00:19:04
14353,4400,Medium,34,8,2025-12-26 11:54:21
14354,4400,High,11,9,2026-02-01 17:20:05
14355,4400,Medium,6,8,2026-02-14 14:25:40
14356,4402,Low,7,6,2026-01-20 18:13:53
14357,4402,Medium,32,9,2026-04-06 10:51:34
14358,4402,Low,33,6,2026-04-27 09:54:39
14359,4403,Medium,47,9,2026-04-18 11:10:32
14360,4403,High,44,8,2025-12-14 15:11:46
14361,4403,Low,27,7,2026-04-04 19:37:05
14362,4405,High,22,8,2026-05-13 10:45:35
14363,4406,Medium,116,1,2026-05-05 10:13:58
14364,4406,Medium,71,2,2026-02-06 00:37:46
14365,4406,High,38,3,2026-03-08 21:25:01
14366,4406,Medium,94,3,2025-12-08 01:08:28
14367,4407,High,21,6,2026-03-31 11:21:50
14368,4408,Low,17,8,2026-03-02 14:41:23
14369,4408,Medium,10,6,2026-04-04 02:59:35
14370,4408,Medium,33,7,2026-02-11 03:54:35
14371,4409,Low,60,1,2026-03-07 21:17:44
14372,4409,High,30,2,2026-01-22 04:41:31
14373,4409,Medium,94,1,2026-03-25 14:19:29
14374,4409,Low,78,4,2026-02-04 06:02:54
14375,4409,Low,41,5,2026-03-25 21:31:30
14376,4409,High,66,1,2026-05-19 09:02:20
14377,4409,Low,101,5,2026-01-13 09:50:57
14378,4409,High,37,5,2026-01-21 17:34:47
14379,4409,High,80,3,2026-05-07 00:04:16
14380,4409,Low,69,2,2026-01-04 07:32:42
14381,4410,Medium,27,9,2026-04-19 05:02:05
14382,4410,Low,5,7,2025-12-20 00:51:27
14383,4410,High,38,9,2026-01-01 18:48:02
14384,4410,Low,42,8,2026-02-20 23:25:03
14385,4411,Medium,32,9,2025-11-24 10:11:08
14386,4411,High,6,7,2025-12-19 18:15:29
14387,4411,High,46,9,2026-04-08 01:22:14
14388,4412,High,3,8,2026-02-05 14:48:20
14389,4412,High,29,7,2026-04-06 13:15:13
14390,4412,High,7,6,2026-01-23 09:38:53
14391,4414,High,13,7,2026-04-07 16:00:02
14392,4414,Low,21,8,2026-03-23 01:29:48
14393,4415,Low,96,5,2025-12-02 23:50:19
14394,4415,Medium,70,5,2026-01-09 22:45:50
14395,4415,Medium,104,1,2026-02-07 12:58:06
14396,4415,Low,96,4,2026-01-31 10:28:37
14397,4415,Low,53,1,2026-01-14 16:01:25
14398,4415,Medium,28,1,2026-02-10 05:51:04
14399,4415,High,24,1,2025-11-26 07:43:10
14400,4415,Medium,117,3,2026-03-09 15:52:51
14401,4415,Medium,95,5,2026-04-15 17:57:18
14402,4415,Low,38,2,2025-11-23 14:41:04
14403,4416,Low,27,7,2026-05-09 02:34:46
14404,4417,Medium,10,9,2026-05-09 08:37:30
14405,4418,Low,5,8,2026-01-24 18:36:31
14406,4418,Low,4,8,2026-03-18 02:57:51
14407,4418,Medium,13,6,2026-05-19 07:54:36
14408,4419,Medium,108,1,2026-04-01 00:56:07
14409,4419,Low,73,4,2026-03-12 23:04:03
14410,4419,Medium,102,1,2026-02-26 09:43:00
14411,4419,Low,60,5,2025-11-23 03:29:13
14412,4419,Low,46,2,2025-12-14 20:21:13
14413,4420,High,7,6,2026-01-24 00:44:13
14414,4420,High,9,7,2026-05-18 22:59:59
14415,4421,Low,4,7,2026-04-27 18:48:13
14416,4421,High,27,6,2026-02-11 15:45:29
14417,4421,Medium,32,6,2026-01-29 07:43:39
14418,4424,Low,44,6,2026-02-22 05:38:48
14419,4425,High,46,6,2026-01-16 19:05:53
14420,4426,High,27,9,2026-03-09 01:14:01
14421,4426,Low,3,9,2026-02-09 15:16:41
14422,4426,Medium,36,6,2026-03-05 09:27:55
14423,4426,Medium,43,9,2026-04-17 04:13:20
14424,4427,High,44,7,2026-01-10 16:23:51
14425,4427,Medium,41,6,2026-05-03 20:03:34
14426,4429,High,45,9,2026-03-24 13:11:25
14427,4429,Medium,38,9,2025-11-29 04:04:34
14428,4429,High,22,7,2026-02-09 22:31:09
14429,4429,High,15,8,2026-01-06 04:49:47
14430,4431,Medium,46,9,2026-02-25 21:07:32
14431,4431,Low,18,6,2026-05-10 02:07:19
14432,4431,Medium,12,7,2026-03-16 23:37:20
14433,4432,High,64,2,2026-04-28 14:10:10
14434,4432,High,83,2,2026-03-30 21:17:13
14435,4432,Medium,104,3,2026-02-17 18:21:15
14436,4432,Low,59,1,2026-04-25 08:02:11
14437,4432,Low,31,1,2026-02-19 00:24:54
14438,4432,Low,30,2,2025-12-10 18:06:02
14439,4432,Medium,31,1,2025-12-31 11:57:06
14440,4432,High,99,4,2026-03-16 00:24:10
14441,4432,Medium,80,2,2025-12-28 17:56:21
14442,4433,Medium,35,3,2026-03-12 22:44:27
14443,4433,High,69,5,2025-12-10 23:39:31
14444,4433,Low,81,2,2025-12-09 13:18:37
14445,4433,Low,36,5,2026-01-13 07:46:37
14446,4433,Low,88,1,2026-02-20 05:01:19
14447,4433,Low,58,1,2025-11-29 02:03:21
14448,4433,Low,95,3,2026-02-04 05:40:04
14449,4433,Low,33,2,2026-04-29 19:28:55
14450,4433,High,109,4,2026-01-06 07:39:14
14451,4433,Low,119,5,2026-01-16 20:18:09
14452,4434,Medium,52,3,2025-11-21 08:16:21
14453,4434,High,69,5,2025-12-09 21:17:21
14454,4434,High,82,5,2026-04-18 05:12:20
14455,4434,Medium,91,2,2025-11-22 08:16:38
14456,4434,High,57,3,2026-04-27 18:51:36
14457,4434,Medium,109,5,2026-03-19 11:59:57
14458,4435,Low,9,9,2025-11-26 23:23:11
14459,4435,High,21,8,2025-12-14 20:35:28
14460,4435,Low,17,9,2026-03-04 05:36:06
14461,4436,Low,115,2,2025-11-22 17:49:41
14462,4436,High,90,5,2026-05-17 00:14:24
14463,4436,Low,83,5,2026-02-26 21:48:25
14464,4436,Low,75,2,2026-02-03 09:43:41
14465,4436,Low,42,1,2025-12-06 05:58:31
14466,4436,Low,40,2,2025-11-21 12:30:33
14467,4436,Medium,91,2,2026-04-18 13:28:23
14468,4436,Low,58,1,2026-04-15 11:21:29
14469,4436,High,36,1,2025-12-12 04:40:18
14470,4437,Low,38,3,2025-11-27 10:26:23
14471,4437,Medium,51,2,2026-01-23 10:54:43
14472,4437,Low,80,1,2026-04-27 08:25:21
14473,4437,High,30,5,2026-01-04 19:17:16
14474,4437,Low,113,5,2026-03-01 05:05:25
14475,4437,Low,103,4,2026-04-10 16:56:15
14476,4437,High,80,2,2026-03-19 16:48:03
14477,4437,High,63,4,2025-11-25 05:59:47
14478,4437,Medium,59,4,2025-12-22 23:43:08
14479,4438,Medium,63,3,2026-02-24 07:22:56
14480,4438,Low,66,4,2026-01-26 16:28:46
14481,4438,Medium,89,1,2026-03-07 19:41:25
14482,4439,Medium,6,8,2026-03-17 22:29:23
14483,4440,Low,88,3,2026-02-18 15:09:25
14484,4440,High,97,5,2026-05-11 00:49:22
14485,4440,Medium,110,1,2026-05-06 21:03:50
14486,4440,Medium,32,5,2026-01-01 23:55:25
14487,4440,Medium,100,4,2026-03-23 12:39:23
14488,4440,Low,74,2,2026-04-25 11:40:17
14489,4441,Low,39,2,2025-11-23 17:28:26
14490,4441,Medium,113,3,2026-01-26 06:40:51
14491,4441,High,62,4,2026-02-28 15:30:59
14492,4441,High,88,1,2026-03-25 17:19:46
14493,4442,Low,21,6,2025-12-01 21:07:16
14494,4442,Low,26,6,2025-11-20 02:16:33
14495,4442,High,9,6,2026-01-11 00:31:23
14496,4442,Low,23,6,2026-03-13 23:32:12
14497,4443,Low,89,3,2026-02-15 14:02:08
14498,4443,Medium,51,4,2025-12-17 21:38:00
14499,4443,High,54,1,2025-11-24 08:51:35
14500,4443,Low,92,5,2026-03-05 10:44:21
14501,4443,High,112,2,2026-03-07 02:15:15
14502,4444,Low,39,6,2026-03-09 16:37:37
14503,4445,High,32,7,2025-11-27 06:56:54
14504,4445,Medium,11,8,2026-03-15 14:34:54
14505,4445,Low,25,8,2026-01-16 07:24:50
14506,4446,Medium,45,7,2025-12-19 20:28:50
14507,4446,Low,32,9,2026-05-19 06:37:47
14508,4447,Low,119,2,2026-02-20 13:24:32
14509,4447,Medium,92,5,2025-12-27 18:07:26
14510,4447,Medium,115,4,2026-05-11 14:12:06
14511,4447,Low,31,3,2026-03-31 09:35:21
14512,4447,Low,103,2,2025-12-16 22:55:15
14513,4447,High,48,2,2026-03-17 08:18:14
14514,4447,High,71,1,2026-02-09 18:55:15
14515,4447,Medium,31,4,2026-05-15 04:32:56
14516,4447,Medium,44,2,2026-05-01 11:55:46
14517,4448,High,24,6,2026-01-08 11:40:28
14518,4448,Low,26,8,2026-02-04 00:59:12
14519,4448,High,14,7,2026-04-22 19:36:42
14520,4449,Medium,52,3,2025-12-31 00:31:33
14521,4449,High,30,4,2026-01-24 02:10:52
14522,4449,High,34,3,2026-02-18 02:01:22
14523,4449,Medium,35,2,2026-02-23 00:28:53
14524,4449,High,47,1,2025-12-01 05:47:27
14525,4450,Low,41,5,2026-04-27 18:05:30
14526,4450,High,79,2,2025-12-23 16:45:45
14527,4450,High,89,1,2026-02-19 06:09:43
14528,4450,Medium,75,2,2026-03-03 12:51:43
14529,4450,Medium,30,1,2026-05-02 14:28:50
14530,4452,High,16,7,2026-03-18 21:02:36
14531,4452,Low,36,6,2026-04-08 12:40:24
14532,4452,Medium,27,6,2026-03-07 01:50:07
14533,4454,Low,4,6,2026-01-05 06:26:57
14534,4454,High,35,6,2025-12-25 23:57:03
14535,4454,Low,22,8,2025-12-15 16:54:54
14536,4454,High,35,9,2025-12-24 19:49:34
14537,4456,Medium,15,6,2025-12-28 16:48:52
14538,4456,Medium,40,9,2025-12-04 04:10:37
14539,4457,Medium,21,6,2026-05-11 00:37:49
14540,4457,High,47,8,2026-04-26 04:53:43
14541,4458,Medium,72,5,2026-01-15 15:20:39
14542,4458,High,50,4,2026-03-01 22:34:18
14543,4458,High,55,4,2025-12-10 21:39:06
14544,4458,Medium,53,2,2026-02-12 11:54:29
14545,4458,Medium,86,3,2026-02-19 00:25:12
14546,4458,Medium,85,3,2025-12-26 02:06:30
14547,4458,High,32,3,2026-01-28 19:36:20
14548,4458,Medium,33,4,2026-03-17 15:00:24
14549,4459,High,35,3,2025-12-09 13:17:45
14550,4459,High,106,3,2026-05-15 21:21:18
14551,4459,High,34,2,2026-04-29 05:05:51
14552,4459,High,46,2,2026-04-18 17:01:06
14553,4459,High,41,4,2026-05-06 21:31:11
14554,4459,High,62,2,2025-12-08 21:34:39
14555,4459,High,34,2,2026-01-16 19:58:55
14556,4459,High,26,5,2026-01-25 04:17:17
14557,4459,High,27,5,2026-02-08 10:21:07
14558,4460,Medium,40,9,2026-01-26 16:17:19
14559,4461,Low,38,6,2026-02-28 21:52:51
14560,4461,High,12,8,2026-04-24 17:14:48
14561,4462,Medium,38,7,2026-05-05 04:41:42
14562,4462,High,43,9,2026-02-08 06:03:41
14563,4462,High,47,7,2026-02-10 22:12:15
14564,4463,Medium,38,1,2026-04-17 07:34:15
14565,4463,High,57,2,2026-03-11 05:31:30
14566,4463,Medium,92,1,2025-12-28 14:10:38
14567,4463,Medium,74,2,2026-05-19 08:17:28
14568,4464,High,47,9,2026-04-04 21:44:34
14569,4464,High,34,8,2025-12-08 20:53:24
14570,4465,Medium,42,7,2026-02-25 13:23:22
14571,4466,Low,79,5,2026-05-10 06:41:34
14572,4466,High,92,2,2026-05-18 17:20:14
14573,4466,Low,84,4,2026-04-11 08:57:49
14574,4466,Medium,24,2,2026-01-23 17:43:30
14575,4466,Medium,107,4,2026-03-11 13:54:15
14576,4466,Low,43,3,2026-04-17 15:37:47
14577,4466,Medium,49,2,2026-05-16 03:08:16
14578,4466,High,105,1,2026-02-16 20:57:17
14579,4467,Medium,12,7,2026-03-31 10:33:50
14580,4467,Medium,24,9,2025-11-21 08:48:43
14581,4467,High,38,7,2026-05-14 18:30:13
14582,4468,High,25,9,2025-12-27 14:02:32
14583,4468,High,14,8,2026-03-22 22:39:24
14584,4468,Low,31,9,2026-03-20 03:18:18
14585,4469,High,39,4,2025-11-21 05:13:51
14586,4469,Medium,61,5,2026-01-25 14:37:30
14587,4469,Low,99,2,2026-04-12 17:12:03
14588,4469,High,95,3,2026-03-14 14:52:55
14589,4469,High,92,3,2026-02-01 16:21:27
14590,4470,High,41,6,2026-04-02 18:11:53
14591,4470,High,32,8,2026-01-24 17:17:05
14592,4471,Medium,41,7,2025-12-13 16:29:44
14593,4471,Low,37,7,2026-04-28 22:51:26
14594,4471,Medium,7,9,2025-11-26 05:27:55
14595,4471,High,11,8,2026-05-04 23:35:04
14596,4472,Low,110,4,2026-03-18 05:08:01
14597,4472,High,68,5,2026-01-06 02:32:56
14598,4472,High,54,1,2025-12-29 12:35:29
14599,4472,Medium,100,3,2026-04-23 04:20:46
14600,4472,High,116,4,2026-05-10 23:16:25
14601,4473,Low,59,3,2025-12-09 13:03:32
14602,4473,High,90,3,2026-04-23 02:50:03
14603,4473,High,52,5,2026-02-12 23:35:58
14604,4473,Medium,25,1,2026-01-28 20:37:51
14605,4473,Low,28,2,2026-02-02 16:21:55
14606,4473,High,81,4,2026-02-17 00:34:16
14607,4474,Medium,28,2,2026-05-18 13:02:32
14608,4474,Low,83,1,2025-12-15 02:58:25
14609,4474,Medium,43,1,2026-03-29 10:46:37
14610,4474,Medium,79,3,2026-05-02 12:38:50
14611,4474,High,26,4,2026-02-10 06:26:00
14612,4474,Medium,28,4,2026-03-26 10:27:44
14613,4474,High,113,5,2026-02-14 18:41:37
14614,4474,Medium,54,4,2026-04-11 04:42:39
14615,4474,High,30,1,2025-12-26 22:38:12
14616,4474,Medium,62,3,2025-12-18 03:01:51
14617,4475,Medium,43,8,2026-04-12 03:17:18
14618,4476,Low,12,6,2026-03-28 07:41:58
14619,4476,Medium,25,8,2026-04-24 23:21:40
14620,4476,Low,29,8,2025-12-06 12:58:47
14621,4476,Medium,34,6,2026-04-17 07:59:26
14622,4477,Medium,27,9,2026-01-25 13:47:13
14623,4477,Low,2,7,2026-03-06 07:54:15
14624,4477,Low,13,9,2025-12-25 02:34:06
14625,4477,Low,5,7,2026-04-13 17:01:09
14626,4478,Medium,23,8,2026-04-19 12:35:01
14627,4478,Medium,30,6,2026-05-04 00:51:25
14628,4479,High,43,9,2025-12-10 18:29:18
14629,4479,Medium,40,7,2026-04-16 09:42:01
14630,4479,High,11,7,2026-02-05 06:09:11
14631,4479,High,47,8,2026-01-26 05:08:37
14632,4480,Low,35,7,2025-12-09 19:30:28
14633,4480,Medium,7,6,2026-01-30 17:06:53
14634,4480,Low,44,7,2026-05-04 11:30:23
14635,4481,High,109,3,2026-02-13 11:25:17
14636,4481,Medium,33,5,2026-04-30 22:34:59
14637,4481,High,31,4,2026-01-22 03:29:39
14638,4481,Low,116,5,2026-04-13 18:10:12
14639,4481,Medium,110,2,2025-12-08 20:41:50
14640,4481,Medium,60,4,2026-03-14 05:12:56
14641,4481,Medium,61,1,2026-01-08 16:52:16
14642,4481,Medium,29,1,2026-01-16 01:37:00
14643,4481,Low,99,2,2026-04-22 23:08:25
14644,4482,Low,42,2,2025-11-27 07:01:11
14645,4482,Low,60,1,2026-03-18 10:39:52
14646,4482,Medium,76,2,2026-02-11 20:37:05
14647,4482,Low,103,4,2026-04-26 17:48:39
14648,4482,Low,24,4,2025-12-22 14:11:42
14649,4484,Low,33,6,2026-03-18 10:58:40
14650,4484,High,39,9,2026-01-28 15:10:14
14651,4485,Medium,17,9,2026-02-08 07:44:44
14652,4485,Low,38,7,2026-03-26 04:02:24
14653,4485,Low,22,7,2026-03-05 11:40:54
14654,4485,High,35,8,2026-04-27 16:47:58
14655,4486,Low,40,8,2026-05-11 03:56:33
14656,4486,Low,36,6,2026-01-01 04:10:28
14657,4486,High,4,6,2026-04-13 04:21:09
14658,4487,Low,5,6,2025-12-17 18:44:17
14659,4487,Low,31,7,2026-01-17 00:28:02
14660,4487,Low,30,8,2026-01-24 07:03:39
14661,4487,Medium,12,8,2025-12-17 23:11:52
14662,4488,Medium,68,2,2025-12-26 12:15:57
14663,4488,Medium,37,3,2025-11-27 13:40:07
14664,4488,Low,109,2,2025-11-23 20:41:36
14665,4488,Low,94,4,2026-01-27 14:08:04
14666,4488,Low,61,5,2026-02-25 22:32:19
14667,4488,High,59,2,2026-04-01 21:49:34
14668,4488,High,80,4,2026-03-09 19:42:29
14669,4489,Medium,14,9,2026-02-26 10:46:46
14670,4489,High,5,7,2026-01-03 10:16:29
14671,4489,Medium,28,8,2026-03-18 23:04:42
14672,4489,Low,12,7,2026-04-29 06:34:18
14673,4490,Low,36,8,2025-12-31 03:22:32
14674,4491,High,13,9,2026-01-03 19:29:38
14675,4491,Medium,45,9,2026-04-15 16:50:15
14676,4491,Low,7,8,2026-02-20 21:05:52
14677,4491,Low,34,6,2026-01-28 19:01:11
14678,4492,Low,32,6,2026-01-22 17:24:33
14679,4492,High,6,9,2025-11-26 09:13:59
14680,4492,High,35,7,2026-02-22 11:56:39
14681,4494,Low,70,5,2026-05-19 04:59:20
14682,4494,High,107,2,2025-12-20 11:11:01
14683,4494,High,64,3,2026-04-24 21:07:22
14684,4494,High,55,4,2025-12-14 06:55:48
14685,4494,Medium,118,1,2025-12-17 19:42:49
14686,4495,Low,48,1,2025-12-17 06:05:55
14687,4495,Low,109,5,2025-11-19 14:31:12
14688,4495,Low,71,3,2026-02-12 00:51:32
14689,4495,Medium,60,1,2026-02-22 08:10:05
14690,4495,Low,51,1,2026-01-14 17:28:13
14691,4495,Low,76,1,2026-01-29 02:09:38
14692,4495,Medium,78,1,2026-03-14 20:38:29
14693,4495,High,84,5,2025-12-09 06:02:40
14694,4495,Low,70,4,2025-12-01 18:24:57
14695,4495,Low,76,4,2026-03-16 23:13:56
14696,4496,Medium,34,8,2026-04-07 04:47:56
14697,4499,High,97,5,2026-02-27 04:49:06
14698,4499,Medium,48,3,2026-02-27 23:58:05
14699,4499,Medium,56,5,2025-12-27 07:44:58
14700,4499,High,91,1,2026-03-05 01:05:22
14701,4499,High,89,5,2026-04-24 00:27:32
14702,4499,Medium,40,4,2026-02-25 23:16:45
14703,4500,Low,12,7,2025-11-28 14:38:12
14704,4500,Low,35,7,2026-04-16 22:58:28
14705,4500,Low,21,6,2026-03-07 18:33:32
14706,4502,High,2,6,2026-03-06 15:02:26
14707,4502,Medium,21,8,2026-03-08 17:59:07
14708,4502,Medium,11,7,2026-01-09 20:28:39
14709,4503,High,18,8,2026-01-01 23:42:09
14710,4504,High,31,7,2026-01-10 00:50:08
14711,4504,Medium,26,6,2026-04-11 12:58:56
14712,4504,Low,2,8,2025-12-03 09:40:12
14713,4505,Medium,7,9,2026-01-10 17:11:52
14714,4505,Low,39,9,2025-12-18 14:36:00
14715,4505,High,26,8,2026-03-12 00:12:21
14716,4505,Medium,14,6,2026-03-24 13:06:17
14717,4506,High,25,9,2025-11-21 07:27:31
14718,4506,Medium,31,7,2026-03-19 09:33:15
14719,4506,Medium,2,8,2026-04-25 07:58:14
14720,4508,High,47,8,2026-05-06 13:23:33
14721,4508,High,29,8,2025-12-03 08:28:11
14722,4508,Medium,42,8,2026-05-17 16:16:31
14723,4509,High,9,9,2026-01-06 17:37:43
14724,4509,Low,30,8,2026-02-07 14:34:23
14725,4509,Medium,14,8,2026-01-29 03:52:00
14726,4510,High,17,7,2026-02-12 01:14:26
14727,4511,High,53,1,2025-12-12 19:07:38
14728,4511,High,39,4,2026-03-18 12:21:15
14729,4511,High,31,3,2026-02-25 04:56:54
14730,4511,Medium,62,4,2026-01-18 15:57:41
14731,4512,Medium,56,2,2025-11-23 19:01:46
14732,4512,Low,35,1,2026-02-13 19:27:43
14733,4512,Low,61,2,2026-03-01 11:11:15
14734,4512,Medium,106,3,2025-12-26 22:50:03
14735,4512,Medium,92,3,2026-01-22 14:52:40
14736,4513,Medium,27,6,2026-02-08 13:47:29
14737,4513,Low,46,6,2026-02-03 12:23:13
14738,4513,High,16,9,2026-04-16 12:20:21
14739,4514,Low,25,6,2026-02-27 01:44:24
14740,4514,Medium,17,8,2025-12-01 18:48:45
14741,4515,Low,53,1,2026-05-16 15:30:13
14742,4515,High,27,2,2026-02-12 22:24:16
14743,4515,High,83,1,2026-05-02 23:55:00
14744,4515,Low,54,1,2026-04-29 16:58:46
14745,4515,High,92,5,2026-01-12 03:21:54
14746,4515,High,68,5,2026-03-04 09:00:04
14747,4515,Low,81,3,2026-04-16 05:08:42
14748,4515,Medium,46,3,2026-02-25 18:11:25
14749,4515,High,86,2,2026-04-11 01:55:18
14750,4515,Low,29,5,2026-03-31 22:58:13
14751,4516,High,30,6,2025-12-25 10:32:57
14752,4516,Medium,8,9,2025-12-17 21:25:20
14753,4516,Medium,25,6,2026-03-14 07:36:20
14754,4517,Low,38,9,2026-05-01 07:06:44
14755,4517,Medium,14,8,2026-05-16 23:23:09
14756,4517,Medium,2,6,2026-04-26 05:01:27
14757,4518,Medium,117,4,2025-12-30 11:12:35
14758,4518,Low,100,3,2026-03-04 12:37:44
14759,4518,Medium,32,4,2026-03-13 20:42:00
14760,4518,Medium,86,3,2026-05-12 12:38:22
14761,4518,Medium,60,3,2026-03-27 03:05:12
14762,4518,Low,31,3,2026-02-19 00:19:09
14763,4518,Medium,30,3,2025-12-31 04:23:03
14764,4518,Medium,86,3,2026-05-10 21:40:08
14765,4518,Medium,90,2,2025-12-14 10:36:19
14766,4518,Medium,68,1,2026-03-15 06:09:29
14767,4519,Low,115,4,2026-04-01 20:27:35
14768,4519,Low,39,5,2026-03-13 07:00:41
14769,4519,High,82,2,2026-01-17 21:00:47
14770,4519,High,72,3,2025-12-01 05:55:57
14771,4519,High,52,5,2025-11-20 19:58:39
14772,4520,High,47,6,2026-01-23 04:53:55
14773,4520,Low,27,8,2026-05-07 11:54:27
14774,4520,Low,27,8,2026-05-05 12:45:19
14775,4520,Medium,17,6,2026-01-10 11:16:11
14776,4521,Low,11,6,2025-12-13 12:02:19
14777,4521,Low,2,8,2026-01-31 08:00:35
14778,4523,Low,12,7,2026-03-29 12:55:45
14779,4524,High,42,9,2026-01-07 23:16:45
14780,4524,High,11,7,2025-11-26 22:11:40
14781,4524,Low,28,8,2026-05-12 07:27:58
14782,4524,Medium,14,6,2026-03-18 17:46:51
14783,4525,High,92,5,2026-02-17 03:31:45
14784,4525,Medium,74,2,2026-05-19 10:51:38
14785,4525,Medium,31,2,2026-05-12 02:32:30
14786,4525,Low,24,5,2026-01-24 18:25:37
14787,4526,Low,11,9,2026-01-13 05:55:36
14788,4526,Medium,43,9,2026-02-15 18:50:35
14789,4527,Low,10,8,2026-04-12 01:01:41
14790,4527,Low,39,8,2025-11-23 02:41:50
14791,4528,Medium,29,6,2026-03-02 19:58:09
14792,4528,Low,6,8,2026-04-27 21:08:26
14793,4528,High,17,8,2026-01-18 12:51:12
14794,4529,Low,39,2,2026-05-07 23:33:51
14795,4529,Low,59,3,2026-02-07 19:24:33
14796,4529,High,61,2,2025-11-24 08:20:14
14797,4529,Low,108,3,2026-02-01 22:43:41
14798,4530,Medium,26,2,2026-02-15 08:32:03
14799,4530,High,41,1,2025-12-12 04:33:29
14800,4530,Medium,77,2,2026-03-13 21:03:15
14801,4530,Medium,102,1,2026-03-11 15:10:56
14802,4530,Low,105,2,2026-03-08 09:46:45
14803,4531,Low,43,7,2025-12-20 01:44:29
14804,4532,High,35,6,2026-03-20 23:31:36
14805,4533,Low,86,3,2026-01-06 14:06:43
14806,4533,Low,59,2,2026-01-21 21:40:50
14807,4533,Medium,28,1,2025-12-31 05:51:02
14808,4533,Low,67,1,2026-03-15 16:17:52
14809,4534,Low,39,9,2026-05-15 01:12:38
14810,4534,Medium,40,6,2026-02-23 19:03:42
14811,4534,High,28,8,2026-03-27 21:16:31
14812,4534,Medium,1,8,2025-11-18 14:10:15
14813,4535,Low,66,2,2026-05-11 16:33:43
14814,4535,High,94,1,2026-03-16 18:17:48
14815,4535,Low,59,2,2026-01-13 20:50:47
14816,4535,Low,73,5,2026-03-20 11:52:31
14817,4535,Low,35,3,2025-11-24 09:43:50
14818,4536,Low,32,9,2025-11-27 06:46:59
14819,4536,Medium,22,8,2026-04-23 04:12:03
14820,4537,High,50,5,2025-12-16 03:49:05
14821,4537,High,42,1,2026-04-09 07:00:03
14822,4537,Low,74,1,2026-02-03 06:01:12
14823,4538,Low,13,7,2026-04-10 23:07:47
14824,4538,Low,36,6,2026-03-24 04:28:07
14825,4538,Low,11,7,2026-01-03 13:42:55
14826,4539,Low,4,9,2025-12-31 06:44:58
14827,4539,Low,1,6,2026-02-05 12:10:22
14828,4539,Low,26,8,2025-12-03 04:04:47
14829,4540,Medium,23,7,2026-01-17 23:05:54
14830,4540,High,19,6,2026-05-15 15:09:21
14831,4540,Medium,40,8,2025-12-03 05:18:51
14832,4540,Medium,4,6,2026-02-23 13:47:03
14833,4541,Medium,16,8,2026-01-03 23:28:13
14834,4542,High,37,7,2026-02-19 19:18:14
14835,4544,Low,27,6,2026-05-02 01:13:33
14836,4545,Low,15,8,2026-01-25 08:15:06
14837,4545,Low,3,7,2026-05-08 04:36:07
14838,4545,Medium,43,7,2026-02-21 22:56:19
14839,4545,Low,6,8,2026-01-15 08:14:35
14840,4547,Medium,67,2,2026-05-18 18:11:24
14841,4547,High,104,2,2026-05-15 13:30:13
14842,4547,Medium,71,2,2025-12-03 18:44:09
14843,4547,High,50,4,2025-11-29 23:33:23
14844,4547,Medium,93,3,2026-03-10 05:15:57
14845,4547,High,58,4,2026-03-23 14:54:08
14846,4547,High,71,3,2025-11-28 09:39:54
14847,4548,High,4,6,2026-02-11 00:06:56
14848,4548,Medium,45,9,2026-02-25 18:54:10
14849,4548,High,4,8,2026-02-05 04:36:24
14850,4549,Medium,21,9,2026-02-28 04:00:38
14851,4549,High,2,9,2026-04-07 16:39:22
14852,4549,High,7,8,2026-01-21 02:36:18
14853,4549,High,43,6,2026-03-21 20:38:00
14854,4550,Medium,9,6,2026-01-14 13:02:33
14855,4550,High,17,8,2026-01-16 21:11:47
14856,4550,Medium,33,6,2026-01-23 05:08:03
14857,4551,High,35,1,2026-04-25 10:16:27
14858,4551,Medium,68,3,2025-12-18 12:38:21
14859,4551,Low,36,5,2026-03-15 03:14:50
14860,4551,Low,49,4,2025-12-18 07:54:34
14861,4551,Low,108,2,2025-12-01 09:19:54
14862,4553,Medium,19,8,2026-05-04 16:16:21
14863,4553,Medium,26,8,2026-04-02 17:50:57
14864,4553,Low,37,9,2026-01-29 04:14:40
14865,4553,High,5,9,2026-05-15 00:34:28
14866,4554,Medium,115,2,2026-02-19 20:01:05
14867,4554,Medium,90,5,2026-02-17 13:34:57
14868,4554,Medium,114,1,2026-04-26 07:34:03
14869,4554,Medium,59,2,2025-12-23 11:32:30
14870,4554,Low,68,5,2025-11-28 01:03:07
14871,4554,Medium,67,4,2025-11-27 08:56:44
14872,4554,Medium,99,1,2026-04-02 22:33:56
14873,4554,Low,81,1,2026-04-14 13:47:02
14874,4554,Low,49,4,2026-01-21 13:27:59
14875,4555,Medium,52,1,2026-04-29 20:39:20
14876,4555,High,101,4,2026-04-07 04:18:44
14877,4555,Low,27,3,2026-03-03 21:29:22
14878,4555,Medium,60,4,2026-01-15 04:31:53
14879,4555,High,111,1,2026-03-31 00:33:43
14880,4555,High,36,4,2026-03-13 21:36:30
14881,4556,High,17,8,2025-12-02 21:27:22
14882,4557,Medium,114,1,2026-04-29 06:41:27
14883,4557,Low,44,1,2026-04-09 23:46:57
14884,4557,Low,45,1,2026-01-03 11:46:52
14885,4557,Low,90,3,2026-01-06 05:27:40
14886,4557,Low,114,4,2026-03-18 21:25:18
14887,4557,Medium,38,4,2026-01-21 05:34:05
14888,4557,Medium,109,2,2026-05-15 10:36:19
14889,4558,Medium,4,6,2026-02-15 07:06:21
14890,4558,Medium,13,8,2026-01-12 21:47:11
14891,4558,High,32,8,2025-12-20 10:54:19
14892,4559,Medium,22,6,2025-11-26 13:34:38
14893,4559,Low,27,8,2025-12-28 20:20:06
14894,4559,Medium,17,7,2026-03-06 03:26:00
14895,4560,Medium,74,5,2026-01-16 23:13:39
14896,4560,Low,33,2,2026-04-03 06:15:07
14897,4560,Low,42,3,2025-12-05 17:07:35
14898,4560,Low,78,5,2026-04-09 06:49:52
14899,4560,High,79,1,2026-04-29 00:39:52
14900,4562,Medium,23,9,2025-12-22 22:49:24
14901,4562,Low,11,8,2025-12-16 17:09:15
14902,4563,Medium,6,7,2025-12-15 04:40:15
14903,4563,Medium,1,8,2026-03-14 20:24:52
14904,4564,Low,25,9,2026-01-08 20:36:12
14905,4564,High,29,8,2026-04-29 02:37:33
14906,4564,Medium,18,7,2026-02-11 09:43:54
14907,4565,High,17,7,2026-04-29 02:56:33
14908,4565,High,31,8,2026-01-23 09:18:37
14909,4566,Low,32,7,2026-03-28 17:18:51
14910,4566,Medium,28,6,2025-11-24 09:09:50
14911,4566,Low,8,7,2026-01-03 14:43:14
14912,4567,Medium,41,8,2026-02-11 18:26:32
14913,4567,Low,40,8,2026-04-24 06:44:50
14914,4568,High,22,9,2025-11-28 09:36:20
14915,4568,Low,38,7,2025-12-03 01:53:59
14916,4571,High,41,6,2026-01-18 20:56:15
14917,4572,Low,42,1,2026-03-15 02:40:48
14918,4572,Low,25,4,2026-02-06 13:12:41
14919,4572,High,119,3,2026-05-05 21:44:07
14920,4572,Low,39,4,2026-04-23 08:53:36
14921,4572,High,79,1,2025-12-01 15:33:01
14922,4572,High,68,2,2026-01-24 18:52:04
14923,4572,Medium,109,1,2026-01-24 16:05:17
14924,4574,Medium,15,7,2026-03-07 15:51:58
14925,4574,Medium,41,7,2026-05-10 18:38:59
14926,4574,High,40,8,2026-01-12 22:13:19
14927,4575,Medium,41,6,2025-11-18 19:53:23
14928,4575,High,11,9,2026-05-12 15:45:38
14929,4575,Medium,7,6,2026-04-29 19:58:00
14930,4576,Medium,7,9,2026-02-07 01:39:25
14931,4576,Low,12,7,2026-04-07 01:21:24
14932,4577,High,27,8,2026-05-19 13:58:03
14933,4577,Low,17,9,2026-03-09 05:13:43
14934,4577,Medium,31,6,2026-04-02 03:34:44
14935,4577,Medium,26,8,2025-12-22 05:19:16
14936,4578,High,35,6,2026-01-04 06:15:28
14937,4578,Low,5,9,2026-04-20 23:34:29
14938,4578,High,8,8,2026-04-02 06:54:10
14939,4579,High,21,9,2026-01-28 23:21:43
14940,4579,High,16,7,2026-05-07 08:30:14
14941,4579,High,47,9,2025-11-28 23:45:31
14942,4579,High,28,7,2026-03-02 11:13:16
14943,4581,Medium,14,9,2026-02-10 15:20:25
14944,4582,High,37,9,2026-03-10 00:32:56
14945,4582,High,16,6,2025-11-19 01:18:49
14946,4583,High,88,4,2026-01-31 01:00:40
14947,4583,High,84,3,2026-03-22 07:45:53
14948,4583,High,98,2,2025-12-25 06:31:14
14949,4583,Medium,55,3,2026-01-24 19:49:45
14950,4583,Low,79,5,2025-11-30 23:21:17
14951,4583,Low,26,4,2026-03-13 21:24:33
14952,4583,Low,113,4,2025-12-23 09:17:15
14953,4583,Low,52,5,2026-03-10 14:43:33
14954,4583,High,82,1,2026-01-09 17:21:05
14955,4583,Medium,45,1,2026-05-04 18:20:34
14956,4584,Medium,37,6,2026-05-07 10:47:53
14957,4584,Low,7,8,2025-12-26 18:02:46
14958,4586,Medium,93,2,2026-04-27 13:03:33
14959,4586,Low,37,5,2025-12-03 00:20:10
14960,4586,Low,39,5,2026-05-16 15:27:53
14961,4587,Medium,23,7,2026-04-15 18:51:34
14962,4588,Medium,70,4,2025-12-05 11:44:16
14963,4588,Low,35,2,2026-01-31 09:40:19
14964,4588,Medium,27,4,2025-12-21 02:24:14
14965,4588,High,115,4,2026-01-19 13:09:54
14966,4588,High,29,3,2026-01-01 07:22:08
14967,4588,Medium,70,2,2026-05-15 18:20:54
14968,4589,Low,88,3,2026-03-31 17:54:43
14969,4589,Low,80,1,2025-12-05 01:07:50
14970,4589,Low,36,2,2026-01-26 19:38:32
14971,4589,Low,58,2,2026-05-07 15:28:40
14972,4589,Medium,49,1,2026-04-30 03:22:30
14973,4589,High,61,4,2025-11-22 10:38:41
14974,4590,Low,2,7,2026-02-02 08:02:24
14975,4590,Low,36,6,2026-01-18 16:25:37
14976,4590,Medium,30,7,2026-05-05 21:21:04
14977,4591,High,7,8,2026-03-01 01:07:59
14978,4592,Low,11,6,2026-04-03 09:20:28
14979,4592,Low,8,8,2026-01-30 11:56:52
14980,4592,High,24,7,2026-01-09 23:48:56
14981,4593,Medium,117,4,2026-02-01 08:36:17
14982,4593,High,38,3,2026-04-17 20:44:53
14983,4593,High,62,3,2025-11-18 12:13:43
14984,4593,Medium,65,4,2026-05-10 10:19:31
14985,4593,Medium,64,2,2025-12-16 22:38:26
14986,4593,Medium,75,5,2026-02-21 04:49:20
14987,4593,High,38,4,2026-01-13 01:23:57
14988,4593,High,86,5,2025-12-18 23:52:04
14989,4593,High,102,3,2025-12-31 14:08:14
14990,4593,High,72,4,2026-05-08 23:26:11
14991,4594,High,29,8,2026-01-09 07:14:21
14992,4594,High,31,6,2025-12-20 16:15:34
14993,4595,High,33,5,2026-03-23 02:11:36
14994,4595,Low,33,1,2026-03-05 12:46:34
14995,4595,High,112,1,2026-05-16 11:06:19
14996,4595,High,77,4,2026-02-16 15:32:35
14997,4595,High,92,5,2026-04-26 06:53:42
14998,4595,High,95,1,2025-12-26 18:32:00
14999,4595,High,24,2,2025-12-25 02:26:16
15000,4595,High,35,3,2026-05-09 19:34:45
15001,4596,High,14,9,2026-01-07 20:55:03
15002,4596,Low,18,7,2026-03-29 19:12:54
15003,4597,Low,15,7,2025-12-13 04:15:40
15004,4598,Medium,33,8,2026-03-11 10:19:48
15005,4598,Medium,34,6,2025-12-16 10:35:33
15006,4598,Medium,25,9,2026-04-11 00:50:42
15007,4599,Medium,8,8,2025-12-20 01:16:08
15008,4599,Medium,21,8,2026-04-11 20:50:15
15009,4599,High,46,8,2026-04-29 16:29:59
15010,4599,Medium,44,8,2026-01-25 12:21:28
15011,4601,Medium,11,7,2026-01-06 17:15:21
15012,4601,Medium,21,8,2026-02-16 06:12:59
15013,4601,Low,18,7,2025-12-31 13:40:57
15014,4601,Low,42,9,2026-02-03 00:23:02
15015,4602,Low,40,7,2026-02-04 12:38:04
15016,4602,Low,30,8,2026-03-21 11:09:57
15017,4602,Low,45,8,2026-01-28 08:14:18
15018,4602,Medium,45,6,2026-02-02 16:16:02
15019,4603,Low,21,9,2026-01-25 10:57:27
15020,4604,High,2,6,2026-03-22 12:27:12
15021,4604,Medium,2,6,2025-12-03 12:35:06
15022,4604,Medium,43,6,2025-11-27 03:57:39
15023,4604,High,31,7,2026-04-21 14:28:33
15024,4605,Medium,23,7,2026-04-22 14:16:18
15025,4605,High,47,6,2026-01-05 02:55:31
15026,4605,Medium,33,8,2025-12-08 06:22:15
15027,4606,Low,14,7,2025-11-24 13:41:18
15028,4606,Low,18,8,2026-01-28 21:00:32
15029,4607,High,70,3,2026-03-13 08:45:13
15030,4607,Medium,25,3,2026-05-12 18:01:02
15031,4607,High,71,2,2026-03-07 07:17:10
15032,4607,Low,45,4,2026-01-07 09:06:50
15033,4607,Medium,28,4,2025-12-14 11:25:12
15034,4609,Medium,115,5,2026-01-30 09:24:25
15035,4609,Medium,25,2,2026-03-14 21:14:40
15036,4609,Low,26,1,2025-11-25 14:00:27
15037,4609,Medium,65,5,2026-03-17 21:05:28
15038,4609,Medium,108,5,2025-12-05 13:07:37
15039,4609,Low,110,1,2026-04-18 04:43:02
15040,4609,Medium,115,5,2026-01-01 09:00:18
15041,4609,Medium,47,3,2026-05-11 12:27:50
15042,4609,Low,57,2,2025-12-17 00:55:36
15043,4610,Low,42,6,2026-01-11 04:42:46
15044,4610,Medium,27,7,2025-12-26 12:25:14
15045,4611,Medium,19,9,2026-01-10 07:39:41
15046,4611,High,38,9,2026-03-25 15:33:13
15047,4611,Low,3,8,2026-01-25 07:25:23
15048,4612,Medium,35,6,2025-12-25 22:06:11
15049,4612,Low,15,8,2025-12-03 10:54:00
15050,4612,Medium,19,8,2025-11-30 01:44:42
15051,4613,High,34,3,2025-12-22 15:44:01
15052,4613,Low,108,4,2026-03-19 23:13:02
15053,4613,Medium,57,3,2025-12-11 18:26:33
15054,4613,Low,30,2,2025-12-05 20:38:25
15055,4613,High,67,3,2026-02-24 13:48:09
15056,4613,Medium,87,2,2026-01-03 04:10:18
15057,4614,Medium,23,7,2025-12-05 12:04:01
15058,4614,Low,20,8,2026-03-09 07:24:50
15059,4614,Low,8,6,2026-01-17 12:51:05
15060,4614,Low,3,7,2026-05-07 02:34:44
15061,4617,High,22,7,2026-01-12 06:58:47
15062,4618,Medium,39,9,2026-01-03 23:09:28
15063,4618,Low,36,9,2026-03-05 17:23:29
15064,4618,High,24,9,2026-04-05 14:21:18
15065,4619,Low,17,7,2026-02-15 23:37:04
15066,4621,Low,19,6,2025-11-29 14:40:45
15067,4621,Low,12,9,2025-11-27 23:45:42
15068,4621,Low,32,6,2026-03-24 17:47:00
15069,4622,Medium,31,6,2026-01-24 05:59:10
15070,4622,High,23,7,2026-03-31 04:11:20
15071,4623,High,86,3,2025-12-22 20:55:49
15072,4623,High,49,2,2025-11-27 08:02:43
15073,4623,Low,34,4,2026-01-27 08:08:35
15074,4623,Low,79,5,2025-12-02 10:45:20
15075,4623,Low,91,4,2025-12-04 11:29:48
15076,4623,Medium,112,2,2026-02-08 22:18:31
15077,4623,Medium,33,2,2026-03-07 16:40:07
15078,4623,Low,119,5,2025-11-19 02:39:11
15079,4624,High,84,5,2026-04-15 20:46:55
15080,4624,Low,61,5,2026-03-20 11:14:55
15081,4624,Low,31,1,2025-11-26 15:19:46
15082,4625,Low,25,9,2025-12-22 04:05:16
15083,4625,Low,28,7,2025-12-26 20:22:31
15084,4625,Low,31,9,2026-05-18 12:13:35
15085,4625,Medium,36,6,2026-02-27 20:24:04
15086,4626,Low,41,6,2026-03-19 01:30:58
15087,4626,Medium,38,8,2026-04-29 22:12:10
15088,4626,High,12,6,2026-01-27 07:46:24
15089,4627,High,54,2,2026-04-18 19:21:29
15090,4627,High,113,1,2026-03-14 20:23:32
15091,4627,Low,34,2,2026-02-28 07:32:21
15092,4627,High,52,1,2026-01-20 07:57:07
15093,4627,Medium,74,2,2025-12-25 05:13:43
15094,4627,Low,92,4,2026-05-11 16:36:26
15095,4627,Low,30,5,2026-02-20 01:53:10
15096,4628,High,42,7,2026-01-26 03:40:38
15097,4628,Medium,10,9,2026-04-03 01:22:16
15098,4628,Low,16,8,2025-12-15 05:21:03
15099,4629,Medium,76,3,2025-12-10 04:59:48
15100,4629,High,106,5,2026-05-12 09:33:50
15101,4629,Low,58,5,2025-11-23 13:16:07
15102,4629,High,92,2,2026-03-04 11:58:20
15103,4630,Low,18,8,2026-04-22 13:42:22
15104,4630,Medium,1,6,2026-02-05 23:13:26
15105,4631,High,50,4,2026-02-06 23:22:39
15106,4631,Low,114,1,2026-01-10 16:58:27
15107,4631,High,64,5,2026-04-29 16:42:19
15108,4631,Medium,37,4,2026-02-12 02:28:28
15109,4631,Medium,43,4,2026-05-13 22:41:22
15110,4631,Medium,108,3,2026-05-07 19:53:42
15111,4631,High,89,4,2026-02-24 21:18:35
15112,4631,Medium,47,1,2026-01-23 02:53:09
15113,4632,High,60,3,2025-12-10 22:57:50
15114,4632,High,47,4,2026-04-02 15:37:56
15115,4632,Medium,118,3,2025-11-19 10:16:16
15116,4632,Medium,87,5,2026-01-09 08:49:05
15117,4632,Low,117,1,2025-12-18 18:21:34
15118,4632,Medium,107,4,2025-11-22 15:36:30
15119,4632,High,53,3,2026-04-23 05:33:20
15120,4633,Low,44,2,2026-03-23 11:40:28
15121,4633,Low,115,1,2026-04-29 10:07:51
15122,4633,Medium,35,4,2026-02-13 12:37:28
15123,4633,Low,41,5,2026-03-04 20:13:31
15124,4633,High,115,4,2026-02-11 03:43:07
15125,4633,Low,90,3,2026-03-21 18:35:35
15126,4633,Low,38,1,2026-05-07 19:47:16
15127,4633,Low,118,1,2026-03-05 23:03:36
15128,4635,Low,11,7,2025-12-19 10:22:37
15129,4635,Low,23,6,2025-12-09 07:48:53
15130,4635,Low,16,7,2026-02-11 06:34:42
15131,4635,Medium,38,9,2026-01-04 06:13:17
15132,4636,Low,19,6,2026-01-20 10:33:04
15133,4638,Medium,36,3,2026-05-04 23:01:25
15134,4638,High,55,4,2026-02-27 20:57:57
15135,4638,Medium,32,1,2026-01-17 00:51:58
15136,4638,High,60,3,2026-05-01 15:39:31
15137,4638,Low,78,3,2026-02-18 06:55:29
15138,4638,High,86,2,2026-04-06 01:48:14
15139,4638,Medium,68,3,2026-03-28 04:39:41
15140,4639,Medium,34,6,2026-02-09 14:54:16
15141,4639,Low,21,6,2026-05-11 04:41:49
15142,4639,High,3,8,2026-04-30 08:04:38
15143,4640,High,44,8,2025-11-24 22:13:38
15144,4640,High,33,6,2026-03-07 22:21:15
15145,4640,Medium,30,7,2026-03-29 04:09:56
15146,4640,High,26,9,2026-01-31 18:43:43
15147,4641,Medium,38,6,2026-01-20 01:45:49
15148,4643,Low,54,2,2026-01-29 18:29:53
15149,4643,Medium,112,1,2025-11-23 23:46:51
15150,4643,Low,105,3,2026-04-06 10:31:35
15151,4643,Medium,87,4,2026-03-05 20:23:05
15152,4643,Low,76,1,2026-02-22 17:09:01
15153,4643,Low,69,5,2025-11-27 06:46:01
15154,4643,Low,95,2,2025-12-08 08:37:42
15155,4643,Medium,96,5,2026-01-11 03:46:12
15156,4644,Low,27,9,2026-02-01 02:28:22
15157,4644,Medium,6,7,2025-12-25 23:19:10
15158,4644,Medium,45,9,2026-01-06 12:51:38
15159,4645,High,22,9,2025-12-19 14:35:11
15160,4645,Medium,27,6,2026-02-04 12:24:48
15161,4645,Medium,2,6,2026-02-03 12:21:53
15162,4646,Medium,11,9,2026-04-24 02:58:24
15163,4647,High,43,8,2025-12-27 08:21:58
15164,4647,Medium,14,7,2026-05-18 07:05:05
15165,4647,High,38,7,2026-03-22 22:13:20
15166,4648,Low,36,7,2026-04-02 17:30:38
15167,4649,Medium,78,3,2026-01-23 11:27:29
15168,4649,Medium,88,4,2025-12-11 16:54:01
15169,4649,Low,87,2,2026-03-11 17:40:02
15170,4649,Medium,81,2,2026-01-25 17:21:36
15171,4649,Medium,46,5,2026-02-07 02:08:12
15172,4650,Low,23,9,2025-12-23 10:45:55
15173,4651,Low,59,1,2026-04-27 14:43:37
15174,4651,High,105,2,2025-11-29 21:51:00
15175,4651,High,67,4,2026-05-01 18:21:06
15176,4651,Medium,50,4,2025-11-23 19:21:43
15177,4651,Medium,75,2,2026-02-18 23:48:03
15178,4652,High,25,8,2026-04-02 12:19:56
15179,4653,Medium,97,4,2026-03-31 09:30:57
15180,4653,Low,34,1,2026-02-21 10:25:32
15181,4653,Low,26,3,2026-05-15 22:17:40
15182,4653,High,45,4,2025-12-07 07:15:01
15183,4653,Medium,31,4,2026-03-07 10:01:49
15184,4654,High,111,4,2025-12-04 13:25:26
15185,4654,Medium,39,4,2026-01-18 04:05:08
15186,4654,Medium,39,4,2026-01-24 16:23:57
15187,4654,Low,42,5,2026-04-03 02:20:47
15188,4654,Low,35,5,2026-04-06 20:25:00
15189,4654,Medium,28,2,2025-11-21 18:36:26
15190,4654,High,40,2,2025-12-19 09:52:29
15191,4654,Low,107,5,2026-01-31 17:42:42
15192,4655,Low,39,1,2026-05-09 10:57:06
15193,4655,Medium,39,2,2026-01-10 19:58:53
15194,4655,High,26,1,2025-12-29 10:43:54
15195,4655,High,51,5,2026-01-10 03:38:18
15196,4655,High,91,3,2026-04-06 22:57:27
15197,4655,High,98,5,2025-12-08 20:46:49
15198,4656,Medium,18,9,2026-03-29 08:40:29
15199,4656,High,14,8,2026-05-08 05:04:58
15200,4656,Medium,18,6,2025-11-22 20:26:21
15201,4656,High,44,7,2025-11-30 18:34:03
15202,4657,High,12,9,2026-04-03 19:40:00
15203,4657,High,27,7,2026-03-02 10:02:26
15204,4657,Low,24,8,2026-05-04 09:44:57
15205,4657,Medium,33,6,2026-02-20 12:44:56
15206,4659,High,103,2,2026-01-16 20:19:17
15207,4659,High,35,1,2025-11-30 12:06:56
15208,4659,High,76,5,2026-01-23 20:56:46
15209,4659,Medium,95,3,2026-01-27 02:01:21
15210,4659,High,87,2,2026-01-23 18:38:43
15211,4659,Medium,107,2,2025-12-03 02:45:44
15212,4659,Low,27,4,2026-03-15 07:13:14
15213,4659,Medium,68,2,2026-04-22 10:55:29
15214,4659,Medium,59,5,2026-04-23 12:09:34
15215,4659,Low,42,2,2026-03-31 10:09:27
15216,4660,High,41,4,2026-05-02 17:32:01
15217,4660,High,47,1,2026-03-09 17:15:09
15218,4660,Low,24,4,2026-04-30 06:06:44
15219,4660,Medium,98,2,2026-04-01 22:05:02
15220,4660,Medium,39,1,2026-03-14 22:41:53
15221,4660,Medium,47,2,2026-04-26 06:03:02
15222,4660,High,91,3,2026-05-04 13:19:12
15223,4660,High,102,2,2026-03-10 12:25:29
15224,4660,Low,118,1,2026-03-27 23:28:24
15225,4661,High,10,6,2026-01-06 01:06:59
15226,4661,Low,25,8,2026-02-24 01:39:11
15227,4662,Medium,5,7,2026-01-11 11:39:27
15228,4662,Medium,42,9,2026-05-09 19:18:17
15229,4662,High,38,6,2026-05-14 03:03:39
15230,4663,Low,89,2,2026-03-14 08:54:08
15231,4663,High,116,5,2026-01-08 18:12:06
15232,4663,High,107,3,2025-12-06 03:43:22
15233,4664,Medium,37,6,2025-12-24 04:58:18
15234,4664,Medium,26,7,2026-04-07 22:53:27
15235,4666,Low,37,6,2026-03-12 18:33:00
15236,4666,Low,4,6,2025-12-25 20:29:27
15237,4666,Low,22,7,2026-02-27 02:18:02
15238,4666,Medium,33,9,2026-02-03 23:04:19
15239,4667,Medium,111,4,2026-03-07 00:31:00
15240,4667,Low,89,5,2026-05-14 21:16:09
15241,4667,Medium,72,3,2025-12-14 06:38:00
15242,4667,Low,58,2,2026-02-07 20:16:23
15243,4667,Low,97,5,2026-04-10 21:55:31
15244,4667,Medium,46,2,2026-02-10 13:21:24
15245,4668,High,47,9,2025-12-11 14:28:45
15246,4668,Medium,16,9,2026-05-05 01:58:02
15247,4668,Low,28,9,2026-02-01 22:11:18
15248,4668,High,44,9,2026-04-16 12:31:40
15249,4669,High,14,9,2026-01-04 13:24:51
15250,4669,High,21,9,2026-03-06 07:46:46
15251,4671,High,16,7,2025-11-22 18:20:17
15252,4671,Low,44,7,2026-04-23 19:36:15
15253,4671,High,23,9,2026-04-05 12:53:31
15254,4672,Medium,29,7,2026-04-02 22:12:47
15255,4672,Low,43,6,2026-03-19 17:47:36
15256,4672,Low,7,6,2026-04-24 08:55:17
15257,4672,Medium,44,6,2026-01-22 03:12:37
15258,4673,High,17,6,2025-11-22 08:00:27
15259,4673,Medium,6,9,2026-04-03 06:13:22
15260,4673,Low,20,7,2026-02-01 10:23:41
15261,4673,High,9,9,2026-02-07 07:34:29
15262,4674,Low,55,2,2025-12-13 05:36:43
15263,4674,High,106,1,2026-05-08 00:00:40
15264,4674,Medium,87,2,2026-04-20 05:09:54
15265,4674,Low,46,2,2026-02-05 03:31:34
15266,4674,Medium,77,4,2026-01-19 01:59:56
15267,4674,High,60,1,2026-03-28 07:58:03
15268,4675,Medium,30,6,2025-12-12 21:17:55
15269,4678,High,83,2,2026-05-16 19:23:23
15270,4678,High,103,1,2026-03-03 05:56:37
15271,4678,Medium,25,4,2025-11-25 13:20:36
15272,4678,Low,80,3,2026-01-14 11:16:47
15273,4678,High,66,3,2026-01-12 07:08:07
15274,4679,High,34,1,2025-11-20 08:53:11
15275,4679,Medium,86,3,2025-12-04 08:00:29
15276,4679,Medium,54,1,2026-03-06 21:34:58
15277,4679,Low,95,4,2025-12-30 17:45:06
15278,4679,Medium,73,5,2026-04-11 03:13:31
15279,4679,Low,50,5,2026-01-23 19:23:54
15280,4679,High,73,4,2026-05-03 04:06:28
15281,4680,Medium,34,6,2026-01-18 05:15:05
15282,4681,Medium,61,3,2026-01-29 05:13:19
15283,4681,Medium,102,4,2026-04-17 15:04:23
15284,4681,High,111,2,2025-12-06 10:33:16
15285,4681,High,60,3,2026-05-15 07:43:55
15286,4682,Low,42,1,2026-05-14 23:15:07
15287,4682,Low,104,2,2026-02-21 12:59:53
15288,4682,Low,66,3,2026-04-16 09:32:01
15289,4682,Low,74,3,2026-01-18 23:04:43
15290,4683,Low,15,9,2025-11-24 10:03:34
15291,4684,Low,30,7,2025-12-10 12:20:35
15292,4684,Low,33,7,2026-02-07 18:33:29
15293,4685,Medium,7,7,2026-04-13 02:17:12
15294,4685,Low,12,7,2026-04-06 00:57:44
15295,4685,High,29,6,2026-05-10 22:51:35
15296,4686,Medium,7,9,2026-01-31 06:16:34
15297,4686,High,27,9,2025-12-19 17:24:24
15298,4686,Low,20,6,2026-03-23 17:33:58
15299,4686,Medium,14,7,2025-11-27 20:27:23
15300,4687,Medium,41,8,2026-02-03 15:47:00
15301,4687,Low,30,8,2025-12-10 02:41:16
15302,4687,Medium,31,9,2026-02-28 18:21:26
15303,4687,Low,10,8,2025-11-30 20:21:55
15304,4688,Low,19,9,2026-04-22 02:38:42
15305,4688,Medium,23,6,2026-04-24 17:02:11
15306,4689,High,82,4,2026-04-03 20:52:46
15307,4689,Medium,82,4,2025-12-06 15:10:15
15308,4689,High,27,1,2026-03-14 05:17:45
15309,4689,Low,88,5,2025-12-14 17:25:41
15310,4689,High,90,4,2026-03-11 08:22:03
15311,4689,Low,116,5,2026-03-30 19:26:46
15312,4690,Low,118,1,2026-02-10 12:06:01
15313,4690,Low,59,2,2025-12-25 23:03:12
15314,4690,Medium,45,1,2025-11-20 12:32:24
15315,4690,Low,118,4,2026-04-07 02:34:20
15316,4691,High,45,7,2026-01-15 21:11:20
15317,4691,High,29,8,2025-12-26 12:25:57
15318,4691,Low,9,8,2025-12-09 19:48:09
15319,4691,Medium,32,8,2025-11-21 18:39:12
15320,4692,Low,27,7,2026-03-10 03:15:42
15321,4692,Medium,25,6,2026-03-03 20:01:01
15322,4693,Medium,45,6,2025-12-31 11:49:26
15323,4693,Low,11,6,2026-03-26 02:22:57
15324,4693,High,9,8,2025-11-23 20:18:45
15325,4694,Low,7,7,2026-01-21 20:57:29
15326,4694,Low,19,9,2025-12-10 02:48:55
15327,4694,Low,42,6,2026-01-13 17:24:09
15328,4695,High,5,9,2026-05-07 20:17:25
15329,4695,Medium,29,8,2025-11-19 23:14:53
15330,4695,High,27,6,2025-12-28 12:26:07
15331,4695,High,37,8,2025-11-29 12:33:04
15332,4697,High,4,7,2026-03-13 13:13:29
15333,4698,High,17,6,2026-01-20 17:05:11
15334,4698,Medium,16,7,2026-05-10 01:00:14
15335,4698,Medium,9,7,2026-01-14 15:23:16
15336,4699,High,43,8,2026-04-03 22:12:35
15337,4699,Medium,35,9,2026-02-13 09:15:31
15338,4700,Low,38,7,2026-02-22 18:51:57
15339,4702,Low,37,6,2026-05-03 21:34:02
15340,4702,Low,6,7,2026-02-09 21:15:03
15341,4702,High,22,7,2026-02-28 14:35:20
15342,4703,Low,2,9,2026-01-12 05:00:58
15343,4703,High,17,9,2026-02-25 13:12:07
15344,4704,High,88,1,2026-05-09 10:34:23
15345,4704,Medium,36,4,2026-02-28 19:31:48
15346,4704,Medium,81,2,2026-05-07 08:09:17
15347,4704,High,51,3,2026-03-02 21:38:14
15348,4704,Low,33,1,2026-05-11 23:40:29
15349,4704,Medium,113,2,2026-05-13 02:03:47
15350,4704,Medium,100,1,2026-04-23 14:05:49
15351,4704,Low,63,4,2026-01-02 15:30:08
15352,4705,Low,46,3,2025-11-20 23:39:49
15353,4705,High,98,4,2026-01-01 08:30:07
15354,4705,High,32,5,2026-03-16 08:11:58
15355,4705,High,60,5,2026-05-19 11:08:48
15356,4705,Low,42,3,2025-12-25 17:47:12
15357,4706,Low,9,8,2026-04-29 04:57:04
15358,4706,Medium,27,6,2026-03-27 08:10:59
15359,4706,Medium,12,6,2026-02-18 23:49:54
15360,4706,High,42,9,2026-03-04 06:32:32
15361,4707,High,13,9,2025-12-12 10:32:05
15362,4707,Medium,13,8,2026-04-17 08:31:06
15363,4707,Low,26,8,2026-03-23 02:30:30
15364,4707,High,29,6,2025-11-23 09:18:16
15365,4708,High,45,1,2026-01-31 19:31:09
15366,4708,Medium,111,2,2026-04-24 02:21:42
15367,4708,Low,42,5,2026-05-03 17:03:21
15368,4709,High,39,8,2026-01-21 19:36:23
15369,4709,Medium,32,8,2026-03-15 23:40:49
15370,4710,Low,46,7,2025-12-27 02:53:57
15371,4710,Low,46,6,2026-01-19 22:21:24
15372,4712,High,116,1,2026-02-04 14:10:13
15373,4712,Low,75,2,2026-01-29 03:28:48
15374,4712,High,96,3,2025-12-17 12:03:55
15375,4712,Medium,93,5,2026-03-07 20:16:11
15376,4712,Medium,101,5,2026-03-31 23:59:11
15377,4712,Low,72,1,2026-02-23 14:41:09
15378,4712,Medium,42,1,2026-03-08 15:45:40
15379,4713,Medium,51,2,2026-01-04 22:55:22
15380,4713,Low,61,1,2026-04-17 11:07:01
15381,4713,High,92,1,2026-03-29 19:18:44
15382,4713,Medium,88,5,2026-02-06 11:05:43
15383,4713,Low,91,2,2025-12-16 01:09:41
15384,4713,Medium,51,3,2026-02-10 07:27:58
15385,4713,Medium,101,1,2026-01-29 00:51:47
15386,4713,High,91,2,2026-01-01 23:34:03
15387,4714,Medium,11,8,2025-12-28 18:40:27
15388,4714,Low,32,9,2026-03-20 04:27:31
15389,4716,Medium,24,2,2026-03-07 21:19:22
15390,4716,Low,56,1,2026-05-03 09:12:09
15391,4716,High,50,2,2026-02-26 10:01:44
15392,4716,Low,92,1,2026-02-25 23:02:08
15393,4716,Low,95,2,2026-02-25 00:37:01
15394,4716,High,27,4,2026-04-05 06:42:15
15395,4716,High,81,3,2026-04-11 07:04:15
15396,4717,Medium,82,5,2025-12-27 05:26:30
15397,4717,Low,59,5,2026-01-14 00:45:09
15398,4717,Low,45,1,2026-01-03 07:38:44
15399,4717,Medium,73,4,2026-01-15 00:23:08
15400,4718,Medium,36,9,2026-01-04 20:37:41
15401,4718,Low,25,9,2026-03-12 00:07:52
15402,4719,High,38,9,2025-11-28 03:34:59
15403,4720,High,36,9,2026-02-13 01:01:36
15404,4721,Low,66,4,2025-12-13 06:09:28
15405,4721,Low,69,4,2026-04-25 16:38:45
15406,4721,Medium,36,5,2026-04-12 10:32:29
15407,4721,Medium,48,3,2025-12-10 22:49:43
15408,4722,High,32,8,2026-05-15 04:15:30
15409,4722,Low,1,8,2025-12-15 05:48:12
15410,4722,High,2,6,2025-11-19 21:50:58
15411,4722,High,22,7,2026-03-30 01:33:43
15412,4723,High,46,6,2026-03-14 08:07:04
15413,4723,High,13,9,2025-12-09 17:37:11
15414,4723,Medium,23,8,2026-04-24 12:14:13
15415,4723,High,31,8,2026-05-10 21:19:24
15416,4724,Low,38,6,2026-04-19 17:34:27
15417,4724,Medium,35,7,2026-04-12 00:28:27
15418,4726,Medium,45,6,2026-03-19 14:17:40
15419,4726,Low,13,7,2026-04-23 18:43:00
15420,4727,Medium,7,6,2026-05-05 12:54:24
15421,4727,High,29,9,2026-03-09 12:07:49
15422,4729,Low,8,7,2026-04-14 07:48:17
15423,4731,Low,30,3,2026-03-19 00:16:00
15424,4731,Medium,46,4,2026-01-05 20:39:36
15425,4731,Low,55,5,2025-12-20 01:17:14
15426,4732,Medium,4,7,2026-04-08 03:41:21
15427,4732,Medium,42,8,2026-02-15 11:21:49
15428,4732,High,5,8,2025-11-28 04:55:40
15429,4734,Low,45,4,2026-04-23 03:54:33
15430,4734,High,45,2,2026-03-05 04:11:17
15431,4734,High,52,3,2026-02-15 10:22:07
15432,4734,Low,65,4,2026-01-13 04:31:36
15433,4734,Low,100,2,2026-01-21 01:19:13
15434,4734,Medium,115,4,2025-12-29 13:23:40
15435,4734,Low,82,4,2026-03-09 21:02:55
15436,4735,High,107,1,2026-03-05 11:48:46
15437,4735,High,51,5,2026-04-15 01:25:37
15438,4735,High,54,2,2026-03-30 10:23:12
15439,4735,Low,101,5,2025-12-16 05:32:49
15440,4735,High,111,3,2025-12-04 23:36:05
15441,4737,Low,41,7,2026-03-10 08:51:35
15442,4737,High,23,6,2026-01-29 15:11:11
15443,4737,High,31,7,2025-12-02 00:57:48
15444,4738,Low,116,2,2025-11-20 17:14:03
15445,4738,High,96,1,2026-02-23 16:12:39
15446,4738,High,100,1,2026-04-27 06:43:04
15447,4738,High,74,5,2026-03-19 11:03:30
15448,4738,Low,64,1,2026-01-26 23:10:43
15449,4739,Low,1,6,2026-04-24 17:21:48
15450,4739,High,40,7,2026-03-23 11:42:15
15451,4739,High,36,8,2025-12-14 23:37:08
15452,4740,High,77,1,2026-02-18 05:13:28
15453,4740,High,75,4,2026-03-02 04:46:08
15454,4740,Low,80,1,2026-03-08 23:06:23
15455,4740,Medium,109,4,2025-12-06 14:30:55
15456,4740,High,113,4,2026-05-07 01:37:57
15457,4740,Low,97,3,2026-01-14 13:20:09
15458,4740,Low,25,5,2026-05-09 02:32:12
15459,4741,Low,31,6,2026-02-15 07:29:15
15460,4741,High,32,8,2026-01-30 23:31:17
15461,4741,High,12,7,2026-01-19 02:45:56
15462,4742,Low,3,8,2026-03-29 12:06:32
15463,4742,High,26,7,2026-04-23 00:23:20
15464,4742,Medium,12,9,2026-01-05 21:52:47
15465,4743,Low,26,9,2026-02-23 13:57:31
15466,4743,Medium,8,6,2026-02-18 00:50:49
15467,4744,Medium,28,8,2025-12-15 11:08:06
15468,4744,High,15,6,2025-12-29 17:11:43
15469,4744,Medium,41,9,2026-01-31 21:17:00
15470,4744,Medium,8,7,2026-04-05 12:24:42
15471,4745,High,38,2,2025-11-25 01:54:43
15472,4745,Low,69,5,2026-01-01 00:41:34
15473,4745,High,84,1,2026-04-05 20:24:27
15474,4745,Medium,66,4,2026-03-29 04:44:06
15475,4745,Medium,89,5,2026-02-28 15:18:07
15476,4745,High,62,4,2026-04-24 19:59:33
15477,4746,Medium,5,6,2026-04-12 08:00:09
15478,4746,Low,15,8,2026-02-01 07:55:59
15479,4746,Low,16,6,2026-05-10 16:04:29
15480,4746,Medium,36,7,2026-03-28 04:17:38
15481,4747,Low,18,8,2026-02-17 13:33:37
15482,4747,High,25,7,2026-03-13 14:02:46
15483,4747,Medium,31,8,2026-02-19 06:49:18
15484,4747,High,37,7,2026-04-09 14:02:38
15485,4748,High,110,3,2026-04-02 18:44:35
15486,4748,Low,38,2,2026-04-29 14:06:54
15487,4748,High,36,5,2025-11-19 00:28:27
15488,4748,High,88,4,2026-02-09 06:03:39
15489,4748,Low,72,2,2026-02-04 01:43:59
15490,4749,Low,33,7,2026-05-09 20:43:29
15491,4750,Low,66,1,2025-12-07 14:20:08
15492,4750,Low,91,4,2026-01-08 02:37:02
15493,4750,High,31,2,2025-12-19 16:34:20
15494,4753,Low,27,2,2025-12-29 06:44:50
15495,4753,Low,107,4,2026-03-21 18:28:36
15496,4753,Medium,76,3,2025-12-15 00:27:38
15497,4753,Low,97,4,2026-03-12 11:41:54
15498,4753,High,38,4,2025-12-09 11:32:13
15499,4753,Low,24,3,2026-05-01 18:48:46
15500,4753,High,116,2,2026-04-25 04:07:36
15501,4753,Low,107,2,2026-03-18 04:28:58
15502,4753,High,71,5,2026-02-09 13:17:46
15503,4755,Medium,96,3,2025-11-30 16:35:34
15504,4755,Low,119,1,2026-03-31 09:38:41
15505,4755,Medium,106,3,2025-11-21 04:23:31
15506,4756,Medium,37,7,2026-05-13 08:46:47
15507,4757,Low,72,3,2025-12-12 23:48:44
15508,4757,High,33,5,2026-03-01 02:02:26
15509,4757,High,44,2,2026-02-22 09:05:37
15510,4757,Low,96,2,2026-02-10 11:05:05
15511,4757,Medium,73,4,2026-01-28 15:29:34
15512,4758,Medium,70,5,2026-04-29 06:34:48
15513,4758,Medium,107,2,2026-02-04 05:47:58
15514,4758,High,86,4,2026-02-10 04:50:31
15515,4758,High,64,2,2025-12-31 19:28:03
15516,4758,High,39,1,2026-01-29 13:18:46
15517,4758,Medium,27,4,2026-05-14 06:40:58
15518,4758,Medium,88,4,2026-01-16 07:47:22
15519,4758,High,70,3,2026-04-12 05:54:23
15520,4759,High,13,7,2026-01-25 17:40:54
15521,4760,Low,45,7,2026-01-17 01:38:13
15522,4761,Medium,31,9,2026-04-29 13:59:16
15523,4761,Low,7,6,2026-03-17 03:15:16
15524,4761,High,40,6,2026-02-08 16:05:04
15525,4762,Medium,51,2,2026-02-15 16:33:04
15526,4762,Medium,67,2,2026-05-16 22:17:42
15527,4762,Medium,79,4,2026-04-09 03:19:45
15528,4762,Medium,107,1,2026-01-21 02:58:26
15529,4762,Low,57,4,2026-03-01 07:28:38
15530,4762,Medium,52,5,2026-02-13 01:52:40
15531,4764,Medium,15,8,2026-04-06 19:51:16
15532,4764,Low,17,8,2026-01-16 10:26:43
15533,4764,Low,38,6,2025-12-09 00:42:27
15534,4766,High,27,6,2025-12-09 05:22:02
15535,4766,Medium,15,6,2026-05-04 04:00:00
15536,4766,Low,28,7,2026-01-07 23:06:49
15537,4767,Low,4,6,2026-04-01 12:04:35
15538,4767,Medium,34,8,2026-04-03 02:54:47
15539,4767,Low,37,7,2026-03-23 09:31:57
15540,4768,Medium,27,5,2026-01-01 04:33:26
15541,4768,Low,74,5,2026-03-02 03:46:43
15542,4768,Medium,35,1,2026-02-05 13:28:54
15543,4768,Low,79,1,2025-11-22 02:13:08
15544,4768,Medium,81,5,2026-02-19 00:58:51
15545,4768,High,27,1,2026-03-19 09:47:29
15546,4768,Low,69,4,2025-11-27 00:52:46
15547,4769,Medium,30,7,2025-12-30 02:17:42
15548,4769,Medium,32,9,2026-03-09 12:39:13
15549,4769,Medium,36,8,2026-04-28 20:16:16
15550,4769,High,17,6,2025-12-28 14:04:17
15551,4770,Medium,14,8,2026-01-09 14:07:53
15552,4771,High,67,4,2025-12-01 01:10:41
15553,4771,Medium,49,3,2026-01-09 10:50:51
15554,4771,Medium,39,5,2026-01-21 16:08:11
15555,4771,Medium,112,1,2026-04-02 22:25:15
15556,4771,Medium,101,1,2026-05-18 13:33:47
15557,4771,Low,85,4,2026-04-27 19:18:46
15558,4772,Low,3,8,2026-03-05 01:00:15
15559,4772,Medium,46,8,2025-12-26 21:40:40
15560,4772,Low,43,6,2025-12-06 00:00:18
15561,4774,High,45,9,2026-03-17 13:05:26
15562,4775,Medium,42,8,2026-03-04 08:49:46
15563,4775,Low,16,9,2026-02-02 13:57:33
15564,4775,High,8,6,2026-04-21 21:48:34
15565,4776,High,13,7,2026-01-07 23:45:46
15566,4776,Low,11,9,2026-03-11 00:45:15
15567,4776,Low,18,6,2026-01-14 22:31:17
15568,4776,Medium,6,9,2026-03-02 18:30:18
15569,4777,High,32,7,2025-12-11 05:08:29
15570,4777,Medium,44,6,2026-05-08 23:31:34
15571,4779,High,4,8,2026-02-18 02:02:53
15572,4779,High,43,9,2025-11-19 12:53:04
15573,4780,High,34,9,2026-05-04 10:39:04
15574,4780,Medium,7,6,2026-02-18 21:16:56
15575,4783,Low,15,9,2026-04-15 16:28:09
15576,4783,Low,32,7,2026-04-24 03:11:14
15577,4783,Medium,40,6,2025-12-22 17:14:43
15578,4783,Medium,25,6,2026-02-08 23:06:37
15579,4784,High,14,7,2026-01-06 15:24:39
15580,4785,High,89,1,2026-04-26 20:46:19
15581,4785,Medium,77,3,2026-03-06 12:46:53
15582,4785,High,72,3,2026-02-10 14:07:38
15583,4785,Low,46,5,2025-11-30 11:50:10
15584,4785,Low,87,3,2026-03-02 22:14:11
15585,4786,Medium,116,5,2026-04-01 19:38:06
15586,4786,High,77,3,2026-01-06 13:11:46
15587,4786,High,29,2,2026-02-27 13:55:25
15588,4787,High,105,5,2026-03-23 16:55:01
15589,4787,Medium,69,1,2025-12-14 14:51:11
15590,4787,Low,34,1,2026-01-05 20:41:38
15591,4787,Medium,33,1,2025-11-19 21:52:16
15592,4787,Low,67,2,2026-01-24 21:26:12
15593,4787,Low,56,3,2026-01-06 11:09:30
15594,4787,Low,79,2,2025-12-09 23:15:45
15595,4787,High,35,2,2025-12-17 23:55:22
15596,4787,Medium,24,1,2026-05-05 18:23:11
15597,4788,Medium,56,4,2026-03-25 21:16:51
15598,4788,High,59,5,2026-04-11 11:05:05
15599,4788,Medium,107,4,2026-01-20 14:06:27
15600,4788,High,49,1,2025-12-28 08:17:58
15601,4788,Low,61,2,2025-12-22 21:00:38
15602,4788,High,69,2,2026-04-08 22:27:40
15603,4788,Medium,30,4,2026-02-01 09:59:05
15604,4788,High,86,3,2025-12-13 01:19:54
15605,4788,High,96,3,2025-11-20 00:57:24
15606,4789,Low,27,5,2025-11-25 16:02:05
15607,4789,Medium,65,4,2026-04-27 18:05:38
15608,4789,Medium,115,3,2025-11-27 01:23:04
15609,4789,High,52,2,2026-02-16 14:03:36
15610,4789,Low,92,5,2026-03-15 01:22:23
15611,4789,Low,64,5,2025-12-27 13:35:01
15612,4789,Medium,78,4,2026-02-14 01:16:11
15613,4789,Low,64,1,2026-04-16 02:02:01
15614,4790,Medium,29,7,2026-05-12 10:55:52
15615,4790,Medium,38,7,2026-02-01 12:17:41
15616,4791,High,40,7,2026-01-14 19:25:16
15617,4792,Medium,57,5,2026-03-03 10:21:05
15618,4792,Low,72,2,2026-03-05 22:21:40
15619,4792,Medium,37,2,2025-12-21 17:38:52
15620,4792,High,56,2,2026-04-07 20:08:20
15621,4792,Low,115,4,2026-02-25 03:22:23
15622,4792,High,110,2,2026-01-19 16:33:19
15623,4792,Low,40,4,2026-04-14 16:09:50
15624,4792,Low,98,5,2025-11-24 23:46:14
15625,4793,Low,15,9,2026-03-11 03:00:10
15626,4793,Low,39,7,2026-05-13 18:34:15
15627,4793,Medium,10,8,2026-02-01 14:16:46
15628,4793,Low,24,9,2026-03-03 20:35:09
15629,4794,Medium,5,6,2025-11-22 21:12:52
15630,4795,High,43,9,2026-02-28 02:41:24
15631,4795,High,19,6,2026-03-18 06:16:45
15632,4795,Low,8,8,2026-02-15 20:04:21
15633,4797,Medium,40,6,2026-01-14 14:43:55
15634,4797,High,37,9,2026-03-05 09:59:42
15635,4797,Low,27,7,2025-11-28 01:08:35
15636,4797,Low,24,6,2026-01-25 03:12:07
15637,4798,Low,2,9,2026-04-25 17:44:58
15638,4799,Low,14,9,2026-05-06 08:00:41
15639,4799,Low,17,9,2026-05-01 14:52:14
15640,4800,Low,6,8,2026-05-18 13:07:52
15641,4800,High,17,6,2026-05-17 08:24:28
15642,4801,Low,61,4,2026-03-02 02:47:07
15643,4801,Medium,87,1,2025-12-08 16:55:59
15644,4801,High,29,4,2026-03-15 09:35:29
15645,4801,High,72,5,2025-11-24 21:07:03
15646,4801,Medium,46,4,2026-03-03 05:04:12
15647,4801,Low,80,5,2026-03-02 04:36:01
15648,4801,Low,50,5,2026-01-31 13:12:07
15649,4801,Medium,94,3,2026-02-16 00:07:50
15650,4801,Low,64,5,2026-03-11 10:23:09
15651,4802,Low,15,6,2025-12-18 19:18:40
15652,4802,Low,4,6,2026-01-17 05:22:06
15653,4802,Medium,7,8,2025-12-10 13:02:56
15654,4802,High,36,6,2026-03-24 16:10:57
15655,4803,High,15,9,2026-03-28 21:09:20
15656,4803,High,2,9,2026-01-14 14:36:27
15657,4803,Low,5,8,2026-05-08 13:04:20
15658,4803,Low,22,6,2026-02-19 11:10:35
15659,4804,High,31,9,2026-03-30 09:31:24
15660,4804,Medium,8,6,2026-02-10 14:12:00
15661,4804,High,42,8,2026-05-15 09:37:39
15662,4805,High,88,3,2025-11-25 21:00:11
15663,4805,High,61,2,2025-11-26 21:30:34
15664,4805,High,60,1,2026-04-10 10:36:54
15665,4805,Low,77,3,2025-12-07 03:56:06
15666,4805,Medium,70,2,2026-01-29 05:41:38
15667,4806,Medium,8,9,2026-04-28 20:42:04
15668,4807,Low,43,7,2026-02-20 00:16:17
15669,4807,Low,20,8,2025-11-29 18:36:12
15670,4808,High,68,1,2026-03-31 07:17:09
15671,4808,Medium,36,4,2026-04-19 05:08:18
15672,4808,Low,107,2,2026-02-13 23:02:52
15673,4808,Medium,87,1,2026-01-05 19:42:09
15674,4808,High,109,4,2026-01-17 04:07:02
15675,4808,Medium,71,5,2026-02-09 03:48:20
15676,4809,Medium,17,9,2026-04-25 13:00:53
15677,4809,High,11,6,2025-12-16 11:15:05
15678,4810,Low,5,6,2026-02-20 17:56:08
15679,4812,Low,26,9,2026-05-01 06:16:15
15680,4812,High,40,6,2026-04-10 01:28:24
15681,4812,Medium,32,9,2026-05-03 00:49:52
15682,4812,Low,38,7,2026-03-31 04:02:29
15683,4813,Low,31,1,2026-05-02 05:42:59
15684,4813,Low,68,1,2026-02-28 15:35:47
15685,4813,High,64,5,2026-02-06 10:31:19
15686,4813,Low,32,3,2026-04-16 20:15:18
15687,4813,High,47,1,2025-11-30 16:18:40
15688,4814,Low,34,3,2025-11-23 13:57:56
15689,4814,Low,52,1,2025-11-24 21:23:45
15690,4814,Low,94,4,2025-12-23 19:11:10
15691,4814,Low,102,5,2026-01-06 10:38:47
15692,4814,Medium,116,5,2026-05-11 03:09:22
15693,4815,Low,24,6,2025-11-28 16:43:52
15694,4815,High,14,9,2026-01-09 05:03:25
15695,4815,Medium,11,8,2026-05-09 14:19:58
15696,4816,High,17,8,2026-05-16 02:10:18
15697,4817,Low,27,9,2026-01-19 00:12:16
15698,4819,Medium,3,8,2026-04-22 02:04:37
15699,4820,High,2,9,2026-04-18 19:15:57
15700,4820,Medium,18,9,2026-02-08 06:03:02
15701,4821,High,21,8,2026-03-08 09:23:21
15702,4823,Medium,14,9,2026-04-04 06:46:26
15703,4824,Low,2,7,2026-03-02 05:06:59
15704,4824,Low,19,7,2026-04-05 19:22:41
15705,4824,Medium,28,6,2026-03-09 12:36:56
15706,4826,Low,5,8,2026-05-16 22:04:19
15707,4826,High,28,9,2026-02-19 09:23:27
15708,4826,Medium,41,9,2025-12-11 01:51:01
15709,4826,Low,26,8,2025-12-29 21:29:58
15710,4828,Low,5,8,2026-03-08 09:22:12
15711,4830,Medium,46,6,2026-03-12 06:50:01
15712,4832,Low,32,9,2025-11-27 08:04:22
15713,4832,High,26,6,2025-12-09 09:24:00
15714,4832,Low,15,6,2025-12-06 06:28:49
15715,4833,High,4,6,2026-02-01 10:59:41
15716,4833,High,36,9,2026-03-26 01:55:06
15717,4834,High,27,6,2026-03-08 02:15:14
15718,4834,High,22,9,2026-02-28 11:39:15
15719,4834,High,7,8,2026-01-12 02:00:50
15720,4834,High,31,6,2025-12-06 19:56:36
15721,4835,Medium,73,3,2026-04-20 12:56:40
15722,4835,Low,51,2,2026-04-24 23:57:21
15723,4835,High,50,5,2026-02-18 02:28:04
15724,4835,High,89,3,2026-03-12 00:53:29
15725,4835,High,107,4,2025-11-30 20:34:56
15726,4835,High,66,5,2026-03-28 02:52:45
15727,4835,Low,86,3,2025-11-25 11:56:03
15728,4835,Medium,88,3,2026-02-03 19:34:49
15729,4836,Low,3,7,2026-03-02 18:30:11
15730,4836,High,36,8,2026-02-17 13:28:21
15731,4836,Medium,29,8,2026-01-23 06:38:02
15732,4837,Medium,11,7,2025-12-29 19:15:50
15733,4837,Medium,44,9,2026-04-29 05:58:08
15734,4838,Low,24,8,2026-05-13 15:26:56
15735,4838,High,6,7,2025-12-09 08:48:26
15736,4838,Low,18,8,2026-02-15 06:26:36
15737,4838,Low,3,6,2026-03-23 02:49:00
15738,4839,Medium,33,7,2026-02-10 22:50:30
15739,4839,Medium,30,8,2026-01-23 02:07:49
15740,4839,High,9,9,2026-02-11 20:53:33
15741,4840,Low,67,3,2025-12-13 18:19:32
15742,4840,High,114,1,2025-12-25 19:39:11
15743,4840,Low,94,5,2026-03-18 09:10:54
15744,4840,High,71,4,2026-02-24 19:38:56
15745,4840,Low,76,4,2026-04-05 02:27:12
15746,4840,Low,72,3,2026-04-13 06:04:11
15747,4840,Low,42,2,2025-12-09 02:23:21
15748,4840,High,57,1,2026-04-08 17:36:00
15749,4840,High,111,1,2026-03-29 04:55:28
15750,4840,High,77,1,2026-04-17 19:55:09
15751,4842,Medium,42,9,2026-01-23 18:28:20
15752,4842,Medium,15,8,2026-01-15 01:21:11
15753,4842,High,21,8,2025-12-30 23:54:11
15754,4842,High,23,6,2026-03-13 02:36:56
15755,4843,Low,2,7,2026-01-31 17:19:47
15756,4844,High,32,2,2026-01-26 17:32:42
15757,4844,Low,89,2,2026-04-10 17:59:35
15758,4844,Low,40,1,2026-03-20 20:17:11
15759,4844,Low,95,2,2026-05-18 11:22:35
15760,4844,Low,57,5,2026-04-06 12:43:51
15761,4845,Low,87,4,2026-01-07 00:49:15
15762,4845,High,52,4,2026-05-12 13:47:55
15763,4845,High,39,4,2026-02-11 11:49:59
15764,4845,Low,25,5,2025-12-04 16:53:26
15765,4846,High,4,7,2026-01-20 10:38:42
15766,4846,High,41,9,2025-12-31 10:05:12
15767,4847,Medium,54,2,2026-01-24 00:47:50
15768,4847,Medium,50,1,2025-11-21 13:18:17
15769,4847,Medium,74,2,2026-01-30 03:59:59
15770,4847,High,118,3,2026-04-26 00:16:00
15771,4848,Low,8,9,2026-04-13 00:25:40
15772,4850,Medium,35,6,2026-03-29 09:28:17
15773,4850,Low,34,6,2025-11-27 21:33:34
15774,4850,Low,27,9,2025-11-23 06:22:24
15775,4851,High,70,5,2026-01-23 02:53:05
15776,4851,High,64,3,2026-04-03 08:19:52
15777,4851,Low,45,5,2026-02-19 10:04:46
15778,4851,High,51,3,2025-11-22 12:32:30
15779,4851,Low,94,1,2025-12-13 03:14:30
15780,4851,High,75,3,2026-03-21 15:19:04
15781,4852,Low,7,9,2026-03-02 18:30:37
15782,4852,Medium,19,8,2026-02-22 01:51:41
15783,4852,High,18,6,2026-02-01 22:32:52
15784,4853,Low,43,6,2026-03-04 15:43:59
15785,4853,High,38,6,2025-12-14 06:47:28
15786,4853,Medium,34,6,2026-02-20 01:58:21
15787,4853,Medium,45,8,2026-01-12 03:39:20
15788,4854,High,74,1,2026-01-29 12:55:56
15789,4854,Medium,110,1,2026-05-08 20:11:27
15790,4854,Medium,51,3,2026-01-01 09:21:02
15791,4854,Low,55,2,2026-02-06 22:41:27
15792,4854,Low,37,5,2025-12-01 17:36:21
15793,4858,Low,91,2,2026-03-15 14:35:31
15794,4858,Medium,37,3,2025-12-09 04:56:38
15795,4858,Low,64,3,2026-02-05 22:09:31
15796,4859,Low,30,8,2026-02-22 10:17:58
15797,4859,Low,36,8,2026-03-20 11:49:18
15798,4859,High,18,7,2025-12-30 11:25:44
15799,4859,Low,47,9,2026-02-09 21:07:42
15800,4860,Low,10,9,2026-01-10 07:46:16
15801,4860,Medium,12,6,2026-04-20 17:54:23
15802,4860,High,41,9,2026-03-31 02:43:19
15803,4861,Low,32,6,2025-12-02 23:38:52
15804,4861,High,41,6,2026-02-08 07:23:08
15805,4862,Low,14,6,2026-01-25 20:47:59
15806,4862,High,9,6,2025-12-10 03:47:25
15807,4862,Low,26,9,2026-03-28 14:22:39
15808,4862,Medium,24,8,2026-04-11 13:37:05
15809,4863,Medium,31,8,2026-01-30 01:30:59
15810,4863,High,44,7,2026-05-10 23:57:24
15811,4864,High,89,2,2026-03-11 18:50:46
15812,4864,High,41,5,2026-01-09 21:49:18
15813,4864,Medium,98,2,2026-01-03 19:42:54
15814,4864,Medium,101,4,2026-03-19 10:25:21
15815,4865,Low,39,7,2026-03-07 03:58:50
15816,4865,Low,46,8,2026-04-14 07:46:58
15817,4866,Low,9,9,2026-03-18 16:05:55
15818,4866,High,41,8,2026-02-11 13:34:59
15819,4866,High,17,7,2025-12-17 03:23:12
15820,4866,High,23,6,2026-04-19 20:41:46
15821,4867,Medium,11,7,2026-01-24 04:45:25
15822,4867,Medium,18,6,2026-05-18 17:16:25
15823,4867,Medium,28,9,2026-04-27 00:09:22
15824,4867,High,42,9,2025-12-25 20:20:58
15825,4869,Low,85,4,2025-12-28 04:30:52
15826,4869,Medium,45,3,2026-04-17 21:00:14
15827,4869,High,108,1,2026-04-14 10:33:06
15828,4869,High,103,2,2026-04-19 07:05:29
15829,4869,Low,78,1,2026-03-01 01:46:53
15830,4870,Medium,35,6,2025-11-29 06:33:47
15831,4870,Medium,34,6,2026-02-04 23:47:48
15832,4872,Medium,13,7,2026-05-13 12:12:20
15833,4872,Medium,4,9,2026-04-24 12:35:49
15834,4872,Low,46,9,2026-04-25 20:47:31
15835,4872,Low,11,7,2026-03-23 20:28:53
15836,4873,Low,84,2,2026-02-10 22:04:20
15837,4873,High,58,5,2026-04-05 02:43:09
15838,4873,Medium,80,3,2026-02-06 14:42:26
15839,4874,Medium,12,6,2026-02-16 17:10:33
15840,4875,High,43,8,2025-11-29 00:56:03
15841,4875,Medium,13,9,2026-04-29 06:03:30
15842,4877,High,14,9,2025-12-16 17:36:57
15843,4877,High,2,7,2026-03-25 11:59:52
15844,4878,High,8,7,2026-04-07 22:48:07
15845,4878,Low,13,6,2025-12-29 13:33:14
15846,4879,Medium,108,4,2026-02-07 01:01:18
15847,4879,High,52,5,2026-05-14 14:45:58
15848,4879,Low,109,2,2026-01-20 14:06:03
15849,4879,Low,113,3,2026-02-06 23:41:01
15850,4879,Medium,98,3,2025-11-19 08:19:23
15851,4879,Low,106,2,2026-02-20 18:50:35
15852,4879,Medium,60,5,2026-04-04 08:48:29
15853,4879,High,106,5,2025-12-27 16:53:39
15854,4879,Low,44,2,2025-12-09 17:11:22
15855,4880,Medium,41,9,2026-01-31 08:45:02
15856,4880,High,12,9,2025-12-18 14:02:38
15857,4882,Medium,19,8,2026-05-13 18:51:47
15858,4882,Low,30,8,2025-11-22 01:36:07
15859,4883,High,90,1,2026-04-18 13:46:32
15860,4883,Low,36,3,2026-02-03 03:45:45
15861,4883,High,96,4,2026-03-10 21:23:09
15862,4883,High,36,3,2025-12-29 22:33:19
15863,4883,Low,101,3,2026-01-12 07:00:59
15864,4883,High,80,3,2026-03-11 00:11:30
15865,4883,Medium,110,5,2026-03-27 22:29:14
15866,4883,Low,105,1,2026-04-28 23:05:40
15867,4883,Medium,55,3,2025-12-14 17:53:32
15868,4884,Low,45,8,2026-02-01 07:17:01
15869,4885,High,83,5,2026-01-21 02:57:39
15870,4885,High,91,5,2026-04-25 12:31:04
15871,4885,High,113,5,2025-11-29 23:56:19
15872,4885,Medium,59,1,2026-02-19 23:26:53
15873,4885,High,87,2,2026-04-11 03:43:58
15874,4885,Medium,89,2,2026-05-13 07:22:44
15875,4885,Low,44,2,2026-01-01 14:46:25
15876,4885,High,95,2,2026-04-22 11:21:56
15877,4885,High,96,1,2026-05-02 02:25:45
15878,4886,Low,117,4,2026-05-04 11:38:08
15879,4886,Low,37,5,2026-03-27 15:34:01
15880,4886,Low,107,5,2026-02-22 01:04:19
15881,4886,Medium,46,5,2026-03-20 01:21:00
15882,4886,Low,54,1,2025-12-13 07:12:16
15883,4888,Medium,7,6,2025-12-20 13:28:04
15884,4888,High,23,9,2025-12-30 02:23:20
15885,4888,Low,12,9,2026-02-26 11:19:58
15886,4889,Medium,39,2,2025-12-31 09:21:59
15887,4889,High,52,5,2026-02-22 16:06:10
15888,4889,High,29,5,2026-04-25 22:12:21
15889,4890,High,33,8,2026-01-17 16:20:13
15890,4890,Low,46,6,2025-12-16 21:18:17
15891,4891,Medium,41,7,2026-01-22 15:14:40
15892,4891,Medium,38,8,2026-04-13 02:01:18
15893,4891,Low,31,9,2026-04-27 19:24:25
15894,4891,High,40,8,2025-12-26 00:59:22
15895,4892,Medium,37,7,2026-03-17 14:12:13
15896,4893,High,39,9,2026-05-05 14:21:48
15897,4895,Medium,30,9,2026-01-06 15:47:00
15898,4895,Low,33,9,2026-01-11 00:43:51
15899,4895,Low,30,9,2026-04-09 16:14:27
15900,4897,High,14,8,2026-01-10 06:59:03
15901,4898,High,28,7,2026-01-17 21:52:03
15902,4898,High,7,7,2025-12-28 06:46:57
15903,4898,Medium,10,9,2026-01-25 23:07:08
15904,4899,High,67,5,2025-12-28 00:10:01
15905,4899,High,108,1,2026-04-13 20:12:17
15906,4899,High,115,5,2025-11-26 12:19:26
15907,4899,High,84,2,2026-03-29 21:30:32
15908,4899,High,113,2,2025-11-30 13:20:20
15909,4900,Medium,26,5,2026-05-02 21:17:39
15910,4900,Medium,57,4,2026-01-08 11:53:08
15911,4900,Low,117,2,2026-03-06 03:50:38
15912,4900,Low,43,1,2026-03-06 04:04:14
15913,4900,Low,105,4,2026-03-16 22:33:15
15914,4900,Medium,29,2,2026-01-27 09:43:50
15915,4900,High,80,2,2026-01-22 20:01:12
15916,4901,Medium,48,1,2026-01-29 11:23:07
15917,4901,High,64,3,2026-02-18 03:24:16
15918,4901,High,66,1,2026-01-29 04:30:02
15919,4901,High,106,2,2026-01-04 20:38:21
15920,4901,Medium,74,5,2026-05-06 05:48:03
15921,4902,Low,22,6,2026-04-04 09:48:20
15922,4903,Medium,38,4,2025-12-25 03:29:51
15923,4903,Low,62,4,2026-04-16 08:11:36
15924,4903,Medium,109,3,2026-02-20 10:40:32
15925,4903,Low,52,5,2026-02-07 02:50:47
15926,4903,Medium,54,5,2025-11-24 12:00:50
15927,4903,Medium,89,3,2026-05-13 12:58:30
15928,4903,High,68,1,2025-11-20 00:06:46
15929,4904,Low,45,3,2026-02-20 06:25:31
15930,4904,Medium,33,5,2026-02-01 09:51:40
15931,4904,Medium,40,3,2026-02-08 22:51:49
15932,4904,Medium,30,1,2025-11-20 16:54:47
15933,4904,Low,59,3,2026-05-01 00:24:37
15934,4904,Low,100,1,2025-11-25 03:49:26
15935,4904,Medium,53,4,2025-12-15 09:07:23
15936,4904,Low,94,5,2026-01-30 17:40:22
15937,4904,High,95,2,2026-03-10 05:31:43
15938,4905,Medium,33,8,2025-11-28 12:01:34
15939,4905,High,20,6,2026-04-22 20:58:49
15940,4906,Medium,29,6,2025-12-23 09:28:54
15941,4907,High,21,6,2026-01-06 03:24:30
15942,4908,High,57,4,2025-11-28 07:20:53
15943,4908,Low,119,5,2025-12-30 06:39:54
15944,4908,Medium,37,5,2026-04-08 22:56:52
15945,4909,Medium,35,8,2025-12-11 08:37:49
15946,4909,Medium,24,6,2026-04-21 21:18:08
15947,4909,Medium,1,7,2026-05-08 07:35:34
15948,4910,High,6,6,2026-03-30 11:02:46
15949,4910,High,4,7,2026-01-11 08:37:40
15950,4911,High,1,6,2026-03-20 12:42:49
15951,4911,Low,41,8,2026-04-18 16:10:49
15952,4911,Low,36,6,2026-02-16 20:33:00
15953,4911,High,41,6,2026-04-10 21:35:32
15954,4912,Medium,77,5,2026-01-18 15:15:33
15955,4912,Low,110,5,2026-05-16 12:38:42
15956,4912,High,108,3,2025-11-19 22:04:23
15957,4912,High,81,2,2025-12-10 00:16:25
15958,4913,High,6,9,2026-04-08 03:49:35
15959,4913,Low,47,6,2026-03-28 01:14:44
15960,4913,Medium,46,6,2026-01-08 16:16:28
15961,4913,Medium,41,8,2026-05-05 15:26:29
15962,4914,Medium,102,4,2026-03-18 10:47:54
15963,4914,High,98,2,2026-01-22 18:56:15
15964,4914,High,39,3,2026-01-16 12:18:47
15965,4914,Low,54,3,2026-01-11 18:32:25
15966,4914,High,66,4,2026-04-26 19:07:36
15967,4915,Low,4,7,2026-02-14 05:47:38
15968,4915,Medium,28,7,2026-01-08 08:06:57
15969,4917,Low,39,1,2026-05-04 09:01:50
15970,4917,Low,100,5,2026-03-02 23:18:17
15971,4917,Low,53,1,2026-04-06 22:52:47
15972,4917,Low,92,3,2026-04-29 04:15:00
15973,4917,Medium,57,5,2026-05-12 15:16:46
15974,4917,Low,105,1,2025-12-13 06:13:56
15975,4917,High,117,5,2026-03-31 11:07:44
15976,4918,High,89,3,2026-03-28 18:33:17
15977,4918,Medium,63,3,2025-12-21 00:35:56
15978,4918,High,38,4,2026-01-28 07:48:19
15979,4918,Low,76,3,2026-03-04 18:50:05
15980,4918,Medium,90,1,2026-05-03 11:51:33
15981,4918,High,90,5,2026-01-07 23:14:57
15982,4918,Low,112,2,2026-05-19 18:00:19
15983,4919,Low,24,5,2026-02-15 19:42:49
15984,4919,Low,78,5,2025-11-30 23:30:22
15985,4919,Low,25,1,2025-12-12 17:52:13
15986,4919,High,52,5,2025-12-18 21:16:40
15987,4919,High,27,1,2026-01-14 14:28:06
15988,4920,High,87,5,2025-12-27 17:41:27
15989,4920,Medium,66,2,2026-04-28 15:19:10
15990,4920,High,99,4,2026-01-24 05:00:04
15991,4920,Low,73,4,2026-02-02 13:00:39
15992,4920,High,84,4,2025-12-18 11:27:11
15993,4920,Low,96,3,2026-03-14 03:59:09
15994,4920,High,119,5,2026-01-26 01:04:58
15995,4920,Low,106,5,2026-05-13 07:11:00
15996,4920,Low,114,4,2026-05-01 23:45:06
15997,4920,High,113,2,2026-02-19 04:16:05
15998,4922,Medium,111,1,2026-03-29 19:12:55
15999,4922,Low,75,1,2025-12-27 02:08:12
16000,4922,Low,88,4,2026-03-02 01:43:55
16001,4922,Medium,44,1,2026-05-07 08:58:26
16002,4922,High,45,5,2026-03-07 21:50:27
16003,4922,Medium,87,4,2026-01-14 11:40:30
16004,4923,Low,21,9,2026-04-06 04:05:24
16005,4924,Low,96,3,2026-03-16 05:43:17
16006,4924,High,71,4,2026-04-15 05:47:26
16007,4924,Low,41,3,2026-02-07 05:31:22
16008,4924,Low,38,2,2026-01-09 17:18:13
16009,4924,High,67,5,2025-12-29 22:25:03
16010,4924,High,59,3,2025-11-21 10:02:03
16011,4924,Medium,53,2,2026-02-20 06:09:59
16012,4924,Medium,108,5,2026-04-23 14:36:58
16013,4924,Medium,54,5,2025-12-22 22:47:31
16014,4926,High,84,1,2025-11-27 15:56:49
16015,4926,Medium,104,2,2026-04-22 22:16:16
16016,4926,High,47,2,2026-01-20 03:22:57
16017,4926,High,27,1,2026-01-30 18:16:10
16018,4926,High,25,3,2025-12-18 21:24:37
16019,4926,Low,61,5,2026-03-04 20:16:45
16020,4926,Low,38,3,2026-01-30 13:27:01
16021,4926,Low,65,3,2025-12-28 08:52:42
16022,4926,Low,54,4,2026-02-15 07:08:13
16023,4926,Low,64,1,2025-12-22 21:24:11
16024,4928,Low,42,6,2025-11-21 00:41:47
16025,4928,Medium,23,9,2026-03-31 13:35:03
16026,4928,Medium,8,6,2026-03-08 10:26:44
16027,4928,Low,21,6,2026-01-04 06:46:17
16028,4929,High,55,1,2026-03-22 21:14:48
16029,4929,High,77,5,2026-04-12 02:37:29
16030,4929,Low,111,2,2025-12-07 08:52:22
16031,4929,Low,34,4,2026-01-18 06:38:51
16032,4929,High,33,2,2026-03-06 19:08:56
16033,4930,Medium,47,7,2026-03-04 17:54:16
16034,4930,Medium,17,8,2026-02-24 05:07:35
16035,4930,High,42,6,2026-03-03 07:10:23
16036,4931,Medium,115,4,2026-02-13 03:37:10
16037,4931,High,81,5,2025-11-20 21:37:23
16038,4931,Medium,82,4,2026-01-22 07:03:22
16039,4931,High,60,5,2026-01-20 14:04:28
16040,4931,Low,56,2,2026-02-20 13:11:57
16041,4931,High,106,4,2026-04-22 13:32:30
16042,4931,Medium,38,1,2026-02-16 16:54:55
16043,4931,Low,51,2,2026-03-29 21:53:23
16044,4931,High,58,4,2025-12-28 11:25:47
16045,4931,High,32,4,2025-11-21 08:49:04
16046,4932,Medium,45,6,2026-01-22 22:50:31
16047,4933,High,3,9,2026-05-01 00:07:35
16048,4933,Medium,22,9,2025-11-28 05:18:02
16049,4934,Low,39,6,2026-03-15 03:27:04
16050,4936,High,25,9,2026-03-06 15:03:05
16051,4936,Low,22,7,2025-12-02 18:12:32
16052,4937,High,70,2,2026-01-04 17:26:46
16053,4937,High,84,4,2025-12-31 05:47:57
16054,4937,High,50,4,2026-03-15 17:28:29
16055,4937,Medium,119,2,2026-01-11 23:19:50
16056,4938,High,75,5,2026-04-23 12:31:28
16057,4938,Medium,71,3,2026-04-27 12:39:54
16058,4938,Low,50,1,2026-02-21 15:10:21
16059,4938,Low,63,1,2026-03-07 23:55:24
16060,4939,High,37,8,2026-03-14 06:52:03
16061,4939,Medium,30,6,2026-02-19 19:37:09
16062,4939,Medium,18,8,2025-12-30 21:01:03
16063,4941,Low,22,7,2026-05-10 06:21:38
16064,4941,Medium,18,8,2026-01-18 09:05:56
16065,4941,Low,17,8,2025-12-28 23:41:59
16066,4941,Low,31,8,2026-01-15 16:12:39
16067,4942,Low,59,5,2026-04-18 00:43:01
16068,4942,High,83,1,2026-05-17 15:25:28
16069,4942,High,112,1,2026-03-27 09:43:13
16070,4942,High,89,4,2025-11-26 20:14:02
16071,4942,Low,61,3,2026-01-13 13:16:07
16072,4944,Medium,18,6,2026-03-07 20:25:21
16073,4945,Medium,47,9,2026-02-09 04:24:53
16074,4945,Medium,6,9,2026-04-21 13:17:05
16075,4946,Low,12,9,2026-02-07 01:25:18
16076,4946,Low,9,9,2026-04-18 02:57:01
16077,4946,Medium,42,7,2026-02-16 20:21:40
16078,4948,Low,72,2,2026-02-27 02:43:33
16079,4948,High,103,4,2025-12-06 23:49:43
16080,4948,High,73,3,2026-02-26 16:31:40
16081,4948,Medium,39,1,2026-02-28 02:12:12
16082,4948,High,91,3,2025-12-20 19:39:23
16083,4948,Low,25,2,2026-05-16 01:42:29
16084,4948,Medium,98,2,2026-03-02 10:33:28
16085,4950,Low,49,4,2026-01-17 10:04:12
16086,4950,Medium,113,4,2026-01-31 03:18:05
16087,4950,Medium,25,2,2025-12-09 00:03:00
16088,4950,Medium,39,4,2025-12-10 21:05:10
16089,4950,Medium,80,5,2026-02-26 14:07:30
16090,4950,High,44,1,2026-04-09 18:57:01
16091,4950,Low,81,5,2026-04-03 18:56:35
16092,4950,High,72,5,2025-12-19 16:01:05
16093,4953,Medium,15,9,2025-12-13 04:03:37
16094,4956,Low,3,8,2026-02-09 21:49:52
16095,4957,Low,4,8,2025-12-15 02:16:38
16096,4957,Medium,3,8,2025-12-07 12:33:06
16097,4957,Medium,8,8,2026-01-23 06:50:25
16098,4957,Medium,25,7,2026-04-29 16:47:41
16099,4958,Low,41,9,2026-02-25 17:46:03
16100,4958,Low,12,6,2025-11-25 04:18:12
16101,4958,Medium,33,7,2026-01-03 15:39:02
16102,4958,Low,25,6,2025-12-28 00:32:43
16103,4959,Low,35,6,2026-04-26 13:13:55
16104,4959,Medium,15,7,2026-01-23 20:10:09
16105,4959,High,26,9,2025-11-22 22:08:04
16106,4960,Low,97,3,2026-03-06 15:29:24
16107,4960,Low,52,5,2026-02-14 20:06:39
16108,4960,Low,47,3,2026-02-19 20:53:20
16109,4960,Medium,69,1,2026-02-05 08:00:37
16110,4960,Medium,67,1,2025-12-27 02:19:59
16111,4960,Medium,49,1,2026-03-15 03:44:27
16112,4962,High,58,2,2026-01-27 20:45:07
16113,4962,High,59,2,2026-04-26 20:09:49
16114,4962,Low,38,1,2026-02-06 05:27:30
16115,4962,Medium,118,5,2026-04-10 13:40:01
16116,4962,High,76,2,2026-01-08 08:37:05
16117,4962,Low,106,4,2026-02-11 19:15:50
16118,4962,Medium,34,3,2026-01-27 19:06:29
16119,4962,High,25,2,2026-01-01 15:32:40
16120,4962,Medium,107,4,2026-02-03 06:44:32
16121,4963,High,17,9,2025-12-20 19:43:42
16122,4963,High,14,8,2026-03-26 10:55:25
16123,4963,Low,15,7,2026-01-04 21:29:33
16124,4964,Low,16,9,2026-03-05 02:25:48
16125,4964,High,2,8,2026-01-29 02:31:45
16126,4964,Medium,1,8,2026-03-11 13:00:23
16127,4964,Medium,4,8,2026-04-08 05:10:46
16128,4965,Low,81,5,2026-02-23 19:00:53
16129,4965,Low,112,3,2026-04-25 12:28:31
16130,4965,Medium,97,2,2026-05-19 10:35:43
16131,4966,High,72,4,2026-03-09 07:05:00
16132,4966,Medium,83,1,2025-12-22 21:57:00
16133,4966,Low,104,3,2026-04-05 12:45:06
16134,4967,Medium,83,2,2025-12-02 04:37:56
16135,4967,Low,70,4,2026-03-31 11:12:30
16136,4967,Medium,43,1,2026-01-10 05:00:51
16137,4967,High,86,1,2026-04-28 23:27:37
16138,4967,High,59,5,2026-02-01 11:33:03
16139,4967,High,36,4,2026-02-28 15:53:55
16140,4967,High,46,5,2026-02-06 15:01:04
16141,4967,Low,111,4,2026-02-18 10:53:29
16142,4968,Low,30,6,2026-03-21 21:54:27
16143,4968,Low,33,6,2025-12-05 10:31:11
16144,4968,Low,26,9,2026-02-21 19:15:45
16145,4969,High,33,8,2025-12-30 23:13:13
16146,4969,High,25,9,2025-11-24 14:35:29
16147,4973,Medium,102,5,2026-01-05 03:39:17
16148,4973,High,72,1,2026-04-08 14:34:47
16149,4973,High,93,4,2026-01-15 16:49:00
16150,4973,Low,67,4,2026-01-01 16:14:11
16151,4973,High,44,2,2025-12-14 14:35:47
16152,4973,Low,84,4,2026-01-27 20:38:02
16153,4973,High,47,3,2026-03-15 09:58:56
16154,4973,Medium,24,5,2025-11-19 15:43:28
16155,4974,High,18,9,2026-04-23 03:33:45
16156,4974,High,11,7,2026-03-25 22:32:59
16157,4974,Low,29,9,2025-12-10 05:18:59
16158,4974,Medium,25,9,2025-11-29 16:54:56
16159,4975,High,36,9,2026-04-11 15:54:06
16160,4975,Low,44,9,2025-12-14 13:59:24
16161,4977,Medium,28,6,2026-03-10 05:04:49
16162,4977,High,8,6,2025-12-06 10:42:51
16163,4977,Low,35,9,2025-12-09 18:23:36
16164,4978,High,41,1,2025-12-10 18:07:01
16165,4978,High,64,5,2026-02-15 03:46:11
16166,4978,High,87,5,2026-03-26 18:15:33
16167,4978,High,95,3,2026-04-03 00:06:28
16168,4978,High,60,5,2026-04-15 15:08:22
16169,4978,Medium,64,4,2026-03-01 18:30:33
16170,4978,High,90,5,2026-03-22 22:26:15
16171,4978,High,100,5,2026-05-15 05:07:10
16172,4978,Medium,48,5,2026-04-05 03:44:03
16173,4979,High,28,4,2026-05-17 12:38:58
16174,4979,High,27,1,2025-12-29 18:55:23
16175,4979,High,83,3,2026-01-22 02:36:12
16176,4979,High,100,3,2026-01-04 17:26:23
16177,4979,High,91,1,2026-02-02 02:24:20
16178,4979,High,45,1,2026-05-02 12:35:41
16179,4979,High,34,4,2026-05-14 16:32:33
16180,4980,Low,116,4,2026-03-29 03:26:37
16181,4980,High,111,4,2026-01-05 19:11:46
16182,4980,Medium,32,2,2026-04-25 06:04:43
16183,4980,Low,95,5,2026-01-21 03:59:45
16184,4980,High,85,5,2026-04-27 10:31:05
16185,4980,Medium,38,1,2026-01-31 02:27:07
16186,4980,High,43,1,2026-02-28 00:21:59
16187,4980,Medium,59,2,2025-12-11 23:35:43
16188,4980,High,93,2,2026-02-18 03:05:36
16189,4980,High,26,4,2026-02-17 04:09:17
16190,4981,Low,41,7,2026-05-07 03:53:37
16191,4982,High,41,8,2026-03-10 05:04:06
16192,4982,Low,5,6,2026-04-01 19:46:05
16193,4983,Low,105,1,2026-02-27 01:20:06
16194,4983,High,48,1,2026-03-30 14:18:42
16195,4983,Medium,69,5,2026-04-16 05:04:15
16196,4983,High,40,5,2025-11-29 07:39:07
16197,4983,High,76,3,2026-05-02 22:58:19
16198,4983,Low,33,1,2026-01-06 20:51:30
16199,4983,Low,80,1,2026-01-03 16:48:25
16200,4984,Low,60,4,2025-11-19 23:40:32
16201,4984,Low,63,2,2025-12-02 09:44:53
16202,4984,Low,24,4,2026-02-15 17:12:45
16203,4984,Medium,54,4,2026-03-06 04:21:04
16204,4984,Low,113,4,2026-04-27 14:20:39
16205,4984,Medium,45,1,2026-01-06 07:01:23
16206,4985,High,24,3,2025-12-11 14:50:09
16207,4985,High,99,5,2026-05-05 12:53:55
16208,4985,Low,36,5,2026-04-27 07:35:48
16209,4985,Medium,36,5,2025-12-21 13:27:46
16210,4985,High,105,4,2025-12-02 11:59:14
16211,4985,High,56,1,2026-03-21 07:39:53
16212,4985,Low,46,5,2026-02-15 02:28:53
16213,4985,High,49,4,2025-12-04 04:45:06
16214,4985,Medium,58,1,2026-04-11 02:14:29
16215,4986,Medium,11,9,2026-05-17 16:55:04
16216,4988,Medium,25,9,2025-12-23 05:19:35
16217,4988,Low,1,7,2026-01-13 09:49:22
16218,4988,High,4,8,2026-03-01 06:42:10
16219,4989,Low,45,1,2025-11-25 20:37:17
16220,4989,High,82,4,2025-11-21 08:45:09
16221,4989,Low,42,1,2026-02-24 17:23:19
16222,4989,Medium,71,3,2026-04-24 16:56:25
16223,4989,High,75,5,2025-11-22 18:13:27
16224,4989,High,45,2,2026-01-15 05:10:27
16225,4989,Low,89,5,2025-11-24 09:55:28
16226,4989,High,42,3,2026-01-16 16:14:35
16227,4989,High,60,5,2025-12-07 15:55:04
16228,4989,Low,83,4,2026-03-12 06:30:32
16229,4990,High,34,6,2026-04-20 22:29:43
16230,4990,High,25,8,2026-04-17 23:33:35
16231,4991,High,44,2,2026-03-16 16:27:15
16232,4991,Low,49,4,2026-04-16 03:39:57
16233,4991,High,46,1,2025-12-23 15:40:53
16234,4991,Low,70,2,2025-12-29 04:13:10
16235,4991,High,99,4,2026-01-15 00:21:31
16236,4991,High,43,3,2025-12-04 22:49:15
16237,4991,Low,84,5,2026-03-08 11:47:31
16238,4991,Medium,107,4,2026-01-12 23:04:23
16239,4993,Medium,98,4,2026-04-27 07:56:06
16240,4993,High,85,2,2026-03-05 09:47:52
16241,4993,Low,47,4,2026-03-06 23:22:30
16242,4993,Low,39,4,2025-12-03 18:48:13
16243,4993,High,25,1,2026-03-24 05:47:27
16244,4993,High,85,5,2026-03-03 06:25:40
16245,4993,High,115,2,2025-11-24 10:50:13
16246,4993,Medium,110,3,2026-03-20 07:23:48
16247,4994,Low,15,8,2026-03-08 18:06:49
16248,4994,High,33,9,2026-04-25 13:16:18
16249,4995,Medium,17,9,2026-05-14 12:00:39
16250,4996,Medium,36,9,2025-11-20 20:08:31
16251,4996,High,9,7,2025-12-31 02:12:30
16252,4996,High,3,7,2026-05-05 06:06:34
16253,4996,Low,2,7,2025-11-20 14:40:43
16254,4997,High,23,7,2026-01-16 17:41:31
16255,4997,Medium,19,8,2026-02-09 22:16:25
16256,4997,Low,35,9,2026-05-15 18:17:38
16257,4998,Medium,20,8,2026-02-28 18:26:56
16258,4998,High,20,8,2026-05-02 08:29:05
16259,4998,Medium,41,9,2026-04-12 22:38:45
16260,4998,Medium,38,6,2026-01-30 13:32:36
16261,4999,High,29,9,2026-01-05 08:35:19
16262,4999,Low,38,6,2026-04-18 08:25:27
16263,4999,Low,24,6,2025-11-24 06:48:13
