user_id,name,email,country,industry,company_size,signup_date
1,Kimberly Francis,kristina39@example.net,USA,SaaS,Enterprise,2025-10-08
2,Michelle Wiley,adam66@example.net,India,Healthcare,Small,2025-12-12
3,Julie Jordan,xholder@example.com,UK,SaaS,Enterprise,2025-05-15
4,James Williams,daniellong@example.org,Canada,SaaS,Enterprise,2025-01-02
5,Katrina Phillips,jstevenson@example.com,Germany,SaaS,Small,2024-11-09
6,Paul Horton,jacksonjoel@example.net,USA,Healthcare,Small,2025-08-01
7,Troy Schwartz,carolyn36@example.org,Canada,Education,Small,2024-10-27
8,Lisa French,youngjohn@example.org,Canada,Healthcare,Enterprise,2026-01-13
9,Susan Cole,michael53@example.org,Canada,Retail,Small,2025-09-18
10,James Webb,jjensen@example.net,Germany,Education,Medium,2024-11-14
11,Mrs. Tara Skinner,davidchambers@example.org,USA,Healthcare,Enterprise,2025-02-20
12,Cheryl Le,gonzaleztrevor@example.net,Germany,Finance,Medium,2025-01-24
13,Anna Watkins,xrogers@example.net,UK,Healthcare,Medium,2024-05-20
14,Robert Smith,roy17@example.com,USA,SaaS,Medium,2025-01-31
15,Erika Campbell,elizabethcarpenter@example.com,USA,Finance,Medium,2025-07-08
16,Shannon Mcknight,lambertjodi@example.org,Canada,Finance,Small,2026-02-09
17,Martha Reed,hoodnancy@example.org,Germany,Education,Small,2026-03-02
18,William Frey,sbenitez@example.net,Germany,SaaS,Enterprise,2026-03-07
19,Linda Thompson,rachelsanders@example.com,India,Education,Medium,2025-07-03
20,Joshua Davis,wesley41@example.org,Canada,Healthcare,Enterprise,2026-01-18
21,Nicholas Hogan,wjennings@example.net,USA,SaaS,Enterprise,2025-10-03
22,Jeremy Gillespie,harperpatricia@example.net,UK,Finance,Small,2026-02-26
23,Lisa Benson,mccoytracy@example.com,UK,SaaS,Medium,2025-12-30
24,Gregory Huang,ashley88@example.com,India,Retail,Enterprise,2024-07-02
25,Nicole Norman MD,qhenderson@example.com,India,Healthcare,Medium,2024-05-30
26,Vincent Hoover,acline@example.net,India,Healthcare,Enterprise,2025-07-06
27,Robert Patterson,lcoleman@example.org,India,SaaS,Enterprise,2024-06-09
28,Cody Gibbs,jcarter@example.org,UK,Education,Enterprise,2026-04-12
29,Jermaine Ryan,garzajohn@example.net,UK,Healthcare,Medium,2025-04-03
30,Matthew Watson,brett48@example.com,Germany,Finance,Enterprise,2024-09-30
31,Jonathon Young,gharris@example.org,Canada,Healthcare,Enterprise,2025-10-11
32,Donald Smith,gzavala@example.org,India,SaaS,Small,2025-12-03
33,Charles Anderson,williamssean@example.net,USA,Finance,Medium,2025-05-08
34,Scott Webster,brandiruiz@example.org,India,SaaS,Small,2025-09-09
35,Mrs. Lisa Hicks MD,etorres@example.org,Canada,Finance,Small,2024-08-16
36,Michelle Santos,jennifer71@example.net,Germany,Retail,Enterprise,2024-09-09
37,Elizabeth Nelson,guerrerorodney@example.net,Germany,Healthcare,Medium,2026-04-14
38,Paul Brown,tammywagner@example.com,UK,Healthcare,Enterprise,2024-07-12
39,Justin Jones,robert35@example.com,Canada,Education,Medium,2026-01-15
40,Timothy Herring,ksandoval@example.org,Canada,Retail,Enterprise,2025-03-21
41,Savannah Dunn,david13@example.net,Germany,Finance,Small,2024-08-27
42,Jennifer Thomas,lawsonelizabeth@example.org,UK,Education,Medium,2025-09-15
43,Jonathan Fernandez,tashaking@example.com,USA,SaaS,Small,2025-09-15
44,Thomas Johnson,ogarcia@example.org,UK,Healthcare,Enterprise,2025-04-07
45,Ronnie Wilson,oho@example.net,Germany,Education,Small,2025-08-11
46,Robin Estrada,jessica15@example.org,Germany,Retail,Enterprise,2024-05-27
47,Shannon Robinson,craigmullins@example.org,Germany,Education,Medium,2024-10-01
48,Lori Casey,courtneyadams@example.net,Canada,SaaS,Enterprise,2025-09-30
49,Maria Dennis,mariahester@example.net,USA,Education,Medium,2025-09-07
50,Alexandra Elliott,charris@example.org,India,SaaS,Medium,2024-12-27
51,Dennis Hill,melendeztheresa@example.net,Germany,Healthcare,Medium,2025-09-25
52,Mary Murray,dcross@example.com,USA,Finance,Enterprise,2025-04-11
53,Kelsey Jones,benjamintaylor@example.com,UK,Education,Small,2024-11-03
54,Carol Flynn,john58@example.org,India,Education,Enterprise,2024-09-26
55,Andrew Allen,jessebartlett@example.net,UK,Healthcare,Medium,2025-09-24
56,Dana Miller,michaelperry@example.net,UK,Education,Enterprise,2025-04-10
57,Christian Wade,ldawson@example.net,USA,Education,Medium,2025-07-01
58,Brian Baker,walkerdonna@example.com,Germany,SaaS,Small,2024-08-31
59,Robert Griffin,karen82@example.com,India,Finance,Small,2025-05-09
60,Sharon Johnson,jonesbrooke@example.com,USA,Healthcare,Enterprise,2025-08-30
61,Anthony Mayer,huntdiane@example.org,USA,SaaS,Enterprise,2025-03-28
62,Miranda Williams,matthewcarter@example.org,Germany,SaaS,Enterprise,2025-07-01
63,Marco Allison Jr.,castillomargaret@example.com,UK,Healthcare,Enterprise,2025-04-23
64,David Russell,jameswalker@example.net,Germany,Education,Small,2024-09-27
65,Christina Jimenez,garycooke@example.org,India,Education,Enterprise,2024-12-27
66,Tanner Shepherd,hhall@example.org,Germany,Healthcare,Enterprise,2025-04-11
67,Raymond Santiago,alvarezheather@example.org,UK,Finance,Medium,2025-03-28
68,Matthew Thomas,nancy35@example.com,India,Retail,Enterprise,2025-11-10
69,Michaela Nelson,chelseaarnold@example.net,Germany,SaaS,Small,2024-09-01
70,Theresa Watkins,desiree87@example.net,UK,SaaS,Medium,2025-08-27
71,Vincent Krueger,johnsmith@example.org,USA,Education,Enterprise,2024-10-02
72,Mrs. Megan Adams,johncarpenter@example.net,UK,Education,Small,2024-10-26
73,Deanna Archer,matthewperez@example.com,USA,SaaS,Enterprise,2025-09-01
74,Mary Gardner,yorkchad@example.com,USA,Healthcare,Small,2025-12-06
75,Sharon Young,william77@example.net,USA,Finance,Small,2025-02-09
76,Lawrence Mason,taylorgregory@example.org,Canada,Healthcare,Medium,2024-09-17
77,Juan Perry,ortegalinda@example.com,Germany,Healthcare,Enterprise,2025-06-05
78,Jerome Wilcox,jason75@example.net,UK,Education,Enterprise,2025-10-18
79,Gregory Jenkins,pjones@example.com,Germany,Healthcare,Medium,2026-02-26
80,Victoria Bowen,kathryn22@example.org,Germany,Healthcare,Small,2026-04-02
81,Gabriella Hudson DDS,megansanchez@example.com,USA,Retail,Medium,2026-03-09
82,Jerry Young,raythomas@example.net,Germany,Retail,Medium,2025-05-01
83,Alexis Jackson,vstrickland@example.net,USA,SaaS,Small,2024-12-28
84,Miss Lisa Garcia,lisasnyder@example.com,Germany,Finance,Small,2025-02-09
85,Christine Palmer,jholmes@example.net,UK,Healthcare,Small,2025-11-20
86,Joseph Castillo,hayesallen@example.com,Canada,Retail,Small,2025-10-08
87,Brooke Miller,jeremiah03@example.net,Germany,Healthcare,Medium,2026-01-03
88,Alexandra Barnes,rachel29@example.com,Germany,Healthcare,Small,2024-07-06
89,Rachel Molina,andersondaniel@example.org,Germany,Education,Small,2025-04-19
90,Gregory Howard,omartin@example.net,USA,Education,Small,2025-12-11
91,Jennifer Guerrero,aliciatran@example.com,USA,Healthcare,Small,2025-08-13
92,Morgan Harris,kevinmcclure@example.com,Germany,Retail,Medium,2025-04-01
93,Charles Matthews,nmurphy@example.net,UK,Retail,Small,2024-09-13
94,Teresa Martin,caleb16@example.org,UK,Retail,Small,2024-07-20
95,Joe Mcclain,dgarcia@example.com,Germany,Finance,Medium,2026-05-15
96,Frederick Ellis,marcia22@example.net,India,Retail,Enterprise,2025-12-23
97,Jasmine Baker,williamaguilar@example.net,Canada,Retail,Small,2025-05-22
98,Michael Taylor,kristin88@example.org,UK,Finance,Small,2026-03-16
99,James Richard,melissa48@example.net,USA,Education,Enterprise,2026-04-06
100,Latoya Jones,vwolf@example.com,Canada,SaaS,Enterprise,2026-02-08
101,Samuel Miller,maxwelljohn@example.net,India,SaaS,Small,2025-12-26
102,Joshua Foley,melendezcody@example.org,Canada,Retail,Enterprise,2025-11-28
103,George Rivera,emiller@example.net,Canada,Healthcare,Small,2025-07-09
104,Adam Johnson,daniel16@example.org,Canada,SaaS,Small,2025-09-18
105,Darlene Harrison,kimberlywatson@example.net,USA,Education,Small,2024-07-27
106,Jennifer Smith,xwright@example.org,UK,Retail,Small,2025-10-05
107,Jesus Carpenter,juan41@example.org,Canada,Healthcare,Enterprise,2025-02-04
108,Christine Brown,adamssteven@example.com,Canada,SaaS,Enterprise,2025-04-25
109,Aaron Gutierrez,wilsonjoan@example.com,USA,Retail,Enterprise,2025-11-27
110,Anna Powell,ywilliams@example.net,Canada,Education,Enterprise,2025-09-26
111,Anthony Diaz,zjacobs@example.com,India,Finance,Small,2025-01-04
112,Juan Romero,shannonnicholas@example.net,India,Healthcare,Medium,2026-03-14
113,Dorothy Osborn,woodlindsay@example.org,Germany,Healthcare,Enterprise,2024-07-01
114,Nathaniel Hodges,david23@example.com,India,Retail,Medium,2025-07-06
115,Amanda Mitchell,matthewsjennifer@example.org,USA,SaaS,Medium,2025-10-27
116,Carol Dean,vodonnell@example.net,Canada,Education,Small,2026-04-27
117,Patrick Taylor,erin98@example.net,USA,Education,Small,2025-08-10
118,Meghan Sims,timothyzuniga@example.net,Canada,Finance,Small,2025-01-27
119,Colleen Jennings,jholloway@example.net,India,SaaS,Small,2025-08-24
120,William Dunlap,chelsea88@example.org,India,Finance,Small,2025-02-11
121,John Raymond,dflores@example.net,Germany,Education,Enterprise,2025-02-15
122,Vanessa Lopez,diane87@example.net,India,Education,Enterprise,2025-04-02
123,Caitlin Garner,saracrosby@example.org,Canada,SaaS,Enterprise,2025-07-14
124,Stephanie Reynolds,twilson@example.org,Canada,Finance,Enterprise,2026-05-11
125,Richard Wright,lindacollier@example.com,USA,Healthcare,Medium,2026-01-11
126,Alison Gonzales,courtneymacias@example.net,USA,SaaS,Enterprise,2025-01-11
127,Chelsea Lewis,lauraballard@example.net,Canada,Healthcare,Medium,2024-11-13
128,Michelle Jones,umejia@example.com,India,Education,Small,2025-02-23
129,Nicholas Valencia,aoliver@example.net,India,Healthcare,Enterprise,2025-08-16
130,Melissa Martin,john96@example.net,India,Education,Medium,2025-01-02
131,Robert Stanton,rsmith@example.com,India,SaaS,Small,2025-03-14
132,Mrs. Ashley Olson,hayley29@example.com,Germany,Finance,Small,2024-08-29
133,Kelly Goodman,hansenanthony@example.net,USA,Finance,Small,2025-02-04
134,Henry Carpenter,hannah56@example.net,India,Healthcare,Enterprise,2025-10-14
135,Christopher Dean,aliciagordon@example.org,Germany,Education,Enterprise,2025-05-31
136,Linda Smith,qelliott@example.net,Germany,Education,Small,2026-03-26
137,Joseph Hogan,joseph22@example.net,USA,SaaS,Enterprise,2025-10-27
138,Jessica Moore,angela51@example.org,UK,Education,Small,2026-02-16
139,John Thomas,malonezachary@example.org,India,Education,Enterprise,2025-07-18
140,Amber Rowe,cgarcia@example.net,UK,Retail,Small,2026-02-05
141,Charles Taylor,millerkristina@example.com,USA,Finance,Medium,2025-02-18
142,Trevor Cooper,davisleslie@example.net,USA,Finance,Small,2026-01-07
143,Anna Clark,bennettemily@example.org,UK,SaaS,Medium,2026-01-12
144,Rebecca Peterson,collierbrooke@example.net,Canada,Retail,Enterprise,2025-09-26
145,Tara Jackson,npierce@example.com,UK,Healthcare,Small,2025-03-02
146,Alan Roberts,candacewest@example.net,UK,Retail,Small,2025-05-13
147,Taylor Avery,cindyvaldez@example.net,UK,Finance,Medium,2026-05-02
148,Blake Valentine,wchen@example.com,UK,Finance,Small,2026-03-21
149,Angela Pace,james00@example.org,USA,Retail,Small,2024-08-21
150,Christopher Bowman,amy81@example.org,Germany,Healthcare,Small,2024-10-06
151,Mark Waters,hbowman@example.org,Germany,Finance,Medium,2024-10-20
152,Lisa Brown,kimberly35@example.org,UK,Healthcare,Small,2024-09-25
153,Michael Hudson,donnapatel@example.net,UK,Retail,Medium,2026-02-16
154,Nathaniel Bush,tdavis@example.com,India,SaaS,Medium,2026-04-19
155,Bradley Rodriguez,rcampbell@example.com,India,Education,Medium,2024-12-04
156,Kevin Walsh,dthomas@example.com,Canada,Finance,Small,2025-05-01
157,Lisa Brown,christophergreen@example.org,USA,Finance,Small,2025-08-20
158,Jennifer King,zachary32@example.org,Canada,Finance,Small,2025-03-06
159,Megan Joseph,meyerbarbara@example.com,USA,Education,Medium,2025-11-07
160,Lisa Rogers,yolanda64@example.net,India,Finance,Medium,2026-05-14
161,Nathan Tanner MD,bowersjennifer@example.com,Canada,Education,Small,2024-11-19
162,Sarah Byrd,matthew52@example.org,Germany,Education,Small,2025-05-20
163,Shannon Lowe,bphelps@example.com,India,SaaS,Enterprise,2025-05-30
164,Jessica Stevenson,dianekim@example.net,Germany,SaaS,Enterprise,2024-08-20
165,Brittany Miller,vhenderson@example.com,Canada,Healthcare,Medium,2024-12-31
166,John Smith,campbellthomas@example.org,Germany,SaaS,Enterprise,2026-03-09
167,Rebecca Banks,briana44@example.net,India,Education,Medium,2024-10-27
168,Pamela Hamilton,colleenmarquez@example.com,USA,Finance,Enterprise,2026-05-16
169,Edgar Pugh DVM,jameschristensen@example.org,India,Retail,Medium,2026-03-24
170,Joshua Spears,mataregina@example.com,Germany,Finance,Enterprise,2025-09-09
171,Elizabeth Evans,bryanallen@example.com,UK,Healthcare,Medium,2024-10-24
172,Tracy Smith,aramos@example.net,Germany,Healthcare,Enterprise,2025-01-22
173,Jacqueline Shaw,delgadorachel@example.net,Canada,Finance,Medium,2026-03-30
174,Daisy Mercado,pamela00@example.net,Canada,SaaS,Medium,2026-02-18
175,Mary Schmitt,eaguilar@example.com,India,Healthcare,Medium,2025-05-20
176,Robert Oliver,jamespacheco@example.com,Canada,Education,Enterprise,2025-03-31
177,Marco Wyatt,warellano@example.org,India,Retail,Medium,2024-07-04
178,Steven Fisher,boydtimothy@example.org,Germany,Healthcare,Enterprise,2024-12-26
179,John Gibbs,msmith@example.org,Germany,Healthcare,Enterprise,2024-10-16
180,Erik Gill,justin08@example.org,USA,Finance,Enterprise,2024-06-27
181,Terry Foster,kdavid@example.net,Canada,Finance,Small,2026-01-22
182,Melissa Brown,mary96@example.com,UK,Finance,Small,2024-07-21
183,Nicholas Barrera,nicholas17@example.net,UK,Healthcare,Small,2024-09-07
184,Kimberly Parker,johnriddle@example.com,USA,Healthcare,Medium,2025-10-13
185,Jeffrey Ford,rmyers@example.org,Canada,SaaS,Medium,2026-04-21
186,Matthew Lee,susan88@example.com,Germany,Education,Small,2025-08-25
187,Jordan Maxwell,harrisjames@example.net,Germany,Retail,Medium,2024-11-03
188,Zachary Johnson,mariaroberts@example.com,UK,Healthcare,Enterprise,2025-08-13
189,Tiffany Wells,phillipsjames@example.net,USA,SaaS,Medium,2024-09-15
190,Adam Long,keithschneider@example.net,UK,Healthcare,Enterprise,2025-08-23
191,Kimberly Hudson,martinezfrancisco@example.net,Canada,Retail,Small,2025-02-03
192,Carol Small,rnelson@example.com,Canada,Healthcare,Small,2025-12-16
193,Meghan Dickson,jacquelinemorgan@example.com,Germany,Healthcare,Medium,2025-01-15
194,Christopher White,roymontgomery@example.org,Canada,Education,Enterprise,2026-02-07
195,Jacob Schmidt,james06@example.net,India,Retail,Enterprise,2024-12-19
196,Matthew Allen,wdavis@example.org,Canada,Retail,Enterprise,2024-12-22
197,Anthony Shaw,trevornunez@example.org,Germany,Healthcare,Enterprise,2024-10-01
198,Seth Brandt,michael95@example.com,Germany,Retail,Medium,2025-06-24
199,Jermaine Holloway,robert96@example.org,UK,Finance,Enterprise,2025-12-16
200,Raymond Winters,riosterri@example.com,Germany,Healthcare,Medium,2025-01-07
201,John Castro,gregory40@example.com,Germany,SaaS,Enterprise,2025-09-27
202,Danny Copeland,lbonilla@example.com,India,Healthcare,Medium,2026-01-22
203,Anthony Jones,tiffanylopez@example.net,India,Finance,Enterprise,2025-02-25
204,Steven Johnson,brandonphelps@example.net,USA,Healthcare,Small,2024-07-06
205,Jill Adams,udrake@example.com,UK,Retail,Enterprise,2025-03-30
206,Arthur Lambert,alvarezjohn@example.net,UK,Healthcare,Small,2026-03-19
207,Rebekah Stone,leedalton@example.net,Germany,Retail,Medium,2024-10-21
208,Mr. Kevin White,smithtravis@example.com,Canada,Retail,Medium,2026-03-20
209,Sean Grimes,popepamela@example.net,USA,Healthcare,Medium,2024-06-03
210,Andres Greene,mark36@example.net,Germany,Education,Enterprise,2026-03-06
211,Alexandra Phillips,pweeks@example.net,USA,Education,Medium,2025-11-21
212,Donald Rodriguez,justinrusso@example.com,Germany,SaaS,Medium,2025-08-10
213,Lauren Castillo,jeremyramirez@example.com,India,Retail,Medium,2024-11-10
214,Ellen Solis,whiteheaddavid@example.com,Canada,Education,Enterprise,2025-10-06
215,Douglas Lynch,sean88@example.net,UK,Retail,Small,2026-04-12
216,Karen Dunn,pbarrera@example.com,India,Retail,Medium,2025-08-16
217,Clayton Smith,jose16@example.net,USA,Retail,Medium,2025-03-12
218,Jeffrey Butler,sarahle@example.net,Germany,Healthcare,Medium,2025-01-22
219,Jonathan Gregory MD,christina37@example.com,UK,Education,Enterprise,2025-06-19
220,Yvette Harrison,pglover@example.com,USA,Retail,Enterprise,2025-10-14
221,Carly Smith,morgan50@example.net,Canada,SaaS,Small,2026-01-13
222,Derrick Becker,jerry21@example.org,Germany,Healthcare,Medium,2025-03-04
223,Marcus Duarte,gespinoza@example.org,UK,SaaS,Medium,2025-08-16
224,Paul Perry,halldaniel@example.org,Germany,Finance,Small,2025-03-12
225,Gina Guerra,mirandacasey@example.org,Germany,Finance,Medium,2025-04-27
226,Destiny Sanchez,bthompson@example.org,Germany,Finance,Medium,2025-06-09
227,Samantha Thompson,anthony12@example.org,India,SaaS,Medium,2025-09-15
228,Kristy White,lindsay77@example.com,USA,Education,Small,2024-08-12
229,Rachel Ball,melissanelson@example.org,India,Healthcare,Enterprise,2024-12-31
230,Allison Navarro,trobinson@example.net,USA,SaaS,Small,2026-01-12
231,Cristina Jones,alexandria50@example.net,UK,Healthcare,Small,2025-12-26
232,Timothy Roy,fernandogreen@example.net,Canada,Healthcare,Small,2026-01-09
233,Jonathan Scott,debbie41@example.com,UK,Retail,Enterprise,2025-06-04
234,Brett Silva,ryan07@example.org,USA,Education,Small,2024-10-27
235,Cynthia Mcdaniel,staceyhernandez@example.com,Germany,Finance,Medium,2024-09-02
236,Vanessa Wood,xkoch@example.org,UK,Education,Enterprise,2024-12-15
237,Jacqueline Williams,odomcharles@example.com,USA,Healthcare,Medium,2025-06-14
238,Michael Gomez,markbutler@example.org,USA,Education,Small,2024-10-01
239,Annette Smith,johnsondavid@example.org,India,Education,Enterprise,2025-01-20
240,Michael Scott,chelsea46@example.com,Germany,Retail,Enterprise,2025-09-23
241,Maria Ruiz,katie22@example.com,UK,SaaS,Enterprise,2024-07-03
242,Maria Gates,robert76@example.com,UK,SaaS,Enterprise,2025-01-06
243,Leslie Avila,diana69@example.net,India,Education,Small,2026-05-09
244,Tony Knox,crodriguez@example.org,Canada,SaaS,Medium,2025-11-19
245,Cheryl Benton,dcox@example.com,Canada,Retail,Enterprise,2026-01-07
246,Thomas Johnson,riosandrew@example.org,India,SaaS,Enterprise,2024-05-31
247,Jennifer Morris,allenclark@example.net,India,SaaS,Medium,2024-10-28
248,Jennifer Graham,mendezjeremy@example.net,Germany,SaaS,Medium,2026-03-23
249,Christopher Perez,williamsonkenneth@example.net,India,Retail,Enterprise,2024-07-13
250,Michael Schmidt,xgarza@example.net,UK,Retail,Small,2025-03-07
251,Dennis Murray,jonathan04@example.org,Canada,Finance,Enterprise,2024-12-28
252,Breanna Benton,vbond@example.net,Canada,Retail,Medium,2024-09-11
253,Tanya Holland,nsutton@example.com,Germany,Education,Medium,2026-03-29
254,Ryan Chapman,brianna39@example.org,India,Healthcare,Small,2025-09-26
255,Ann Bryant,zimmermanelizabeth@example.com,India,Retail,Small,2026-03-17
256,Mrs. Kimberly Perez MD,lorrainemccarty@example.org,Germany,Education,Enterprise,2026-04-11
257,Ashley Flores,tjordan@example.org,Germany,Finance,Small,2025-12-12
258,James Stevenson,hcastro@example.org,Germany,Finance,Small,2026-01-04
259,Hunter Garcia,nsmith@example.net,Germany,Healthcare,Medium,2025-06-24
260,Misty Davidson,hharris@example.net,India,Finance,Medium,2025-06-27
261,Gabriel Wright DDS,lorimosley@example.org,Canada,Finance,Enterprise,2024-09-16
262,Kristopher Mendez,veronicaguerrero@example.com,USA,Education,Small,2025-09-10
263,Amy Gross,hancockrobert@example.com,USA,Healthcare,Enterprise,2026-02-10
264,Dr. Elizabeth Smith,tharrison@example.net,Germany,Retail,Enterprise,2025-05-20
265,Monica Rodriguez,bgraves@example.net,UK,Retail,Enterprise,2024-08-01
266,Joel Johnson,mark68@example.net,Germany,Retail,Small,2024-06-07
267,Amy Smith MD,jacobmarshall@example.net,USA,Finance,Small,2025-03-02
268,Charles Diaz,zdunn@example.org,Germany,Healthcare,Medium,2025-04-30
269,Alison Adkins,debbiethomas@example.net,Canada,Finance,Medium,2025-12-03
270,Ashley Gordon,leondana@example.com,Canada,Education,Medium,2024-12-03
271,William Barker,bbentley@example.com,Germany,Education,Medium,2026-01-01
272,Juan Holder,agonzales@example.org,India,Retail,Medium,2024-06-28
273,Anthony Rodriguez,andersonalbert@example.org,India,Finance,Small,2024-10-23
274,James Walker,matthew06@example.com,USA,Healthcare,Medium,2025-03-01
275,Jason Ayala,diane94@example.net,USA,Education,Enterprise,2025-05-30
276,Rebecca Chavez,janiceevans@example.org,UK,Healthcare,Small,2024-09-11
277,Russell King,isosa@example.org,Germany,Finance,Enterprise,2026-05-05
278,Leslie Jenkins,weberkimberly@example.org,Canada,Education,Enterprise,2026-02-26
279,Robert Sparks,florespamela@example.net,India,SaaS,Small,2025-11-10
280,Richard Cooper,davidwalsh@example.org,India,Healthcare,Medium,2025-01-06
281,Donna Murray,pattonthomas@example.org,UK,Finance,Small,2025-07-01
282,Casey Wood,jenniferwhite@example.com,Canada,Healthcare,Medium,2025-12-15
283,James Shepherd,garciakathleen@example.org,USA,SaaS,Enterprise,2025-09-03
284,Leslie Mcdonald,fmorales@example.com,India,Healthcare,Enterprise,2026-05-11
285,Joyce Torres,brockgerald@example.com,Germany,SaaS,Small,2024-11-13
286,Dr. Anne Powell,sara51@example.com,Canada,Finance,Medium,2026-02-17
287,Christopher Oliver,jacksonsamantha@example.org,Germany,Retail,Medium,2025-04-02
288,Jane Hayden,james73@example.org,UK,SaaS,Medium,2025-05-01
289,Wesley Smith,johnathanadams@example.net,Germany,SaaS,Small,2025-12-01
290,Natalie Rivera,scott62@example.net,Germany,Retail,Small,2024-07-20
291,Jennifer Webb,mejiaconnie@example.net,Canada,SaaS,Small,2025-05-20
292,Shannon Griffin,gonzalezkelly@example.org,UK,Education,Medium,2025-06-16
293,Nicholas Carr,ismith@example.com,USA,Healthcare,Small,2025-05-26
294,Cynthia Sanders,william80@example.org,Canada,Retail,Enterprise,2025-12-24
295,Christopher Miller,esantos@example.org,Canada,Education,Small,2024-06-26
296,Kevin Boyer,rlee@example.com,Canada,Retail,Medium,2024-07-22
297,Joseph Gonzalez,laura44@example.org,Germany,Finance,Enterprise,2026-01-29
298,Pamela Herrera,jasonball@example.net,Germany,Finance,Enterprise,2025-06-12
299,Lisa Campbell,wolfcassidy@example.com,Canada,SaaS,Enterprise,2025-03-09
300,Dawn Wright,katiewilson@example.com,USA,Healthcare,Enterprise,2024-09-19
301,Jennifer Turner,clairebrown@example.com,UK,Finance,Enterprise,2024-11-20
302,Alec Rojas,haleymunoz@example.com,USA,Healthcare,Small,2024-06-27
303,Lisa Weiss,ruth10@example.net,UK,Education,Small,2026-02-07
304,Jennifer Stein,pcardenas@example.com,UK,SaaS,Medium,2025-04-07
305,Cynthia Snyder,ajones@example.com,Germany,Education,Medium,2025-06-28
306,Charles Mccoy,taylordaniel@example.net,India,SaaS,Small,2026-02-27
307,Lisa Riddle,danfarmer@example.com,India,Finance,Enterprise,2025-05-24
308,Stephanie Torres,sandrajohnson@example.org,Germany,SaaS,Enterprise,2025-05-28
309,Tracy Gray,pwilliams@example.org,UK,Finance,Enterprise,2026-01-30
310,Vanessa Young,walvarado@example.com,Canada,Healthcare,Medium,2025-10-24
311,Karen Harris,joyceemma@example.com,USA,Education,Small,2025-02-25
312,Sean Hernandez,jacob21@example.net,UK,Finance,Small,2025-02-13
313,Larry Cox,erichard@example.org,USA,SaaS,Small,2024-07-26
314,Joanne Escobar MD,crystal34@example.net,India,Education,Enterprise,2026-04-27
315,Carlos Jackson,christopher58@example.com,Canada,Finance,Medium,2024-11-30
316,Andre Owens,barnettchristopher@example.com,USA,Retail,Enterprise,2024-12-12
317,Kristin Smith,conniegibson@example.org,India,Retail,Medium,2025-05-12
318,Cathy Johnson,mendozajohn@example.net,Canada,Education,Medium,2026-05-18
319,Peter Pitts,thomasmiles@example.net,Germany,SaaS,Enterprise,2024-08-16
320,Samantha Gentry,kayleefitzgerald@example.com,USA,Retail,Enterprise,2024-05-30
321,Sheila Miller,timothy31@example.net,India,Education,Medium,2025-09-15
322,Anna Fuller,brianmiles@example.com,USA,SaaS,Small,2024-06-14
323,Andrew Watson,slam@example.com,Canada,Education,Small,2025-08-22
324,Dr. Wanda Hernandez,buchananbrian@example.com,India,Education,Small,2024-12-16
325,Beth Horton,taylormichelle@example.com,UK,Retail,Enterprise,2024-08-07
326,Brooke Richards,hraymond@example.net,Germany,Finance,Small,2026-03-14
327,Norma Short,butlerwilliam@example.com,Canada,Retail,Enterprise,2025-08-10
328,Mr. Xavier Hamilton,krista80@example.com,Germany,SaaS,Medium,2026-01-28
329,Justin Rivera MD,rperkins@example.com,India,Retail,Medium,2026-04-08
330,Whitney Park,jacqueline25@example.net,India,SaaS,Small,2025-03-01
331,Christopher Singh,ashleythompson@example.org,India,Retail,Enterprise,2025-01-28
332,Anthony Mcintosh MD,alicia73@example.com,Germany,Finance,Enterprise,2025-02-12
333,Heather Watts,adavid@example.org,Germany,Education,Small,2025-05-04
334,Gregory Henry,zwest@example.net,Germany,SaaS,Medium,2024-06-20
335,Jean Frye,deanchristine@example.net,India,Finance,Small,2025-08-27
336,Mary Webb,ericksonheather@example.org,Germany,Education,Small,2025-10-24
337,Derek Nguyen,urivas@example.net,Canada,Retail,Medium,2024-09-06
338,Christine White,bruce20@example.org,USA,Healthcare,Enterprise,2025-04-15
339,Samuel Nichols Jr.,gbryant@example.net,India,Education,Medium,2024-09-15
340,John Rodriguez,paigereid@example.com,Germany,SaaS,Small,2025-09-06
341,Jonathan Roach,mark19@example.net,India,Education,Small,2025-07-27
342,Christopher Hall,zmartin@example.net,India,Retail,Enterprise,2024-11-27
343,Lori Smith,smithjoseph@example.com,Germany,SaaS,Small,2024-12-19
344,Christopher Jacobs,riversashley@example.org,Canada,Healthcare,Enterprise,2025-05-01
345,Brianna Yoder,shannonlynn@example.com,UK,Finance,Enterprise,2024-11-30
346,Brandon Raymond,wilsoncrystal@example.com,USA,Education,Medium,2025-04-03
347,Benjamin Allen,curtistravis@example.com,USA,Healthcare,Small,2024-12-15
348,Christopher Martinez,john32@example.net,Germany,SaaS,Enterprise,2026-03-25
349,Michelle Mann,smunoz@example.org,UK,Retail,Enterprise,2025-08-27
350,Rodney Howell,danielle38@example.org,India,Education,Enterprise,2025-09-22
351,Brian Wright,amandahudson@example.com,India,Retail,Medium,2025-03-07
352,Laura Gates,summersvictoria@example.org,Germany,Healthcare,Medium,2025-11-23
353,Brandon Morris,wfleming@example.com,Canada,Healthcare,Medium,2025-05-03
354,Chad Dean,brandiswanson@example.net,UK,Education,Enterprise,2026-04-08
355,Maria Gray,charlesestes@example.com,UK,SaaS,Medium,2024-10-08
356,Megan Williams,jaime77@example.com,Germany,Finance,Enterprise,2025-02-07
357,Zachary Nunez,amcdaniel@example.com,India,SaaS,Medium,2024-11-23
358,Richard Davis,carloskelley@example.net,India,Education,Enterprise,2024-07-14
359,Rachael Washington,jillortiz@example.com,Germany,Healthcare,Medium,2025-04-11
360,Michael Rose,david34@example.net,Canada,Retail,Medium,2024-09-18
361,David Mitchell,zrobinson@example.com,India,Education,Enterprise,2024-07-12
362,Joseph Zhang,harrissierra@example.com,Germany,Retail,Medium,2025-10-11
363,David Edwards,hallnatalie@example.net,UK,Healthcare,Enterprise,2024-08-19
364,Steven Brown,jeremyjohnson@example.net,Germany,Healthcare,Medium,2024-05-24
365,Benjamin Lawson,nleonard@example.net,USA,Finance,Enterprise,2026-04-07
366,Rachel Coleman,qowens@example.com,Germany,Retail,Medium,2026-05-07
367,Angela Harmon,kristyfrancis@example.com,UK,Retail,Small,2024-06-24
368,Brooke Shah,lvazquez@example.com,UK,Education,Enterprise,2025-10-09
369,Karl Scott,zdavis@example.net,India,SaaS,Medium,2024-08-21
370,Robert Lloyd,michael06@example.org,USA,Education,Medium,2025-12-07
371,Brian Arellano,oholland@example.com,USA,Healthcare,Medium,2024-06-21
372,Michael Nguyen,chelsea35@example.org,UK,SaaS,Medium,2026-03-07
373,Brandon Martinez,linterry@example.net,India,Finance,Enterprise,2026-03-26
374,Steven Rose,wernercarol@example.org,Germany,SaaS,Medium,2024-06-05
375,Kim Ward,anthonymcmahon@example.com,Canada,Retail,Medium,2024-06-07
376,Peter Haley,jennifer51@example.org,Germany,Education,Small,2024-07-22
377,Dawn Sims,frodriguez@example.org,Canada,SaaS,Small,2025-05-17
378,Melvin Miller,peterphillips@example.net,India,Healthcare,Enterprise,2025-02-16
379,Abigail Wright,allisoncaldwell@example.com,USA,Retail,Small,2025-06-29
380,Kevin Pugh,kimberlygarcia@example.net,USA,Retail,Small,2025-03-11
381,Christopher Berry,aellison@example.com,India,SaaS,Small,2026-03-30
382,Kelly Bauer,rhughes@example.org,India,SaaS,Medium,2024-06-21
383,Sheryl Pope,christinasanchez@example.org,India,Finance,Medium,2025-12-12
384,Michelle Smith,akelly@example.org,UK,Healthcare,Enterprise,2025-04-26
385,Betty Perry,sanderson@example.net,Germany,Education,Enterprise,2024-10-19
386,Karen Jackson,kennedypatrick@example.net,UK,Healthcare,Small,2024-09-14
387,Christy Walton,taylorbrian@example.net,USA,Education,Medium,2024-06-06
388,Casey Davis,patriciajoyce@example.org,Canada,Healthcare,Medium,2025-08-16
389,Monica Johnson,dustin76@example.org,Canada,Healthcare,Small,2025-06-30
390,Alexander Harper,matthewmorales@example.net,Germany,Finance,Medium,2024-11-13
391,Mary Robinson,dmiles@example.net,India,SaaS,Medium,2024-11-26
392,Andrew Dean,dmeadows@example.com,India,Education,Small,2025-08-07
393,Dustin Marshall,sandrawalker@example.net,USA,Retail,Medium,2026-02-19
394,Michael Miller,gcarpenter@example.com,Canada,Finance,Enterprise,2024-06-15
395,Dakota Perkins,christopherrussell@example.net,Germany,Finance,Medium,2024-06-10
396,Jasmine Bauer,peter00@example.org,India,Healthcare,Medium,2024-08-13
397,Chad Lutz,melissa14@example.org,Germany,SaaS,Small,2026-01-24
398,Michael Baker,justinhiggins@example.net,Germany,Education,Medium,2025-10-30
399,Jessica Sampson,wcantrell@example.com,Canada,Finance,Enterprise,2025-07-15
400,Amber Garrett,haileysanchez@example.org,India,SaaS,Enterprise,2024-08-24
401,Nicole Hess,rachelnelson@example.org,Germany,Finance,Small,2025-06-19
402,Kevin Ortega,farrellmark@example.org,Canada,SaaS,Enterprise,2025-02-08
403,Stacey Martinez,rwarren@example.net,Germany,Finance,Small,2025-12-12
404,Melvin Clark,jonesbreanna@example.com,Canada,Finance,Small,2024-11-06
405,Jorge Ingram,edwardortiz@example.org,UK,Education,Medium,2026-04-22
406,Melissa Moore,smithdominic@example.net,UK,SaaS,Enterprise,2025-06-07
407,Misty Roberts,mccartyheather@example.com,USA,Finance,Medium,2026-04-05
408,Wendy Rowe,khoward@example.com,USA,Education,Medium,2025-03-05
409,Caitlyn Garrett,gloria79@example.org,UK,SaaS,Medium,2025-12-20
410,Jessica Burton,jonathansmith@example.org,India,Retail,Small,2025-09-23
411,Jimmy Stephenson,justin55@example.net,UK,Healthcare,Enterprise,2025-10-24
412,Joseph Casey,lesliemyers@example.net,India,Education,Enterprise,2025-12-14
413,Jay Patel,tammy63@example.org,India,Healthcare,Medium,2026-05-11
414,Timothy Burgess,stevenswhitney@example.org,Germany,Finance,Enterprise,2026-04-09
415,Mark Hardin,darrengibson@example.com,India,SaaS,Medium,2024-06-26
416,Maria Harrison,aprilrobertson@example.com,USA,Healthcare,Small,2025-04-09
417,Pamela Christensen,tannerscott@example.com,Germany,Education,Medium,2025-05-19
418,Lori Daniels,brandonlittle@example.com,USA,Retail,Small,2025-03-05
419,Doris Holland,tracie38@example.com,India,Education,Small,2025-05-13
420,Jill Conner,jake40@example.net,Germany,Finance,Enterprise,2024-10-22
421,William Logan,anthonysmith@example.net,India,Education,Medium,2026-01-22
422,Marcus Davis,cbrown@example.org,India,SaaS,Enterprise,2024-10-18
423,Timothy Fletcher,jjennings@example.net,UK,Retail,Small,2026-01-26
424,Gregory Hunt,katienelson@example.org,Canada,Education,Medium,2024-10-23
425,Ian Martin,diane81@example.org,Canada,Healthcare,Enterprise,2025-11-06
426,Megan Coleman,gina34@example.org,USA,Retail,Enterprise,2025-06-06
427,Kenneth Brown,olivertracey@example.net,India,Retail,Small,2024-07-29
428,Philip Moore,jhenry@example.net,UK,SaaS,Small,2025-03-04
429,Heather Jackson,gloverthomas@example.net,India,Retail,Small,2025-04-16
430,Eric Powell,christiantorres@example.org,USA,Healthcare,Enterprise,2026-04-15
431,Christine Rosario,jeremyarias@example.com,UK,Retail,Medium,2024-11-07
432,Ronald Wilkerson,mirandajohn@example.org,India,Education,Medium,2025-08-05
433,Ashley Morgan,francoashley@example.com,Canada,Healthcare,Medium,2025-03-17
434,Jennifer Daniels,pearsondaniel@example.com,USA,Retail,Enterprise,2025-06-10
435,Jean Calderon,ericwalker@example.net,Germany,Finance,Small,2024-06-07
436,Amanda Peters,annemoore@example.net,India,Healthcare,Medium,2024-07-26
437,April Taylor,kmontgomery@example.org,Germany,Healthcare,Medium,2024-11-06
438,Matthew Diaz,tanya59@example.net,USA,Finance,Enterprise,2025-02-05
439,Timothy Carr,contrerasmatthew@example.com,India,SaaS,Medium,2024-11-23
440,John Richardson,hgreene@example.net,India,Healthcare,Small,2025-08-14
441,Robin Wood,george69@example.org,Germany,SaaS,Enterprise,2024-12-20
442,Krystal Wilson,stephennavarro@example.net,UK,Education,Small,2024-08-21
443,Colleen Velasquez,johnsonkeith@example.net,USA,Finance,Small,2024-06-13
444,Jennifer Schaefer,debrajohnson@example.com,UK,Education,Small,2025-05-02
445,Eileen Gutierrez,fhubbard@example.com,USA,Education,Small,2024-11-07
446,Joshua Fisher,vpatterson@example.net,Canada,Healthcare,Small,2024-10-13
447,Daniel Vance,arhodes@example.net,India,Healthcare,Enterprise,2025-04-29
448,Rhonda Alvarez,johnsondouglas@example.net,USA,Finance,Small,2026-01-31
449,Derrick Hoffman,jonathantodd@example.org,UK,Education,Medium,2026-01-03
450,Zachary Quinn,brooke19@example.com,UK,SaaS,Enterprise,2025-03-26
451,Sharon Mitchell,sethsmith@example.net,USA,Healthcare,Small,2025-03-08
452,Kimberly Merritt,isanchez@example.org,India,Healthcare,Enterprise,2026-04-17
453,Brandy Wilson,snydertricia@example.com,India,SaaS,Small,2025-11-13
454,Roger Randolph,pmurphy@example.org,India,SaaS,Small,2025-03-07
455,Andrew Martinez,xhoward@example.com,Germany,Education,Small,2025-10-17
456,John Robertson,willisdaniel@example.net,USA,Retail,Medium,2024-11-01
457,James Hebert,smithcindy@example.net,India,Education,Enterprise,2026-03-30
458,Wendy Grant,kelly33@example.org,USA,Retail,Enterprise,2024-07-07
459,Sarah Griffin,fluna@example.com,UK,Education,Small,2025-09-06
460,Lisa Richmond,sarahsmith@example.com,Canada,Finance,Medium,2025-07-16
461,Michael Crawford,hernandezbrianna@example.org,USA,SaaS,Medium,2025-05-22
462,Jose Brown,danachang@example.org,Germany,Retail,Enterprise,2025-06-21
463,Ryan Nelson,aliciawalker@example.com,USA,Retail,Enterprise,2024-07-11
464,Pamela Kane,harrismarcus@example.org,Germany,SaaS,Small,2024-06-17
465,Amy Skinner,xparker@example.org,India,Education,Small,2026-04-19
466,Cody Floyd,taraanderson@example.com,USA,Healthcare,Medium,2025-04-20
467,April Hunter,xevans@example.com,Canada,Education,Enterprise,2026-03-10
468,Nicole Roberson,james54@example.org,India,Retail,Enterprise,2025-10-03
469,Elizabeth Marshall,frenchjames@example.org,Canada,Finance,Medium,2025-03-27
470,Lindsey Flores DVM,jwilliams@example.com,Canada,Education,Medium,2024-06-13
471,Dana Frank,rcrawford@example.org,USA,SaaS,Enterprise,2024-11-21
472,Chelsea Rodriguez,xbaker@example.org,Canada,Healthcare,Medium,2026-01-07
473,Brandon Copeland,todd31@example.com,Germany,Healthcare,Medium,2025-04-03
474,Jacqueline Jenkins,russogary@example.org,India,Retail,Medium,2026-02-25
475,Thomas Gibson,crystal29@example.org,Germany,SaaS,Medium,2026-04-10
476,Jessica Henson,kimberlygarza@example.org,Germany,Finance,Enterprise,2026-04-30
477,Karen Williams,mathisjudith@example.com,India,Finance,Small,2025-01-22
478,Emily Leonard,xsmith@example.com,Germany,SaaS,Small,2025-05-31
479,Marcus Mason,leah44@example.org,USA,SaaS,Medium,2025-03-28
480,Catherine Weber,william77@example.net,USA,Finance,Small,2025-01-05
481,Theodore Rojas,timothymyers@example.org,Canada,SaaS,Enterprise,2025-08-06
482,Andrew Austin,stephenschristine@example.org,Canada,Education,Medium,2024-05-28
483,Paige Salas,gonzaleznathaniel@example.org,USA,Retail,Medium,2025-02-14
484,Julie Boyer,meganharrell@example.com,Germany,SaaS,Medium,2025-02-02
485,Alicia Roberts,gentrycurtis@example.net,Canada,Finance,Medium,2025-06-08
486,Lauren Rogers,rebeccahenderson@example.org,USA,Education,Enterprise,2024-07-24
487,Lori Fisher,faithobrien@example.org,UK,Healthcare,Enterprise,2025-09-17
488,Pam Brown,acooper@example.com,Germany,Healthcare,Small,2025-12-16
489,Christopher Pittman,acarter@example.org,India,Education,Medium,2025-03-07
490,Jason Sanchez,brooke44@example.net,USA,Finance,Enterprise,2025-10-16
491,Patrick Rollins,xhicks@example.com,UK,Retail,Enterprise,2026-04-22
492,Russell Davis,maria30@example.net,Canada,Education,Enterprise,2025-05-24
493,Nicole Hurst,samuel04@example.com,Canada,SaaS,Enterprise,2024-07-06
494,Christopher Morris,meghanchristian@example.org,India,SaaS,Small,2025-04-16
495,Jeremy Flores,hernandezjason@example.com,India,Finance,Medium,2024-06-06
496,Natasha Anderson,patrick85@example.com,India,SaaS,Small,2026-01-09
497,Jacob Owens,murphyapril@example.com,UK,Education,Enterprise,2024-12-17
498,Leonard Miller,paulacruz@example.com,Germany,SaaS,Small,2025-12-07
499,Michael Jones,davidduncan@example.net,USA,SaaS,Enterprise,2025-03-15
500,Tammy Peters,asmith@example.net,Canada,Healthcare,Medium,2025-09-08
501,Erin Nguyen,nhouston@example.com,Germany,Retail,Medium,2024-06-10
502,Douglas Campbell,aaron67@example.com,UK,Finance,Medium,2024-12-15
503,Cameron Gomez,pjohnson@example.com,India,Education,Enterprise,2025-08-22
504,Leslie Sanchez,bbush@example.com,USA,SaaS,Small,2025-11-18
505,Chad Mckay,deannalove@example.org,UK,Education,Small,2025-10-24
506,Paula Smith,freid@example.net,USA,Finance,Medium,2024-09-22
507,Carla Russo,johnsonsarah@example.com,Germany,Retail,Enterprise,2025-10-13
508,Jennifer Rhodes,staceyturner@example.com,Germany,Retail,Medium,2024-06-23
509,Christina Clayton,gavinterry@example.org,UK,Education,Small,2025-10-20
510,Cory Green,melissasalazar@example.org,India,Retail,Small,2024-12-13
511,Christopher Rodriguez,ycarey@example.org,India,Education,Medium,2024-12-30
512,Deborah Hurst,dianawest@example.com,Canada,Finance,Small,2026-03-07
513,Leslie Thomas,nicolevelez@example.org,UK,Retail,Enterprise,2025-02-16
514,Maureen Little,mcampbell@example.org,USA,SaaS,Small,2025-02-20
515,Henry Greene,brandonjohnston@example.com,India,Healthcare,Small,2025-04-16
516,Alfred Herrera,manuelpeterson@example.net,India,Finance,Medium,2025-03-29
517,Lindsay Wells,reneedominguez@example.org,USA,SaaS,Medium,2025-07-25
518,Cynthia Sullivan,diazkimberly@example.org,Germany,Healthcare,Small,2025-02-19
519,Elizabeth Mckenzie,erin88@example.com,Germany,Education,Enterprise,2024-08-05
520,John Gilmore,thomas44@example.net,UK,Education,Enterprise,2024-07-03
521,Jeffrey Washington,vernonwagner@example.net,India,SaaS,Medium,2024-06-10
522,Heather Dixon,stanleydebra@example.com,USA,Retail,Small,2025-10-29
523,Travis Preston,williamslori@example.org,Germany,SaaS,Medium,2025-02-26
524,Jason Vega,rhondathompson@example.net,Canada,Retail,Enterprise,2025-01-25
525,Hailey Lamb,reyesmarc@example.org,Germany,Retail,Medium,2024-05-31
526,Morgan Wood,zjones@example.org,USA,Retail,Small,2024-06-28
527,Derek Gonzalez,ufaulkner@example.org,India,Healthcare,Enterprise,2025-07-20
528,Natasha Johnson,bennettkatherine@example.com,Germany,Finance,Small,2024-11-06
529,Daniel Jordan,daniel03@example.net,Germany,SaaS,Small,2026-04-16
530,Joseph Walsh,carlsonheidi@example.org,Germany,Education,Medium,2024-08-20
531,John Farmer,nancyclark@example.net,Canada,SaaS,Medium,2024-12-20
532,Angela Miller,larrylucas@example.org,India,Finance,Small,2024-12-10
533,Joseph Boyd,dennis51@example.org,India,Healthcare,Small,2026-03-07
534,Kimberly Elliott,qthompson@example.net,Canada,SaaS,Enterprise,2025-08-03
535,Catherine Johnson,lmiller@example.com,Canada,Healthcare,Medium,2025-04-07
536,Mary Cook,skey@example.com,India,Healthcare,Small,2025-04-29
537,Barry Myers,howens@example.org,USA,Healthcare,Medium,2025-12-18
538,Mary Freeman,dawn56@example.com,UK,Healthcare,Enterprise,2024-12-19
539,Brian Jordan,danieldavis@example.com,UK,SaaS,Small,2025-03-08
540,James Pratt,amy70@example.net,Germany,Retail,Enterprise,2025-06-20
541,Warren Lewis,ajohnson@example.com,Canada,Retail,Enterprise,2024-09-06
542,Amanda Garcia,jamesphillips@example.net,Canada,Education,Medium,2025-11-02
543,Jose Smith,zmartinez@example.org,India,Healthcare,Medium,2025-11-07
544,Thomas Cruz,daniel50@example.org,USA,Retail,Medium,2025-11-01
545,Justin Bowers,zsloan@example.com,India,Finance,Enterprise,2024-10-09
546,Steve Day,joelbullock@example.com,USA,Finance,Enterprise,2024-10-02
547,John Jones,moorecheryl@example.com,USA,Finance,Medium,2025-05-30
548,Nancy Evans,sara93@example.org,Germany,SaaS,Small,2025-03-03
549,Adrian Peterson,pauldoyle@example.net,India,Finance,Small,2026-01-01
550,Melvin Mitchell,garciawillie@example.net,USA,Education,Enterprise,2025-12-23
551,Misty Schultz,samanthasalazar@example.org,Canada,Retail,Medium,2024-05-28
552,Heather Johnson,bethany77@example.com,Canada,Education,Enterprise,2024-09-04
553,Allen Oliver,mirandaprice@example.com,USA,Retail,Enterprise,2024-06-16
554,Eric Roth,danielle95@example.com,UK,Finance,Enterprise,2025-10-19
555,Shannon Martinez,jacob99@example.org,Germany,Education,Small,2026-05-10
556,David Thompson III,tanya79@example.org,USA,Retail,Small,2025-11-18
557,Brandon Martin,adammcpherson@example.org,India,SaaS,Enterprise,2025-07-05
558,Julie Phelps,bherring@example.net,UK,SaaS,Small,2025-01-12
559,Nancy Hodges,llee@example.org,Germany,Retail,Enterprise,2025-11-16
560,Rachel Ellis,justincooper@example.org,Canada,Education,Small,2024-07-17
561,Keith Rodriguez,barrybailey@example.com,India,Finance,Medium,2025-07-23
562,Tommy Edwards,danieljackson@example.com,Germany,Retail,Medium,2025-10-16
563,Terry Bryant,btaylor@example.net,Canada,SaaS,Enterprise,2025-07-29
564,Gloria Harper,sroberson@example.com,India,SaaS,Medium,2025-06-27
565,Allen Wood,tanya25@example.com,USA,Education,Enterprise,2024-11-15
566,Tammy Chase,uavery@example.net,Germany,Finance,Medium,2025-03-22
567,Eric Gordon,qmitchell@example.net,Canada,Healthcare,Medium,2024-05-26
568,Richard Moore,aprilcarpenter@example.com,USA,Education,Enterprise,2024-10-09
569,Jose Curry,lramirez@example.com,UK,Finance,Medium,2025-05-04
570,Stefanie Dean,evan75@example.org,Germany,Healthcare,Enterprise,2026-02-02
571,Wayne Gentry,dianafoster@example.net,USA,Finance,Enterprise,2025-08-28
572,Judith Benson,josemoran@example.com,Germany,Finance,Small,2024-10-23
573,Jonathan Cunningham,rachelpope@example.com,Canada,SaaS,Enterprise,2026-04-19
574,Megan Miller,ejohnson@example.org,Germany,Education,Medium,2026-04-13
575,Joshua Patel,ambermartin@example.org,USA,Finance,Medium,2026-01-07
576,Michael Baker,vhouston@example.org,UK,Healthcare,Medium,2026-01-23
577,Tyler Ford,bfrey@example.net,Germany,Healthcare,Small,2025-06-14
578,Lauren Smith,ronald75@example.net,UK,Healthcare,Small,2024-09-22
579,Amber Hill,hannacassandra@example.org,India,SaaS,Enterprise,2026-04-20
580,Katelyn Rodriguez,uhampton@example.net,Canada,Education,Small,2025-11-05
581,Bryan Schneider MD,pquinn@example.net,India,Education,Small,2026-01-15
582,John Ramirez,pcrawford@example.org,Canada,Retail,Small,2024-07-25
583,Pamela Johnston,paulerin@example.org,UK,Healthcare,Enterprise,2025-06-09
584,Eric Daniels,zachary64@example.net,Canada,Healthcare,Enterprise,2025-01-14
585,Claudia Martinez,parkerpaula@example.org,Germany,SaaS,Medium,2024-09-22
586,Brittany Hoover,carrieyoung@example.org,India,Healthcare,Medium,2025-08-27
587,Christopher Brown,stephen09@example.net,Canada,Finance,Enterprise,2026-01-04
588,Victoria Cox,krista62@example.org,Germany,Healthcare,Enterprise,2025-03-07
589,Kyle Castro,martinezamber@example.org,UK,Finance,Medium,2025-05-13
590,Heather Martinez,aprildelgado@example.org,UK,Finance,Enterprise,2025-06-02
591,Jennifer Marquez,jprice@example.org,Canada,Retail,Medium,2024-10-14
592,Stephanie Bailey,kmoore@example.org,India,Retail,Enterprise,2024-12-10
593,Daniel Duran DVM,creeves@example.org,Canada,Retail,Small,2025-10-02
594,Adam Mann,blackaaron@example.net,UK,Education,Small,2024-11-02
595,Nicholas Schneider,campbellandrew@example.net,India,SaaS,Enterprise,2024-09-07
596,Lori Duncan,osanford@example.com,Germany,Finance,Enterprise,2025-03-10
597,Andrew Moss Jr.,kristy11@example.org,USA,Education,Small,2025-04-26
598,Timothy Armstrong,christina02@example.net,India,SaaS,Small,2025-01-25
599,Arthur Garcia,elizabeth79@example.net,India,Retail,Enterprise,2026-05-12
600,Carrie Mcdonald,agibson@example.net,UK,Retail,Small,2024-12-12
601,Victoria Lopez,snowpatrick@example.com,UK,Retail,Medium,2024-11-23
602,James Martinez,marthapoole@example.com,USA,Retail,Small,2024-06-08
603,Helen Ward,vjones@example.org,Germany,Education,Medium,2026-03-01
604,Leonard Brown,russomary@example.net,UK,Retail,Small,2026-03-30
605,Sheri Sims,nicole15@example.org,India,Healthcare,Small,2025-05-11
606,Phillip Stewart,jacob94@example.com,India,SaaS,Enterprise,2025-06-26
607,Jody Owens,kathleen92@example.net,India,Healthcare,Small,2025-06-09
608,Michelle Underwood,jacksoncrystal@example.org,USA,Finance,Medium,2025-06-14
609,Melanie Lopez,halesarah@example.net,UK,Retail,Medium,2024-11-06
610,Anna Mccoy,kimberlywolfe@example.org,Canada,SaaS,Small,2024-11-04
611,Shawn Caldwell,kenneth35@example.org,USA,Finance,Small,2025-06-22
612,Jason Conley,nunezmark@example.net,UK,Education,Enterprise,2026-03-07
613,Hannah Fischer,robertgillespie@example.com,Canada,Education,Medium,2025-06-19
614,Nicole Ford,sherrymurphy@example.net,USA,Finance,Small,2025-10-01
615,Ashley Cain,christine16@example.org,India,SaaS,Small,2025-02-24
616,Cody Herring,evan75@example.com,UK,Retail,Enterprise,2026-01-23
617,Karen Duncan,tgarcia@example.net,Canada,Retail,Small,2024-11-23
618,Lisa Young,gregoryrich@example.org,USA,Retail,Enterprise,2024-07-10
619,Barbara Bridges,kidderik@example.com,Canada,SaaS,Enterprise,2025-04-12
620,Gregory Young,ywaters@example.org,Canada,Education,Small,2025-08-17
621,Terri Savage,crystal53@example.net,UK,Finance,Medium,2024-08-25
622,Elizabeth Krueger,andrew45@example.org,USA,Education,Medium,2025-12-24
623,Thomas Wilson,brandynolan@example.com,UK,Education,Medium,2024-06-07
624,Jennifer Berger,lauraalexander@example.com,UK,SaaS,Enterprise,2025-03-03
625,Anna Chavez,scastillo@example.net,India,SaaS,Enterprise,2024-12-11
626,Alexandra Woods,teresamays@example.org,Canada,Education,Enterprise,2026-01-15
627,Joseph Thompson,lauraweiss@example.net,Canada,SaaS,Medium,2026-05-10
628,Catherine Schwartz,brandon22@example.org,Germany,SaaS,Enterprise,2024-12-14
629,Vanessa Fisher,gpham@example.com,Germany,Finance,Medium,2026-01-27
630,Troy Smith,dylanhill@example.net,USA,Finance,Small,2026-01-05
631,Michelle Neal,brian90@example.org,India,Healthcare,Enterprise,2025-03-07
632,Matthew Chavez,rward@example.net,USA,Education,Enterprise,2026-02-23
633,Roger Robinson,elee@example.org,India,Healthcare,Small,2024-07-13
634,Seth Graham,jessicapope@example.net,India,Education,Medium,2024-06-08
635,John Hampton,diazgerald@example.com,UK,Retail,Enterprise,2026-02-27
636,Alexandra Thomas,wendy38@example.net,Germany,Healthcare,Small,2025-02-09
637,Rachel Edwards,james99@example.com,USA,Retail,Small,2026-04-22
638,Joyce Miller,jrice@example.com,India,Healthcare,Small,2025-05-28
639,Kelly Knapp,richard75@example.org,UK,SaaS,Medium,2025-12-22
640,Rebecca Patrick,davidrice@example.net,India,Education,Medium,2025-12-10
641,Kristen Martinez,laneashley@example.com,Canada,Retail,Medium,2025-07-01
642,Sally Acosta,austinmoses@example.com,USA,Healthcare,Medium,2026-05-06
643,Jerry Cunningham,dli@example.net,India,SaaS,Enterprise,2025-10-20
644,Charles Gonzalez,fitzgeraldsean@example.com,India,Finance,Small,2025-04-11
645,Steven Hamilton,robertedwards@example.org,India,Retail,Medium,2024-10-26
646,Jessica Joyce,davidglass@example.net,Germany,Retail,Medium,2026-01-13
647,Andre Kelley,amanda29@example.org,UK,Retail,Enterprise,2024-06-30
648,Brenda James,robersonkathleen@example.net,Germany,Finance,Enterprise,2025-08-01
649,Randy Dawson,polsen@example.net,India,SaaS,Enterprise,2025-11-16
650,Joshua Parker,erika84@example.com,Germany,SaaS,Medium,2024-11-19
651,Mary Roberts,ashleygarcia@example.net,Canada,Healthcare,Enterprise,2025-03-12
652,Sharon Bailey,thompsoncaroline@example.net,India,Finance,Small,2025-05-17
653,Jasmine Jackson,saragonzales@example.org,USA,Finance,Enterprise,2024-07-26
654,Christina Cox,trantravis@example.net,India,Finance,Medium,2025-04-25
655,Emily White,rachelhale@example.net,Canada,Retail,Small,2024-11-04
656,Christopher Graham,ykim@example.org,Germany,Finance,Medium,2025-07-26
657,Heather Mayo,pgomez@example.net,USA,Finance,Enterprise,2024-06-19
658,Robert Ross,ortegamiranda@example.net,Germany,Finance,Enterprise,2025-07-06
659,Sharon Anderson,lewismegan@example.com,USA,SaaS,Enterprise,2024-10-03
660,Joshua Lee,marccampbell@example.com,Germany,Finance,Enterprise,2024-12-28
661,Andrea Lawrence,devinparker@example.org,UK,SaaS,Small,2025-01-20
662,Teresa Keith,mark48@example.net,Canada,Retail,Small,2026-03-12
663,Kevin Hinton,clewis@example.net,UK,SaaS,Small,2024-11-05
664,Nicole Flores,morgan53@example.net,India,Finance,Medium,2024-10-07
665,Wendy Pearson,jordan35@example.com,Canada,SaaS,Enterprise,2024-06-18
666,Rachel Ritter,taylor41@example.org,UK,Retail,Medium,2026-05-12
667,Catherine Padilla,riceconnie@example.com,India,Retail,Small,2025-04-15
668,Timothy Reyes,clarencenguyen@example.net,Canada,Healthcare,Enterprise,2025-03-02
669,Kim Miller,anthony08@example.net,India,Retail,Medium,2024-09-26
670,Jennifer Delgado,thomas10@example.org,India,Healthcare,Small,2026-03-20
671,Kaitlyn Finley,wrightkatherine@example.com,USA,Healthcare,Medium,2024-09-07
672,Christopher Brown,kevin64@example.net,Canada,Retail,Enterprise,2024-05-29
673,Penny Taylor,bryantlaura@example.com,USA,Finance,Medium,2024-05-24
674,Lisa Spencer,david68@example.net,Germany,Healthcare,Enterprise,2025-04-19
675,Jessica Gentry,hickstroy@example.net,India,Retail,Small,2024-09-12
676,Amber Davis,wendy30@example.com,USA,Healthcare,Small,2025-06-13
677,Hannah Parker,ellisgabrielle@example.net,Germany,Healthcare,Enterprise,2025-06-18
678,Natasha Navarro,richardwright@example.net,Germany,SaaS,Enterprise,2025-01-04
679,Crystal Simon,mary56@example.com,India,Finance,Enterprise,2025-02-09
680,Kimberly Johnson,margaretbarnes@example.org,USA,Education,Enterprise,2026-03-09
681,Scott Pace,plove@example.net,India,Finance,Small,2025-10-24
682,Martin Chapman,charlotte99@example.org,UK,Finance,Enterprise,2026-01-08
683,Tiffany Wallace,rebeccaerickson@example.com,UK,SaaS,Small,2026-05-09
684,Claudia Garcia,kayla18@example.com,UK,Healthcare,Medium,2024-10-03
685,Kathleen Pearson,cory51@example.com,USA,Finance,Enterprise,2026-03-21
686,Melissa Carter,rdiaz@example.net,Canada,Finance,Medium,2026-03-10
687,Jennifer Boyd,jennifer01@example.org,Canada,Healthcare,Enterprise,2024-08-16
688,Brittany Martin,xroy@example.net,USA,SaaS,Medium,2026-01-06
689,James Vaughn,scott77@example.net,Germany,Retail,Enterprise,2025-02-18
690,Jaclyn Sexton,james18@example.org,Germany,Retail,Enterprise,2025-12-02
691,Christopher Hanson,schmidtdiana@example.net,USA,Healthcare,Medium,2024-08-01
692,Kelsey Wright,jessica12@example.net,USA,Retail,Medium,2024-08-04
693,James Brown,craigsharp@example.net,Canada,Finance,Small,2024-12-20
694,Andrew Todd,lisa80@example.com,Canada,Education,Small,2024-09-02
695,Nicholas Benjamin,aedwards@example.com,UK,Retail,Enterprise,2025-07-07
696,Christopher Kramer,megan23@example.com,USA,SaaS,Enterprise,2024-11-25
697,Ashley Griffith,vwashington@example.org,UK,Finance,Small,2026-03-27
698,Carolyn Espinoza,kellyjill@example.com,UK,Finance,Enterprise,2024-06-08
699,Lisa Coleman,kleinsean@example.com,UK,Finance,Enterprise,2025-05-18
700,Christian Johnson,michaelponce@example.net,India,SaaS,Medium,2026-05-02
701,Ethan Rangel,underwoodjason@example.net,UK,Education,Medium,2025-04-02
702,Richard Williams,ppadilla@example.org,UK,Finance,Enterprise,2025-07-01
703,Tina James,aaronsuarez@example.org,Canada,SaaS,Enterprise,2025-12-24
704,Chad Jenkins,xfrench@example.com,UK,Education,Enterprise,2026-03-07
705,Luke Ramos,lsmith@example.com,UK,Healthcare,Enterprise,2025-02-26
706,Don Edwards,roberthenderson@example.com,Canada,Education,Medium,2025-12-31
707,Michelle Andrews,amy79@example.org,Canada,SaaS,Small,2025-10-18
708,Alejandro James,rileylisa@example.org,USA,SaaS,Enterprise,2026-01-24
709,Joseph Aguilar,collinselizabeth@example.org,Canada,Finance,Enterprise,2025-04-17
710,Thomas Key,rcollier@example.org,UK,Education,Medium,2024-11-14
711,Kendra Powell,emily22@example.com,Canada,SaaS,Medium,2024-09-02
712,Erin Sullivan,patricksmith@example.net,Canada,Finance,Enterprise,2025-10-03
713,Amanda Moran,stacywilliams@example.com,India,Retail,Small,2024-06-11
714,Angela Holden,nicholas20@example.com,Germany,Finance,Medium,2024-06-30
715,Gregory Ruiz,haleyanderson@example.net,USA,SaaS,Small,2024-09-25
716,Erin George,marcusvazquez@example.net,Germany,Retail,Medium,2025-06-23
717,Lisa James,gking@example.org,Germany,Healthcare,Medium,2026-01-07
718,Danielle Long,lstuart@example.net,Canada,Healthcare,Medium,2025-04-16
719,Teresa Shaw,jalexander@example.net,India,Finance,Medium,2026-02-07
720,Christine Jones,glang@example.com,UK,Finance,Enterprise,2025-07-13
721,William Neal,elizabeth71@example.com,Canada,SaaS,Medium,2025-10-21
722,Crystal Huffman,michael58@example.org,UK,Retail,Small,2025-05-17
723,Steven Lewis,imoore@example.com,India,Retail,Small,2025-03-04
724,Thomas Alexander,kbyrd@example.org,UK,SaaS,Small,2024-07-19
725,Scott Caldwell,josephpatterson@example.org,India,Retail,Enterprise,2026-03-03
726,Katie Carr,thomas50@example.com,Germany,Healthcare,Small,2025-11-07
727,Tracy Savage,xsullivan@example.org,India,Education,Enterprise,2025-05-13
728,Sherry Mcbride,tmarshall@example.org,India,Healthcare,Small,2026-04-03
729,Randall Johnson,fberry@example.com,Germany,Education,Medium,2024-05-20
730,Henry Miranda,timothysmith@example.com,Germany,Finance,Medium,2026-03-13
731,Michael Hart,qwilson@example.com,USA,SaaS,Medium,2025-01-24
732,Linda Hahn,tiffanybright@example.net,Canada,Retail,Small,2025-07-21
733,Marie Rowland,edwarddennis@example.com,UK,Education,Medium,2024-11-01
734,Anna Young,charles80@example.net,USA,SaaS,Medium,2025-09-10
735,Tiffany Pineda,hcompton@example.net,Germany,Education,Enterprise,2024-05-24
736,Mary Bond,stephanieortega@example.org,Germany,Finance,Enterprise,2024-09-09
737,Kathryn Fox,kylepayne@example.org,USA,SaaS,Medium,2026-05-04
738,Robert Bell,nvega@example.org,UK,Finance,Enterprise,2025-08-21
739,Wendy Watts,susantaylor@example.net,India,Retail,Medium,2025-02-23
740,Rita Lyons,fernandezthomas@example.com,USA,Retail,Small,2024-11-08
741,Shane Owens,morrisabigail@example.org,Canada,Education,Small,2025-05-18
742,Alexandra Davis,susanjordan@example.com,India,Education,Medium,2025-08-06
743,Peggy Brown,tommy24@example.com,USA,Retail,Enterprise,2026-01-08
744,Katie Johnson,tammy23@example.com,Germany,Education,Medium,2024-07-03
745,Bradley Smith,alexacervantes@example.net,Canada,Education,Small,2025-04-21
746,Nicholas Williams,vcraig@example.com,UK,SaaS,Medium,2026-05-07
747,Jason Nguyen,barbara90@example.com,India,Finance,Enterprise,2025-10-08
748,Elizabeth Taylor,ithomas@example.org,India,Healthcare,Small,2024-09-12
749,Thomas Schneider,meghanstephens@example.com,Canada,Education,Medium,2024-07-12
750,James Turner,kathy37@example.com,Canada,SaaS,Small,2024-10-19
751,Ronnie Salinas,jtorres@example.com,USA,Healthcare,Enterprise,2025-03-02
752,Joshua Thompson,stokesalexis@example.com,India,Retail,Enterprise,2024-06-16
753,Mr. Mark Phillips,kmartinez@example.com,Germany,Healthcare,Enterprise,2026-03-26
754,Marcia Miller PhD,mcphersonamy@example.net,Canada,Healthcare,Medium,2025-11-10
755,David Hill,diazcindy@example.net,Canada,Finance,Small,2024-10-20
756,Adam Nelson,gailcannon@example.net,Germany,Education,Enterprise,2024-09-26
757,Douglas Chambers,davistristan@example.org,India,Education,Medium,2025-07-23
758,Adam Gardner,rebecca91@example.net,Canada,Education,Enterprise,2024-09-02
759,Annette Petty,kevincalderon@example.com,Germany,Education,Medium,2025-07-09
760,Melissa Jordan,ssmith@example.org,Germany,SaaS,Medium,2026-02-16
761,Peter Patterson,ronaldcox@example.com,India,SaaS,Medium,2024-05-29
762,Michelle Hernandez,jessica72@example.net,Canada,Finance,Enterprise,2025-03-08
763,Kristina Walker,drakesamuel@example.net,USA,Education,Medium,2026-01-01
764,Denise Olson,agarcia@example.net,India,Education,Enterprise,2025-12-25
765,Phillip Marshall,wlawson@example.com,UK,SaaS,Enterprise,2025-12-19
766,Joseph Cortez,meganschneider@example.net,Germany,Healthcare,Enterprise,2026-04-10
767,Sara Roy,qroach@example.net,Canada,Retail,Small,2025-06-14
768,Kristin Park,uwilkerson@example.org,UK,SaaS,Enterprise,2025-02-02
769,Greg Walsh,vanessa32@example.net,USA,Healthcare,Small,2024-08-13
770,Elizabeth Montgomery,qmcgee@example.com,Germany,Finance,Medium,2025-05-05
771,Raymond Owens,amandajohnson@example.org,UK,Retail,Enterprise,2025-09-08
772,Mitchell Frank,gbarry@example.net,UK,Retail,Enterprise,2024-11-09
773,Courtney Davis,ocollins@example.org,Canada,Retail,Enterprise,2025-01-11
774,Christina Marshall,emoreno@example.net,USA,Healthcare,Enterprise,2025-02-23
775,Jodi Davis MD,livingstonmichelle@example.com,UK,Education,Medium,2024-07-11
776,Kelly Patton,garrett00@example.com,Germany,Education,Medium,2025-07-13
777,Ryan Pitts,andersennicholas@example.net,India,Healthcare,Medium,2026-03-05
778,Jessica Martin,christinawilliams@example.com,Canada,Finance,Enterprise,2024-06-21
779,Jose Bennett,christopher61@example.org,India,Finance,Enterprise,2025-09-11
780,James George,karen37@example.net,Germany,Healthcare,Small,2025-02-18
781,Kelly Melton,andrew04@example.com,India,Education,Medium,2026-05-10
782,Sherry Hayes,kathryngarcia@example.org,UK,Finance,Medium,2026-03-18
783,Carmen Elliott,delacruzallison@example.org,UK,Retail,Medium,2024-06-01
784,Danielle Henderson,mikaylamoyer@example.com,Germany,Finance,Enterprise,2026-03-09
785,Tiffany Mckinney,parkerjohn@example.com,India,Finance,Small,2025-07-27
786,James Rodriguez,markfranklin@example.org,Canada,Education,Medium,2024-12-14
787,Jordan Cole,nochoa@example.net,Germany,Finance,Small,2024-06-01
788,Vincent Ferguson,gregoryjamie@example.org,India,SaaS,Medium,2024-11-15
789,Tiffany Smith,morgancook@example.org,USA,Finance,Medium,2025-11-08
790,Victoria Hill,joshuashaffer@example.org,India,Retail,Small,2024-07-18
791,James Hamilton,jeffrey97@example.com,UK,Education,Medium,2025-06-23
792,Jeffery Roberts,jwright@example.org,Canada,Finance,Small,2025-02-04
793,Mary Hamilton,hbentley@example.net,USA,Education,Enterprise,2024-05-20
794,Sheila Meyer,adunn@example.org,Canada,Healthcare,Small,2025-11-26
795,Gary Nelson,owarren@example.org,USA,Education,Small,2025-01-25
796,Mary Campbell,raymondmacias@example.com,UK,SaaS,Small,2025-09-12
797,John Bass,brian06@example.com,Germany,Finance,Enterprise,2025-06-08
798,Frank Stewart,michaelmorrison@example.org,Germany,SaaS,Enterprise,2025-11-19
799,Paul Allen,rachel07@example.net,UK,SaaS,Enterprise,2025-07-21
800,Holly Moody,gbradford@example.org,UK,Retail,Enterprise,2024-09-28
801,Dylan Miller,stevengarcia@example.com,Germany,Retail,Enterprise,2025-05-27
802,Margaret Snyder,monicahowe@example.com,UK,Finance,Medium,2026-05-10
803,Pamela Burke,nnunez@example.net,India,SaaS,Small,2025-08-19
804,Bradley Hamilton,jasonhudson@example.net,Canada,Healthcare,Enterprise,2025-07-10
805,Charles Wood,normanjohn@example.net,USA,Healthcare,Medium,2025-03-02
806,Meagan Ryan,judyfoster@example.com,UK,SaaS,Medium,2026-05-13
807,Kevin Nunez,phillipsdennis@example.com,Germany,Healthcare,Enterprise,2025-06-14
808,Mary Wolfe,christine84@example.org,India,SaaS,Small,2025-09-23
809,Scott Weber,kathrynherring@example.net,India,Education,Enterprise,2024-11-10
810,Kelly Collins,patrickdavis@example.com,USA,Finance,Medium,2025-01-04
811,Elizabeth Stevens,justin31@example.net,Germany,Education,Enterprise,2024-12-14
812,Stephanie Stephens,jonesmelvin@example.org,Germany,Healthcare,Enterprise,2025-03-02
813,Nicholas Burns,vbailey@example.com,Germany,Finance,Small,2024-10-26
814,Patricia Hale,kelleyalex@example.com,USA,Finance,Small,2025-06-22
815,Patricia Lopez,davidjeffrey@example.org,Germany,Finance,Enterprise,2025-06-29
816,Rhonda Thompson,mitchellangela@example.com,UK,SaaS,Enterprise,2025-01-04
817,Mitchell Romero,fischerscott@example.org,India,Finance,Enterprise,2025-05-04
818,Christina Wilson,roy44@example.com,UK,Healthcare,Enterprise,2026-03-23
819,Mr. Darius Adkins,lpacheco@example.org,Germany,Retail,Enterprise,2026-01-19
820,Allison Robinson,chasenathan@example.net,India,SaaS,Medium,2024-09-08
821,Rachel Lowe,anthony23@example.org,USA,Healthcare,Small,2025-10-19
822,Bradley Mcdonald Jr.,pricenicole@example.org,Germany,Finance,Small,2024-10-17
823,Martin Caldwell,sbautista@example.org,USA,Finance,Medium,2025-04-04
824,Lindsey Schmidt,jcooper@example.net,UK,Retail,Medium,2025-09-23
825,Jay Hill,clementsderek@example.com,India,Finance,Enterprise,2025-08-16
826,Christopher Joseph,jacquelinegutierrez@example.net,Canada,SaaS,Medium,2024-07-16
827,Lorraine Leblanc,markbowers@example.org,India,Healthcare,Small,2024-12-21
828,Richard Bass,shannon97@example.com,USA,Retail,Medium,2025-04-15
829,Kelsey Woodward,guerrerostacy@example.org,UK,Retail,Enterprise,2025-12-22
830,Jason Dennis,wernerrebecca@example.org,Canada,Finance,Enterprise,2024-07-01
831,Joseph Brown,david36@example.com,USA,Finance,Medium,2026-02-20
832,Sandra Garcia,hollyfuller@example.com,Canada,Healthcare,Small,2024-06-05
833,Debra Alexander,bthomas@example.org,UK,Retail,Small,2025-09-09
834,Richard Mooney,inichols@example.com,Germany,Education,Medium,2026-02-13
835,Robin Lee,weaverjonathon@example.net,Germany,Education,Medium,2025-08-29
836,Eric Morton,oconnormelanie@example.net,Canada,Healthcare,Small,2026-01-18
837,Eric Johnson,jblair@example.net,Canada,SaaS,Enterprise,2024-10-17
838,Amy Hamilton,ewade@example.org,Germany,Education,Enterprise,2024-07-01
839,Paul Palmer,tpayne@example.com,India,SaaS,Enterprise,2024-10-31
840,Lindsay Thompson,patelnatalie@example.net,USA,SaaS,Enterprise,2025-01-01
841,Jennifer Miller,brooksnicole@example.com,Canada,Healthcare,Enterprise,2024-07-30
842,Corey Shields III,osmith@example.net,Canada,Healthcare,Small,2025-08-09
843,Shane Erickson,ocollier@example.net,India,Education,Medium,2026-01-20
844,Samantha Figueroa,zwood@example.org,USA,Healthcare,Enterprise,2024-12-10
845,Norman Walters,sancheznicole@example.org,Canada,Retail,Small,2026-05-10
846,Michael Johnson,rebecca12@example.com,Canada,Retail,Small,2026-02-09
847,Michelle Jones,emily69@example.com,Germany,Healthcare,Enterprise,2025-11-11
848,Karen Price,smithcarrie@example.net,Germany,Retail,Enterprise,2024-10-27
849,Chelsea Burton,juarezchris@example.org,USA,Education,Medium,2026-05-15
850,Joseph Richardson,emorgan@example.com,India,SaaS,Medium,2025-04-23
851,Anthony Watson,laurajackson@example.net,India,SaaS,Enterprise,2024-07-24
852,Jeffery Ward,jenniferstafford@example.org,UK,Education,Small,2025-01-29
853,Tracy Henson,suzanne96@example.com,USA,Retail,Medium,2025-04-06
854,Tony Sims,walkerhenry@example.net,USA,Education,Small,2026-01-25
855,Jennifer Garcia,carriedunn@example.net,USA,Retail,Small,2025-08-26
856,Richard Mclaughlin,hspencer@example.net,India,Retail,Small,2026-04-04
857,Mark Carson,sarah71@example.org,UK,Retail,Medium,2025-08-23
858,Shannon Rowe,jerryflores@example.org,Germany,Retail,Medium,2024-09-15
859,Alex Delacruz,wrightbrittany@example.com,Germany,SaaS,Enterprise,2026-04-11
860,Dr. Jon Robertson,zacharyaustin@example.org,Canada,Healthcare,Enterprise,2025-05-16
861,Ms. Brandy Glover,robertskimberly@example.com,India,SaaS,Small,2025-04-17
862,Nicholas Ellison,stefanie79@example.org,Canada,Retail,Enterprise,2025-06-01
863,Jennifer Stanley,cprice@example.net,UK,Healthcare,Small,2024-08-09
864,Eric Edwards,roger62@example.com,USA,Finance,Medium,2024-09-07
865,Norma Miller,cmathis@example.net,Canada,Retail,Enterprise,2025-08-01
866,Mrs. Catherine Robinson,john56@example.org,Germany,Healthcare,Small,2025-06-12
867,Emily Robles,steinchristian@example.com,Germany,Finance,Small,2025-12-30
868,Jerry Holden II,cbishop@example.com,India,Healthcare,Enterprise,2025-03-15
869,Heidi Chambers,mullenedward@example.net,USA,SaaS,Enterprise,2026-04-27
870,Tonya Finley,aolson@example.org,Germany,Education,Small,2025-02-10
871,Nicholas Stokes,evansrobin@example.org,UK,Healthcare,Small,2026-03-13
872,Christine Smith,johnmacias@example.net,USA,Education,Small,2025-05-22
873,Nicole Dougherty,akelly@example.com,Germany,Education,Enterprise,2025-10-23
874,Ronnie Mcdonald,jessica29@example.net,USA,Healthcare,Enterprise,2025-10-19
875,Brad Bell,mjohnson@example.org,USA,Retail,Medium,2025-06-14
876,Jason Hamilton,lindseymartin@example.com,UK,Education,Small,2025-12-15
877,Lisa Jones,jacob71@example.com,USA,Healthcare,Enterprise,2025-02-07
878,Brian Johnston,foxronald@example.org,India,Healthcare,Enterprise,2025-11-04
879,Heather Norman PhD,lisaruiz@example.net,Canada,Finance,Enterprise,2024-06-02
880,Alexander Aguirre,andrearodriguez@example.com,Canada,Finance,Small,2024-07-03
881,Christopher Moody,liukristen@example.com,India,Healthcare,Enterprise,2025-07-07
882,Kevin Williams,arthurcollins@example.com,Canada,Healthcare,Medium,2025-05-31
883,Tiffany Wilson,mary75@example.com,India,Finance,Small,2025-09-05
884,Eric Henson,jonathan04@example.com,Canada,Education,Enterprise,2024-11-03
885,Matthew Faulkner,michael33@example.org,UK,Retail,Enterprise,2025-07-04
886,Tracey Taylor,ethancontreras@example.net,Germany,SaaS,Medium,2025-03-30
887,Rebecca Martinez,meganbautista@example.net,Germany,Education,Medium,2025-02-22
888,Edward Martin,johnsonjacob@example.net,Germany,Retail,Small,2025-09-01
889,Robert Johnston,davisandrew@example.org,India,Retail,Small,2025-07-20
890,Gary Rivera,sotoeric@example.org,Canada,Retail,Small,2025-04-14
891,Ronald Delgado,williamsmichael@example.com,UK,Finance,Enterprise,2025-02-12
892,Spencer Harvey,jensenjoseph@example.net,UK,Retail,Small,2024-07-26
893,Matthew Becker,kathy49@example.org,Canada,Retail,Medium,2024-07-17
894,Karen Webb,meghan13@example.com,Canada,Education,Small,2025-06-08
895,Theresa Jones,roberta35@example.net,Germany,Healthcare,Medium,2026-01-28
896,Chad Delgado,lopezdenise@example.com,UK,Finance,Enterprise,2025-05-26
897,Stanley Dunn,kristinagregory@example.net,USA,Retail,Medium,2024-06-01
898,Meghan Houston,abrown@example.net,USA,Education,Enterprise,2025-03-11
899,Alison Richards,tammy64@example.net,UK,SaaS,Medium,2024-07-12
900,Donald Robinson,james98@example.org,Germany,Education,Enterprise,2024-11-14
901,Stacy Thompson,candice46@example.net,USA,SaaS,Small,2025-08-04
902,David Garza,ashleybarnett@example.org,Canada,Education,Small,2024-06-04
903,Logan Oliver,alexander35@example.net,Germany,Healthcare,Medium,2025-11-27
904,Miss Kara Collins PhD,vwebb@example.net,India,SaaS,Small,2026-01-09
905,Kaitlyn Lopez,jeffrey89@example.net,UK,SaaS,Enterprise,2026-03-24
906,Shannon Burton,morgandebra@example.net,Germany,Healthcare,Enterprise,2025-07-05
907,Michael Jones,richardfox@example.net,Canada,Healthcare,Medium,2025-07-09
908,Maria Orozco,harrellzachary@example.org,UK,Education,Medium,2026-04-13
909,Kristen Mcdowell,robert20@example.com,India,Retail,Medium,2025-04-13
910,Jodi Mccarthy,danielanderson@example.net,Canada,Finance,Medium,2025-02-20
911,Caleb Preston,james95@example.com,India,Finance,Enterprise,2025-05-29
912,Carlos Hudson,eboone@example.org,Germany,Retail,Small,2024-11-28
913,Melissa Butler,ianwhite@example.com,Germany,Finance,Small,2025-12-24
914,Carlos White,bowmandanielle@example.org,India,Finance,Medium,2024-10-14
915,Christina Thompson,vhenson@example.org,USA,Education,Small,2024-11-01
916,Autumn Robinson,diazscott@example.com,UK,SaaS,Medium,2025-04-29
917,Olivia Price,marnold@example.org,Canada,Education,Enterprise,2026-02-16
918,Austin Anderson,stephanieayers@example.org,Germany,Finance,Small,2024-06-08
919,Taylor Olson,tammy69@example.org,UK,Finance,Small,2025-07-05
920,Jessica Fisher,melissadrake@example.com,Germany,Education,Small,2025-03-01
921,Jennifer Wilson,lisa65@example.com,Germany,Education,Enterprise,2025-03-22
922,Dana Olson,aaronsmith@example.com,India,Finance,Medium,2025-09-08
923,Benjamin Brown,moralespaul@example.org,Germany,Retail,Small,2025-03-31
924,Linda Mayo,chelsea07@example.com,India,Healthcare,Small,2026-01-23
925,Matthew Martin,michelle98@example.net,Canada,Retail,Small,2024-10-16
926,Shane Mora,taramanning@example.org,Canada,SaaS,Enterprise,2024-08-20
927,Matthew Brown,kellyhall@example.com,USA,SaaS,Enterprise,2025-07-09
928,Timothy Reeves,martinezmelissa@example.net,USA,SaaS,Medium,2025-01-11
929,Douglas Barnett,rayvictoria@example.com,UK,Healthcare,Small,2024-11-30
930,Heather Smith,heidikelley@example.com,UK,SaaS,Small,2024-11-07
931,Heather Wells,burtonjulia@example.com,Canada,Retail,Medium,2025-11-26
932,Stacy Flynn,laurenhickman@example.net,USA,Education,Enterprise,2026-04-06
933,Nicole Lewis,mooretracy@example.net,Canada,Retail,Enterprise,2025-07-04
934,Nicholas Reyes,ramosjames@example.org,Germany,SaaS,Small,2024-06-02
935,Daniel Long,rebecca95@example.com,Canada,Education,Medium,2024-05-19
936,Victoria Chaney,megan03@example.com,USA,SaaS,Enterprise,2025-02-07
937,Kayla Foster,teresa85@example.com,India,Education,Medium,2026-04-22
938,Eric Smith Jr.,crystalburton@example.net,USA,Education,Enterprise,2026-04-05
939,Lee Morris,zburns@example.org,Germany,Healthcare,Small,2026-01-21
940,Monica Martin,danny60@example.org,USA,Education,Small,2025-09-19
941,Carrie Smith,jefferyproctor@example.com,UK,Healthcare,Enterprise,2025-07-18
942,Amy Allen,qkramer@example.net,Canada,Finance,Medium,2025-09-05
943,Amy Sanders,richard51@example.org,India,Retail,Small,2025-01-06
944,Russell Burns,srodriguez@example.net,India,Retail,Medium,2025-03-05
945,Jenny Bishop,irodgers@example.com,Canada,Healthcare,Enterprise,2024-08-29
946,Mariah Cohen,henrykathleen@example.com,UK,Finance,Enterprise,2025-08-09
947,Kelly Delgado,matthewbell@example.org,USA,SaaS,Small,2025-12-31
948,Kathy Morales,michellebowers@example.com,Germany,Retail,Medium,2025-06-14
949,Lisa Smith,allison19@example.org,Canada,Retail,Small,2024-06-02
950,Erica Morris,hcampbell@example.net,USA,Healthcare,Small,2025-08-21
951,Elizabeth Brooks,yjimenez@example.net,Germany,Retail,Enterprise,2025-12-19
952,Dawn Barnes,jacobsmarcus@example.com,India,Education,Small,2025-07-05
953,Darrell Smith,reedbonnie@example.org,Canada,SaaS,Small,2024-08-09
954,Melanie Ochoa,lweber@example.org,UK,Education,Medium,2025-04-19
955,John Robbins,wmccarthy@example.com,India,SaaS,Small,2025-08-21
956,James Rodriguez,sandrapatterson@example.net,India,Education,Enterprise,2024-09-02
957,Ariana Edwards,stacybeasley@example.net,USA,Healthcare,Medium,2024-07-04
958,Carol Poole,terrance77@example.org,USA,Healthcare,Enterprise,2025-08-02
959,Alison Tucker,lisakey@example.org,UK,Retail,Small,2024-07-05
960,Daniel Lopez,hbishop@example.org,India,Healthcare,Enterprise,2025-09-19
961,Samantha Silva,oking@example.net,UK,Education,Medium,2024-07-17
962,Jeffrey Steele,david37@example.org,Canada,Finance,Medium,2026-02-01
963,Kristina Green,kelseyjackson@example.org,UK,SaaS,Enterprise,2026-02-22
964,Brian Hernandez,carolynarroyo@example.com,India,SaaS,Small,2025-06-19
965,Cheryl Brown,tyronestone@example.com,Germany,Healthcare,Small,2025-11-18
966,Rebecca Rosales,hsalas@example.com,India,Education,Enterprise,2026-04-22
967,Lisa Jefferson,allisonwolfe@example.net,Canada,Retail,Medium,2025-07-31
968,Allison Golden,houstondaniel@example.org,USA,Finance,Medium,2025-10-31
969,Laura Rogers,ecallahan@example.org,Germany,Healthcare,Medium,2026-05-07
970,Justin Myers,whurley@example.org,Canada,Retail,Medium,2024-09-22
971,Micheal Davis,uhatfield@example.com,UK,Education,Enterprise,2025-06-30
972,Joshua Shea,fsmith@example.org,Germany,SaaS,Enterprise,2025-01-25
973,Jonathan Bradford DDS,maryhurst@example.com,India,Healthcare,Enterprise,2026-02-05
974,Randy Woods,steven43@example.org,USA,SaaS,Medium,2026-01-03
975,Kyle Cunningham,ugraham@example.com,UK,Retail,Enterprise,2024-10-06
976,Courtney Green,wrightdavid@example.net,UK,Retail,Medium,2025-03-11
977,Jonathan Silva,ycurtis@example.org,India,SaaS,Small,2025-07-19
978,Cynthia Oconnor,hubbardjose@example.com,USA,Finance,Medium,2025-10-16
979,Rachel Adams,halldaniel@example.com,India,Finance,Small,2024-12-29
980,Kimberly Spence,john76@example.net,UK,SaaS,Small,2025-06-08
981,Kevin Robinson,ycampbell@example.net,Germany,Retail,Enterprise,2025-03-26
982,Brian Brown,turnerfrank@example.net,Canada,Education,Medium,2026-05-03
983,Cynthia Wright,susanandrews@example.org,USA,SaaS,Small,2026-04-16
984,Daniel Garcia,corey21@example.com,India,Education,Small,2025-03-16
985,Julia Thomas,martinezalyssa@example.org,Canada,Education,Medium,2025-02-06
986,Julian Blanchard,epatterson@example.net,Germany,SaaS,Medium,2024-11-23
987,William Henry,andersonrichard@example.net,Germany,Retail,Small,2025-04-09
988,Amanda Hernandez,harrisonmichael@example.org,Canada,Healthcare,Enterprise,2024-12-03
989,Tristan Brown,patrickbrown@example.com,Canada,Healthcare,Enterprise,2025-03-18
990,Abigail Kim,trevoryates@example.com,Germany,Healthcare,Small,2025-01-17
991,Martha Donaldson,jeremiah30@example.com,India,Finance,Medium,2026-05-11
992,Peter Price,angelawilliams@example.org,Germany,Healthcare,Small,2024-08-19
993,Becky Willis,coryriley@example.com,UK,Retail,Medium,2026-05-14
994,George Porter,wolfalexandra@example.net,Germany,Finance,Medium,2025-06-28
995,Katelyn Carter,lcontreras@example.net,USA,Finance,Medium,2025-07-11
996,Robert Cox,mark83@example.org,UK,Retail,Enterprise,2025-05-23
997,Julie Morgan,howardjasmine@example.net,Canada,Healthcare,Medium,2026-04-28
998,Amy Thompson,ufields@example.org,USA,Healthcare,Medium,2026-02-05
999,Oscar White,tristangomez@example.net,USA,Retail,Medium,2026-05-05
1000,Brandon Alexander,jessica52@example.net,Canada,Retail,Medium,2024-10-21
1001,Gregory Hill,michaelkennedy@example.org,Germany,Finance,Medium,2024-08-26
1002,Cody Phillips,jakebaker@example.org,Canada,Healthcare,Medium,2024-07-23
1003,Danielle Johnston,nealelizabeth@example.org,India,Education,Enterprise,2024-08-12
1004,Cody Woods,owenisabel@example.com,UK,Retail,Medium,2025-09-06
1005,Kathleen Higgins,yperez@example.net,UK,Retail,Medium,2025-03-26
1006,David Hall,jasonsmith@example.net,India,Retail,Enterprise,2026-01-17
1007,Corey Washington,ryankristine@example.org,UK,Finance,Medium,2026-01-26
1008,Jennifer Salazar,sarahlopez@example.net,India,Retail,Medium,2024-07-27
1009,Pamela Fowler,donnadalton@example.com,USA,Education,Small,2026-02-21
1010,Stephanie Faulkner,jcarter@example.org,Canada,Education,Small,2026-04-19
1011,Grace Allen,johnrobinson@example.net,Canada,SaaS,Enterprise,2025-03-24
1012,Ronald Rodriguez,linderek@example.org,Germany,Healthcare,Medium,2024-09-10
1013,Glenn Serrano,jonesstephen@example.net,India,SaaS,Medium,2025-07-15
1014,Jenna Martinez,deborahjohnson@example.net,Germany,Healthcare,Enterprise,2025-06-15
1015,Jeffrey Hayes,simmonsduane@example.org,India,Healthcare,Medium,2025-11-27
1016,Joshua Nelson,marcus61@example.com,UK,Retail,Medium,2025-09-02
1017,Sydney Trevino,kristinwalls@example.com,USA,Retail,Enterprise,2025-07-04
1018,Chase Travis,navarropamela@example.org,Germany,Education,Medium,2025-12-08
1019,Courtney Allen,kathleensmith@example.com,Canada,Education,Enterprise,2025-11-10
1020,Colton Mckinney,autumn46@example.com,Germany,Education,Small,2024-06-24
1021,Michelle Mendoza,jenniferholmes@example.net,India,Education,Enterprise,2025-10-21
1022,Nicholas Davis,johnsondarryl@example.net,USA,SaaS,Small,2024-08-06
1023,Steve Carroll,cheyennejones@example.org,India,Healthcare,Enterprise,2024-09-15
1024,Timothy Henry,gcoleman@example.net,Canada,SaaS,Enterprise,2026-01-23
1025,Michael Vasquez,ewalton@example.com,Germany,Finance,Medium,2025-06-29
1026,Brian Morales,davidhurst@example.net,USA,SaaS,Small,2025-02-17
1027,Mark Glass,john19@example.org,India,Healthcare,Enterprise,2025-10-06
1028,Lindsay Johnson,miguelbraun@example.org,Canada,Education,Enterprise,2026-03-04
1029,Marie Anderson,evan87@example.com,Canada,Healthcare,Medium,2026-04-17
1030,Mr. Steven Berry II,christopher19@example.net,India,Retail,Medium,2024-11-20
1031,Benjamin Ryan,mccoycarla@example.org,Canada,Education,Small,2025-01-10
1032,Andrea Dominguez,iking@example.net,India,SaaS,Medium,2026-01-11
1033,Connor Wolfe,cmiller@example.net,USA,Finance,Medium,2025-08-10
1034,Michael Mitchell,bsmith@example.org,USA,SaaS,Enterprise,2026-01-08
1035,Joyce Harris,iwelch@example.net,UK,Finance,Medium,2024-07-19
1036,Elizabeth Mendoza,albertchristian@example.org,India,Retail,Small,2025-09-07
1037,Katherine Allen,vpowell@example.net,Canada,Retail,Medium,2024-08-05
1038,Vincent Ortiz,bstokes@example.org,Germany,SaaS,Medium,2025-04-23
1039,Victoria Fitzgerald,lisa65@example.org,Germany,Finance,Small,2025-05-27
1040,Ryan Drake,coopertimothy@example.net,India,SaaS,Enterprise,2025-01-20
1041,Marisa Reyes,christopher28@example.org,USA,SaaS,Medium,2025-04-02
1042,Matthew Lindsey,lambmelissa@example.org,USA,Healthcare,Enterprise,2025-09-19
1043,Connie Soto,brendabarrett@example.net,UK,Education,Small,2024-10-17
1044,Erica Foley,barrystephanie@example.com,Canada,Healthcare,Medium,2024-12-15
1045,Christopher Hardy,simpsondana@example.com,Canada,Retail,Medium,2026-05-10
1046,Christine Moss,james92@example.com,UK,Retail,Enterprise,2024-07-16
1047,Karen Byrd,barbara18@example.org,UK,Healthcare,Enterprise,2025-07-01
1048,Jacob Sanders,samuel24@example.net,Germany,Retail,Small,2024-09-08
1049,Aimee Sheppard,dbrown@example.org,Canada,Healthcare,Medium,2025-03-20
1050,Robert Marshall,jstephens@example.org,Canada,Retail,Medium,2025-12-25
1051,Kristy Swanson,caitlin13@example.net,USA,Healthcare,Small,2024-11-01
1052,Darrell Lopez,kevinsanders@example.com,India,SaaS,Enterprise,2025-11-25
1053,Jennifer Sanders,cathy83@example.com,USA,Education,Small,2025-08-23
1054,Grace Brown,sanchezvickie@example.net,India,Finance,Small,2024-07-15
1055,Kevin Hansen,joseph74@example.org,Germany,SaaS,Medium,2024-08-01
1056,Dalton Jackson,nicholaswinters@example.net,Germany,Education,Enterprise,2025-11-27
1057,Emily Rodriguez,sarahwalsh@example.net,India,Education,Medium,2024-09-04
1058,Penny Tucker,lpittman@example.net,Canada,Retail,Enterprise,2025-05-17
1059,Mr. Matthew Melton Jr.,daniel05@example.net,USA,Finance,Medium,2025-11-22
1060,Jason Robinson,vbradley@example.com,Germany,Education,Small,2025-05-26
1061,Jason Patton,fhartman@example.com,India,Education,Enterprise,2025-04-08
1062,Nancy Hudson,pattersonrobert@example.org,USA,Healthcare,Medium,2024-08-04
1063,Melissa Prince,carolinefry@example.org,USA,Healthcare,Medium,2026-05-01
1064,Dawn Cook,johnsonmichael@example.org,USA,Healthcare,Medium,2024-06-27
1065,Chris Leonard,taylordennis@example.com,UK,Education,Medium,2024-08-21
1066,Katie Perry,jennifer78@example.net,Germany,Education,Small,2024-07-10
1067,Nathan Fleming,russelladam@example.org,Canada,Retail,Medium,2026-04-06
1068,Jeremy Luna,fernandezbrenda@example.net,UK,Retail,Enterprise,2025-01-31
1069,Michael Acevedo,uwhitaker@example.net,Canada,Healthcare,Enterprise,2025-02-14
1070,Joseph Lopez,taylorjon@example.org,UK,Retail,Medium,2026-04-07
1071,Matthew Murphy,umahoney@example.org,UK,Healthcare,Medium,2025-02-03
1072,Brandon Washington,hugheslisa@example.net,Germany,Education,Small,2025-08-23
1073,Katherine Gould,davissteve@example.net,India,SaaS,Medium,2025-04-08
1074,Patricia Daugherty,iglass@example.org,UK,Healthcare,Medium,2026-04-16
1075,Katie Marshall,vmyers@example.org,Canada,Education,Enterprise,2024-05-21
1076,Patricia Murphy,gentryphilip@example.org,Germany,Retail,Enterprise,2026-03-09
1077,James Murphy,rossmichael@example.net,Germany,Retail,Enterprise,2024-10-22
1078,Jessica Montoya,eguerra@example.com,Germany,Retail,Small,2024-06-06
1079,Alexander Holmes,karen40@example.com,USA,Education,Small,2025-06-06
1080,Courtney Long,chrisbradford@example.org,UK,Finance,Small,2024-11-06
1081,Crystal Cook,joseph71@example.net,India,Healthcare,Enterprise,2025-07-31
1082,Elizabeth Coleman,tandrews@example.net,India,Healthcare,Medium,2025-09-21
1083,Jennifer Smith,john19@example.org,Canada,Retail,Enterprise,2026-05-05
1084,Bradley Smith,rkemp@example.org,Canada,SaaS,Enterprise,2025-05-08
1085,Julie King,dianalucero@example.net,USA,Finance,Enterprise,2025-06-01
1086,Kerri Johnson,jennifer48@example.net,India,Education,Small,2025-09-13
1087,Denise Henderson,gutierrezjulia@example.com,Germany,Education,Small,2025-03-21
1088,Kyle Moore,ccruz@example.net,Germany,SaaS,Enterprise,2025-05-28
1089,Gabriel Burton,natalie76@example.org,UK,Finance,Small,2025-12-18
1090,Shawn Williams,williamslisa@example.org,Germany,Finance,Medium,2024-11-17
1091,Kyle Rodriguez PhD,lisa55@example.org,USA,Retail,Small,2025-08-31
1092,Bryce Henderson,kdominguez@example.net,UK,Healthcare,Enterprise,2025-03-09
1093,Matthew Miranda,nthomas@example.com,Canada,Finance,Enterprise,2024-11-17
1094,Catherine Cruz,uoliver@example.com,Canada,Retail,Small,2025-08-10
1095,Robert Lee,owenkristen@example.net,Canada,Healthcare,Small,2026-05-11
1096,Michael Brady,reginaldpham@example.org,UK,SaaS,Enterprise,2025-03-06
1097,Norman Montes,duncanheather@example.org,India,Education,Medium,2026-05-06
1098,Cynthia Williams,eric86@example.org,Canada,Education,Small,2024-06-03
1099,Alyssa Nunez,spierce@example.org,India,Finance,Medium,2026-04-15
1100,Patrick Harris,danielcannon@example.com,Canada,Finance,Enterprise,2025-10-26
1101,Eduardo Owens,kyle17@example.com,USA,Healthcare,Medium,2025-04-01
1102,Richard Torres,paul59@example.com,USA,Finance,Enterprise,2024-09-20
1103,Peter Smith,dterry@example.com,UK,Healthcare,Small,2025-05-18
1104,Johnathan Campos,danielle97@example.net,UK,Finance,Small,2024-11-26
1105,Elizabeth Graham,gsandoval@example.com,Germany,Retail,Small,2024-12-16
1106,Samuel Jackson,martinmichelle@example.org,Canada,Finance,Enterprise,2024-11-09
1107,Jacqueline Ward,wmcdonald@example.com,Germany,Retail,Medium,2025-09-16
1108,Jenny Pearson,probinson@example.com,USA,SaaS,Medium,2024-08-29
1109,Diamond Smith,gbradford@example.net,Canada,Finance,Enterprise,2026-01-08
1110,Derrick Lambert,charlesariel@example.net,India,Retail,Medium,2025-08-05
1111,Taylor Roberson,smithbrooke@example.net,India,Education,Small,2025-04-03
1112,Jodi Drake,mirandajames@example.org,USA,Retail,Enterprise,2025-07-12
1113,Megan Rhodes,jeffreysteele@example.com,India,SaaS,Enterprise,2026-02-20
1114,Amy Barton,brownjessica@example.net,Germany,Healthcare,Medium,2025-01-17
1115,Jessica Gonzales,vfrazier@example.net,UK,Retail,Medium,2024-11-15
1116,Teresa Mooney,ylane@example.com,India,Finance,Medium,2025-08-25
1117,Victoria Luna,travismoore@example.net,Canada,Education,Small,2025-01-26
1118,Shannon Rodriguez,david33@example.com,Canada,Retail,Medium,2025-10-23
1119,Jessica Barton,karenmartinez@example.org,USA,SaaS,Small,2024-09-13
1120,Veronica White,andrewbell@example.org,Germany,SaaS,Small,2026-03-21
1121,Natalie Ayala,sheryl67@example.org,UK,Retail,Medium,2026-02-24
1122,Lisa Jones,littlejames@example.net,USA,Retail,Small,2025-03-17
1123,Ariel Wood,jose41@example.org,UK,Finance,Small,2024-12-01
1124,Brandi Johnson,andersonann@example.net,India,SaaS,Enterprise,2025-01-19
1125,Monica Thompson,charlene40@example.com,India,Finance,Small,2025-09-28
1126,Dr. Bethany Morgan,kenneth09@example.org,India,Healthcare,Small,2026-01-10
1127,Alexis Nolan,leah29@example.org,Germany,Finance,Enterprise,2025-12-13
1128,Nicole Rodriguez,larrykeller@example.org,UK,Retail,Enterprise,2025-05-02
1129,Daniel Tate,anthony92@example.com,USA,SaaS,Small,2024-09-02
1130,Jon Ortega,lklein@example.org,UK,Retail,Small,2024-11-13
1131,Thomas Gordon,ggoodman@example.net,UK,Education,Small,2025-04-28
1132,Sheryl Velazquez,brenda11@example.net,Canada,Retail,Small,2024-12-25
1133,Jennifer Lutz,ygriffith@example.com,USA,Finance,Small,2025-09-26
1134,Javier Barrera,guerraheidi@example.org,Germany,Healthcare,Medium,2025-07-20
1135,David Miller,kristine31@example.com,USA,Healthcare,Medium,2025-02-17
1136,David Jones,randalldonovan@example.com,USA,SaaS,Small,2025-12-26
1137,Sandra Wilson,kglenn@example.com,India,Finance,Medium,2025-06-10
1138,Dillon Jones,kimberlymiller@example.net,UK,Retail,Small,2026-01-03
1139,Dustin Wilson,kerriclark@example.net,UK,SaaS,Enterprise,2024-12-19
1140,Aaron Levy,campbelldebra@example.org,Canada,SaaS,Enterprise,2024-06-26
1141,Taylor Leblanc MD,wilsonjessica@example.com,UK,Retail,Medium,2024-08-26
1142,Debbie Davis,jillhamilton@example.com,UK,Healthcare,Medium,2025-02-13
1143,Cindy Murray,adamsanna@example.net,Canada,Retail,Small,2025-01-30
1144,Christina Lewis,conradomar@example.net,USA,SaaS,Small,2025-12-23
1145,Richard Heath,joshua69@example.com,USA,Education,Enterprise,2025-11-21
1146,Megan Morris,carolynmolina@example.net,Germany,Finance,Medium,2026-03-25
1147,Michele Black,justinwarner@example.net,India,Healthcare,Small,2025-08-29
1148,Deborah Wilson,singhlawrence@example.org,India,SaaS,Small,2025-02-28
1149,Kimberly Barber,charles16@example.org,Canada,Education,Enterprise,2025-09-15
1150,Thomas Thompson,wrighterika@example.org,Canada,Finance,Enterprise,2025-03-21
1151,Adriana Torres,joshuawilson@example.com,USA,Finance,Small,2025-11-19
1152,Randy Allen,ashley87@example.org,Canada,Education,Enterprise,2025-04-12
1153,Sara Martinez,raven79@example.net,UK,Retail,Medium,2024-08-15
1154,Ronald Black,johnsonjessica@example.net,USA,Healthcare,Medium,2025-03-03
1155,David Lawrence,norrisdanielle@example.net,Germany,SaaS,Small,2025-04-28
1156,Robert Davis,jjohnson@example.com,Germany,Education,Small,2025-03-05
1157,Juan Johnson,michellerodriguez@example.com,Canada,SaaS,Medium,2025-08-12
1158,Joseph Baker,margaret19@example.com,India,Healthcare,Medium,2025-12-05
1159,Jonathan Miller,gfarmer@example.org,Canada,Retail,Medium,2025-05-04
1160,Sara Marshall,tanyalee@example.net,Canada,Healthcare,Medium,2025-10-22
1161,Alexis Obrien,rgraham@example.org,USA,SaaS,Enterprise,2025-08-31
1162,Stephen Baker,pattersonjared@example.org,USA,SaaS,Medium,2024-11-16
1163,Kristina Parker,zpowell@example.net,UK,SaaS,Small,2025-06-21
1164,Michael Rhodes,jeffersonjeffrey@example.org,Germany,Education,Medium,2025-03-05
1165,Valerie Harmon,jaredsparks@example.com,Canada,Retail,Medium,2025-07-10
1166,April Mora,emily65@example.org,Germany,SaaS,Enterprise,2024-11-23
1167,Ashley Newman,melissacoleman@example.org,Canada,Education,Enterprise,2025-02-22
1168,Susan Berg,zstewart@example.net,UK,Finance,Small,2024-12-14
1169,Jennifer Barry,kleach@example.com,India,SaaS,Enterprise,2026-03-16
1170,Aaron Parker,katherine87@example.org,UK,Healthcare,Enterprise,2026-02-27
1171,Ruth Williams,beckerlance@example.net,India,Retail,Enterprise,2025-10-09
1172,Jason Gomez,lewisshawn@example.org,USA,Finance,Enterprise,2026-01-19
1173,James Barrett,davisbarry@example.net,Germany,Healthcare,Small,2025-02-17
1174,Jeremiah Johnson,mcgeebrandon@example.net,UK,SaaS,Medium,2026-03-03
1175,Shawn Weiss,dominic87@example.com,USA,Retail,Enterprise,2026-05-10
1176,Gina Harrison,timothy11@example.org,Canada,SaaS,Medium,2024-10-12
1177,Stacey Montgomery,ihamilton@example.com,UK,SaaS,Small,2024-10-07
1178,Vanessa Greer,paul41@example.com,UK,SaaS,Small,2024-10-19
1179,Cheryl Shaw,amy63@example.com,Germany,Finance,Enterprise,2026-04-16
1180,Barbara Berry,johnathanharris@example.org,Canada,Finance,Small,2025-09-18
1181,Cory Prince,tracymckinney@example.org,India,Healthcare,Enterprise,2026-03-20
1182,Courtney Thomas,james00@example.com,India,SaaS,Small,2026-02-13
1183,Ashley Simpson,garciakelly@example.org,India,Retail,Medium,2024-06-23
1184,Julie Anderson,drakejames@example.org,Canada,SaaS,Medium,2026-02-20
1185,Linda Wright,nicole13@example.com,Canada,SaaS,Medium,2025-07-02
1186,Dana Smith,richard14@example.net,Germany,Education,Medium,2025-03-06
1187,Brandon Sanchez,baileyjennifer@example.com,USA,Retail,Enterprise,2024-09-18
1188,Robert Olson,scottoscar@example.com,UK,Finance,Small,2026-01-13
1189,Earl Johnston,lauren05@example.com,India,SaaS,Enterprise,2024-09-26
1190,Laura Sanchez,bsolomon@example.com,USA,Healthcare,Enterprise,2025-08-31
1191,Dennis Zimmerman,williamsdebra@example.net,Canada,SaaS,Small,2025-03-05
1192,Elizabeth Lopez,obrienstephanie@example.net,USA,Healthcare,Small,2025-08-07
1193,Bryan Jones,edwardzavala@example.org,Germany,Finance,Medium,2025-12-20
1194,William Shields,heather60@example.org,UK,Healthcare,Small,2026-03-16
1195,John Cooper,davidrogers@example.org,Canada,Retail,Small,2024-07-27
1196,Victoria Esparza,rjones@example.com,India,Healthcare,Medium,2026-02-05
1197,Brittany Salazar,jennifer39@example.net,India,Finance,Small,2025-01-13
1198,Joseph Morris,jacksondaniel@example.com,Canada,Finance,Small,2026-02-15
1199,Joel Burns,travis14@example.com,Canada,SaaS,Small,2024-11-03
1200,Dr. Brittany Brown,anthony86@example.net,UK,Education,Small,2026-05-11
1201,Mr. Dustin Kelly,hubbarddouglas@example.org,Germany,SaaS,Medium,2026-01-20
1202,Grant Johnson,larry17@example.org,India,Finance,Medium,2025-04-30
1203,Ashley Medina,zsanders@example.org,USA,Education,Medium,2024-10-04
1204,Melissa Hatfield,arthur29@example.com,USA,Finance,Small,2025-03-10
1205,Wendy Gordon,markrobertson@example.org,India,Education,Medium,2025-09-20
1206,Luke Davidson,oroberts@example.net,Canada,Healthcare,Medium,2025-10-24
1207,Margaret Pham,jeremyhawkins@example.com,India,Education,Medium,2025-11-03
1208,Rachel Hudson,zrobertson@example.net,UK,Education,Small,2025-02-23
1209,Rachel Austin,isaunders@example.org,UK,SaaS,Medium,2024-08-07
1210,Samantha Horne,simpsonkevin@example.net,USA,Healthcare,Enterprise,2024-11-02
1211,Heather Love,ysawyer@example.com,India,SaaS,Medium,2025-06-17
1212,Angela Burns,cookcarolyn@example.com,USA,Retail,Enterprise,2025-02-26
1213,Benjamin Barton,andrewbray@example.net,India,SaaS,Small,2024-07-25
1214,Justin Butler,steelethomas@example.net,Canada,Healthcare,Medium,2025-03-12
1215,Kevin Lee,philip39@example.com,Germany,SaaS,Small,2025-09-03
1216,Lori Peterson,kevintapia@example.com,India,SaaS,Small,2024-12-23
1217,Michael Cole,wperez@example.net,UK,Education,Medium,2025-01-09
1218,Gabrielle Ali,hensleyjorge@example.net,India,Retail,Enterprise,2026-05-07
1219,Melanie Martin,roserichard@example.org,USA,Education,Small,2025-05-13
1220,Alison Thomas,ismith@example.com,Canada,Healthcare,Enterprise,2025-07-17
1221,Robert Ortega,jenniferrobinson@example.com,Germany,SaaS,Enterprise,2026-01-14
1222,Glenn Adams,fpeters@example.org,Canada,SaaS,Medium,2025-06-25
1223,Brittney Tucker,heathkevin@example.net,UK,Healthcare,Medium,2025-07-16
1224,Daniel Jimenez,srush@example.com,India,Finance,Medium,2024-07-01
1225,Tamara Stanley,erik16@example.com,India,Finance,Medium,2025-08-27
1226,Michael Kennedy,williammontoya@example.net,India,Healthcare,Small,2025-08-27
1227,Mrs. Tammy Johnson,christopher73@example.com,UK,Healthcare,Enterprise,2025-10-01
1228,Jesse Jones,whitney07@example.com,USA,Healthcare,Small,2024-11-24
1229,David Riley,kellymonique@example.org,UK,Retail,Medium,2025-08-15
1230,Tina Washington,jeffreylawson@example.com,India,Retail,Small,2024-07-20
1231,Dominique Roth,xstanley@example.net,Canada,Finance,Small,2025-02-04
1232,Victor Reyes,jesse24@example.com,Germany,Finance,Medium,2026-04-27
1233,Cheyenne Harper,patrickmorris@example.com,India,SaaS,Small,2026-04-05
1234,Mckenzie Mccormick,thomashall@example.org,UK,Finance,Enterprise,2025-06-30
1235,Robert Walker,xrobbins@example.com,Canada,SaaS,Small,2024-12-01
1236,Henry Turner,juanholland@example.org,India,Healthcare,Small,2025-09-01
1237,Jonathan Kelley,kellymartinez@example.org,UK,Finance,Medium,2025-07-12
1238,Eugene Clark,bakerjames@example.net,Canada,SaaS,Enterprise,2025-12-06
1239,James Smith,iroberts@example.com,India,Finance,Small,2024-07-04
1240,Christy Dean,aliciascott@example.net,USA,Retail,Medium,2026-05-18
1241,Ronald Jones,bushsavannah@example.org,Canada,Education,Small,2025-04-21
1242,Maria Trevino,michael83@example.com,USA,Retail,Small,2025-03-13
1243,John Sharp,burnettevan@example.org,UK,SaaS,Small,2024-07-23
1244,Kevin Gonzales,ocontreras@example.net,USA,Healthcare,Small,2025-04-18
1245,Jessica Gonzalez,seth63@example.net,UK,Retail,Medium,2025-06-13
1246,Tina Fischer,xrivera@example.net,USA,Education,Enterprise,2025-09-11
1247,Kyle Blake,qpayne@example.net,India,SaaS,Small,2024-10-07
1248,Laurie Kaiser,ymckinney@example.org,USA,Healthcare,Enterprise,2025-03-02
1249,Curtis Chandler,deborahbruce@example.com,Germany,Healthcare,Small,2025-11-08
1250,Kevin Spencer,erikacastillo@example.org,India,SaaS,Small,2024-11-01
1251,Joseph Martin,kristinacrane@example.com,Germany,SaaS,Small,2026-01-19
1252,Travis Cruz,jenniferwilliams@example.net,Canada,Retail,Enterprise,2024-07-04
1253,Mrs. Brenda Campbell,harrisandrea@example.com,Germany,Retail,Small,2024-07-20
1254,Jennifer Martin,oguerra@example.org,Germany,Retail,Small,2024-09-18
1255,Darrell Christian,scottbrown@example.net,India,Healthcare,Small,2024-10-20
1256,Dennis Villa,obriendavid@example.net,India,Finance,Medium,2024-11-17
1257,Robert Alexander,jeff05@example.net,UK,SaaS,Enterprise,2026-05-17
1258,Phillip Lopez DVM,allenmarc@example.net,Canada,Education,Small,2025-09-26
1259,Jerry Taylor,sheridodson@example.net,India,Retail,Medium,2024-08-11
1260,Julie Harrison,margaret06@example.org,Canada,Retail,Small,2025-03-03
1261,Kenneth Harrington,williamsapril@example.net,USA,Finance,Medium,2025-05-05
1262,Jennifer Banks,megan84@example.com,UK,Retail,Small,2025-06-21
1263,Ashley Rodriguez DVM,wesley28@example.org,Canada,Healthcare,Enterprise,2025-12-27
1264,Elizabeth Daniel,askinner@example.org,Canada,SaaS,Medium,2024-11-26
1265,Tina Shields,yhart@example.org,India,Retail,Enterprise,2025-08-28
1266,Brian Smith,stacycarter@example.com,Germany,Finance,Enterprise,2026-02-22
1267,Hannah Oconnor,james62@example.net,Canada,Finance,Medium,2025-12-14
1268,Maria Martinez,derrickschroeder@example.net,India,Healthcare,Small,2025-11-16
1269,Elizabeth Brock,tina91@example.org,India,Education,Small,2024-06-02
1270,Henry Perez,dawnhawkins@example.net,USA,Finance,Small,2025-07-05
1271,Peter Fleming,syoung@example.com,Germany,Education,Medium,2024-09-20
1272,Heather Soto,trevormoran@example.net,Canada,Healthcare,Small,2024-12-04
1273,Kevin Warren,udoyle@example.org,USA,Healthcare,Enterprise,2026-03-12
1274,Jennifer Mathis,jonathan19@example.net,UK,Finance,Enterprise,2025-11-27
1275,Christine Williams,smithjohn@example.org,USA,Healthcare,Enterprise,2025-07-25
1276,Chad Beltran,snewman@example.net,Germany,Finance,Small,2025-05-24
1277,Chelsea White,cruzdaniel@example.net,UK,Healthcare,Enterprise,2025-12-16
1278,Brian Lee,elizabeth91@example.net,India,Finance,Enterprise,2025-01-31
1279,David Schwartz,grantdaniels@example.com,USA,Finance,Enterprise,2026-04-24
1280,Jonathan Fitzpatrick,jenniferriley@example.org,Canada,Healthcare,Enterprise,2025-06-20
1281,Michael Preston,bellmorgan@example.org,UK,Retail,Enterprise,2025-06-14
1282,Jordan Rodriguez,hsmith@example.net,India,Healthcare,Medium,2025-09-02
1283,Charlene Smith,charlotte04@example.org,USA,SaaS,Small,2025-09-15
1284,Kevin Bullock,kshannon@example.net,UK,Education,Small,2025-12-09
1285,Crystal Clark,stacyholder@example.org,USA,Education,Medium,2025-05-30
1286,Jason Vaughn,nguyenbenjamin@example.org,USA,Finance,Enterprise,2025-07-26
1287,James Torres,toddperry@example.com,UK,Healthcare,Medium,2026-04-30
1288,Veronica Burton,hunter98@example.org,UK,Finance,Small,2024-11-06
1289,Thomas Warren,bonnie94@example.net,USA,Healthcare,Enterprise,2025-12-28
1290,Angela Davis,gregory09@example.com,UK,SaaS,Enterprise,2025-05-28
1291,Sandra Cruz,laurennewman@example.com,India,SaaS,Medium,2025-03-08
1292,Shari Glenn,lori81@example.net,Germany,Education,Small,2025-12-24
1293,Jonathan Spencer,johnsonsamuel@example.org,India,Finance,Medium,2025-07-16
1294,Annette Weeks,julie94@example.org,UK,Healthcare,Enterprise,2026-05-15
1295,Christopher Berg,peggywilson@example.net,Germany,Retail,Enterprise,2025-01-22
1296,Victoria Baker,miguelmatthews@example.net,India,Healthcare,Enterprise,2026-02-03
1297,Jerome Moore,wrightjoseph@example.net,Canada,Education,Medium,2025-02-08
1298,Elizabeth Conley,isaac05@example.org,UK,Education,Small,2024-12-11
1299,Michele Kim,fguerra@example.net,Germany,Finance,Enterprise,2026-02-15
1300,Jennifer Juarez,nicholsjohn@example.net,India,Healthcare,Small,2025-08-26
1301,Melanie Villanueva,lorrainejackson@example.com,USA,Education,Medium,2024-12-24
1302,Sarah Henry,smithronald@example.org,Canada,SaaS,Small,2025-09-17
1303,Sherry Cox,gregoryandre@example.org,Canada,Finance,Enterprise,2024-07-27
1304,Abigail Bolton,ywhite@example.net,UK,Education,Small,2025-02-01
1305,Lucas Stevens,qcrawford@example.com,Germany,Healthcare,Medium,2025-06-26
1306,Regina Montoya,amanda37@example.org,USA,Healthcare,Medium,2024-09-12
1307,Rhonda Griffin,zmcclain@example.com,India,Healthcare,Enterprise,2024-09-25
1308,Zachary Rodriguez,asmith@example.com,USA,Finance,Medium,2024-09-20
1309,Fernando Lucas,ujones@example.org,USA,Finance,Small,2024-08-19
1310,Christopher Lane,jamesjohnson@example.net,UK,SaaS,Medium,2026-01-18
1311,Adam Harper,zachary13@example.com,India,SaaS,Enterprise,2024-08-13
1312,Margaret Miller,nicholas44@example.com,USA,SaaS,Medium,2024-10-29
1313,Michael Flores,audreyserrano@example.com,Germany,Retail,Small,2025-10-21
1314,Charles Hall,lmitchell@example.org,Germany,Retail,Medium,2025-10-19
1315,Brandon Miller,emiles@example.com,India,Education,Medium,2025-11-14
1316,Nicholas Martinez,teresawest@example.com,USA,Retail,Enterprise,2025-12-08
1317,David Nichols,ureyes@example.com,UK,Healthcare,Medium,2024-10-20
1318,Yolanda Murray,vanessathomas@example.org,USA,SaaS,Medium,2025-09-05
1319,Jeffrey Pena,michael89@example.net,USA,Finance,Medium,2025-12-21
1320,Sean Gonzalez,colemanjacob@example.com,USA,SaaS,Medium,2025-09-14
1321,Christina Stanton,xcarrillo@example.com,UK,Retail,Small,2025-12-27
1322,Erika White,cruzkristin@example.com,USA,Education,Small,2024-05-25
1323,Theresa Bennett,mcdanielandrew@example.net,India,Education,Enterprise,2025-07-12
1324,Daniel Cook,stephenrobbins@example.org,Germany,SaaS,Medium,2024-05-25
1325,Clifford Harvey,jenkinslauren@example.org,UK,Education,Medium,2024-09-25
1326,Bonnie Rodriguez,williamsmelissa@example.org,UK,SaaS,Small,2025-08-25
1327,Carol Chase,rick21@example.com,India,Healthcare,Small,2025-08-30
1328,Christie Sullivan,hallen@example.com,Germany,Education,Enterprise,2025-07-10
1329,Steven Jones,zjohnson@example.org,Canada,Finance,Enterprise,2024-12-11
1330,Christy Brown,petersjeffrey@example.org,India,Finance,Small,2025-03-21
1331,Holly Edwards,cameronvaldez@example.net,USA,SaaS,Medium,2024-09-30
1332,Mr. Mark Villanueva,hstewart@example.com,Canada,Education,Medium,2025-05-01
1333,David Davis,lesliebyrd@example.net,UK,SaaS,Medium,2025-07-09
1334,Timothy Rose,cjones@example.net,USA,Retail,Small,2024-10-12
1335,Susan White,eedwards@example.com,India,Education,Medium,2024-06-04
1336,Diane Booker,krobinson@example.org,UK,SaaS,Small,2025-04-03
1337,Robert Cox,vschmidt@example.com,UK,Healthcare,Enterprise,2024-09-06
1338,Mark Rivera,laura60@example.org,India,SaaS,Medium,2024-05-28
1339,Samuel Mcgee,vdavidson@example.net,USA,Finance,Medium,2026-01-21
1340,Scott Johnson,twilliams@example.com,Germany,Retail,Enterprise,2026-01-14
1341,Nancy Wright,krista91@example.com,India,SaaS,Enterprise,2026-04-19
1342,Allison Perez,johnsonbrittney@example.com,Canada,Retail,Small,2024-12-07
1343,Amanda Brooks,joshuagriffith@example.org,India,Retail,Medium,2025-10-12
1344,Dawn Lewis,oflynn@example.net,UK,Retail,Small,2026-02-18
1345,Thomas Walker,louis18@example.net,India,Retail,Medium,2024-10-16
1346,Megan Davis,tonywebb@example.org,India,Healthcare,Medium,2024-07-14
1347,Todd Juarez,npowell@example.org,Canada,SaaS,Small,2025-10-06
1348,David Clark,margaret61@example.com,USA,SaaS,Enterprise,2024-07-19
1349,Lucas Gallagher,phillipsstacey@example.com,India,Education,Medium,2024-05-21
1350,Douglas Nguyen,isabellamullins@example.org,Canada,Healthcare,Enterprise,2025-04-07
1351,Jennifer Briggs,paulterrance@example.org,USA,Retail,Enterprise,2025-09-04
1352,Marcia Madden,rramirez@example.com,Germany,Education,Enterprise,2025-03-12
1353,Philip Love,mathew33@example.com,Germany,Education,Small,2025-01-06
1354,Arthur Ellis,barkerwilliam@example.org,Germany,Finance,Small,2026-02-22
1355,Kevin Johnson,deborahsmith@example.com,Germany,SaaS,Enterprise,2025-11-30
1356,Hailey Lam,christygarcia@example.net,Canada,Education,Enterprise,2025-11-26
1357,Lisa Martin,wpatton@example.net,Canada,Healthcare,Small,2024-05-27
1358,Melissa Cline,usmith@example.com,Germany,Healthcare,Small,2025-02-11
1359,Rachel Briggs,cheyenne51@example.com,UK,Healthcare,Small,2025-03-26
1360,Mrs. Patricia Brooks,rileydonna@example.com,USA,Retail,Small,2025-03-02
1361,Joyce Payne,anthonymatthew@example.net,Germany,Healthcare,Enterprise,2024-08-11
1362,Robert Ritter,noahmarsh@example.net,UK,Education,Medium,2026-03-04
1363,Amanda Moore,colemanaaron@example.org,India,SaaS,Small,2025-05-26
1364,Elizabeth Fields,paynechristina@example.net,Germany,Education,Medium,2024-10-27
1365,Eric Owen,wjones@example.com,Canada,Finance,Medium,2024-10-23
1366,Julie Ortiz,ithompson@example.org,Canada,Retail,Small,2024-11-01
1367,Derrick Bailey,valeriemartin@example.net,Canada,Education,Enterprise,2025-08-09
1368,Kelly Lopez MD,ereese@example.com,Germany,SaaS,Medium,2025-03-04
1369,Michael Thompson,ramirezwayne@example.com,UK,Healthcare,Enterprise,2025-01-29
1370,Howard Frost,iphillips@example.com,Canada,Education,Small,2025-08-12
1371,Marie Martin,cookgregory@example.org,USA,Education,Small,2024-10-19
1372,William Boyle,mariacoffey@example.net,India,Education,Medium,2025-11-05
1373,Richard Short,justin66@example.com,Germany,Finance,Medium,2025-12-07
1374,Peter Yoder,tuckerjames@example.net,Germany,Education,Enterprise,2024-12-25
1375,Emily Kim,tshepherd@example.net,Germany,SaaS,Small,2025-12-29
1376,Douglas Smith,alexander59@example.net,India,Retail,Small,2026-04-05
1377,Sydney Duncan,christineking@example.org,Canada,Education,Enterprise,2026-01-07
1378,Michael Morse,russelljulie@example.org,Germany,SaaS,Medium,2026-05-10
1379,Rebecca Combs,deborahflores@example.com,India,Healthcare,Small,2025-08-18
1380,Melissa Smith,uwilliams@example.com,Germany,Finance,Medium,2025-10-04
1381,Victor Burns,hhill@example.org,USA,Finance,Medium,2025-10-10
1382,Jason Mccarty,heatherwelch@example.com,India,Finance,Medium,2024-06-25
1383,Mitchell Myers,antonio87@example.org,USA,Healthcare,Small,2025-12-15
1384,Brian Bennett,allen20@example.org,India,Retail,Medium,2025-06-27
1385,Barbara Underwood,mccormickemily@example.com,India,Retail,Enterprise,2025-01-23
1386,Jasmine Hutchinson,wbowman@example.net,USA,Healthcare,Medium,2026-01-30
1387,Amy Johnson,oscott@example.com,UK,Retail,Enterprise,2025-06-12
1388,Brianna Ruiz,tracy86@example.org,Germany,Education,Medium,2025-11-07
1389,Stephen Cameron,olivia12@example.net,USA,Education,Small,2024-10-21
1390,Gerald King,wstanley@example.com,USA,Finance,Enterprise,2025-09-24
1391,Pamela Morrison,sjohnson@example.com,Canada,Retail,Small,2026-02-15
1392,Sheri Taylor,jenny40@example.com,Canada,Education,Small,2026-04-06
1393,Brandy Patterson,eugene01@example.net,UK,Healthcare,Small,2025-06-21
1394,Brian Roy,perrybetty@example.net,USA,Healthcare,Small,2024-12-16
1395,Matthew Russell,katie68@example.org,Germany,SaaS,Medium,2025-09-13
1396,Tiffany Mercer,arivera@example.org,UK,Finance,Medium,2025-10-08
1397,Laurie Brooks,patrickgutierrez@example.org,Germany,Education,Medium,2026-01-03
1398,Marcus Hansen,brettcraig@example.com,USA,SaaS,Small,2024-05-24
1399,Mr. Jeremy Jordan Jr.,oschneider@example.org,India,Retail,Enterprise,2024-08-07
1400,Brett Patel,zcompton@example.net,Germany,Healthcare,Medium,2025-01-15
1401,Dylan Brown,robert77@example.com,Canada,Education,Medium,2025-12-10
1402,Judith Jones,michaelmontgomery@example.org,India,Healthcare,Medium,2024-08-07
1403,Matthew Mcneil,lisa07@example.org,USA,Finance,Small,2025-04-28
1404,Harold Taylor,andersonchristopher@example.net,Germany,SaaS,Small,2025-12-30
1405,Janet Smith,johnstonstephanie@example.org,Canada,Healthcare,Small,2025-03-14
1406,Kimberly Watson,lflynn@example.net,UK,Healthcare,Medium,2024-07-18
1407,Daniel Wood,tuckermario@example.org,Germany,Education,Small,2024-11-09
1408,Randy Johnson,scottlisa@example.net,USA,Retail,Small,2025-08-23
1409,Willie Carr,glasswendy@example.com,UK,Education,Small,2026-03-21
1410,Angelica Adkins,murphydonald@example.com,UK,Finance,Enterprise,2024-05-29
1411,Dr. Kimberly Callahan,ariel49@example.net,India,Finance,Medium,2025-08-13
1412,Paul Myers,jenniferhutchinson@example.net,Germany,Finance,Medium,2024-09-23
1413,Heidi Aguilar,uguerrero@example.com,India,Healthcare,Medium,2024-10-05
1414,Randy Butler,garciajoshua@example.com,India,Education,Enterprise,2024-12-21
1415,Madison Reyes,knightluke@example.org,Germany,Education,Small,2025-06-21
1416,Gabriela Kennedy,swalter@example.net,USA,Education,Enterprise,2024-11-17
1417,Adam Perry,georgemelvin@example.com,India,Education,Enterprise,2024-08-01
1418,Rachel Collins,marypowell@example.com,Canada,Education,Medium,2026-02-22
1419,Ryan Aguilar,angela78@example.org,India,SaaS,Medium,2026-04-29
1420,Sarah Harris,mbrown@example.org,USA,Finance,Medium,2024-08-30
1421,Cynthia Smith,terriduncan@example.org,India,Finance,Medium,2025-02-26
1422,Mr. James Anderson MD,dlawrence@example.org,India,Healthcare,Small,2026-02-17
1423,Andrew Smith,miketaylor@example.com,Canada,Healthcare,Small,2025-08-26
1424,Michael Morrison,walkerwilliam@example.org,Canada,Retail,Enterprise,2025-04-21
1425,Steven Lopez,sheilamoran@example.net,India,Healthcare,Enterprise,2025-06-29
1426,Kimberly Rollins,hollyjones@example.com,USA,Retail,Medium,2024-11-21
1427,Henry Nichols,marc52@example.com,India,Retail,Medium,2024-10-30
1428,Sandra Knapp,sarahfinley@example.org,Germany,SaaS,Enterprise,2025-08-01
1429,Kevin Thompson,xrogers@example.com,Canada,Healthcare,Medium,2025-09-02
1430,Jill Mason,carla13@example.com,UK,Education,Enterprise,2026-02-12
1431,William Shannon,bstone@example.com,Germany,Finance,Enterprise,2024-12-13
1432,Lisa Luna,cblankenship@example.net,India,Healthcare,Enterprise,2025-09-09
1433,Michael Fitzpatrick,robert08@example.com,Canada,Healthcare,Medium,2025-01-26
1434,Sarah Lynn,kevin04@example.com,USA,Retail,Small,2025-09-29
1435,Joseph Miller,codyspears@example.net,India,Education,Small,2025-02-27
1436,David Parker,kristenjohnson@example.net,India,SaaS,Small,2024-12-01
1437,Elizabeth Swanson,sprice@example.net,India,Healthcare,Enterprise,2026-02-08
1438,Shawn Thompson,brandonperez@example.com,India,Retail,Medium,2025-03-07
1439,Melissa Morton,brandondiaz@example.com,India,Finance,Enterprise,2026-05-10
1440,Joshua Mckee,xdavis@example.org,India,Retail,Small,2026-02-02
1441,Heidi Zimmerman,williammiller@example.org,Germany,SaaS,Enterprise,2024-07-10
1442,Jacob Davis,christopher08@example.com,Canada,Education,Enterprise,2025-05-24
1443,Dale Turner,frank94@example.com,USA,Retail,Small,2024-09-09
1444,Anthony Martinez,sextonmichael@example.net,Canada,SaaS,Enterprise,2025-03-18
1445,Erin Brown,greerbianca@example.net,Germany,Education,Medium,2026-04-05
1446,Marc Baker,maycorey@example.org,Germany,SaaS,Small,2025-10-12
1447,William Carter,kaylareynolds@example.net,UK,Healthcare,Medium,2025-08-09
1448,Juan Adams,nbarrett@example.org,Germany,Education,Medium,2024-07-26
1449,Craig Duncan,christopher29@example.org,UK,Finance,Enterprise,2025-06-07
1450,Nicole Brown,thomas02@example.net,UK,SaaS,Medium,2024-08-29
1451,Samantha Church MD,sara82@example.com,India,Healthcare,Medium,2025-02-03
1452,Jennifer Logan,colevictor@example.com,USA,SaaS,Medium,2025-07-18
1453,Daniel Alexander,hhampton@example.org,India,Healthcare,Small,2025-03-10
1454,Kayla Smith,donnasimpson@example.net,Canada,Healthcare,Medium,2026-02-09
1455,Keith Collins,vwhite@example.com,USA,Healthcare,Enterprise,2025-10-15
1456,Mark Munoz,cummingsnicholas@example.org,Germany,Retail,Medium,2026-02-12
1457,Mary Robinson,williamskelsey@example.net,Germany,Retail,Medium,2024-07-30
1458,Samuel Contreras,acevedojames@example.com,USA,SaaS,Enterprise,2025-04-20
1459,Walter Brooks,vmcdonald@example.net,UK,Finance,Small,2025-12-07
1460,Heather Henry,zacharyfisher@example.net,India,Education,Small,2024-08-14
1461,Austin Wilson,cstone@example.net,USA,SaaS,Enterprise,2025-01-07
1462,Tony Miller,foliver@example.net,UK,Healthcare,Enterprise,2026-05-09
1463,Xavier Mccarthy,mmurphy@example.com,India,Finance,Small,2025-07-25
1464,Samantha Payne,warnergregory@example.com,USA,Retail,Enterprise,2025-03-06
1465,Hannah Montgomery,nicholasgarcia@example.org,Canada,Finance,Small,2024-09-05
1466,Maria Jones,jillianburnett@example.com,USA,SaaS,Medium,2025-09-14
1467,Nicole Benson,mckeeanthony@example.net,India,Retail,Enterprise,2024-10-13
1468,Paul Franco,mcummings@example.net,Canada,Education,Enterprise,2025-02-21
1469,Troy Anderson,claudiamendoza@example.org,India,Retail,Enterprise,2026-02-07
1470,Gabrielle Smith,clarkdiana@example.com,UK,Finance,Medium,2025-12-25
1471,Molly Melton,marquezstephanie@example.net,India,Healthcare,Small,2026-05-08
1472,Ernest Wheeler,hmitchell@example.com,Germany,SaaS,Small,2024-06-03
1473,Stephanie Sosa,wfoster@example.com,UK,Healthcare,Small,2025-11-14
1474,Jeffrey Dunn,jphillips@example.com,USA,Education,Enterprise,2025-05-22
1475,Jason Snyder,courtney68@example.net,UK,SaaS,Medium,2025-01-18
1476,Jessica Griffin,vsteele@example.com,USA,Retail,Enterprise,2025-02-21
1477,Richard Webster,hhernandez@example.com,India,Education,Enterprise,2025-12-14
1478,Tony Simpson,dnelson@example.org,USA,Education,Small,2025-07-09
1479,Bradley Everett,carolmiller@example.com,USA,SaaS,Small,2024-11-04
1480,Vanessa Curtis,astewart@example.org,USA,Retail,Medium,2025-03-01
1481,Amanda Watts,denisebennett@example.org,Germany,SaaS,Enterprise,2025-10-28
1482,Scott Turner,andrew64@example.net,India,Retail,Enterprise,2025-04-20
1483,Katelyn Ellis,johnsonjoseph@example.net,UK,Healthcare,Enterprise,2025-12-29
1484,Aaron Cline,bwheeler@example.net,USA,Finance,Medium,2024-10-12
1485,Eric Miller,bradleymartinez@example.com,USA,Education,Medium,2024-06-09
1486,Tommy Contreras,sarahbuck@example.com,Canada,Education,Enterprise,2026-02-23
1487,Derrick Jones,nancyschwartz@example.net,UK,Retail,Small,2024-06-13
1488,Christopher Meyer,qfoster@example.com,Canada,Education,Small,2025-01-01
1489,Erin Ferguson,william92@example.com,India,SaaS,Small,2025-12-23
1490,Cody Silva,amy44@example.net,Germany,Healthcare,Enterprise,2025-07-06
1491,Ana Valdez,michaelavery@example.com,UK,Finance,Enterprise,2025-09-10
1492,Christopher Gilmore,raymark@example.org,UK,Finance,Enterprise,2024-10-18
1493,Randall Allen,mendozaryan@example.net,Germany,Finance,Small,2026-04-13
1494,Ashley Watts,ronalddiaz@example.com,USA,Education,Medium,2026-01-24
1495,Jennifer Wilson,lewisjennifer@example.org,UK,Retail,Medium,2025-03-02
1496,Thomas Bates,kennedychris@example.org,UK,SaaS,Small,2025-08-25
1497,Jasmine Graham,marcus13@example.net,USA,SaaS,Enterprise,2025-07-19
1498,Amanda Woods,rebecca64@example.com,Germany,Healthcare,Small,2024-05-30
1499,Michelle Mccoy,angela57@example.org,Canada,SaaS,Enterprise,2024-12-16
1500,Andrea Barnes,aliciawebb@example.org,USA,Finance,Enterprise,2025-04-19
1501,Theresa Guzman,ywilliams@example.net,UK,Retail,Medium,2024-11-12
1502,Michael Nguyen,ewilson@example.org,India,Retail,Small,2025-07-05
1503,Jessica Moore,uhoward@example.com,USA,Healthcare,Small,2026-05-07
1504,Daniel Ryan,teresapatel@example.org,India,Finance,Enterprise,2026-01-27
1505,Latoya Martin,zachary24@example.com,India,Retail,Enterprise,2025-12-08
1506,David Collins,jessica53@example.org,USA,SaaS,Small,2025-07-07
1507,Robin Knapp,ballardleon@example.net,USA,Healthcare,Enterprise,2025-07-28
1508,Donald Gardner,aferrell@example.org,UK,Finance,Medium,2026-01-05
1509,Adrian Sandoval,blakemorris@example.org,Germany,Education,Medium,2024-09-13
1510,Cynthia Decker,briandeleon@example.net,USA,Finance,Medium,2024-07-07
1511,Stephanie Phillips,evansmichelle@example.net,UK,SaaS,Medium,2025-08-27
1512,Jennifer Johnson,jamescox@example.net,Germany,Retail,Medium,2024-10-09
1513,Amanda Butler,lbennett@example.net,Germany,Retail,Medium,2025-02-25
1514,Ashley Galvan,mariabrown@example.net,UK,SaaS,Small,2025-08-17
1515,Hannah Ray,petersonthomas@example.org,USA,Healthcare,Small,2025-02-23
1516,Michele Byrd,qharper@example.org,Germany,Education,Medium,2025-10-14
1517,Victoria Ewing,emoore@example.net,Canada,Retail,Small,2025-02-16
1518,Chelsey Malone,thomasrussell@example.net,Canada,Retail,Medium,2026-04-04
1519,Lori Gregory,kimjessica@example.com,Canada,SaaS,Enterprise,2025-02-19
1520,Brian Rice,tuckerjames@example.org,UK,Retail,Medium,2024-09-10
1521,Michael Glass,mcopeland@example.com,USA,Retail,Medium,2025-05-26
1522,Douglas Nielsen,ubranch@example.com,USA,SaaS,Medium,2024-10-12
1523,Richard Anderson,david15@example.com,India,SaaS,Enterprise,2024-11-07
1524,Alyssa Morgan,sydneywells@example.com,Canada,Education,Enterprise,2026-02-03
1525,Jeremy Rodriguez,paulaserrano@example.org,Canada,Healthcare,Enterprise,2026-01-25
1526,Gabrielle Nelson,cassidy48@example.org,India,Education,Enterprise,2025-05-24
1527,Mr. Aaron Williamson,jamesallen@example.net,Canada,SaaS,Medium,2026-03-27
1528,David Peterson,mendozaelizabeth@example.com,UK,Retail,Medium,2024-09-13
1529,Trevor Garcia,lruiz@example.net,Germany,Healthcare,Enterprise,2025-06-11
1530,Linda Horne,steven40@example.net,Canada,SaaS,Small,2025-12-05
1531,Justin Scott,haleytracy@example.org,UK,Education,Medium,2024-06-09
1532,Thomas Leon DDS,april99@example.net,Germany,Healthcare,Small,2024-10-16
1533,Mrs. Emily Rivera PhD,wolfemelanie@example.org,Germany,Finance,Small,2024-08-10
1534,Brent Carpenter,jamiebrowning@example.com,India,Finance,Small,2025-02-21
1535,Angela Casey,charlescoleman@example.org,Canada,Healthcare,Enterprise,2025-05-26
1536,Kylie Robinson,jacksonrandall@example.net,Germany,Retail,Small,2026-03-14
1537,Kathleen Ramos DDS,kevinlang@example.org,USA,Retail,Medium,2024-08-03
1538,Dominique Duke,michaelajenkins@example.net,Canada,Retail,Small,2024-06-23
1539,Michael Hernandez,vduncan@example.org,Germany,Retail,Medium,2025-03-09
1540,Erin Howard,paulamaxwell@example.com,USA,Retail,Enterprise,2024-09-18
1541,Amy Casey,mary55@example.org,USA,SaaS,Medium,2024-11-20
1542,Marcus Reynolds,flynngregory@example.net,Germany,SaaS,Enterprise,2025-02-25
1543,Robin Walker,vmiller@example.com,Canada,SaaS,Small,2025-09-28
1544,Angel Simon,samuelroman@example.org,Canada,Education,Enterprise,2025-12-17
1545,Robert Mcdonald,kylesmith@example.org,India,Education,Enterprise,2025-01-24
1546,Jonathan Brown,thomashernandez@example.org,UK,Retail,Medium,2024-08-03
1547,Andre Morgan,donaldfreeman@example.org,India,SaaS,Small,2025-06-13
1548,Debbie Nguyen,edyer@example.net,Germany,Finance,Enterprise,2024-06-19
1549,Andre Hernandez,qjimenez@example.com,Canada,Education,Medium,2025-08-01
1550,Robert Jones,kjones@example.org,India,Retail,Small,2025-10-14
1551,Sergio Atkinson,mconrad@example.net,USA,Healthcare,Small,2025-06-28
1552,Robert Stafford,mrojas@example.com,India,Finance,Enterprise,2024-10-23
1553,Kyle Martin,keymary@example.org,India,Education,Enterprise,2024-06-16
1554,Michael Thompson,cody27@example.com,India,SaaS,Small,2025-07-02
1555,Jennifer Bennett MD,kimberly88@example.net,UK,Retail,Small,2025-05-22
1556,James Byrd,gordonlindsey@example.org,Germany,SaaS,Medium,2025-02-01
1557,Wayne Ball,lmunoz@example.net,Canada,Healthcare,Small,2025-02-28
1558,Pamela Rowe,valeriedixon@example.org,USA,Retail,Small,2025-08-21
1559,Tiffany Hall,twells@example.com,Germany,Healthcare,Enterprise,2025-08-14
1560,Jessica Sparks,matthew11@example.org,India,SaaS,Medium,2024-06-10
1561,Lori Burke,james78@example.org,USA,Education,Small,2025-09-22
1562,Alicia Wilson,sabrina13@example.net,Germany,Retail,Enterprise,2024-10-21
1563,William Carroll,michaelmcdonald@example.com,Canada,Education,Small,2025-07-04
1564,Matthew Velez,tanyabest@example.org,Germany,SaaS,Enterprise,2024-10-20
1565,Judy Monroe,kentallen@example.net,USA,Education,Medium,2024-11-27
1566,Michelle Campbell,codycurry@example.net,Canada,Retail,Enterprise,2024-11-17
1567,Thomas Meyer,tapiajohn@example.org,UK,Education,Small,2025-03-30
1568,Stacey Walters,marthahodges@example.com,UK,SaaS,Medium,2024-07-09
1569,Daniel Mckee,tonya32@example.com,Canada,Education,Medium,2024-06-30
1570,Sonya West,pamela41@example.net,Canada,Retail,Medium,2024-07-14
1571,Tyler Perez,owilliamson@example.com,Canada,Healthcare,Medium,2025-04-21
1572,Mrs. Stephanie Glover DDS,victor04@example.com,Germany,Finance,Medium,2025-09-07
1573,Kimberly Rojas,parkspaul@example.net,Germany,Healthcare,Small,2025-10-08
1574,Matthew Smith,julian44@example.org,Germany,Education,Enterprise,2025-02-01
1575,Michelle Lewis,vrichards@example.net,Canada,Finance,Enterprise,2025-05-25
1576,Nathaniel Lee,hayeswilliam@example.org,Canada,Finance,Enterprise,2026-03-01
1577,Donna Rogers,jonesalexandra@example.net,Canada,Healthcare,Small,2024-07-14
1578,Brendan Johnson,oconnorsteven@example.com,UK,Education,Enterprise,2025-09-14
1579,Brianna Campos,vsnyder@example.com,India,Finance,Enterprise,2025-09-30
1580,Elizabeth French,jmartinez@example.org,UK,Healthcare,Enterprise,2024-07-15
1581,Sylvia Martinez,smartin@example.com,Canada,Finance,Enterprise,2025-12-25
1582,Kevin Smith,dan88@example.com,USA,Finance,Enterprise,2026-03-22
1583,Angel Mahoney,bakerdiane@example.net,Germany,Education,Enterprise,2025-12-23
1584,Donna Willis,adavis@example.org,Germany,Education,Medium,2025-10-31
1585,Kevin White,mejialindsay@example.net,Germany,SaaS,Enterprise,2025-09-17
1586,Aaron Jackson,stephanie78@example.com,USA,SaaS,Medium,2026-02-15
1587,Laura Spencer,oalexander@example.org,UK,SaaS,Enterprise,2025-05-26
1588,Julie Butler,jonathan37@example.org,USA,Healthcare,Medium,2025-07-18
1589,Allen Brown,darren77@example.net,UK,Finance,Enterprise,2026-01-09
1590,Samantha Johnston,michaelmartinez@example.org,India,Healthcare,Small,2025-06-14
1591,Elizabeth Morales,collinsmelissa@example.org,India,Healthcare,Enterprise,2025-02-06
1592,Erica Hall,beardjames@example.org,USA,Finance,Medium,2025-01-09
1593,Richard Holland,anna79@example.org,USA,Education,Enterprise,2026-05-16
1594,Randy Gentry,diazhaley@example.org,Canada,Healthcare,Enterprise,2025-03-04
1595,David Fitzpatrick,egarrison@example.com,Canada,Retail,Small,2024-09-26
1596,Tracy Simpson,kristamann@example.net,Canada,Finance,Enterprise,2025-11-05
1597,Brittany Estes DDS,maria35@example.net,USA,Retail,Medium,2025-08-18
1598,Edward Hernandez,ejohns@example.com,Germany,Finance,Enterprise,2026-04-22
1599,Samantha Murphy,william52@example.org,USA,SaaS,Enterprise,2026-05-11
1600,Bradley Best,hayesjoel@example.org,India,Healthcare,Enterprise,2025-07-24
1601,Teresa Rivera,hebertolivia@example.org,Germany,Healthcare,Enterprise,2025-11-22
1602,Christopher Baxter,jonathanhicks@example.org,India,Education,Enterprise,2025-06-06
1603,Peter Lee,wilsonhenry@example.org,Canada,Healthcare,Enterprise,2024-09-22
1604,Olivia Short,qhooper@example.com,UK,Finance,Medium,2024-11-17
1605,Jonathan Scott,thomas08@example.com,UK,SaaS,Small,2024-10-25
1606,Gloria James,mary19@example.net,UK,Education,Small,2025-03-19
1607,Jeanette Ortiz,jessicaharrington@example.com,Germany,SaaS,Medium,2025-03-07
1608,Matthew Velasquez,dianaowens@example.com,India,Education,Medium,2026-02-15
1609,Brittany Reyes,simmonsshawna@example.org,UK,Healthcare,Enterprise,2025-02-25
1610,Sherri Bennett,bellcarl@example.com,India,SaaS,Medium,2025-09-25
1611,Antonio Haynes,brandon22@example.com,Germany,Healthcare,Small,2025-09-08
1612,Logan Weeks,yrusso@example.com,UK,Finance,Enterprise,2025-01-07
1613,Mr. Thomas Murphy,williamsjared@example.net,USA,Education,Enterprise,2025-03-18
1614,Stacey Mendoza,carterjames@example.net,India,Retail,Enterprise,2024-08-30
1615,Michael Lopez,carolyntrujillo@example.com,Canada,Finance,Small,2025-03-12
1616,Dale Berg,katrina45@example.com,India,Education,Small,2025-05-15
1617,Lisa Lester,janicetaylor@example.net,UK,Education,Small,2024-06-17
1618,Anna Brown,blittle@example.net,Canada,Healthcare,Medium,2024-12-20
1619,Susan Cox,adam15@example.org,Canada,Education,Medium,2025-05-05
1620,Rebecca Schneider,tannerpierce@example.com,USA,Finance,Small,2026-02-16
1621,Lisa Allen,zsanchez@example.com,UK,Finance,Medium,2025-06-14
1622,Melissa Clark,josephcruz@example.com,India,Finance,Small,2025-07-19
1623,Glen Williams,tamara10@example.org,Canada,Education,Medium,2026-02-20
1624,Mark Brooks,stacey26@example.net,Canada,SaaS,Small,2026-01-13
1625,Shari Johnson,jenniferrobles@example.org,India,Retail,Small,2025-08-02
1626,Jacob May,david56@example.com,Canada,Education,Small,2025-04-01
1627,Monica Eaton,gmurphy@example.net,USA,Finance,Medium,2026-01-26
1628,Victoria Huff,xsmith@example.com,USA,Retail,Medium,2026-02-17
1629,Cameron Wells,ecowan@example.org,Canada,Finance,Small,2025-09-07
1630,Laura Spears,alejandro05@example.com,Canada,Finance,Enterprise,2025-08-07
1631,Thomas Reeves,rebeccanelson@example.net,Canada,Retail,Medium,2025-08-25
1632,Todd Sparks,dorishendricks@example.net,USA,Finance,Enterprise,2024-10-04
1633,Tom Esparza,nunezmaria@example.org,UK,Finance,Enterprise,2025-07-16
1634,Peter Martin,ujones@example.org,USA,SaaS,Small,2024-10-02
1635,Gary Carlson,joneskenneth@example.org,Canada,Education,Small,2025-04-02
1636,Jorge Wagner,david09@example.net,USA,Healthcare,Enterprise,2024-07-24
1637,Wendy Mercer,devinalexander@example.net,UK,Retail,Small,2026-03-06
1638,Danny Vincent,abbottjamie@example.org,UK,Education,Enterprise,2024-08-30
1639,Michele Ramos,dennis49@example.net,Germany,SaaS,Enterprise,2026-02-20
1640,Michelle Watkins,millervanessa@example.org,UK,SaaS,Medium,2025-08-05
1641,Monica Jones,maria76@example.org,India,SaaS,Small,2025-04-11
1642,Michele Nash,gonzalezjulie@example.org,USA,SaaS,Small,2025-02-06
1643,Alicia Jenkins,logancervantes@example.net,India,Education,Small,2026-03-21
1644,William Greene,sethgonzalez@example.com,Canada,Healthcare,Medium,2025-04-11
1645,Christopher Raymond,johntaylor@example.org,Germany,Retail,Medium,2026-03-10
1646,Laura Nolan,grahamdavid@example.com,Germany,Retail,Medium,2024-07-08
1647,Nichole Lawson,heathergeorge@example.net,USA,Retail,Enterprise,2025-09-09
1648,Susan Bell,margaret09@example.net,USA,Education,Small,2025-09-17
1649,Chad Daniel,brownchristopher@example.com,Canada,SaaS,Enterprise,2025-09-15
1650,Thomas Adams,matthew54@example.com,Canada,SaaS,Enterprise,2024-08-12
1651,Todd Mcgrath,matthewwilcox@example.net,USA,Finance,Enterprise,2025-09-16
1652,Victor Johnson,susan30@example.net,USA,Finance,Enterprise,2026-01-17
1653,Aaron Johnson,charlesthornton@example.com,India,Education,Small,2024-06-27
1654,Jessica Williams,russellmary@example.net,India,Retail,Medium,2025-03-14
1655,Mark Nunez DVM,christopher99@example.com,Germany,SaaS,Medium,2025-12-23
1656,Barry Conrad,gallaghersteven@example.net,UK,Education,Small,2024-11-13
1657,Crystal Franco,cuevasbenjamin@example.net,UK,Retail,Enterprise,2025-11-16
1658,Emily Hernandez,christine69@example.com,India,Healthcare,Medium,2025-05-05
1659,Kimberly Mcmillan,brittanynelson@example.org,India,SaaS,Enterprise,2025-08-12
1660,Maria Garrison,bethruiz@example.com,Canada,Healthcare,Small,2025-06-04
1661,Dr. David Hall,barry22@example.com,USA,SaaS,Enterprise,2024-06-24
1662,Shannon Thomas,taylorwilliams@example.net,Canada,Retail,Enterprise,2024-10-09
1663,Patricia Griffin,tkramer@example.net,Canada,SaaS,Medium,2026-02-10
1664,Brittany Vega,mike68@example.com,UK,Finance,Small,2025-02-07
1665,Stephanie Willis DDS,lozanogregory@example.com,Germany,Education,Small,2025-01-07
1666,Rachel Le,evansdarryl@example.net,UK,Healthcare,Small,2026-04-05
1667,Vickie Rodriguez,rose81@example.net,Canada,Finance,Small,2024-07-22
1668,Robert Suarez,sturner@example.com,USA,Healthcare,Enterprise,2025-10-28
1669,Thomas Osborne,christopherboyer@example.org,Canada,SaaS,Enterprise,2025-04-22
1670,Justin Davis,johncrane@example.com,Germany,Education,Small,2025-12-17
1671,Lisa Trujillo,toddlopez@example.net,India,SaaS,Medium,2026-03-04
1672,Colleen Davies,stephenprice@example.com,USA,Healthcare,Enterprise,2025-04-18
1673,Christopher Mckay,austin28@example.org,Canada,Retail,Medium,2024-10-18
1674,Kaitlyn Jones,robert54@example.org,India,Healthcare,Enterprise,2026-05-10
1675,Justin Hall,kenneththomas@example.com,UK,SaaS,Medium,2025-03-07
1676,Greg Johnson,robinsonlisa@example.com,Canada,SaaS,Small,2025-08-10
1677,Crystal Li,stephanie51@example.com,India,Retail,Medium,2024-09-30
1678,Carrie Griffin,daniellecohen@example.org,India,Education,Enterprise,2026-03-23
1679,Joseph Cruz,kellygarza@example.org,India,Education,Small,2025-09-17
1680,Brian Brown,xhampton@example.com,Canada,Education,Medium,2024-11-15
1681,Denise Rodriguez,ramirezjudy@example.org,India,Retail,Small,2024-11-01
1682,Robert Mcdaniel,xtanner@example.com,USA,Finance,Small,2024-09-25
1683,Beverly Smith,karl18@example.com,UK,Retail,Medium,2024-12-14
1684,Robert Ball,warrenpamela@example.net,India,Healthcare,Enterprise,2024-09-10
1685,Rick Hoffman,gpowers@example.net,India,Retail,Medium,2025-05-22
1686,Barbara Thompson,mrobertson@example.com,Germany,Finance,Medium,2025-07-20
1687,Christine Parks,lorimoore@example.org,Germany,Education,Small,2025-12-16
1688,Andrea Thomas MD,melissa59@example.net,UK,Education,Small,2024-09-22
1689,Marilyn Flores,orobinson@example.net,India,Healthcare,Enterprise,2025-01-02
1690,Scott Lamb,fadams@example.com,UK,Finance,Enterprise,2024-12-23
1691,Martha Lozano,howardbradley@example.net,USA,SaaS,Small,2025-11-16
1692,Brandon Griffin,nicoleflynn@example.net,Canada,SaaS,Enterprise,2025-12-26
1693,Alison Martinez,lmcbride@example.org,Canada,Retail,Enterprise,2026-02-21
1694,Brian Christensen,jonespedro@example.org,UK,SaaS,Enterprise,2025-11-12
1695,Douglas Mccoy,richardsonjason@example.net,India,Education,Enterprise,2024-06-29
1696,Patrick Klein,bellrebecca@example.com,Germany,Healthcare,Medium,2026-02-11
1697,Scott Horn,juanhunter@example.org,Germany,Healthcare,Enterprise,2026-02-26
1698,Jeremy Moss,huertabenjamin@example.net,India,Healthcare,Medium,2025-10-03
1699,Jacob Brock,gfields@example.org,Canada,Education,Small,2024-08-18
1700,Allison Miller,wallacelisa@example.org,Germany,Finance,Enterprise,2025-07-15
1701,James Cain,andersonadam@example.net,USA,Healthcare,Enterprise,2026-01-27
1702,Leah Molina,diane54@example.org,UK,Education,Small,2024-09-09
1703,Brooke White,lharris@example.com,Germany,Healthcare,Small,2025-05-14
1704,Jasmine Johnson,gyoder@example.net,Canada,Education,Enterprise,2024-09-14
1705,John Gross,krobles@example.net,UK,Retail,Medium,2025-12-25
1706,Aaron Potter,leslie39@example.net,USA,Healthcare,Medium,2026-02-22
1707,Michele Navarro,sanchezlindsay@example.net,UK,SaaS,Medium,2024-10-24
1708,Brianna Hughes,jdonovan@example.com,India,Healthcare,Small,2025-02-27
1709,Elizabeth Padilla,zacharykelly@example.net,UK,Education,Medium,2024-06-06
1710,Crystal Carter,lisa56@example.net,Germany,Retail,Medium,2024-09-27
1711,Charlene Cobb,marshallmichael@example.com,USA,SaaS,Enterprise,2025-02-07
1712,Robert Smith,xmcclure@example.net,India,SaaS,Enterprise,2025-12-23
1713,Kristen Clay,robertsmisty@example.net,Canada,Finance,Enterprise,2025-08-09
1714,Anita Powers,oscott@example.org,India,Education,Enterprise,2025-09-12
1715,Daniel Marquez,sean27@example.net,Canada,Healthcare,Medium,2024-06-03
1716,Mr. Wyatt Travis,stephenhoffman@example.net,Germany,Finance,Enterprise,2024-11-05
1717,Mark Flores,andrewjennings@example.com,USA,Education,Medium,2025-07-04
1718,Robert Bryan,nancygomez@example.net,Germany,Healthcare,Enterprise,2024-12-13
1719,David Thompson,anthonywest@example.org,Germany,Finance,Medium,2025-06-03
1720,Patricia Webster,jefferyevans@example.org,Germany,Retail,Enterprise,2024-11-26
1721,Katelyn Lopez,ptorres@example.net,USA,Education,Small,2024-08-13
1722,Daniel Clark,kennedytyler@example.com,Germany,Healthcare,Small,2025-11-23
1723,Larry Anderson,stephen66@example.net,USA,Education,Enterprise,2024-08-12
1724,Sergio Le,mary02@example.net,India,Healthcare,Small,2024-06-22
1725,Michelle Weeks,brandon97@example.org,UK,Healthcare,Medium,2025-08-24
1726,Melvin Rodriguez,andrewsolivia@example.net,Canada,SaaS,Enterprise,2024-09-09
1727,Jessica Harris,jaytorres@example.org,UK,Retail,Medium,2025-02-22
1728,Heather Tate,tuckeramy@example.com,USA,Retail,Enterprise,2026-04-07
1729,Ashley Jones,rgarcia@example.org,Germany,Retail,Small,2024-05-20
1730,Joanna Harper,gomezrebecca@example.com,Canada,Healthcare,Enterprise,2025-02-23
1731,Mrs. Mariah Skinner,bbond@example.net,Germany,SaaS,Small,2024-10-12
1732,Carl Valenzuela,pwatkins@example.com,USA,Healthcare,Enterprise,2025-04-26
1733,John Dorsey,michael42@example.com,Canada,Healthcare,Small,2026-03-10
1734,Catherine Terry,nicoleparker@example.org,Canada,SaaS,Enterprise,2026-02-07
1735,Allen Gonzalez,lromero@example.net,UK,SaaS,Small,2024-07-13
1736,Carl Sexton,abigailsmith@example.net,India,Healthcare,Enterprise,2024-11-13
1737,Brian Ramos,jacobgutierrez@example.net,Germany,Education,Enterprise,2025-11-16
1738,Ricky Carlson,jgonzalez@example.org,USA,Finance,Small,2025-04-11
1739,Gabriel Berg,jweber@example.com,UK,Retail,Enterprise,2025-04-22
1740,Melissa Cortez,jamesellis@example.org,Germany,Retail,Small,2026-05-18
1741,Emily Brandt,qshaffer@example.org,UK,Retail,Enterprise,2024-07-24
1742,Danielle Nguyen,amyfowler@example.org,UK,Education,Small,2025-11-25
1743,Scott Rowe,johnsonbrenda@example.net,Canada,Education,Medium,2025-05-25
1744,Darryl Chapman,bradyrichard@example.org,UK,Finance,Medium,2025-02-25
1745,Melissa Johnson,lisa90@example.com,Canada,Education,Small,2025-08-09
1746,Kyle Robbins,xbenjamin@example.org,UK,Retail,Medium,2024-11-08
1747,Alexis Smith,bward@example.net,UK,SaaS,Small,2025-05-26
1748,Samuel Nelson,scottrichard@example.org,UK,Education,Enterprise,2026-01-02
1749,Ashley Riley,uhardy@example.net,Germany,Healthcare,Enterprise,2024-11-12
1750,Tara Miranda,fobrien@example.com,USA,Healthcare,Medium,2024-06-29
1751,Catherine Hogan,cindysmith@example.org,Canada,Education,Small,2025-01-26
1752,Madison Hughes,oliversamuel@example.org,Canada,Education,Small,2024-08-17
1753,Natalie Mcclain,fcollins@example.org,USA,Retail,Enterprise,2024-08-10
1754,Timothy Huang,longmichael@example.com,UK,Education,Enterprise,2025-09-06
1755,Dr. Gabriela Jackson,jenniferpatel@example.org,USA,Retail,Enterprise,2024-10-31
1756,Jordan Nelson,tracyholmes@example.com,Germany,Finance,Small,2026-04-11
1757,Aaron Gilmore,daniel65@example.net,Canada,Retail,Small,2025-01-14
1758,Courtney Reed,jonesnathan@example.com,Germany,Retail,Medium,2025-10-20
1759,Thomas Velez,blopez@example.org,Canada,Education,Small,2025-12-19
1760,Janice Clark,mmalone@example.com,Germany,Healthcare,Medium,2025-03-22
1761,William Jackson,qbarrera@example.org,Germany,Healthcare,Small,2024-11-11
1762,John Vazquez,caldwelldanielle@example.net,India,Education,Enterprise,2025-04-26
1763,Lindsay Johns,munozjanice@example.org,Germany,Finance,Small,2025-11-07
1764,Ryan Dunn,xshelton@example.org,USA,SaaS,Enterprise,2026-04-26
1765,Samantha Oneal,raymond17@example.net,Canada,SaaS,Enterprise,2026-02-26
1766,Joshua Lawrence PhD,kbennett@example.com,USA,Retail,Enterprise,2026-04-04
1767,Jamie Marks,dsummers@example.org,UK,Finance,Medium,2026-02-22
1768,Christopher Chen,alyssamorgan@example.org,India,SaaS,Small,2024-08-19
1769,Christopher Beck,darrell93@example.net,Germany,Education,Medium,2024-07-15
1770,Mary Chan DDS,erica21@example.org,India,Education,Medium,2025-11-27
1771,Wendy Price,robin89@example.com,Canada,Finance,Enterprise,2025-10-04
1772,Bryan Davis,qtaylor@example.com,India,Retail,Small,2024-07-10
1773,Tiffany Douglas,maldonadokenneth@example.net,Germany,Education,Enterprise,2025-12-25
1774,Brandon Wagner,ncox@example.net,Germany,Healthcare,Medium,2024-09-05
1775,Troy Fleming,donaldsonkenneth@example.org,Canada,Education,Medium,2024-11-26
1776,Meagan Graham,robin92@example.org,India,Finance,Enterprise,2025-01-06
1777,Kathleen Bradley,briana88@example.com,India,Retail,Enterprise,2025-07-15
1778,Dillon Parker,michael90@example.org,UK,SaaS,Enterprise,2026-03-05
1779,Nancy Underwood,ksmith@example.org,UK,Retail,Enterprise,2025-12-18
1780,Helen Simpson,mchristensen@example.org,UK,SaaS,Small,2025-12-14
1781,Renee Green,walshsarah@example.net,Canada,Retail,Medium,2025-05-21
1782,Sheila Hansen,ortizconnor@example.net,Canada,Education,Enterprise,2024-12-30
1783,Faith Edwards,eneal@example.org,USA,Healthcare,Medium,2026-02-13
1784,Mary Fernandez,hbullock@example.org,USA,SaaS,Small,2024-11-22
1785,Bryan Nguyen,susan73@example.net,Germany,Education,Medium,2025-12-15
1786,Theresa Thomas,paulmartinez@example.org,USA,SaaS,Medium,2024-12-06
1787,Jennifer Reid,brownjames@example.com,UK,Finance,Small,2025-11-26
1788,Jennifer Bautista,justin90@example.net,Canada,SaaS,Enterprise,2025-06-16
1789,Joshua Garcia,wendy66@example.net,Germany,Retail,Enterprise,2025-02-08
1790,Kevin Ortiz,swilliams@example.com,Canada,Finance,Enterprise,2025-09-20
1791,John Bridges,jay30@example.com,Canada,SaaS,Small,2024-08-12
1792,Michelle Carpenter,richardsonfrank@example.com,Germany,Retail,Small,2025-04-09
1793,Donald Daniels,tammyscott@example.com,UK,Education,Medium,2025-07-14
1794,Henry Riddle,timothybooth@example.org,UK,SaaS,Enterprise,2025-05-22
1795,Michelle Horton,patelsarah@example.org,Canada,Education,Enterprise,2025-11-25
1796,Steven Stanton,wallangela@example.com,UK,Education,Small,2025-04-23
1797,Mrs. Kendra Webb,daltonphillips@example.org,USA,Finance,Small,2026-02-03
1798,Stephanie Stevens,smccall@example.net,USA,Healthcare,Small,2026-01-30
1799,Mark Ryan,kallen@example.org,India,Retail,Medium,2025-06-23
1800,Brandon White,dkeller@example.org,Germany,Retail,Enterprise,2026-01-21
1801,Jonathan Curry,dawnhill@example.com,UK,Education,Small,2025-11-11
1802,Kristen Guerrero,parkmichael@example.com,USA,SaaS,Enterprise,2024-08-29
1803,Mr. James Cox,thomasdaniel@example.net,India,Education,Enterprise,2025-05-16
1804,Joy Mccall,jacobmoody@example.org,India,Finance,Medium,2025-05-14
1805,Eric Miller,kendra38@example.com,UK,Education,Small,2025-03-02
1806,Laura Moreno,brett11@example.net,Germany,Retail,Enterprise,2025-05-15
1807,Candice Ryan,dyermichael@example.org,USA,Finance,Small,2026-04-20
1808,Kathleen Rodriguez,williamschristina@example.com,Germany,Education,Small,2026-02-17
1809,Robert Warner,longvictoria@example.net,Canada,SaaS,Enterprise,2026-03-05
1810,David Perez,kgonzales@example.net,India,Finance,Small,2025-11-04
1811,David Perkins,mmurphy@example.com,Canada,Finance,Enterprise,2025-09-24
1812,Tiffany Watkins,tara83@example.com,Canada,Finance,Enterprise,2024-12-09
1813,Robert Johnson,nicolasward@example.net,Germany,Retail,Enterprise,2025-07-14
1814,Monica Sanchez,rjordan@example.com,Germany,Healthcare,Medium,2026-01-13
1815,Debra Barry,preston81@example.com,Germany,Retail,Enterprise,2024-12-23
1816,Evelyn Brown,sharpjeffrey@example.com,USA,Retail,Small,2025-08-24
1817,Nicole Hamilton,lunasteven@example.org,India,SaaS,Medium,2026-04-06
1818,Rhonda Mason,kmiller@example.org,UK,Healthcare,Medium,2024-12-28
1819,Jordan Thornton,hannah72@example.net,Germany,Finance,Enterprise,2024-06-17
1820,James Clark,farleykirsten@example.net,Canada,SaaS,Enterprise,2025-06-09
1821,Alejandra Ayers,emily93@example.org,India,Healthcare,Medium,2024-09-11
1822,Jeffrey Oneill,brian11@example.net,USA,Retail,Enterprise,2025-02-16
1823,John Morales,hschneider@example.com,India,SaaS,Enterprise,2025-03-11
1824,John White,kiddleah@example.net,UK,Retail,Medium,2024-09-30
1825,Christopher Thomas,morgandaniel@example.org,India,Healthcare,Enterprise,2025-03-01
1826,Megan Vargas,cgreen@example.org,India,Healthcare,Enterprise,2025-11-07
1827,Allison King,ktaylor@example.org,UK,Retail,Enterprise,2024-11-22
1828,Faith Bush,kellyduncan@example.net,UK,Healthcare,Enterprise,2026-04-19
1829,John Castillo,cbryan@example.com,UK,Finance,Small,2025-09-21
1830,Jesus Ho,whitney50@example.com,UK,Healthcare,Small,2024-10-20
1831,George Richards,nortega@example.org,Canada,Finance,Small,2024-07-10
1832,Gina Hernandez,amandawilkins@example.net,USA,SaaS,Small,2026-04-07
1833,Alexander Harding,danielvanessa@example.org,Germany,Education,Small,2024-08-10
1834,Sharon Mercer,richard60@example.org,Canada,SaaS,Medium,2025-05-31
1835,Krystal Jensen,conradderek@example.org,India,Education,Medium,2024-06-05
1836,Nathan Reynolds,nortongabrielle@example.com,Germany,Education,Medium,2025-07-08
1837,Christopher Hayden,stephanieadams@example.net,Germany,Healthcare,Enterprise,2025-07-01
1838,Christine Wagner,danielmoore@example.net,India,Retail,Small,2026-02-01
1839,Kristen Andrews,justin79@example.org,Canada,Healthcare,Small,2024-05-23
1840,John Horn,escott@example.net,Canada,Retail,Medium,2025-10-31
1841,Isabella Baker,lisaharris@example.org,Canada,SaaS,Enterprise,2025-05-06
1842,Eric Phillips,williamhull@example.net,India,Retail,Enterprise,2025-12-30
1843,Cassandra Nicholson,johnsondanielle@example.com,UK,Retail,Small,2024-11-29
1844,Shannon Miller,deborahaustin@example.com,Canada,Retail,Medium,2025-03-05
1845,Debra Paul,hevans@example.net,USA,SaaS,Enterprise,2025-05-13
1846,Lauren Lee,devonlopez@example.net,UK,Retail,Enterprise,2025-10-10
1847,Lisa Yates,raymond41@example.net,USA,Finance,Medium,2025-05-23
1848,Aaron Vega,onewton@example.net,Canada,Finance,Small,2025-06-15
1849,William Taylor,morrischristopher@example.org,Canada,Finance,Small,2025-07-02
1850,Carla Brennan,johnjackson@example.net,India,Retail,Enterprise,2025-04-03
1851,Barbara Robles,vlee@example.net,India,Finance,Small,2025-01-12
1852,Jonathan Adkins,kimberly45@example.net,Germany,Retail,Small,2026-05-15
1853,Rachel Cox,nfields@example.org,Germany,Finance,Medium,2025-06-28
1854,Robert Burton,benjamin65@example.com,Germany,Finance,Medium,2025-01-01
1855,Carl Cole,emccoy@example.org,UK,Education,Small,2025-09-06
1856,Todd Gill,washingtonrenee@example.com,Canada,Healthcare,Small,2025-02-06
1857,Lauren Blair,laura29@example.org,India,Healthcare,Enterprise,2025-11-10
1858,Mrs. Megan Chan,lthomas@example.org,Germany,Retail,Small,2025-10-05
1859,Amber Thompson,sandra02@example.net,UK,Healthcare,Medium,2025-04-28
1860,Tyler Atkins,yespinoza@example.org,USA,Healthcare,Medium,2024-07-25
1861,Carol Maddox,boothjoanna@example.org,Germany,Healthcare,Enterprise,2025-11-29
1862,Melissa Michael,narnold@example.net,Canada,Education,Enterprise,2025-09-05
1863,Charles Ramirez,mstewart@example.org,India,Retail,Medium,2025-08-05
1864,Randall Prince,blopez@example.com,India,Education,Enterprise,2026-01-04
1865,Catherine Erickson,edwardshaw@example.com,USA,Retail,Small,2025-01-03
1866,Sherry King,shelley79@example.com,UK,SaaS,Small,2026-01-09
1867,David Ward,johnscott@example.com,India,Retail,Enterprise,2026-04-30
1868,Robert Dean,amandastone@example.com,USA,Retail,Enterprise,2024-09-23
1869,Carol Gonzalez,vdrake@example.com,India,Finance,Medium,2025-10-08
1870,Dorothy Sherman,paul84@example.com,India,Education,Enterprise,2026-03-30
1871,Clifford Curtis,phillip70@example.com,India,Finance,Small,2024-06-18
1872,Alison Wells,erin56@example.net,Germany,SaaS,Medium,2025-08-11
1873,Derek Calderon,jason64@example.com,Canada,Healthcare,Enterprise,2024-10-24
1874,Sandra Kim,aandrade@example.org,Canada,Education,Small,2025-04-05
1875,Jennifer Simon,aglass@example.com,India,Finance,Medium,2026-05-01
1876,Nicholas Miller,jennifer72@example.net,Canada,Retail,Enterprise,2025-03-19
1877,Douglas Hogan,pglenn@example.net,Germany,SaaS,Medium,2025-06-25
1878,Michael Foster,patrickboyer@example.net,Canada,Finance,Medium,2024-06-17
1879,William Wright,walkerrachel@example.net,UK,Healthcare,Enterprise,2024-12-20
1880,Daniel Henry,walkerconnor@example.org,India,Retail,Enterprise,2025-06-12
1881,Tyler Kim,sharrell@example.org,Canada,Education,Medium,2026-02-14
1882,Kristine Ramos,wattsjason@example.net,USA,SaaS,Small,2025-02-14
1883,Christopher Williams,jasmine03@example.org,India,Healthcare,Medium,2025-09-22
1884,Brett Stevens,elizabeth94@example.net,India,Finance,Enterprise,2025-10-28
1885,Peter Acosta,averydonald@example.net,India,Education,Enterprise,2025-08-28
1886,William Martinez,lopezpatricia@example.org,Germany,Finance,Medium,2025-01-21
1887,James Dickerson,gary27@example.net,India,Education,Enterprise,2024-07-05
1888,Raymond Wolfe,michaellewis@example.com,Germany,Retail,Small,2025-02-13
1889,Christopher Evans,nancynewton@example.org,UK,SaaS,Small,2025-12-10
1890,Denise Johnson,mcdanielbrandon@example.org,UK,Finance,Enterprise,2025-08-15
1891,Leslie Silva,sscott@example.org,USA,Healthcare,Small,2025-01-06
1892,Sheryl Weber,juliejohnson@example.org,Germany,SaaS,Small,2026-01-05
1893,Laura Carlson,yjohnson@example.org,USA,Retail,Enterprise,2025-11-27
1894,Dennis Smith,qgeorge@example.com,USA,SaaS,Medium,2025-04-20
1895,Kim Smith,kmckinney@example.net,Canada,SaaS,Small,2025-03-13
1896,Dean Jackson,avilla@example.org,India,Education,Small,2024-06-15
1897,Ryan Moore,cassandrabrown@example.com,USA,Retail,Medium,2024-06-07
1898,Cynthia Buckley,jameswilliams@example.com,UK,Healthcare,Enterprise,2025-02-16
1899,Glenn Bailey,martinshawn@example.org,India,Retail,Enterprise,2025-04-09
1900,Gregory Brown,frederickcrosby@example.org,UK,Healthcare,Enterprise,2024-10-23
1901,Caitlin Young,adammalone@example.net,UK,SaaS,Small,2024-06-21
1902,Jennifer Thomas,felicia12@example.com,India,Finance,Medium,2026-02-18
1903,Tara Clark,gschultz@example.net,Germany,Education,Medium,2024-10-03
1904,Matthew Arnold,rachelwilliams@example.org,Canada,Retail,Small,2025-05-28
1905,Stacey Zamora,dpacheco@example.org,Canada,Healthcare,Enterprise,2025-03-05
1906,Jasmine Hill,cclayton@example.net,Canada,Retail,Enterprise,2026-03-03
1907,Justin Hudson,belindaryan@example.org,Canada,Retail,Enterprise,2025-04-21
1908,Cynthia Reyes,james11@example.com,Canada,Finance,Medium,2025-03-14
1909,Terry Wood,jason82@example.com,Germany,Education,Small,2025-01-23
1910,Jaime Cain,cjones@example.org,USA,Retail,Medium,2025-02-05
1911,Benjamin Howard,brenda20@example.com,India,Retail,Medium,2026-03-25
1912,Justin Castillo,rhill@example.net,UK,Finance,Small,2025-07-30
1913,Christopher Perez,johnnelson@example.com,USA,Education,Small,2025-09-02
1914,Pamela Foley,raycory@example.net,India,Finance,Medium,2025-10-11
1915,Lindsay Mckinney,mvincent@example.org,Canada,SaaS,Enterprise,2024-09-19
1916,Kevin Harris MD,phendrix@example.org,Germany,Retail,Medium,2025-04-29
1917,Michael Miller,rtaylor@example.net,USA,Retail,Medium,2024-07-10
1918,Paula Massey,brenda71@example.org,Canada,Healthcare,Small,2024-10-21
1919,Nicole Parrish,andrewslatasha@example.org,Canada,Finance,Small,2025-01-27
1920,Dr. Jenny Choi,bennettmichael@example.net,Germany,Education,Medium,2024-10-26
1921,Mr. Cody Scott,hernandezjennifer@example.com,Germany,Healthcare,Small,2025-07-24
1922,Kimberly Turner,hvazquez@example.net,Germany,Retail,Small,2026-03-15
1923,Nicholas Lewis,davidmoore@example.org,India,SaaS,Medium,2025-07-20
1924,Scott White,john41@example.org,UK,Education,Enterprise,2025-08-25
1925,Mr. Jason Ruiz PhD,lance54@example.net,India,Finance,Enterprise,2024-10-22
1926,Morgan Clark,logan47@example.com,Canada,Finance,Medium,2024-10-22
1927,Erik Montgomery,carlaphillips@example.org,UK,SaaS,Small,2024-07-22
1928,Molly Anderson,michael86@example.org,UK,Finance,Small,2025-11-22
1929,Richard Rodriguez DVM,jhill@example.org,Germany,Education,Medium,2025-11-02
1930,Stephen Perez,vrandall@example.org,India,Education,Medium,2025-01-02
1931,Carrie Brown,chenjose@example.com,UK,Finance,Small,2024-08-11
1932,Sara Landry,lballard@example.net,UK,SaaS,Enterprise,2025-01-02
1933,Alexis Scott,lyonscolton@example.com,USA,Healthcare,Small,2024-09-12
1934,Jesse Hull,cwhitaker@example.com,India,Finance,Small,2026-02-07
1935,Breanna Salazar,perezgail@example.com,Germany,SaaS,Small,2026-03-29
1936,Sarah Pena,ymiller@example.com,USA,Healthcare,Small,2024-12-13
1937,David Yoder,lhill@example.net,Germany,Healthcare,Medium,2025-03-01
1938,John Morgan,saraherickson@example.com,Germany,Finance,Medium,2025-11-20
1939,John Castaneda,katelyn92@example.com,India,Retail,Enterprise,2025-12-05
1940,Brandon Velasquez,haley67@example.net,USA,Finance,Small,2025-03-10
1941,Regina Johnson,parkerrachel@example.org,UK,SaaS,Medium,2025-08-13
1942,Kenneth Escobar,pjohnson@example.net,Germany,SaaS,Enterprise,2024-11-09
1943,Manuel Brown,jonesnicholas@example.net,Germany,Healthcare,Small,2024-12-03
1944,Amber Wheeler,garciajessica@example.com,India,Retail,Small,2025-08-25
1945,Christina Reed,bcortez@example.net,USA,Healthcare,Medium,2026-04-30
1946,Zachary Barajas,sarah38@example.com,Germany,Healthcare,Enterprise,2024-12-08
1947,Donna Farley,leahburnett@example.com,USA,Healthcare,Medium,2025-05-28
1948,Christopher Nelson,tranvanessa@example.com,USA,Education,Enterprise,2025-08-13
1949,Jeremy Davis,andersonlauren@example.net,UK,Retail,Medium,2025-08-19
1950,Bruce Ramirez,rwhite@example.net,India,Finance,Small,2025-08-17
1951,Teresa Chaney,gilbertheather@example.net,USA,Education,Enterprise,2025-01-19
1952,Erika Manning,jonesmichael@example.org,USA,Finance,Medium,2025-09-04
1953,Peter Perez,qmcintosh@example.net,India,Healthcare,Medium,2025-02-10
1954,Peter Quinn,emily10@example.net,USA,Healthcare,Small,2024-09-22
1955,Vanessa Reynolds,ashleygarcia@example.com,UK,Retail,Medium,2025-06-21
1956,Nicholas Ryan,brandonramirez@example.com,USA,Healthcare,Medium,2024-10-04
1957,Don Cox,jean74@example.com,Canada,SaaS,Medium,2026-03-01
1958,Bianca Lee,akelley@example.org,UK,SaaS,Small,2025-08-04
1959,Danielle Wood,kathleen78@example.org,Canada,Retail,Enterprise,2026-03-01
1960,John Carney,nathanvasquez@example.com,Canada,Healthcare,Medium,2025-02-25
1961,William Jones,mistytaylor@example.org,USA,Healthcare,Small,2024-07-26
1962,Scott Brown DDS,seanmurray@example.com,Germany,SaaS,Enterprise,2026-04-05
1963,Matthew Edwards,keith53@example.com,Canada,Finance,Enterprise,2025-08-22
1964,Haley Oconnell,laura68@example.net,USA,SaaS,Medium,2025-03-22
1965,Michael Rivera,tracy71@example.org,UK,Education,Small,2025-12-29
1966,Michael Chase,moraleslarry@example.com,UK,Retail,Small,2024-07-13
1967,Brian Washington,beaton@example.org,India,Education,Enterprise,2026-05-11
1968,Julie Evans,tomhernandez@example.com,India,Retail,Enterprise,2024-11-16
1969,Caleb Ibarra,lauramartinez@example.net,UK,SaaS,Enterprise,2026-02-01
1970,Jacob Hunter,denisemontgomery@example.org,Germany,Finance,Enterprise,2025-11-02
1971,Larry Mason,julie26@example.org,UK,Finance,Small,2024-08-13
1972,Stacy Best,solsen@example.com,Germany,Retail,Enterprise,2025-10-31
1973,Jodi Moon,edwin66@example.org,India,Education,Enterprise,2024-08-10
1974,Shannon Warren,pmccoy@example.net,Germany,Healthcare,Enterprise,2026-04-28
1975,Jennifer Terrell,davidhansen@example.net,UK,Education,Medium,2024-12-20
1976,Miss Amy Archer,jeffrey02@example.net,India,Retail,Medium,2025-07-07
1977,Jeffrey Patterson,alexisavila@example.com,Canada,Education,Small,2024-07-01
1978,Cynthia Johnson,patricia20@example.org,USA,Education,Small,2025-03-06
1979,Paul Baker,garnerjason@example.com,Germany,Finance,Medium,2026-01-06
1980,Natalie Vaughn,derekoconnor@example.net,Canada,Finance,Medium,2025-09-20
1981,Jacob Gutierrez,warnerbarbara@example.net,USA,Education,Medium,2024-09-05
1982,Nathan Morris,crossteresa@example.net,UK,SaaS,Enterprise,2025-12-22
1983,Madeline Anderson,woodcarl@example.net,India,Education,Small,2026-04-07
1984,Valerie Pugh,lpittman@example.com,India,SaaS,Enterprise,2024-07-25
1985,Kelsey Mullins,williamscory@example.com,Canada,Retail,Small,2024-07-17
1986,Sabrina Valencia,zross@example.net,Canada,Retail,Enterprise,2025-07-14
1987,Daniel Delacruz,sanchezmadeline@example.org,UK,Education,Medium,2025-07-19
1988,Mrs. Jasmine Nelson,monique15@example.net,India,Retail,Enterprise,2025-12-10
1989,Theodore Parrish,ian18@example.com,India,SaaS,Small,2026-04-23
1990,Jennifer Andrews,donaldcalhoun@example.org,Canada,SaaS,Small,2025-03-29
1991,Spencer Saunders,randallsmith@example.net,UK,Healthcare,Small,2025-12-20
1992,Elizabeth Williams,christopherthomas@example.org,UK,SaaS,Medium,2026-03-03
1993,Carlos Le,gary66@example.net,UK,SaaS,Small,2024-05-31
1994,Michael Lynn,turnertheresa@example.org,Canada,Retail,Enterprise,2025-07-26
1995,Lisa Gonzalez,nelsonblake@example.net,Germany,Education,Enterprise,2024-09-25
1996,Mr. Jay Barnes,landerson@example.org,Canada,Finance,Small,2025-03-18
1997,Eric Sullivan,chadcooper@example.com,India,Healthcare,Enterprise,2025-08-06
1998,Sarah Carter,andersonjohn@example.net,USA,SaaS,Small,2025-06-22
1999,Eric Mckee,davidparrish@example.net,Germany,SaaS,Medium,2025-10-07
2000,Robert Anderson,marshvirginia@example.org,USA,Finance,Enterprise,2026-05-12
2001,Scott Haynes,richardgates@example.com,Germany,Finance,Enterprise,2025-06-04
2002,Regina Bell,adam56@example.org,USA,Education,Medium,2025-11-03
2003,Barbara Morse,ashleywallace@example.net,Canada,SaaS,Enterprise,2026-03-27
2004,Kristen Anderson,umitchell@example.org,USA,Finance,Small,2026-01-19
2005,Christopher Harrington,georgedenise@example.org,UK,Education,Small,2025-02-28
2006,Anthony Pham,richardwright@example.net,USA,Healthcare,Enterprise,2025-07-12
2007,Lisa Terry,jrobertson@example.net,Germany,Healthcare,Small,2025-03-22
2008,George Murray,zvance@example.org,Canada,Healthcare,Enterprise,2025-05-29
2009,David Allen,crystal49@example.net,UK,Education,Enterprise,2024-08-31
2010,Joshua Miller,dylangarner@example.net,Canada,Retail,Enterprise,2026-02-23
2011,Justin Miller,gonzalesanne@example.net,USA,Education,Medium,2026-02-10
2012,Kyle Powers,mezasharon@example.org,Germany,Retail,Small,2024-08-27
2013,Garrett Compton,jonathan76@example.net,UK,Healthcare,Enterprise,2025-07-03
2014,Rebecca Smith,rhenry@example.org,Germany,Education,Medium,2025-03-03
2015,Joseph Taylor,victoria59@example.org,UK,Education,Enterprise,2024-10-08
2016,Ronald Bennett,ggibson@example.net,Germany,Finance,Medium,2026-04-08
2017,Debbie Hatfield,pamelagarrett@example.com,Canada,Finance,Medium,2024-10-24
2018,Kari Harris,daniel89@example.org,Germany,Retail,Enterprise,2024-11-26
2019,Julia Peterson,pamelayoung@example.com,India,Education,Small,2025-05-24
2020,Charles Hudson,christopherclark@example.net,Canada,Education,Small,2024-05-30
2021,Cory Johnson,dross@example.com,Germany,Education,Enterprise,2024-06-01
2022,Christopher Williams,alex94@example.com,India,Finance,Medium,2024-12-29
2023,Rebecca Morgan,samuel03@example.net,Germany,Retail,Small,2025-01-12
2024,Mary Alvarez,uhall@example.org,USA,Finance,Enterprise,2025-12-08
2025,Tina Andersen,sarah89@example.org,USA,Education,Small,2025-08-03
2026,Amanda Shepherd,yrodriguez@example.net,India,SaaS,Medium,2025-10-06
2027,Ashley Stephens,hreed@example.net,UK,Healthcare,Medium,2026-01-14
2028,Katherine Valdez,denise98@example.com,USA,Finance,Enterprise,2025-12-23
2029,Jasmine Nunez,maxwellrose@example.net,Canada,Education,Enterprise,2025-01-04
2030,Linda Ortiz,hyu@example.net,Canada,Healthcare,Small,2024-12-24
2031,Jo Young,tonya77@example.net,USA,Retail,Medium,2025-07-11
2032,Ryan Owens,vhoffman@example.com,UK,Healthcare,Medium,2024-07-06
2033,Sean Vincent,hwright@example.org,India,Education,Small,2024-08-06
2034,Calvin Rollins,hjensen@example.org,UK,Finance,Medium,2025-09-20
2035,John Jones,pjohnson@example.org,USA,Education,Medium,2025-02-28
2036,Renee Gonzalez,kim71@example.org,Canada,Healthcare,Enterprise,2026-04-05
2037,Maria Wilson,curtisalan@example.net,USA,Finance,Medium,2024-09-15
2038,Bruce Brown,michelle44@example.net,UK,Retail,Enterprise,2026-05-16
2039,Elizabeth Jones,jason51@example.org,Canada,SaaS,Enterprise,2026-02-05
2040,Joyce Stone,scott56@example.net,India,SaaS,Enterprise,2024-11-03
2041,Robert Werner,owenstimothy@example.com,Canada,Retail,Small,2024-10-02
2042,Alex Clark,gutierrezmary@example.org,USA,Finance,Medium,2025-03-17
2043,Frederick James,bhebert@example.net,Germany,Retail,Small,2024-08-20
2044,Aaron Jacobs,barbaraortega@example.org,UK,Education,Small,2025-04-13
2045,Stephanie Sandoval,lauren43@example.com,Germany,SaaS,Medium,2025-08-08
2046,Nicole Wilson,rking@example.org,Canada,SaaS,Medium,2026-03-23
2047,Kelly Bennett,chapmanandrea@example.com,Canada,Education,Small,2024-10-22
2048,Victor Pace,nicholasbanks@example.com,India,Education,Enterprise,2025-12-19
2049,Aaron Rodriguez,farrellbenjamin@example.org,UK,Healthcare,Small,2025-08-26
2050,Adam Ellis DVM,kimberlycunningham@example.org,Germany,Retail,Enterprise,2025-12-31
2051,Melissa Hunt,petersonaaron@example.net,Canada,Education,Small,2024-09-24
2052,Robert Anderson,vbrown@example.net,UK,Retail,Medium,2026-01-14
2053,Jonathan Mercer,robert16@example.org,Germany,Healthcare,Small,2024-12-19
2054,Gabrielle Gonzales,mmiller@example.com,India,SaaS,Medium,2024-08-06
2055,Emily Thompson,xperez@example.com,Canada,SaaS,Enterprise,2025-03-04
2056,Autumn Hawkins,ckennedy@example.net,Germany,Finance,Small,2025-09-28
2057,James Bond,zgregory@example.net,Germany,Education,Medium,2025-04-02
2058,Timothy Goodwin,sromero@example.com,UK,Healthcare,Medium,2026-02-03
2059,Javier Murphy,conradkevin@example.org,Canada,Healthcare,Medium,2026-03-22
2060,Marie Lucas,lindamiller@example.com,Germany,Education,Small,2026-01-25
2061,Antonio Thompson,michaeltran@example.net,Canada,Education,Enterprise,2025-07-13
2062,Michelle Park,edward12@example.com,Canada,Healthcare,Small,2024-06-27
2063,Matthew Kerr,thomassamantha@example.net,USA,Finance,Medium,2025-01-25
2064,David Francis,ncrawford@example.org,India,Education,Small,2024-07-29
2065,John Black,francessloan@example.com,USA,Retail,Medium,2024-07-17
2066,Benjamin Johnson,mclaughlinamanda@example.org,India,Finance,Small,2024-10-29
2067,Vincent Adams,cturner@example.net,India,Finance,Enterprise,2024-11-19
2068,Stephanie Sutton,barbara10@example.org,USA,Finance,Small,2025-07-19
2069,Heather Bryan,allendiane@example.org,India,Education,Medium,2024-06-21
2070,Leslie Kelley,acollins@example.org,Canada,Healthcare,Medium,2026-03-18
2071,David Phillips,jacob68@example.com,USA,Healthcare,Small,2024-06-06
2072,Ronald Villegas,valenzuelaadrienne@example.org,India,Healthcare,Enterprise,2025-06-22
2073,Paula Hunter,joseph74@example.net,USA,SaaS,Enterprise,2025-12-27
2074,Robert Duncan,brenda75@example.org,USA,Healthcare,Enterprise,2024-11-25
2075,Susan Bennett,smithjacob@example.org,UK,Finance,Small,2024-11-30
2076,Zachary Anderson,gbowers@example.com,India,SaaS,Medium,2024-06-17
2077,Taylor Watson,samantha88@example.net,Germany,Retail,Small,2025-01-03
2078,Thomas Stokes,brooksmichael@example.org,India,Healthcare,Enterprise,2025-12-05
2079,Carla Martinez,garzaanthony@example.com,Canada,Healthcare,Small,2024-06-16
2080,Rachel Martin,cswanson@example.net,Canada,Education,Medium,2025-10-23
2081,Mr. Timothy Ibarra,richardsjacob@example.com,Canada,Retail,Enterprise,2026-04-05
2082,Kelly Mitchell,ramirezjames@example.net,UK,SaaS,Medium,2025-01-08
2083,Harry Gordon,charlesgreene@example.net,Canada,Education,Small,2024-10-22
2084,Dillon Martin,robin43@example.org,India,Healthcare,Small,2024-12-05
2085,Connor Flowers,thubbard@example.net,India,Healthcare,Enterprise,2026-02-19
2086,Heather Smith,jonathan80@example.org,Canada,Finance,Small,2026-02-02
2087,Janet Khan,alexanderkathryn@example.org,Germany,SaaS,Small,2024-08-02
2088,Jennifer Dennis,sean56@example.com,Germany,Finance,Enterprise,2025-01-20
2089,Erika Williams,shannon18@example.com,India,SaaS,Small,2025-02-12
2090,Joyce Davidson,lauriewalker@example.net,India,Retail,Small,2025-07-05
2091,Sierra Snyder,colonmichelle@example.com,Germany,Education,Enterprise,2024-05-24
2092,Samantha Perez,anthony85@example.net,USA,Finance,Medium,2025-04-14
2093,Holly Smith,barnettsandra@example.net,Canada,Education,Small,2025-06-09
2094,Patricia Moore,jsmith@example.org,UK,Healthcare,Enterprise,2024-10-29
2095,Daniel Wallace,icurry@example.org,Germany,Education,Enterprise,2025-01-19
2096,Kevin Mata,gainesmarissa@example.net,USA,SaaS,Small,2025-07-25
2097,John Sandoval,john61@example.org,Canada,Finance,Medium,2026-03-10
2098,Nicole Bishop,robbinsrichard@example.org,Germany,Retail,Enterprise,2025-04-01
2099,William Farmer,chloewright@example.net,UK,SaaS,Medium,2024-05-20
2100,Linda Lopez,jonathan53@example.com,India,Finance,Enterprise,2024-07-26
2101,Jessica Watson,csmith@example.com,India,Healthcare,Enterprise,2025-01-18
2102,Stacey Ramos,michelle77@example.net,India,SaaS,Enterprise,2025-11-18
2103,Yolanda Joyce,ericgonzalez@example.net,India,Retail,Small,2024-07-14
2104,Robert Kim,barbara89@example.com,Canada,Finance,Small,2025-03-08
2105,Joseph Williams,gibsonnatalie@example.org,UK,Finance,Medium,2026-04-21
2106,Alfred Miller,joe62@example.net,UK,SaaS,Enterprise,2024-11-28
2107,Michael Gibson,davidbennett@example.net,Germany,Education,Enterprise,2025-09-24
2108,Jonathan Gonzales,mgamble@example.net,Canada,Healthcare,Medium,2025-06-17
2109,Thomas Roman,mbuchanan@example.net,UK,Education,Small,2024-07-08
2110,Mary Raymond,heidi87@example.net,Germany,Finance,Enterprise,2025-08-10
2111,Shannon Smith,andrew73@example.net,India,Retail,Enterprise,2025-10-30
2112,Alyssa Campbell,david81@example.com,UK,Healthcare,Enterprise,2026-04-17
2113,Aaron Moon,valerie66@example.com,UK,Education,Enterprise,2026-02-23
2114,Dylan Smith,michaelryan@example.net,UK,Healthcare,Medium,2025-04-14
2115,Katherine Fitzpatrick,annhall@example.org,Canada,Healthcare,Medium,2025-11-29
2116,Ashley Green,xpacheco@example.net,UK,Education,Small,2025-02-25
2117,Frank Todd,chelseadawson@example.net,India,SaaS,Enterprise,2025-01-28
2118,Tanner Green,kevin03@example.net,Canada,SaaS,Small,2025-12-11
2119,Morgan Spears,levineryan@example.com,India,Healthcare,Enterprise,2025-09-17
2120,Dustin Valdez,virginiamorris@example.com,USA,Finance,Medium,2026-01-22
2121,Megan Gay,johnalvarez@example.org,Germany,Finance,Medium,2025-01-23
2122,James Hernandez,kara30@example.com,India,Healthcare,Small,2024-09-29
2123,Robert Thompson,leemichael@example.com,USA,Healthcare,Small,2025-09-01
2124,Valerie Curtis,hilldanielle@example.net,USA,Education,Enterprise,2026-03-18
2125,Nancy Smith,davidflores@example.net,India,Education,Enterprise,2026-01-13
2126,Ashlee Faulkner,hughesandrew@example.com,Canada,Healthcare,Enterprise,2025-08-29
2127,David Cross,gabriellachristensen@example.org,UK,Healthcare,Enterprise,2025-08-06
2128,Joseph Garcia,kingchristopher@example.net,USA,Finance,Small,2025-05-12
2129,Christopher Mayer,youngangela@example.net,Germany,Healthcare,Enterprise,2025-12-15
2130,Catherine Robinson,kimberly41@example.org,Canada,Retail,Enterprise,2024-06-19
2131,Pamela Rodgers,jeffery89@example.net,India,Healthcare,Medium,2025-01-10
2132,Mr. William Gonzalez,bernardarthur@example.net,Germany,Retail,Small,2024-07-06
2133,Justin Lopez,david85@example.net,UK,Healthcare,Small,2025-02-15
2134,Joshua Thompson,welchshannon@example.com,USA,Retail,Small,2024-05-26
2135,Darryl Lane,stephanie33@example.net,India,Retail,Small,2025-07-17
2136,Carrie Montgomery,tjohnson@example.org,UK,Healthcare,Small,2024-05-22
2137,Michael Foster,juliewatson@example.com,UK,Retail,Enterprise,2025-11-16
2138,Karen Young,petergarner@example.net,Germany,Finance,Medium,2025-03-24
2139,Donna Peck,pereznathan@example.com,UK,Retail,Medium,2025-12-05
2140,Cory Welch,jennifer50@example.org,USA,Education,Enterprise,2025-10-25
2141,Joshua Munoz,wschwartz@example.org,Germany,Finance,Medium,2025-05-20
2142,Brandon Potter,duncanjennifer@example.com,Canada,Education,Enterprise,2024-09-15
2143,James Jackson,audrey47@example.net,Canada,Education,Enterprise,2025-10-25
2144,Dr. Henry Johnson,wwagner@example.com,USA,Education,Small,2026-05-11
2145,Mr. Jeffrey Wheeler,deborahlarson@example.net,Germany,Retail,Small,2025-04-21
2146,Andrew Mendez,sarawilson@example.net,UK,Education,Enterprise,2025-11-03
2147,Breanna Brandt,wthomas@example.net,Germany,SaaS,Enterprise,2025-06-23
2148,Terri Keith,woodardjeff@example.com,Germany,Education,Enterprise,2024-07-03
2149,David Allen,brendamorris@example.org,USA,Healthcare,Medium,2025-03-14
2150,Maria Chavez,petersenheather@example.org,Germany,Retail,Medium,2026-03-18
2151,Olivia Campbell,johnstonjacob@example.net,India,Retail,Small,2025-09-26
2152,Amanda Anderson,zhoover@example.net,Germany,Finance,Enterprise,2026-03-10
2153,Pamela Page,ellisjacqueline@example.net,USA,Education,Small,2025-07-20
2154,Kimberly Jackson,taguirre@example.com,Germany,Retail,Small,2024-05-24
2155,Kevin Carr,jcarey@example.net,Canada,SaaS,Small,2026-04-05
2156,Darius Sharp,schmidtmelissa@example.org,Canada,Education,Small,2025-03-02
2157,Jason Gallagher,taylorkristopher@example.com,Germany,Retail,Medium,2025-09-17
2158,Monica Collins,johnweber@example.com,Germany,SaaS,Small,2024-12-28
2159,Emily Cruz,timothywilliamson@example.org,Germany,Education,Enterprise,2025-04-04
2160,Donna Wagner,eking@example.org,UK,Retail,Small,2025-01-21
2161,Daniel Williams,ehicks@example.org,India,Finance,Enterprise,2024-07-21
2162,Sydney Alexander,aaronthomas@example.org,UK,SaaS,Small,2025-02-15
2163,Mary Ortiz,sean26@example.net,USA,Retail,Enterprise,2025-07-02
2164,Joseph Ritter,brittanyjuarez@example.net,India,SaaS,Enterprise,2025-12-29
2165,Robin Baker,jamiesmith@example.com,Germany,Education,Enterprise,2025-02-22
2166,Robert Rodriguez,cliffordmichael@example.com,UK,Retail,Enterprise,2026-04-13
2167,Cory Frye,mcalderon@example.org,Germany,SaaS,Small,2025-09-26
2168,Victor Fleming MD,susan25@example.com,India,Education,Enterprise,2024-09-30
2169,David Johnson,michellesimpson@example.org,UK,Healthcare,Small,2025-01-06
2170,Alyssa Evans,jasonchapman@example.net,UK,SaaS,Medium,2026-05-13
2171,Bob Hunter,kathryn01@example.com,India,Finance,Enterprise,2024-05-26
2172,Eric Galvan,ihall@example.org,Germany,Finance,Enterprise,2025-06-28
2173,Ashley Gonzales,waynehoward@example.org,UK,SaaS,Small,2025-05-18
2174,Jonathan Cook II,sdavis@example.net,UK,SaaS,Enterprise,2025-01-02
2175,Jason Sims,sross@example.net,India,SaaS,Medium,2024-10-23
2176,Kristen Buck,gharris@example.net,Germany,Retail,Enterprise,2026-01-30
2177,Cynthia Peterson,thomasfisher@example.net,USA,Education,Medium,2025-03-01
2178,Adrian Robinson,jane60@example.net,UK,Healthcare,Enterprise,2025-04-25
2179,Zachary Morrison,dtaylor@example.com,Germany,Retail,Medium,2024-11-13
2180,Emily Bailey,hatfieldcathy@example.net,Germany,SaaS,Enterprise,2025-08-27
2181,George Howell,robertbishop@example.org,Canada,SaaS,Small,2024-06-14
2182,Jaime Collins,nancyraymond@example.net,Canada,Finance,Enterprise,2025-04-28
2183,Nathaniel Davis,leeelijah@example.com,Canada,Healthcare,Small,2025-12-30
2184,Zachary Pugh,esalazar@example.com,UK,Healthcare,Small,2025-04-23
2185,Rachel Chavez,beverly83@example.net,India,SaaS,Small,2024-12-20
2186,Casey Wright,jamesluis@example.org,USA,Education,Enterprise,2025-06-11
2187,Stephanie Bailey,jonesryan@example.org,India,Finance,Small,2026-05-08
2188,Gwendolyn Nelson,phillip36@example.net,USA,SaaS,Medium,2024-10-20
2189,Ian Mueller,qjenkins@example.org,UK,Healthcare,Enterprise,2025-08-24
2190,Juan Grimes,lisa50@example.net,India,Education,Enterprise,2025-12-02
2191,Aaron Williams,emily92@example.org,Canada,Education,Enterprise,2024-12-03
2192,Patricia Sandoval,bennettsusan@example.com,UK,Retail,Enterprise,2025-01-25
2193,Angel Hess,wmorgan@example.com,Canada,Finance,Small,2026-05-05
2194,Eric Cook,cooperlawrence@example.com,USA,Finance,Medium,2025-12-17
2195,Matthew Hall,mcarlson@example.com,India,Retail,Small,2024-10-26
2196,Jonathon Collins,grivers@example.com,Germany,Education,Small,2026-02-14
2197,Jamie Hall,pamruiz@example.org,India,Retail,Small,2024-11-20
2198,Max Jackson,jeremyhughes@example.org,USA,Finance,Medium,2025-07-21
2199,Kimberly Jackson,udecker@example.net,Canada,Retail,Enterprise,2025-10-17
2200,Michael Williams,eallen@example.org,UK,Healthcare,Enterprise,2025-12-10
2201,Paul Jones,jennifer83@example.com,USA,SaaS,Enterprise,2024-10-15
2202,Justin Becker,hansenstacy@example.net,Canada,SaaS,Medium,2025-12-07
2203,Jessica Wagner,gatesbrandy@example.net,Canada,Finance,Medium,2026-03-18
2204,Mrs. Kathleen Mora,pmartinez@example.com,Canada,Finance,Medium,2025-06-03
2205,Amanda Vasquez,saguilar@example.net,Canada,Education,Enterprise,2026-01-15
2206,Melissa Chen,gabriel01@example.com,India,Healthcare,Enterprise,2026-01-26
2207,Erin Arnold,ashley17@example.com,Canada,Retail,Enterprise,2025-04-28
2208,Tiffany Bennett,adriana61@example.org,Germany,Retail,Small,2025-11-14
2209,Paul Turner,laura83@example.com,Canada,Healthcare,Enterprise,2025-12-19
2210,Peter Cooley,joshuaburke@example.com,India,Healthcare,Small,2025-07-28
2211,Nathan Wheeler,wilsonamber@example.net,USA,SaaS,Medium,2025-05-22
2212,Janet Wilson DDS,dgordon@example.com,USA,Healthcare,Enterprise,2025-04-26
2213,Lindsey Adams,flarson@example.org,Germany,Retail,Small,2025-02-14
2214,Maria Hill,hensleyalexander@example.com,India,Finance,Enterprise,2025-01-03
2215,Wanda Vasquez,nramsey@example.com,UK,SaaS,Enterprise,2024-10-21
2216,Marcus Taylor,williamsian@example.org,UK,Finance,Medium,2024-07-28
2217,Brooke Hoffman,pmoore@example.net,USA,Finance,Medium,2026-04-05
2218,Christopher Davis,ebaker@example.net,Canada,Education,Medium,2025-09-27
2219,Frank Ho Jr.,jessica05@example.com,USA,SaaS,Enterprise,2024-11-08
2220,Sheila Collins,kelly66@example.com,India,Finance,Medium,2024-06-29
2221,Traci Paul,ehuber@example.net,Canada,Education,Small,2024-09-24
2222,Justin Alvarado,jenniferandrade@example.net,UK,Healthcare,Medium,2025-06-01
2223,Karen Campbell,vstanley@example.org,India,Retail,Medium,2025-09-01
2224,Tiffany Ware,johnsonharry@example.com,USA,Healthcare,Medium,2026-04-30
2225,Sara Adams,jonathanhowell@example.org,UK,Retail,Enterprise,2024-10-03
2226,Jessica Romero,john45@example.org,India,Retail,Medium,2024-08-02
2227,Shelley Hall,estradasusan@example.org,USA,Education,Medium,2026-03-17
2228,Terry Montgomery,jose81@example.org,Canada,Finance,Enterprise,2025-10-20
2229,Alan Vincent,kkent@example.org,Canada,SaaS,Small,2024-07-10
2230,Erica Huffman,hallzoe@example.org,Canada,Finance,Medium,2024-07-09
2231,Wanda Mclean,sheltonnatasha@example.org,USA,Healthcare,Medium,2024-09-29
2232,Michelle Brown,kimberly77@example.com,USA,Finance,Medium,2025-02-03
2233,John Wilkins,jamesjill@example.net,Canada,Healthcare,Enterprise,2026-04-15
2234,Ryan Dunn,athompson@example.net,Canada,Retail,Small,2026-04-21
2235,Christopher Rodriguez,donnachavez@example.net,Canada,SaaS,Medium,2025-09-25
2236,Andrew Johnson,murillojohn@example.net,India,SaaS,Medium,2025-01-30
2237,James Moore,brobinson@example.net,Germany,SaaS,Medium,2026-01-06
2238,Eric Baker,antoniomcclain@example.org,UK,Finance,Medium,2025-06-28
2239,Christine Lopez,fergusonlarry@example.com,India,Healthcare,Enterprise,2026-03-26
2240,Andrew Barber,hawkinsheather@example.org,India,Healthcare,Small,2024-05-21
2241,Carlos Harmon,xshelton@example.net,India,SaaS,Small,2026-05-08
2242,Tonya Krause,devin80@example.org,USA,Retail,Enterprise,2026-01-06
2243,Margaret Page,sturner@example.net,USA,Retail,Enterprise,2025-10-28
2244,Zachary Mathews,williamwood@example.net,UK,Healthcare,Medium,2025-04-29
2245,Taylor Lucas,zmartin@example.net,Germany,Education,Medium,2024-11-09
2246,Valerie Mcclain,wheelerjames@example.net,India,Healthcare,Small,2025-12-16
2247,William Henson II,staceyallen@example.com,Canada,Healthcare,Small,2025-08-22
2248,Thomas Graves,qjoseph@example.net,USA,Retail,Medium,2025-04-02
2249,Casey Valenzuela,zharrison@example.net,Canada,SaaS,Small,2026-01-04
2250,Shawn Parsons,ospencer@example.net,India,SaaS,Enterprise,2025-12-16
2251,Jessica Pham,jasondavis@example.net,Canada,SaaS,Medium,2025-11-03
2252,Joseph Hoover,jenkinsmichael@example.org,Germany,SaaS,Small,2025-12-31
2253,Kevin Myers,kperez@example.com,Canada,Finance,Small,2025-01-26
2254,James May,baxterkevin@example.net,Canada,Finance,Enterprise,2025-05-14
2255,Ethan Lewis,david13@example.net,UK,Finance,Small,2026-03-15
2256,Susan Davis,lisahays@example.net,UK,Finance,Medium,2025-04-08
2257,Pamela Potter,clarencejones@example.net,Canada,Finance,Medium,2026-03-18
2258,Suzanne Bautista,bhines@example.com,USA,Finance,Small,2025-11-01
2259,Anna Kirby MD,csoto@example.com,UK,Finance,Small,2024-09-03
2260,Tracy Stephens,kaitlyn31@example.org,USA,Education,Enterprise,2026-02-13
2261,Michael Conway,terrymark@example.net,Canada,SaaS,Small,2024-05-22
2262,Jessica Obrien,alyssa48@example.org,Canada,Finance,Enterprise,2024-06-18
2263,David Pena,stephanie24@example.net,India,Finance,Small,2024-10-22
2264,Donald Williamson,mendozajack@example.org,India,Education,Small,2025-11-15
2265,Alexandra George,james93@example.net,UK,SaaS,Medium,2025-10-01
2266,Cheyenne Jacobs,lynchcaitlin@example.net,Canada,Finance,Enterprise,2025-10-06
2267,Lisa Tran,allenalan@example.org,Germany,SaaS,Small,2025-05-26
2268,Sheila Jones,lkelley@example.com,USA,Retail,Enterprise,2025-03-20
2269,Charles Smith,taracollins@example.com,USA,SaaS,Medium,2024-08-12
2270,Debra Murray,deleonreginald@example.org,USA,SaaS,Medium,2025-11-07
2271,Barbara Tyler,becky21@example.org,Germany,Healthcare,Enterprise,2024-07-01
2272,Samantha Ray,ataylor@example.net,Canada,Education,Enterprise,2024-11-04
2273,Melissa Jackson,mherrera@example.net,Germany,Education,Medium,2024-06-11
2274,Mr. Julian Dalton,emason@example.com,India,Finance,Small,2025-04-17
2275,Erin Goodman,woodrobin@example.net,Canada,SaaS,Medium,2025-02-27
2276,John Lucas,tammymorales@example.net,Canada,Healthcare,Small,2026-01-08
2277,Jennifer Hogan,taylorelizabeth@example.net,Germany,SaaS,Medium,2025-07-28
2278,Kenneth King,bettyaguilar@example.net,India,Retail,Medium,2024-10-26
2279,Madison Hall,rjenkins@example.com,UK,Healthcare,Small,2025-11-14
2280,Lauren Morris,dsutton@example.org,Canada,Finance,Medium,2024-12-20
2281,James Garcia,watkinsgavin@example.net,Germany,Healthcare,Enterprise,2024-08-30
2282,Chelsea Schneider,jasonfletcher@example.com,India,Finance,Medium,2025-05-09
2283,Laura Mueller,thompsonann@example.net,Germany,SaaS,Small,2025-03-01
2284,Yvette Butler,lucasrobert@example.net,Germany,SaaS,Medium,2025-10-31
2285,Jill Adkins,jeffreypeterson@example.net,Germany,Retail,Small,2024-09-12
2286,Laura Dyer,debra04@example.net,India,Finance,Enterprise,2025-01-19
2287,Bryan Martinez Jr.,denisegreen@example.com,Canada,Healthcare,Enterprise,2024-11-12
2288,Ronald West,vmason@example.net,USA,Retail,Enterprise,2024-07-24
2289,Clifford Brown,patricksanchez@example.com,USA,Finance,Enterprise,2025-10-16
2290,Cynthia Walsh,laura75@example.org,USA,Finance,Enterprise,2025-02-25
2291,Mary Stafford,stevenle@example.org,Germany,Retail,Enterprise,2025-10-13
2292,Christopher Dunn II,randall29@example.net,Germany,Healthcare,Enterprise,2025-07-04
2293,Donald Haney,mvincent@example.org,UK,Education,Small,2025-04-28
2294,Mr. Derek Garcia,sherrijackson@example.net,Germany,Retail,Small,2024-09-17
2295,Andrew Gross,nathan64@example.net,India,Healthcare,Enterprise,2026-02-08
2296,Antonio Travis,pespinoza@example.net,Canada,Retail,Medium,2026-01-08
2297,Gary Mcbride,matthewbeltran@example.org,Canada,Finance,Enterprise,2024-10-11
2298,George Robertson,vmurray@example.net,UK,Healthcare,Enterprise,2024-10-08
2299,Daryl Holland,jacksonchristine@example.com,USA,Education,Medium,2024-08-22
2300,Beth Christian,bberry@example.org,USA,Education,Enterprise,2025-09-23
2301,Brian Hogan MD,seanliu@example.com,Germany,Finance,Enterprise,2026-03-22
2302,Matthew Carey,beverly13@example.org,USA,Retail,Small,2025-04-27
2303,Ricky Castro,msantos@example.com,India,Retail,Small,2024-11-29
2304,Devin Hogan,westangela@example.com,Canada,SaaS,Enterprise,2025-11-14
2305,Ashley Leonard,elizabethcook@example.com,Canada,Retail,Medium,2025-07-23
2306,Janet Francis,larry75@example.net,Germany,SaaS,Small,2026-02-27
2307,Patrick Morales,pamelagray@example.net,UK,Healthcare,Enterprise,2024-09-10
2308,Kelly Ross,ekelly@example.org,USA,Healthcare,Enterprise,2024-09-19
2309,Tyler Hubbard,ronald29@example.com,UK,Retail,Enterprise,2025-02-09
2310,Alyssa Rivera MD,qrodriguez@example.org,India,Retail,Enterprise,2024-06-10
2311,Christopher King,steven00@example.org,Canada,Retail,Small,2025-04-16
2312,Zachary Brooks,colton35@example.org,UK,Finance,Medium,2025-06-11
2313,Donna Smith,ydennis@example.net,Canada,Finance,Medium,2025-11-01
2314,Cassandra Guzman,michaelkent@example.com,India,SaaS,Enterprise,2025-12-21
2315,David Beasley,reedshannon@example.net,USA,Education,Enterprise,2024-10-19
2316,John Velez,uvargas@example.net,Germany,Healthcare,Medium,2025-11-26
2317,Darren Brown,brandonhernandez@example.com,USA,Finance,Enterprise,2024-12-03
2318,Rebecca Joseph,davidrichard@example.net,USA,SaaS,Enterprise,2026-02-16
2319,Michael Carlson,brianna37@example.com,Canada,Finance,Small,2025-12-30
2320,James Fernandez,catherine25@example.org,India,SaaS,Small,2024-06-17
2321,Timothy Martin,wstevenson@example.com,Germany,Education,Medium,2025-08-31
2322,Stephen Williams,gibbslinda@example.com,India,Retail,Medium,2024-07-19
2323,Gina Kemp,susanjohnson@example.org,Germany,Retail,Enterprise,2025-10-21
2324,Dylan Novak,youngjulia@example.net,UK,Healthcare,Medium,2026-04-18
2325,Cody Smith,jessica32@example.org,UK,Healthcare,Enterprise,2025-03-22
2326,Kenneth Clark,probinson@example.net,Germany,Finance,Medium,2025-10-24
2327,Justin Horton,normawarner@example.net,UK,Finance,Enterprise,2024-10-25
2328,Teresa Nelson,edwardlopez@example.org,UK,Healthcare,Small,2026-03-15
2329,Daniel Lopez,bhoover@example.net,USA,SaaS,Small,2024-12-07
2330,James Mooney,shunter@example.net,Germany,Retail,Small,2024-11-10
2331,Mr. Trevor Hunt,devans@example.org,USA,Healthcare,Enterprise,2025-10-18
2332,Kristopher Armstrong,hjordan@example.com,Germany,Retail,Enterprise,2024-12-24
2333,Katie Brooks MD,andrew60@example.com,Canada,Retail,Enterprise,2025-04-08
2334,Ryan Valdez,mollytaylor@example.com,UK,Retail,Enterprise,2026-04-14
2335,Susan Evans,stonekevin@example.net,Germany,Education,Medium,2026-04-22
2336,Alicia Glover,ryanlisa@example.net,Germany,Finance,Small,2025-12-31
2337,Melissa Small,ryansarah@example.net,UK,Retail,Enterprise,2025-04-21
2338,Jason Moore,klarson@example.org,USA,Education,Medium,2025-11-12
2339,Scott Brown,wrightjoseph@example.net,UK,Education,Medium,2024-11-11
2340,Mark Velazquez,humphreyjames@example.com,Germany,Education,Enterprise,2025-03-07
2341,Rachael Scott,courtneywilliams@example.net,India,SaaS,Small,2024-11-18
2342,Kathryn Carlson,amber61@example.org,Canada,Retail,Enterprise,2025-11-20
2343,Morgan Moore,john53@example.net,India,SaaS,Enterprise,2025-05-29
2344,Victoria Parker,teresa89@example.com,Germany,SaaS,Small,2025-05-07
2345,Janet Anderson,terriwilson@example.com,Canada,Finance,Medium,2024-08-23
2346,Amanda Rocha,jeancastro@example.org,Canada,SaaS,Enterprise,2024-12-29
2347,Jimmy Roberson,angelhill@example.org,Canada,SaaS,Small,2025-09-19
2348,Patrick Smith,jonwhitehead@example.com,Germany,SaaS,Enterprise,2024-06-23
2349,Brian Meyer,bwatkins@example.net,Canada,Education,Medium,2025-12-22
2350,Jason Beard,galvarez@example.net,Canada,SaaS,Medium,2025-05-23
2351,Brandy Morrison,jamesrogers@example.org,Canada,SaaS,Medium,2024-11-20
2352,Heather Page,csandoval@example.com,Germany,Education,Medium,2025-05-21
2353,Gary Hayes,mark31@example.com,Canada,Finance,Medium,2025-09-16
2354,George Wilson,amanda34@example.org,India,Finance,Medium,2026-01-18
2355,Felicia Baker,pamelahunter@example.net,UK,SaaS,Enterprise,2024-07-02
2356,Charles Spears,eanderson@example.net,Canada,Finance,Enterprise,2026-01-24
2357,Andrea Hicks,mckenziegutierrez@example.com,Canada,Finance,Small,2025-12-05
2358,James Hall,danielhoward@example.org,Germany,Education,Small,2025-08-18
2359,John Reed,deanna20@example.org,Canada,SaaS,Enterprise,2026-05-04
2360,Aaron Morales,richard70@example.org,India,Education,Small,2026-02-04
2361,Arthur Woods,evansrobert@example.net,India,Retail,Small,2025-03-01
2362,Joshua Frank,reyeswilliam@example.net,UK,Education,Small,2026-02-02
2363,Steven Griffin,alexanderbrian@example.com,India,Finance,Small,2025-03-03
2364,Amy Wilson,wlee@example.org,Canada,Finance,Medium,2026-02-28
2365,Kenneth Rodriguez,sjenkins@example.com,India,SaaS,Enterprise,2024-10-29
2366,Timothy Fox,ariascynthia@example.org,USA,Education,Small,2025-12-09
2367,Brandon Nguyen,smithmichael@example.net,Canada,Healthcare,Enterprise,2024-12-30
2368,Eric Foster,candace22@example.org,Germany,Finance,Small,2025-10-14
2369,Robert Orr,benjaminmunoz@example.org,India,Healthcare,Medium,2024-07-02
2370,Michael Forbes,wattstraci@example.com,UK,Education,Small,2025-04-23
2371,Steven Conner,mark75@example.org,India,SaaS,Small,2024-07-03
2372,Connie Waller,sharoncollins@example.org,Canada,Healthcare,Medium,2024-10-12
2373,Emily Bailey,acostakimberly@example.net,Germany,Retail,Small,2025-02-17
2374,Susan Proctor,caitlinvega@example.com,Germany,Healthcare,Small,2025-05-25
2375,Jeanne Moon,isabelhayes@example.org,Canada,Finance,Small,2025-06-07
2376,Brian Schneider PhD,evansbrandon@example.net,India,SaaS,Small,2025-10-18
2377,Mr. Ryan Logan,riveramary@example.org,UK,Retail,Medium,2025-06-17
2378,Bradley Williams,brianharris@example.com,Germany,Finance,Medium,2025-03-26
2379,Valerie Barnes,john75@example.net,Canada,Healthcare,Medium,2024-11-20
2380,Melissa Meyer,nsmith@example.com,Germany,Retail,Medium,2024-08-04
2381,Ryan Mccoy,timothy53@example.net,UK,Education,Medium,2025-07-21
2382,Melissa Hoffman,seth78@example.com,USA,Finance,Medium,2024-12-20
2383,Emily King,ecortez@example.org,Germany,Finance,Enterprise,2024-09-06
2384,Nicholas Day,ftorres@example.net,USA,SaaS,Enterprise,2025-02-24
2385,Deborah Walters,ascott@example.org,India,Retail,Enterprise,2025-04-13
2386,Deborah Diaz,hardymichael@example.com,India,Finance,Medium,2025-04-20
2387,Marcus Chapman,john89@example.org,India,SaaS,Medium,2025-03-20
2388,Steve Hayes,carolsims@example.org,Canada,Retail,Medium,2025-05-11
2389,Nicole Jackson,johnvasquez@example.org,UK,Education,Small,2024-11-29
2390,Todd Riley,uwillis@example.net,Canada,Finance,Enterprise,2026-04-12
2391,Donald Lopez,dale01@example.org,UK,Finance,Enterprise,2025-08-23
2392,Michael Torres,paulagray@example.org,USA,SaaS,Small,2024-10-17
2393,Benjamin Harris,lesterbrian@example.com,USA,Retail,Small,2024-05-29
2394,Jeremy Jones,thomasfry@example.com,Canada,SaaS,Enterprise,2024-06-14
2395,Ms. Jasmine Reed,millscassandra@example.com,Germany,Finance,Small,2024-08-31
2396,William Frey,mitchelltiffany@example.net,India,Finance,Small,2026-01-29
2397,Thomas Johnson,omalone@example.net,USA,SaaS,Enterprise,2024-08-28
2398,Nicholas Hines,rsullivan@example.org,USA,SaaS,Enterprise,2025-11-19
2399,Marco Cooke,michaeljimenez@example.net,UK,Education,Enterprise,2025-10-22
2400,Amber Soto,watkinsaaron@example.net,USA,SaaS,Small,2025-08-21
2401,Richard Suarez,christopherowens@example.net,Canada,Healthcare,Medium,2026-04-29
2402,David Williamson,amyschmidt@example.com,Canada,Healthcare,Small,2026-01-08
2403,Eric Ray,carrietorres@example.com,UK,Finance,Medium,2026-05-03
2404,Zoe Caldwell,kristen29@example.net,Germany,SaaS,Enterprise,2024-11-20
2405,Tammy Lee,cbradford@example.org,Germany,Finance,Medium,2026-04-12
2406,Amy Stone,reeddavid@example.net,India,Finance,Small,2025-03-18
2407,Jennifer Coleman,asteele@example.org,USA,Finance,Small,2025-05-12
2408,David Flores,christianmatthew@example.com,Germany,Retail,Medium,2025-09-05
2409,Cynthia Johnson,ycampbell@example.com,USA,Finance,Medium,2025-06-16
2410,Kevin Ellis,ybradford@example.net,UK,Retail,Small,2025-11-09
2411,Ryan Martin,ugreen@example.com,Germany,Healthcare,Enterprise,2025-08-08
2412,Bruce Johnson,jkennedy@example.org,Germany,Healthcare,Enterprise,2024-11-23
2413,Kimberly Gray,kfrazier@example.com,Germany,SaaS,Small,2025-12-29
2414,James Nelson,oross@example.org,Canada,Retail,Small,2024-07-10
2415,Kelly Marshall,hectorowens@example.org,Canada,SaaS,Medium,2025-05-24
2416,Steven Ashley,steven55@example.com,India,SaaS,Small,2025-02-23
2417,Beth Clark,rebecca41@example.org,USA,SaaS,Enterprise,2025-02-20
2418,Pamela Rose,forbesmary@example.net,India,Retail,Small,2025-05-23
2419,Lauren Ferrell,shannon80@example.net,Germany,Healthcare,Enterprise,2025-01-07
2420,Gary Nelson,robertflores@example.org,USA,SaaS,Enterprise,2025-04-13
2421,Alicia Clarke,vickie76@example.net,Germany,Finance,Small,2024-06-07
2422,Amy Gonzalez,randystevens@example.com,India,Retail,Enterprise,2024-12-17
2423,Olivia Howell,george47@example.com,USA,Education,Enterprise,2026-04-26
2424,Heather Price,tuckerkatherine@example.org,Germany,Retail,Medium,2025-10-20
2425,Jennifer Jackson,lisaharris@example.org,Germany,SaaS,Enterprise,2025-11-24
2426,Angela Juarez,kadams@example.net,UK,SaaS,Medium,2024-09-07
2427,Alec Campbell,qjohnson@example.com,Germany,SaaS,Enterprise,2026-05-05
2428,Maria Gutierrez,barbara10@example.com,Canada,Finance,Medium,2024-08-25
2429,Erica Pearson,tiffanyray@example.net,India,Retail,Small,2025-09-13
2430,Catherine Martin,martindiana@example.org,USA,Finance,Enterprise,2026-02-13
2431,Sarah Jones,byoung@example.com,India,SaaS,Medium,2024-07-06
2432,Jordan Mcdaniel,dixonrichard@example.org,India,Healthcare,Small,2025-10-20
2433,Jonathan Carpenter,johnsonjustin@example.net,Canada,SaaS,Medium,2025-08-11
2434,Michelle Thornton,davidsmith@example.com,UK,Finance,Enterprise,2025-12-14
2435,Aaron Gonzalez,singhwilliam@example.org,Germany,SaaS,Enterprise,2025-09-15
2436,John Davies,williamsnathan@example.com,India,Retail,Small,2025-10-27
2437,Lauren Myers,lindsey41@example.com,Germany,Healthcare,Small,2024-11-26
2438,Ross Lawson,cgoodman@example.net,USA,Healthcare,Small,2025-06-07
2439,Emily Ochoa,henry42@example.com,Canada,Healthcare,Medium,2024-08-06
2440,Amanda James,cshelton@example.org,Germany,SaaS,Enterprise,2026-02-08
2441,Brian Rush,jennifer63@example.org,India,Retail,Enterprise,2025-03-02
2442,Ashley Cameron,regina60@example.net,Germany,SaaS,Small,2025-04-16
2443,Mr. Michael Holland,johnsonjeff@example.net,India,SaaS,Medium,2026-01-07
2444,Carolyn Oliver,webbkatherine@example.org,USA,Retail,Small,2024-07-17
2445,Andre Roth,kelsey04@example.net,UK,Education,Medium,2024-08-29
2446,Jennifer Williams,rogersmary@example.net,Canada,Healthcare,Enterprise,2025-04-06
2447,Mary Roberts,wendylogan@example.org,Canada,Healthcare,Small,2026-04-23
2448,Steve Rowe,xscott@example.org,USA,Healthcare,Medium,2024-12-14
2449,Jade Smith,carnold@example.org,USA,Retail,Enterprise,2025-08-05
2450,Hunter Allen,qbarnett@example.org,USA,Healthcare,Enterprise,2026-02-13
2451,Julie Williams,scottfreeman@example.org,UK,SaaS,Small,2025-08-21
2452,Terri Myers,kenneth51@example.net,USA,Finance,Small,2024-08-13
2453,Christopher Pope,fnguyen@example.net,Germany,Education,Small,2025-04-21
2454,Janice Weber,lacey16@example.com,Canada,SaaS,Small,2024-07-22
2455,Sarah Sparks,gabriel31@example.com,USA,Retail,Enterprise,2024-09-19
2456,Patricia Hansen,mariacastillo@example.net,Canada,Healthcare,Small,2024-06-25
2457,Eugene Joseph,christopher91@example.net,UK,Retail,Medium,2025-11-10
2458,Frederick Patterson,aaronmichael@example.com,Germany,Finance,Small,2024-06-13
2459,Chad Walker,gcannon@example.net,Canada,Education,Small,2025-12-17
2460,Taylor Douglas,krystal83@example.org,India,Healthcare,Small,2025-06-08
2461,Tiffany Werner,gscott@example.com,Canada,Healthcare,Medium,2024-09-20
2462,Michelle Jones,benjaminmary@example.com,USA,SaaS,Medium,2025-10-23
2463,Yolanda Ware,robinsonerica@example.net,UK,Retail,Small,2024-05-26
2464,Matthew Richards,kbell@example.net,India,Education,Small,2024-12-16
2465,Wendy Cardenas,leewilliams@example.com,Germany,Healthcare,Enterprise,2025-02-02
2466,William King,underwoodvictoria@example.org,USA,Healthcare,Small,2025-06-11
2467,Tiffany Arnold,jimhoffman@example.org,Canada,Retail,Small,2024-07-29
2468,Cristian Fernandez,stephen53@example.net,USA,Retail,Small,2025-06-25
2469,Darius Mosley,patrickschneider@example.net,USA,SaaS,Small,2025-07-04
2470,Chad Bennett,marksamanda@example.org,USA,Education,Medium,2025-12-05
2471,Michelle Jones,nicholaslewis@example.com,Germany,Retail,Enterprise,2025-06-13
2472,Yolanda Johnson,garnerronald@example.org,UK,Healthcare,Small,2025-06-03
2473,Brooke Chan,adrian76@example.org,India,Education,Medium,2025-07-18
2474,Glen Robertson,amy11@example.net,Germany,Healthcare,Small,2025-01-02
2475,Robert Sheppard,porterdaniel@example.org,Canada,SaaS,Enterprise,2024-12-04
2476,Kelly Nielsen,megan29@example.com,UK,Retail,Enterprise,2025-12-23
2477,Katherine Townsend,andrea29@example.com,USA,Finance,Medium,2025-08-11
2478,Blake Cherry,sanchezjoseph@example.com,Germany,SaaS,Enterprise,2025-09-11
2479,Tara Stark,murphymelissa@example.org,UK,Healthcare,Small,2025-01-30
2480,Jill Gibson,emily56@example.com,Canada,SaaS,Enterprise,2025-05-08
2481,Matthew Wood,bradley62@example.org,India,Education,Enterprise,2025-08-09
2482,Mary Rodriguez,brian87@example.net,UK,Retail,Enterprise,2025-01-11
2483,James Johnson,andreasullivan@example.com,UK,Finance,Small,2026-03-08
2484,Katherine Campbell,kristingriffin@example.com,UK,SaaS,Small,2025-09-18
2485,Patrick Willis,glenn94@example.org,Germany,Retail,Small,2025-03-15
2486,Teresa Shaffer,kimberlymeza@example.net,UK,SaaS,Small,2025-03-20
2487,Erica Smith,samanthacruz@example.com,India,Finance,Small,2025-09-19
2488,Timothy Taylor,christopher18@example.com,Germany,Finance,Medium,2025-02-01
2489,Nicholas Jones,whitney75@example.com,Canada,Retail,Small,2025-11-17
2490,Caitlin Ryan,susanmurphy@example.com,USA,SaaS,Enterprise,2026-01-28
2491,Tom Turner,xmunoz@example.org,UK,Healthcare,Small,2025-11-11
2492,Sara Green,rodriguezpaula@example.org,Germany,Education,Small,2025-01-26
2493,Mary Hebert,burkestephanie@example.org,USA,Healthcare,Enterprise,2026-04-22
2494,Paul Cannon,richardsonrebecca@example.net,Germany,Education,Enterprise,2026-04-09
2495,Melissa Arellano,jessica08@example.com,India,Retail,Small,2025-07-23
2496,Scott Jones,jenniferperez@example.com,India,Healthcare,Small,2024-11-22
2497,Richard Thornton,rachel09@example.net,India,Healthcare,Small,2024-08-31
2498,Melissa Thomas,xhorton@example.org,UK,Retail,Small,2025-10-27
2499,Carl King,fshaffer@example.org,Germany,Healthcare,Small,2024-06-02
2500,Michael Clarke,ellisshawn@example.com,Germany,Education,Medium,2025-05-01
2501,Lauren Villanueva,pstephens@example.com,USA,Retail,Small,2025-07-05
2502,Kristin Smith,christinehahn@example.net,UK,Education,Medium,2026-04-29
2503,Mrs. Angela Chung,rebeccafitzpatrick@example.com,UK,Retail,Medium,2024-09-25
2504,Nicole Hickman,craignorton@example.org,UK,Retail,Enterprise,2026-02-19
2505,Denise Bell,roberta52@example.com,UK,Finance,Medium,2025-12-22
2506,Sharon Sanchez,amy33@example.org,UK,Finance,Small,2026-01-14
2507,Ryan Spencer,stephencampbell@example.org,USA,Education,Small,2024-06-12
2508,Ashley Barton,theresathomas@example.org,India,Healthcare,Small,2025-01-25
2509,Mr. Jose Strickland,chris14@example.com,Germany,Retail,Medium,2024-08-23
2510,Donna Walker,tylerballard@example.net,UK,Finance,Small,2025-04-08
2511,Courtney Carpenter,christopherjones@example.net,India,Education,Small,2025-05-21
2512,Amber Orr,amy74@example.net,Canada,Healthcare,Enterprise,2025-06-15
2513,John Sutton,jacquelinesmith@example.org,Canada,Healthcare,Small,2026-04-08
2514,Amanda Harris,jasmine30@example.net,Germany,Education,Medium,2025-10-14
2515,Sarah Booth,abrown@example.net,UK,Education,Medium,2024-07-20
2516,Nancy Stevens,zwhite@example.net,Germany,Finance,Small,2025-06-10
2517,Michael Carlson,krista06@example.org,Germany,Healthcare,Small,2024-08-12
2518,Christopher Rios DDS,ztapia@example.org,India,Retail,Enterprise,2025-12-28
2519,Michael Stevens,whunt@example.net,UK,Education,Small,2025-02-20
2520,Bryan Mora,normancraig@example.com,Canada,SaaS,Medium,2025-12-01
2521,Michael Burch,vsmith@example.net,USA,SaaS,Medium,2025-12-14
2522,Jason Lee,moranjames@example.org,Canada,SaaS,Medium,2024-11-12
2523,Dennis Robinson Jr.,dorothyfry@example.org,Canada,Retail,Medium,2024-08-08
2524,Jessica Jackson,nswanson@example.com,USA,Retail,Medium,2025-03-01
2525,Robyn Lee,brettmorris@example.net,UK,SaaS,Enterprise,2026-01-20
2526,Emily Parker,fsmith@example.org,USA,Retail,Small,2026-02-12
2527,Teresa Potts,jenniferdaniels@example.com,UK,Finance,Medium,2025-08-01
2528,Anthony Buckley,lindsaypotter@example.net,UK,SaaS,Small,2025-02-14
2529,Kurt Decker,qtanner@example.net,Germany,Finance,Small,2025-12-03
2530,Dr. Paul Gross,rodney36@example.com,Germany,Education,Enterprise,2026-02-25
2531,Kevin Davis,peter70@example.net,Canada,SaaS,Medium,2024-06-30
2532,Christine Martin,garciadiane@example.com,Germany,Healthcare,Enterprise,2025-01-11
2533,Aaron Downs,jgillespie@example.com,Germany,Healthcare,Medium,2026-01-11
2534,Amy Carter,lmaldonado@example.net,Germany,SaaS,Enterprise,2025-05-20
2535,Joan Craig,marklewis@example.net,USA,Retail,Enterprise,2024-10-02
2536,Jessica Campbell,hamiltonmichael@example.com,India,Education,Small,2026-02-08
2537,Peter Robinson,cameron00@example.net,India,Retail,Medium,2025-10-07
2538,John Garcia,acarlson@example.com,Canada,Education,Enterprise,2025-07-25
2539,Nicole Williams,craig78@example.org,UK,SaaS,Enterprise,2025-04-27
2540,Randy Perry,tammiebuchanan@example.com,India,SaaS,Enterprise,2024-08-10
2541,Kathryn Robinson,simpsonamy@example.com,India,SaaS,Small,2024-07-19
2542,Daniel Brown,calebmiller@example.net,Germany,Finance,Medium,2024-08-21
2543,Jessica Mccarthy,judy14@example.org,Canada,SaaS,Medium,2024-11-12
2544,Margaret Martin,shermanjose@example.com,India,Healthcare,Enterprise,2024-11-02
2545,Brian Nguyen,stephen01@example.org,Canada,SaaS,Enterprise,2025-08-10
2546,David Summers,stevensanchez@example.net,UK,Healthcare,Medium,2024-10-30
2547,Stephanie Fowler,vlynch@example.net,UK,Education,Small,2024-06-01
2548,Billy White,thomasbarnes@example.net,Germany,Education,Enterprise,2025-01-03
2549,Elizabeth Duran,madison25@example.com,UK,Healthcare,Medium,2025-02-23
2550,Jonathan Rhodes,brian03@example.org,India,Finance,Enterprise,2024-12-25
2551,Martin Andrews,pricetina@example.com,Germany,Finance,Small,2025-05-14
2552,Jennifer Wolfe,vazquezdiane@example.org,USA,Finance,Medium,2026-03-31
2553,Brittany Levine,hburton@example.org,Germany,Retail,Enterprise,2025-03-21
2554,Bryan Patterson,stevenfisher@example.org,Canada,SaaS,Medium,2025-11-10
2555,Christopher Brown,tiffanycook@example.net,Canada,Education,Medium,2024-11-10
2556,Jasmine Velez,garrettroberts@example.net,Germany,Education,Medium,2025-10-10
2557,Jamie Vargas,uholland@example.com,USA,Healthcare,Medium,2025-04-08
2558,Jason Turner,garciadonna@example.net,USA,SaaS,Medium,2025-11-06
2559,Richard Dean,chamberssamantha@example.com,UK,Finance,Small,2025-07-31
2560,April Brooks,reevespatrick@example.com,USA,Healthcare,Medium,2024-05-26
2561,Cynthia White,haroldclark@example.net,USA,Healthcare,Medium,2025-04-14
2562,Ryan Vasquez,sandra07@example.com,UK,Healthcare,Enterprise,2025-12-07
2563,Kimberly Bell,pjohnson@example.net,USA,Finance,Medium,2025-08-22
2564,Alan Olson,josephavila@example.org,Canada,Healthcare,Medium,2025-07-04
2565,Sara Jones,deannasoto@example.net,India,Retail,Medium,2025-01-11
2566,Joseph Reyes,garciaemily@example.net,USA,Finance,Small,2026-01-09
2567,Leslie Johnson DDS,lbecker@example.org,USA,SaaS,Small,2025-08-28
2568,Kimberly Webb,jessica08@example.net,Canada,Finance,Medium,2025-06-13
2569,Shannon Bell,iholt@example.org,Canada,Finance,Enterprise,2024-11-18
2570,Jonathan Diaz,dbarton@example.com,India,Retail,Enterprise,2025-05-03
2571,Malik Johnson PhD,stacey88@example.org,Canada,Education,Medium,2026-04-26
2572,Brandon Fisher,ithomas@example.com,Germany,Finance,Enterprise,2024-09-22
2573,Sheryl Fisher,robertsshelley@example.org,UK,Finance,Small,2026-03-12
2574,Billy Acosta,willie69@example.org,India,Healthcare,Medium,2025-12-13
2575,Crystal Davis,turnertim@example.net,India,Finance,Small,2025-10-08
2576,Mary Hernandez,dustinshelton@example.net,UK,Finance,Medium,2026-03-15
2577,Joseph Rogers,amandaroberts@example.net,Germany,Healthcare,Enterprise,2025-07-31
2578,Brian Erickson,charleshall@example.com,UK,Education,Medium,2026-02-06
2579,Scott Barnes,billyanderson@example.org,UK,Healthcare,Enterprise,2025-01-06
2580,Wyatt Bailey,trevor83@example.com,UK,Healthcare,Small,2025-04-06
2581,Joanna Waller,karen53@example.net,USA,SaaS,Medium,2026-04-06
2582,Robert Benitez,imartinez@example.net,Canada,Healthcare,Medium,2026-05-05
2583,Travis Powell,lisacarlson@example.org,India,Finance,Small,2024-08-03
2584,Tammy Mitchell,loveryan@example.net,UK,Education,Enterprise,2025-08-09
2585,Martha Mcneil,williamsjacob@example.org,USA,Finance,Medium,2025-04-01
2586,Paul Mitchell,christopher34@example.com,UK,Finance,Medium,2024-07-29
2587,Rebecca Miranda,logan88@example.com,Canada,Healthcare,Enterprise,2025-05-28
2588,Richard Smith,vheath@example.com,India,SaaS,Small,2024-10-13
2589,Timothy Cook,reyesthomas@example.org,Germany,Retail,Small,2025-03-09
2590,Shawn Evans,zbarr@example.com,Germany,Finance,Small,2024-07-16
2591,Marilyn Hurst,powellchristopher@example.net,USA,Education,Enterprise,2025-07-25
2592,David Edwards,tfuller@example.org,India,Finance,Medium,2024-07-10
2593,Michele Lopez,marygarcia@example.com,India,Education,Enterprise,2026-02-04
2594,Holly Johnson,amywilson@example.org,UK,Education,Enterprise,2024-05-28
2595,Beth Henson,andersonkevin@example.com,Germany,Finance,Enterprise,2025-10-18
2596,Linda Murphy,ymayer@example.com,USA,Retail,Small,2025-02-02
2597,Heidi Oconnor,codyblake@example.net,UK,Education,Small,2025-01-31
2598,Bernard Mcclure,claytonalexander@example.net,India,SaaS,Medium,2025-09-25
2599,Michael Vaughan,joseparker@example.net,Canada,Healthcare,Medium,2025-10-08
2600,Charles Rivera,joross@example.com,India,SaaS,Medium,2024-06-07
2601,Mr. Shane Hall DDS,jamesedward@example.org,USA,Education,Enterprise,2026-01-21
2602,Justin Arnold,paynebradley@example.net,UK,Education,Enterprise,2026-02-03
2603,Virginia Mcconnell,fbrown@example.net,UK,Finance,Small,2025-01-08
2604,Stephanie Jones,fhodges@example.net,USA,SaaS,Enterprise,2025-08-12
2605,Richard Coleman,mary64@example.net,Germany,SaaS,Enterprise,2024-11-07
2606,Jessica Hogan,kenneth41@example.net,Germany,Healthcare,Medium,2025-03-08
2607,Joanna Rose,snyderjeanette@example.net,India,Education,Enterprise,2024-08-21
2608,Caitlin Bass,coxmiguel@example.org,Canada,SaaS,Enterprise,2025-02-05
2609,Jesse Spencer,gwhite@example.com,India,Retail,Small,2024-06-29
2610,Daniel Mendez,guerreropriscilla@example.com,Germany,Finance,Medium,2025-11-15
2611,Deborah Robertson,roy78@example.com,India,SaaS,Medium,2024-10-21
2612,Gary Garcia,carlossummers@example.org,India,Finance,Medium,2025-04-10
2613,Jessica Banks,carriedouglas@example.com,Germany,Education,Small,2024-10-19
2614,Kyle Barnes,phill@example.org,UK,Retail,Enterprise,2024-10-12
2615,Brandy Espinoza,jonathan38@example.com,Germany,Retail,Medium,2025-07-31
2616,Elizabeth James,jeffrey23@example.net,UK,Retail,Enterprise,2024-09-15
2617,Bryan Wheeler,andrea97@example.org,Germany,Healthcare,Enterprise,2026-01-28
2618,Vanessa Moody,mwagner@example.com,Canada,SaaS,Small,2025-09-30
2619,Joseph Stone,allisonheather@example.net,UK,Finance,Medium,2026-04-08
2620,Mr. Ronald Morgan,samuel24@example.net,Canada,Finance,Small,2025-07-13
2621,Tracy Fernandez,michaelelliott@example.org,Canada,Retail,Small,2026-05-14
2622,Shannon Freeman,martindonna@example.org,USA,Retail,Enterprise,2025-07-03
2623,Lauren Andrews,yfrey@example.net,India,Retail,Small,2026-02-20
2624,Andrea Hawkins PhD,ndiaz@example.com,Canada,Retail,Enterprise,2026-04-16
2625,Charles Jensen,weberanne@example.org,Canada,Healthcare,Small,2025-05-27
2626,Daniel Rodriguez,gregorymorris@example.net,UK,Retail,Medium,2025-02-04
2627,Taylor Mcdonald,darrenglover@example.net,Canada,Retail,Small,2026-04-27
2628,Joshua James,lori33@example.net,India,Education,Medium,2025-07-08
2629,Samuel Choi PhD,fgarcia@example.net,Germany,Education,Enterprise,2024-09-01
2630,Christine Clark,fvaughn@example.net,Germany,Healthcare,Small,2026-03-09
2631,Eduardo Manning,carla84@example.net,USA,Healthcare,Medium,2024-11-10
2632,Frank Huang,romerodonna@example.org,India,Retail,Small,2024-10-06
2633,Jeremy Yu,davidsonjames@example.com,India,Retail,Small,2025-12-06
2634,Juan Robinson,andrew04@example.org,Germany,Healthcare,Small,2025-07-03
2635,Angela Porter,hhenderson@example.net,USA,Finance,Medium,2024-07-13
2636,William Baker,edwinwillis@example.net,USA,Education,Enterprise,2025-11-09
2637,Sarah Butler,barbararuiz@example.com,India,Education,Medium,2024-08-02
2638,Lee Jackson,ftucker@example.org,Canada,Retail,Medium,2025-01-08
2639,Makayla Cabrera,woodjessica@example.com,Germany,SaaS,Medium,2025-01-07
2640,Wesley Brock,wilsonmartha@example.org,Canada,Education,Small,2025-10-30
2641,Tara Rodgers,claire93@example.org,India,Healthcare,Enterprise,2024-05-29
2642,John Espinoza,christine74@example.org,USA,Healthcare,Medium,2025-08-21
2643,Peggy Jackson,christinaglenn@example.org,Germany,Healthcare,Medium,2024-08-19
2644,Rebecca Jenkins,ple@example.net,UK,SaaS,Medium,2024-12-22
2645,Dwayne Chavez,novaksusan@example.net,India,Retail,Enterprise,2025-02-14
2646,Timothy Owens,matthewmiller@example.com,India,SaaS,Medium,2024-08-07
2647,Neil George,oanderson@example.org,India,Education,Enterprise,2024-07-10
2648,Selena Combs,jonathanrivera@example.org,USA,Education,Small,2024-12-15
2649,Jennifer Becker,vanessaandrews@example.org,UK,SaaS,Enterprise,2024-08-17
2650,Melissa Brown,david95@example.org,UK,Education,Medium,2025-12-27
2651,Dr. Kaitlyn Gay,april31@example.com,India,Finance,Medium,2025-12-18
2652,Marissa Phillips,tina37@example.org,India,SaaS,Enterprise,2024-05-20
2653,Ruth Allen,danahahn@example.com,Canada,Finance,Small,2025-05-05
2654,Donald Davila,hgutierrez@example.com,USA,Healthcare,Enterprise,2026-05-18
2655,Daniel Davis,ericking@example.net,India,Finance,Medium,2026-05-14
2656,Anthony Clark,jason11@example.net,Germany,Finance,Small,2025-06-08
2657,Desiree Duncan,ygarcia@example.org,USA,Healthcare,Small,2025-12-22
2658,Megan Wyatt,lmatthews@example.net,Canada,Healthcare,Small,2026-04-17
2659,Paul Shepherd,rrichards@example.org,Canada,Education,Enterprise,2025-08-10
2660,Wendy Gould,barbararobinson@example.net,Canada,Education,Enterprise,2025-06-03
2661,Lauren Foley,juanhenson@example.net,Canada,SaaS,Medium,2026-05-17
2662,Mary Martinez,emily53@example.net,Germany,SaaS,Small,2024-10-29
2663,Andrew Thompson,lucascox@example.com,UK,SaaS,Medium,2025-03-12
2664,Adam Luna,smithnathaniel@example.net,India,Finance,Enterprise,2025-01-28
2665,Heather Potter,smithcarolyn@example.org,India,Healthcare,Medium,2024-07-12
2666,Samantha Davis,jessicasims@example.com,Canada,Education,Medium,2025-07-15
2667,Jacqueline Kim,anthony68@example.com,UK,Finance,Small,2024-09-08
2668,Nicholas Woodard,hsalazar@example.com,USA,Healthcare,Small,2025-08-19
2669,Betty Brooks,nataliejackson@example.com,UK,Healthcare,Medium,2025-04-15
2670,Emma Taylor,reevesmarie@example.org,UK,Healthcare,Small,2025-12-09
2671,Angela Cline,cjones@example.org,USA,Retail,Enterprise,2025-01-25
2672,Shannon Rios,sscott@example.org,USA,SaaS,Small,2024-12-26
2673,Julie Lara,stacycantu@example.com,Germany,Retail,Small,2026-03-07
2674,Jill Miller,maxwell43@example.org,UK,SaaS,Small,2025-09-16
2675,Tammy Black,staceymalone@example.org,Canada,Education,Small,2025-05-29
2676,Krista Fowler,stewartkelly@example.com,Germany,SaaS,Medium,2025-05-12
2677,Melissa Nguyen,douglas45@example.net,USA,SaaS,Medium,2024-12-29
2678,Cynthia Vaughn,melissa39@example.net,USA,SaaS,Small,2025-01-31
2679,Sarah Hernandez,danielklein@example.net,Canada,Healthcare,Enterprise,2025-01-04
2680,Caitlin Forbes,dcastaneda@example.net,UK,Healthcare,Enterprise,2024-07-16
2681,Robin Parks,michaelpeterson@example.net,India,SaaS,Small,2024-11-08
2682,Cory Rodriguez,ryanphillip@example.net,UK,Finance,Enterprise,2025-08-12
2683,Ronnie Love Jr.,pamela02@example.net,India,Finance,Small,2024-12-13
2684,Matthew Hughes,deborahhill@example.com,Canada,Education,Small,2025-02-13
2685,Tony Hansen,ocastro@example.net,Canada,Education,Small,2025-02-19
2686,Janet Holmes,westsandy@example.org,USA,Education,Small,2025-05-04
2687,Michelle Alexander,woodsheather@example.net,Canada,Healthcare,Enterprise,2024-12-20
2688,Donald Lawrence,christopher36@example.org,UK,Finance,Small,2024-10-19
2689,Brianna Coleman,youngcynthia@example.org,Canada,SaaS,Enterprise,2025-10-14
2690,Susan Watkins,halljulie@example.org,USA,Healthcare,Enterprise,2024-10-02
2691,Kenneth Massey,tmcdonald@example.com,Germany,Finance,Enterprise,2024-06-07
2692,Jacqueline Fernandez,daniel18@example.com,Canada,Healthcare,Medium,2026-01-03
2693,Melissa Cowan,ronaldhernandez@example.org,USA,Healthcare,Medium,2024-06-18
2694,Denise Johnson,pearsonadam@example.com,Germany,Retail,Small,2024-08-19
2695,Jonathan Beck,victoriacampbell@example.net,Canada,Healthcare,Medium,2026-05-08
2696,Michelle Chung,sharonmeyers@example.net,USA,Finance,Small,2025-06-15
2697,Jason Harris,diana21@example.net,Germany,SaaS,Enterprise,2024-12-20
2698,Joshua Rodriguez,lauren57@example.com,UK,Retail,Medium,2024-08-25
2699,Mary Foster,christine01@example.org,India,Education,Enterprise,2024-11-21
2700,Caroline Davis,marywhitaker@example.org,USA,SaaS,Medium,2026-01-07
2701,John Wilson,kingfelicia@example.org,Germany,SaaS,Medium,2025-01-19
2702,Timothy Macdonald,robertryan@example.net,India,Retail,Enterprise,2025-04-02
2703,Charles Huang,sharonward@example.com,India,Retail,Small,2024-11-19
2704,Christy Clark,henrysteven@example.com,Canada,Retail,Medium,2024-08-13
2705,Sheena Stephenson,jamie68@example.net,Germany,Healthcare,Small,2025-06-03
2706,Michael Morris,johnsonkristopher@example.org,Germany,Finance,Small,2025-12-13
2707,Patricia Collins,matthew62@example.net,USA,Retail,Enterprise,2024-05-25
2708,Sandra Larson MD,kramersteven@example.com,USA,Retail,Medium,2025-04-12
2709,Dale Andrade,olopez@example.org,Canada,SaaS,Small,2025-12-30
2710,Stacey Ward,mallory24@example.net,UK,Retail,Medium,2025-10-26
2711,Miguel Warren,ibarnes@example.net,Canada,SaaS,Enterprise,2024-07-18
2712,Amanda Sanchez,mitchellteresa@example.com,UK,SaaS,Medium,2025-11-25
2713,Rachel Brown,pamela04@example.com,UK,Finance,Small,2024-12-12
2714,Haley Brown,gallegosmatthew@example.org,Canada,Retail,Small,2026-03-11
2715,Stephanie Miller,ufletcher@example.net,UK,Retail,Enterprise,2025-06-24
2716,Christine Wilson,morganbrian@example.net,Germany,Finance,Enterprise,2025-07-26
2717,Sandra Hardin,astevens@example.org,Canada,Education,Medium,2026-02-03
2718,James Crawford,lisa45@example.org,Germany,Finance,Medium,2025-11-30
2719,Patrick Dougherty,qrodriguez@example.com,Canada,Retail,Medium,2025-08-23
2720,Clayton Burgess,philip11@example.com,Canada,Finance,Small,2025-10-13
2721,Matthew Rice,edward21@example.org,Germany,SaaS,Small,2024-07-08
2722,Jeff Richard,kimberlyrodriguez@example.com,India,Retail,Medium,2025-08-16
2723,Amanda Stout,bartonkelly@example.org,UK,Healthcare,Small,2024-05-30
2724,Jessica Mays,annetterodriguez@example.net,USA,SaaS,Small,2025-12-08
2725,William Kent,adamscolleen@example.org,Germany,SaaS,Small,2025-05-28
2726,Richard Pope,james68@example.net,Germany,Education,Enterprise,2025-11-23
2727,Daniel James,wardzachary@example.net,India,Healthcare,Medium,2025-12-22
2728,Lynn Floyd,anthony87@example.com,Canada,Education,Small,2025-10-04
2729,Wesley Sutton,cbrown@example.net,USA,Education,Medium,2025-09-09
2730,Angela Ayers,joe57@example.com,Germany,Healthcare,Medium,2025-02-21
2731,Tim Savage,westmichelle@example.com,Germany,Retail,Enterprise,2025-09-17
2732,Lindsay Acevedo,nandersen@example.org,India,Education,Medium,2024-11-03
2733,Shawn Winters,kylemoore@example.com,Canada,Education,Small,2026-01-11
2734,Ernest Hernandez,joshualewis@example.org,USA,Retail,Small,2026-01-16
2735,Kathleen Ramirez,kylesmith@example.org,Germany,Retail,Medium,2024-11-16
2736,Sandra Thompson,jsmith@example.com,Germany,Retail,Medium,2025-12-23
2737,Anna Key,bsparks@example.com,USA,SaaS,Small,2025-10-31
2738,Shawn Valenzuela,jeffrey75@example.org,Canada,Finance,Enterprise,2025-02-09
2739,Edward Ward,harriscynthia@example.com,UK,Retail,Medium,2025-04-06
2740,Alicia Wagner,qsmith@example.com,UK,Finance,Enterprise,2026-04-04
2741,Jill Kelly,ericgould@example.org,Germany,Retail,Small,2025-12-07
2742,Todd Ross,wilsonjoy@example.net,Canada,Retail,Enterprise,2024-11-29
2743,Anthony Vasquez,jeremy29@example.org,Canada,Education,Enterprise,2025-05-05
2744,Michelle Johnson,johnsmall@example.net,Germany,Retail,Enterprise,2024-12-04
2745,Allen Carter,leejill@example.com,UK,Education,Small,2024-11-17
2746,Raymond Lee,steven72@example.org,Germany,Finance,Medium,2026-04-14
2747,Keith Gonzalez MD,jonathangarcia@example.net,Canada,Retail,Enterprise,2025-03-01
2748,Marcus Hoffman,cameron51@example.net,India,Finance,Medium,2025-09-22
2749,Jane Smith,bonniewright@example.org,USA,SaaS,Enterprise,2024-08-12
2750,Angela Montgomery,luke76@example.net,USA,Healthcare,Medium,2025-12-10
2751,Jeanette Thomas,acox@example.org,India,Education,Small,2026-01-31
2752,Angelica Graham,richard75@example.com,India,Retail,Small,2025-04-05
2753,Julie Wilson,robert48@example.net,Germany,Finance,Medium,2025-11-19
2754,Richard Spencer,omartin@example.net,Germany,Finance,Small,2025-06-03
2755,Tracey Moran,hamiltondavid@example.org,UK,Healthcare,Small,2025-09-25
2756,Ronald Cisneros,christina25@example.org,India,Education,Small,2026-03-08
2757,Ann Woods,cassandratucker@example.net,USA,Finance,Small,2024-07-09
2758,Dustin Carr,lsmith@example.net,India,Healthcare,Small,2024-07-13
2759,Thomas Simpson,stevensonkimberly@example.com,Canada,Finance,Small,2025-01-09
2760,Wayne Green,reidcolleen@example.org,Germany,Retail,Enterprise,2026-01-02
2761,Wayne Graves,evan19@example.net,Canada,Retail,Medium,2025-04-05
2762,Lynn Parker,olee@example.net,USA,Retail,Enterprise,2026-04-17
2763,Brian Maxwell,vthompson@example.org,USA,Finance,Medium,2025-06-25
2764,Margaret Espinoza,williamsrobert@example.org,Canada,Retail,Medium,2025-06-12
2765,Stephen Torres,chelsea97@example.com,Canada,SaaS,Medium,2025-12-17
2766,Kevin Smith,ibrown@example.net,USA,Healthcare,Medium,2024-11-01
2767,Amanda Webster,hwilson@example.org,Germany,Education,Enterprise,2025-08-25
2768,Steven Hughes,rhonda68@example.net,India,Healthcare,Enterprise,2026-05-14
2769,Rebecca Walls,carol40@example.org,India,Finance,Medium,2025-12-09
2770,Amanda Crosby,uanthony@example.com,UK,Retail,Enterprise,2024-09-01
2771,Holly Flynn DDS,pstone@example.net,USA,Education,Small,2026-03-01
2772,Felicia Carter DDS,alexandermelinda@example.com,India,Finance,Small,2025-03-31
2773,Steven Dyer,douglasgarcia@example.com,India,Education,Medium,2025-12-27
2774,Arthur Holmes,rachelcooper@example.org,UK,Education,Enterprise,2025-02-03
2775,Leah Hunter,kathryn20@example.net,USA,Education,Small,2025-10-23
2776,Chris Price,ross07@example.com,Canada,Finance,Medium,2025-06-28
2777,Charles Malone,francisalexandra@example.com,USA,Education,Enterprise,2024-06-23
2778,Marc Golden,lindsey69@example.org,Germany,Retail,Small,2025-11-22
2779,Brent Green,charlesadkins@example.com,India,SaaS,Enterprise,2024-09-29
2780,Timothy Thompson,pboyd@example.org,India,Education,Medium,2025-10-18
2781,David Pierce,lukesmith@example.net,Germany,Education,Medium,2025-10-15
2782,Lindsey Wells,jasmin66@example.net,UK,Retail,Medium,2026-03-02
2783,Melanie Brown,ashleyeric@example.org,India,Education,Enterprise,2025-03-12
2784,Terri Kline,awallace@example.net,Germany,Education,Small,2024-12-05
2785,Dana Wade,uhiggins@example.org,USA,Education,Small,2024-06-15
2786,Christopher Wang,mhanson@example.net,Canada,Retail,Small,2025-03-20
2787,Billy Kramer,larrysimmons@example.net,Germany,Finance,Enterprise,2025-05-14
2788,Lisa Crawford,karinarasmussen@example.com,Canada,Education,Medium,2025-01-18
2789,Robert Leach,robert03@example.net,Canada,SaaS,Enterprise,2026-05-03
2790,Theresa Powell,jessicawaller@example.net,UK,Finance,Medium,2025-04-21
2791,Carrie Chandler,dennis50@example.com,UK,Healthcare,Small,2025-12-05
2792,Dennis Henderson,brodriguez@example.com,India,Retail,Medium,2025-03-15
2793,Shelby Parker,kimberlyowens@example.net,India,SaaS,Enterprise,2025-10-03
2794,Donna Savage,simmonsrickey@example.com,UK,Retail,Medium,2024-12-21
2795,Sean Robinson,gallowaycurtis@example.com,India,Healthcare,Medium,2025-05-13
2796,Angela Clark,nelliott@example.com,Canada,Healthcare,Medium,2025-10-24
2797,Kaitlyn Sanchez,ecarroll@example.org,UK,SaaS,Small,2025-10-16
2798,John Cruz,barbara00@example.net,UK,SaaS,Small,2025-06-02
2799,Donald Schmidt,monicacaldwell@example.com,India,Retail,Medium,2025-06-30
2800,Deborah Walker,leahfarmer@example.org,Canada,Retail,Medium,2024-11-01
2801,Peter Escobar,qmartin@example.net,USA,Healthcare,Small,2025-07-27
2802,Bianca Gray,amann@example.net,India,Healthcare,Small,2025-08-09
2803,Karen Green,davidrodgers@example.org,India,Finance,Enterprise,2024-07-24
2804,Kylie Hobbs,sampsonshannon@example.net,Canada,Healthcare,Enterprise,2025-09-28
2805,Deanna Cox,heather98@example.net,USA,Retail,Small,2024-08-16
2806,Jennifer Day,nmartinez@example.org,USA,SaaS,Medium,2025-07-29
2807,Andrea Barnes,james63@example.net,Canada,Finance,Small,2024-07-05
2808,Christopher Hansen,garciajoseph@example.net,Germany,Finance,Enterprise,2025-05-07
2809,Rebecca Phillips,karen08@example.com,USA,Retail,Enterprise,2025-06-01
2810,Rachel Hensley,kathryn90@example.org,UK,Healthcare,Small,2024-12-21
2811,Rodney Mayer,johnsonbrenda@example.net,Canada,Education,Small,2025-06-22
2812,Victoria Franklin,david17@example.net,Canada,Education,Enterprise,2025-05-21
2813,Taylor Allen,theresa66@example.org,India,Retail,Small,2025-01-04
2814,Renee Choi,whitneystewart@example.net,UK,Education,Small,2024-10-23
2815,Randy Harding,olivia98@example.com,India,Finance,Enterprise,2025-11-03
2816,Lauren Jenkins,travisjordan@example.com,Germany,Healthcare,Medium,2025-03-01
2817,Richard Bush,aperry@example.com,UK,Healthcare,Small,2025-02-22
2818,Melissa Mitchell,dave93@example.net,UK,Healthcare,Medium,2024-09-25
2819,Taylor Henry,ypeters@example.org,Germany,Retail,Medium,2025-06-09
2820,Jennifer Bradford,hannah55@example.com,Canada,SaaS,Medium,2026-02-06
2821,Brian Green,randycarlson@example.org,Canada,Finance,Enterprise,2024-09-29
2822,Michael Dixon,ayaladonald@example.com,USA,Finance,Enterprise,2025-08-28
2823,Richard Young,bdavis@example.com,Germany,Retail,Enterprise,2025-08-18
2824,Thomas Adams,smithbrandi@example.net,UK,Finance,Small,2025-12-06
2825,Linda Rodriguez,hallsharon@example.com,India,Retail,Enterprise,2025-02-20
2826,Robert Nunez,juliacampbell@example.net,India,Finance,Small,2025-03-01
2827,Charles Evans Jr.,adamjackson@example.org,Canada,SaaS,Enterprise,2024-09-24
2828,April Chandler,sharonrussell@example.net,USA,Healthcare,Medium,2025-02-08
2829,Nicole Barnes,donna61@example.org,Canada,Retail,Medium,2024-10-04
2830,Brittany Hernandez,lori00@example.net,India,SaaS,Enterprise,2025-10-03
2831,Michael Miller,vjennings@example.net,UK,Retail,Medium,2025-07-13
2832,Logan Jackson,terry96@example.net,USA,Retail,Medium,2026-04-30
2833,Nathaniel Clark,tylerchristine@example.net,India,SaaS,Small,2025-09-22
2834,Oscar Davis,ashley35@example.org,India,Healthcare,Small,2025-04-18
2835,Eric Hawkins,sullivanthomas@example.com,Germany,Finance,Enterprise,2024-06-01
2836,Austin Jackson,mday@example.org,Germany,SaaS,Medium,2024-10-19
2837,Melinda Hammond,howard34@example.net,USA,Retail,Medium,2025-06-23
2838,Justin Martin,david86@example.net,Germany,Finance,Enterprise,2025-04-21
2839,Francisco Wilson,willismadison@example.net,Germany,SaaS,Small,2025-12-23
2840,Michael Cooper,ucampbell@example.net,India,Education,Small,2025-04-09
2841,Timothy Thompson,brian47@example.com,India,Retail,Enterprise,2024-10-21
2842,Jonathan Hernandez,patricktammie@example.net,Canada,Finance,Medium,2025-10-28
2843,Cindy Preston,hbrown@example.org,USA,SaaS,Enterprise,2026-04-12
2844,Mark Herrera II,daniellee@example.com,UK,Retail,Enterprise,2024-05-19
2845,Darius Marshall,bgross@example.net,UK,SaaS,Medium,2024-09-25
2846,Mary Morse,richardcooper@example.com,UK,Finance,Medium,2026-02-16
2847,Elizabeth Carr,shanson@example.org,Canada,SaaS,Small,2024-09-19
2848,Bradley Bell,johnware@example.com,UK,Healthcare,Enterprise,2026-03-05
2849,Kristen Pugh,crossdale@example.com,UK,Education,Enterprise,2025-03-30
2850,Nicholas Morales,nicole26@example.net,Germany,Finance,Medium,2024-05-31
2851,Douglas Dunn,brianpeterson@example.net,Germany,Healthcare,Medium,2025-09-04
2852,Michelle Gonzalez,qsanders@example.net,UK,Education,Medium,2025-09-13
2853,Melissa Lewis,atkinsrachel@example.net,India,Healthcare,Small,2026-02-15
2854,Heather Marsh,oshaw@example.org,Germany,Finance,Small,2025-12-25
2855,Paula Smith,mcook@example.org,Germany,Retail,Enterprise,2025-11-09
2856,Julie Leonard,crystal68@example.org,UK,SaaS,Small,2025-02-15
2857,Ann Elliott,awright@example.org,Canada,Education,Enterprise,2025-01-17
2858,Miguel Potts,rspencer@example.org,UK,SaaS,Medium,2025-03-08
2859,Tonya Leonard,coffeyjoshua@example.org,UK,Finance,Enterprise,2025-08-05
2860,Beth Hill,jporter@example.net,UK,SaaS,Medium,2025-01-18
2861,Seth Alexander,nicole97@example.com,Canada,Retail,Enterprise,2025-02-01
2862,Susan Watkins,hwilson@example.org,India,Healthcare,Small,2025-10-27
2863,Jamie Dickerson,john22@example.net,India,Healthcare,Enterprise,2026-04-30
2864,Timothy Green,derek30@example.org,USA,SaaS,Enterprise,2025-04-20
2865,Kelsey Wilson,catherine80@example.net,Canada,Retail,Medium,2025-01-07
2866,Dr. William Klein,kyle55@example.net,Germany,SaaS,Small,2025-04-10
2867,Jennifer Booth,lroach@example.net,UK,Healthcare,Medium,2025-06-15
2868,Sarah Golden,tclark@example.org,India,Retail,Medium,2024-06-19
2869,Amanda Carr,timothy30@example.net,UK,Retail,Small,2024-11-21
2870,Anthony Sanders,gcardenas@example.net,Canada,Healthcare,Medium,2026-03-29
2871,Michael Morgan,brianbrown@example.com,UK,Retail,Small,2025-12-02
2872,Michelle Shelton,bushmelanie@example.com,Germany,Healthcare,Small,2025-03-24
2873,Sierra Wilson,nsmith@example.net,India,Finance,Small,2025-11-09
2874,Brian Patel,newmanchristopher@example.net,Canada,Retail,Small,2024-06-02
2875,Bryan Brown,jsaunders@example.net,India,Education,Enterprise,2025-04-14
2876,Sarah Thomas,kristine80@example.com,Germany,SaaS,Small,2024-10-19
2877,Deborah Gardner,browncharles@example.com,Germany,Healthcare,Medium,2026-05-16
2878,Elizabeth Martinez,amyhanson@example.org,Germany,Healthcare,Enterprise,2025-09-08
2879,Luke Tate,jarvismargaret@example.net,Germany,Retail,Enterprise,2025-03-26
2880,Alicia Lynch,xstephens@example.org,Canada,Finance,Small,2024-06-27
2881,Walter Knight,mcmahonrobert@example.net,USA,Education,Small,2024-06-09
2882,Catherine Strickland,hudsonthomas@example.org,USA,Finance,Small,2025-01-12
2883,Elizabeth Pittman,kevinedwards@example.org,Germany,Finance,Enterprise,2025-11-25
2884,Amanda Ray,nschultz@example.net,Canada,SaaS,Small,2025-01-08
2885,Matthew James,mtaylor@example.org,India,Education,Enterprise,2024-05-19
2886,Lynn Erickson,adkinskathryn@example.com,Germany,Finance,Medium,2024-10-03
2887,Morgan Fox,rlester@example.org,India,Healthcare,Enterprise,2025-05-27
2888,Blake Holden,jesse73@example.org,USA,Education,Small,2025-11-23
2889,Elizabeth Summers,richardmartin@example.org,India,Healthcare,Enterprise,2024-08-19
2890,Miss Rachael Sweeney,tperez@example.net,Germany,Finance,Medium,2025-12-07
2891,Madison Page,dmoon@example.com,UK,SaaS,Medium,2024-08-31
2892,Jonathan White,ruizwanda@example.net,Canada,Retail,Small,2024-05-22
2893,Brian Taylor,sandra83@example.net,India,SaaS,Medium,2025-01-21
2894,Richard Braun,fadams@example.org,USA,Healthcare,Medium,2025-04-25
2895,Mrs. Robyn Brock DDS,rubenanderson@example.com,India,Finance,Medium,2024-11-01
2896,Patrick Gomez,pbaker@example.com,India,Finance,Enterprise,2024-12-12
2897,Billy Perry,amandabradley@example.net,India,Education,Medium,2025-08-11
2898,Robert Meyer,kenneth41@example.net,Germany,Healthcare,Medium,2025-10-07
2899,Kayla Anderson,bendermichael@example.net,Germany,Healthcare,Enterprise,2025-05-31
2900,Amanda Gutierrez,yvalentine@example.com,Germany,SaaS,Small,2025-06-11
2901,Karen Bray,zturner@example.net,UK,SaaS,Small,2025-01-30
2902,Kristina Gonzales,robertmoore@example.com,UK,SaaS,Medium,2025-12-04
2903,Carlos Keller,jamesriley@example.com,India,Healthcare,Enterprise,2026-01-27
2904,Judith Berger,amanda91@example.com,Germany,Retail,Small,2024-11-27
2905,Kimberly Vaughn,ichapman@example.org,Germany,SaaS,Medium,2026-02-18
2906,Dr. Kathleen Perez,johnrodriguez@example.net,India,Education,Medium,2025-10-13
2907,Christopher Hill,ewood@example.net,Germany,Retail,Small,2024-10-04
2908,Jaclyn Leon,lisaharvey@example.org,UK,SaaS,Medium,2024-09-03
2909,Jessica Ramirez,wendyrivera@example.com,USA,Healthcare,Medium,2024-09-17
2910,Stephanie Miles,rwallace@example.net,UK,Healthcare,Enterprise,2024-09-09
2911,Darren Perez,luis25@example.net,Canada,Finance,Enterprise,2024-09-11
2912,Richard Carroll,timothy29@example.org,Canada,Healthcare,Enterprise,2026-04-14
2913,Kevin Young,dbrown@example.org,USA,Education,Enterprise,2025-07-17
2914,Robert Evans,sarablack@example.net,UK,Retail,Small,2024-06-21
2915,Donna Stephenson,olsenjulie@example.net,UK,Retail,Enterprise,2024-10-01
2916,Dave Cook,itapia@example.com,USA,Finance,Small,2024-07-29
2917,Justin Gaines,nicholas73@example.org,India,SaaS,Medium,2026-03-05
2918,Crystal Scott,jnguyen@example.net,India,Education,Small,2025-12-22
2919,Kayla Singleton,gutierrezjessica@example.com,India,Healthcare,Small,2026-04-26
2920,Steven Moore,pedwards@example.com,USA,Retail,Enterprise,2024-08-08
2921,Kimberly Schwartz,jwhitehead@example.net,Germany,Retail,Enterprise,2026-03-10
2922,Logan Hunter,kellymonica@example.net,India,Education,Enterprise,2025-01-28
2923,Andres Boyd,qgonzalez@example.com,USA,Finance,Small,2025-01-12
2924,Chelsea Palmer,paula83@example.com,Canada,Retail,Medium,2024-12-18
2925,Terry Brewer,colemanmackenzie@example.org,Canada,Healthcare,Small,2026-04-29
2926,Amanda Dunn,austin56@example.com,USA,Finance,Medium,2024-12-22
2927,Victoria Flynn,sknight@example.com,USA,SaaS,Enterprise,2025-03-25
2928,Jessica Nash,djackson@example.com,Canada,Retail,Small,2025-03-07
2929,Rachel Butler,spacheco@example.com,Germany,Finance,Small,2024-08-26
2930,Ellen Washington,kharrell@example.org,UK,Retail,Small,2025-06-13
2931,Dr. Spencer Howard,michellegray@example.org,USA,Healthcare,Small,2024-10-26
2932,Brittany Russell,audrey03@example.com,Germany,Retail,Medium,2024-11-04
2933,Joseph Lewis,amanda21@example.com,UK,SaaS,Medium,2025-01-16
2934,Emily Collins,lcline@example.net,Germany,Retail,Enterprise,2026-01-17
2935,Joseph Ryan,melanie31@example.org,India,Education,Small,2024-08-25
2936,Amanda Huff,ywilliams@example.com,India,SaaS,Medium,2025-09-21
2937,Jonathan Young,abaird@example.net,Canada,Healthcare,Medium,2026-04-08
2938,Nicholas Martinez,russellcortez@example.org,Germany,Retail,Medium,2025-12-12
2939,Michael Jones,harrisricardo@example.net,India,Education,Enterprise,2025-07-22
2940,Ethan Franklin,williamshaffer@example.org,Germany,SaaS,Medium,2024-07-22
2941,Lauren Wood,williamspaul@example.net,India,Education,Small,2024-06-24
2942,Robert Benson,jensenlarry@example.net,Germany,Retail,Small,2025-01-26
2943,Elizabeth Casey,asmith@example.net,USA,Education,Medium,2025-08-25
2944,Bobby Dennis,qdominguez@example.net,Germany,Healthcare,Enterprise,2025-11-11
2945,Vanessa Ramirez,flynnrachel@example.org,UK,Retail,Enterprise,2025-06-22
2946,Danielle Davis,christensendavid@example.net,Canada,SaaS,Medium,2025-09-02
2947,Jose Fernandez,bennettwilliam@example.org,Germany,Retail,Small,2025-02-28
2948,Katelyn Lee,awelch@example.org,Germany,Finance,Small,2025-12-06
2949,Holly Arnold,darrylfernandez@example.com,UK,Finance,Small,2025-08-10
2950,Nicole Huerta,scottjohnson@example.com,Canada,Retail,Medium,2025-12-16
2951,Ryan Harris,snydermary@example.com,Canada,SaaS,Enterprise,2026-01-07
2952,Regina Cain,mezagregory@example.net,USA,SaaS,Enterprise,2025-07-15
2953,Casey Jones,katherine66@example.com,USA,Education,Medium,2026-02-16
2954,Jose Weaver,hgomez@example.com,Germany,SaaS,Medium,2025-03-12
2955,Chad Collins MD,joshuaadams@example.org,Canada,Finance,Medium,2025-09-16
2956,Melissa Mcdowell,tuckerdrew@example.net,India,Education,Small,2025-07-31
2957,Richard Howard,dwilliams@example.com,Canada,SaaS,Small,2024-09-07
2958,Annette Huff,shari78@example.org,Germany,Healthcare,Small,2024-06-09
2959,Kristen Jackson,ksmith@example.org,Germany,SaaS,Small,2024-10-09
2960,Patricia Gill,marc18@example.com,Germany,Finance,Medium,2025-06-07
2961,Lindsay Walker,vfuller@example.com,Canada,Retail,Enterprise,2026-01-07
2962,Jason Chase,warrenrobert@example.org,Germany,Education,Medium,2026-04-22
2963,Kristen Williams,bbush@example.net,India,Healthcare,Small,2024-06-25
2964,Amanda Williamson,vgarcia@example.net,UK,SaaS,Enterprise,2024-06-25
2965,Melissa Lucas,carlsoncory@example.net,Canada,Finance,Enterprise,2024-09-19
2966,Amy Miller,mosskelly@example.net,USA,Retail,Enterprise,2026-03-16
2967,Gerald White,suzanneestes@example.net,USA,SaaS,Medium,2024-06-11
2968,Matthew Smith,lgarcia@example.net,USA,SaaS,Small,2025-03-25
2969,Patricia Graham,jessica28@example.com,Germany,Retail,Enterprise,2025-11-09
2970,Jason Martin,robinsonshelly@example.org,Germany,Education,Enterprise,2025-07-04
2971,Matthew Donovan,yharrison@example.com,Germany,Finance,Enterprise,2026-02-17
2972,Thomas Kelly,curtisjohnson@example.org,Canada,Finance,Enterprise,2026-04-08
2973,Ryan Burns,tonyhill@example.com,Germany,Finance,Small,2024-11-30
2974,Thomas Norris,jamesjones@example.org,UK,Healthcare,Small,2024-11-29
2975,Lee Miller,cheryl35@example.com,UK,SaaS,Small,2025-12-20
2976,Timothy Newton,pagerichard@example.com,UK,SaaS,Small,2025-07-07
2977,Joshua Porter,cristianthomas@example.org,Germany,Healthcare,Enterprise,2026-03-03
2978,Jamie Gutierrez,aimeegallegos@example.net,UK,Retail,Enterprise,2024-06-15
2979,Susan Lin,daughertyshawn@example.net,Canada,Healthcare,Small,2025-04-26
2980,Eric Martinez,sandraanderson@example.com,India,Retail,Small,2025-02-28
2981,Tracy Garrett,christineperez@example.com,Germany,Retail,Small,2026-02-21
2982,Kathy Mathis,ashleyrodriguez@example.com,USA,Healthcare,Small,2024-09-20
2983,David Miller,abridges@example.com,Germany,Retail,Medium,2025-12-15
2984,Michael Cooper,williammoore@example.org,USA,Retail,Enterprise,2026-01-15
2985,Scott Davis,bryanlaura@example.net,UK,Healthcare,Medium,2025-11-30
2986,Andrew Lee,mary30@example.com,Canada,Retail,Small,2025-10-19
2987,Michael Ritter,kristen64@example.org,India,SaaS,Small,2025-06-29
2988,Vincent Vasquez,alexanderweaver@example.org,Germany,Retail,Medium,2024-07-18
2989,Crystal Pena,cristinaleonard@example.net,Canada,Education,Enterprise,2025-01-12
2990,Patrick Silva,andrea69@example.net,Canada,Finance,Small,2025-09-01
2991,Thomas James,virginia99@example.com,Germany,Retail,Medium,2024-10-07
2992,Michael Sawyer,collierclaire@example.org,Canada,Education,Enterprise,2026-04-12
2993,Katherine Baldwin,angela20@example.com,Canada,Retail,Small,2026-03-17
2994,Thomas Mckenzie,michelleharris@example.org,USA,Education,Small,2025-01-07
2995,Tamara Johnson,jessicahall@example.org,Germany,Education,Medium,2026-05-10
2996,Christopher Shea,robertmueller@example.org,Canada,SaaS,Medium,2026-05-01
2997,Felicia Gregory,kschultz@example.net,Germany,Retail,Small,2024-08-11
2998,James Flores,jennifer97@example.com,Germany,Education,Enterprise,2025-08-27
2999,Adrian Wade,gibsonstacy@example.com,India,Retail,Enterprise,2025-11-12
3000,Michael Jones,qpierce@example.com,Germany,SaaS,Small,2025-05-07
3001,Robert Mcintosh,banksrobert@example.org,India,Healthcare,Medium,2026-04-15
3002,Patrick Padilla,tscott@example.net,India,Retail,Small,2026-05-15
3003,Stephen Duffy,bobby14@example.org,Canada,Healthcare,Enterprise,2024-11-09
3004,Sean Reid,duncanveronica@example.net,India,Education,Enterprise,2025-05-20
3005,Jesus Johnson,riddlesamuel@example.com,Germany,Healthcare,Medium,2025-08-17
3006,Jenny Everett,lindsey68@example.com,Germany,Retail,Enterprise,2024-06-26
3007,Jamie Hernandez,klinekristen@example.org,India,Retail,Small,2025-08-28
3008,Charles Goodwin,castillokevin@example.org,Canada,Healthcare,Medium,2024-07-24
3009,Luke Cardenas,smills@example.com,USA,Retail,Small,2024-08-12
3010,Emily Lin,carlaserrano@example.org,UK,Healthcare,Small,2025-01-07
3011,Timothy Watson,shawnhernandez@example.org,Canada,Retail,Small,2024-10-25
3012,William Erickson,dalton23@example.net,Germany,Retail,Medium,2025-02-19
3013,Carolyn Conrad,jenniferhanson@example.com,UK,Healthcare,Enterprise,2025-05-27
3014,Michael Mosley,russellmatthew@example.net,USA,SaaS,Medium,2024-07-14
3015,Adam Foster,emily22@example.com,India,Finance,Enterprise,2024-10-07
3016,Robert Holland,anne62@example.org,UK,Healthcare,Enterprise,2026-03-10
3017,Matthew Clark,simsandrew@example.org,USA,SaaS,Medium,2025-04-06
3018,Nicholas Smith,andrewmejia@example.net,Germany,SaaS,Enterprise,2025-09-23
3019,Matthew Lewis,michellebrooks@example.com,UK,SaaS,Enterprise,2025-04-26
3020,Abigail Preston,pamela22@example.org,UK,Retail,Medium,2025-07-04
3021,Allison Ferguson,aray@example.com,India,Finance,Small,2025-01-06
3022,Jennifer Cook,ruben56@example.com,Canada,Finance,Small,2025-02-12
3023,Holly George,eschmidt@example.org,Canada,Education,Enterprise,2024-11-08
3024,Dustin Stephens,qgonzalez@example.org,USA,SaaS,Medium,2024-08-10
3025,Lacey Nguyen,ajohnson@example.org,Germany,SaaS,Small,2026-03-28
3026,Matthew Davies,michael97@example.com,Canada,Education,Small,2024-06-29
3027,Melissa Williams,victoria70@example.net,Canada,SaaS,Enterprise,2024-09-22
3028,Joshua Reese,chenpaul@example.org,USA,Healthcare,Enterprise,2025-01-07
3029,Michelle Combs,cthomas@example.org,USA,Healthcare,Medium,2026-01-17
3030,Emily Carson,ustevens@example.org,UK,Finance,Enterprise,2025-08-26
3031,Mark Arnold,nicholasreynolds@example.net,Germany,Education,Medium,2024-06-17
3032,Daniel Rush,morrisdiana@example.org,USA,Healthcare,Enterprise,2024-09-26
3033,Jennifer Ramsey,jessica10@example.net,India,Finance,Small,2025-09-10
3034,Laura Newton,jacobrobinson@example.com,USA,Healthcare,Medium,2024-09-25
3035,Christy Holt DVM,frankhawkins@example.net,Germany,SaaS,Small,2024-11-14
3036,Debbie Haney,lfuentes@example.com,Germany,Finance,Medium,2026-01-24
3037,Nicole May,jeffrey53@example.net,Canada,Healthcare,Small,2026-01-03
3038,Lori Nelson,klivingston@example.org,India,Finance,Enterprise,2025-02-10
3039,Danielle Ball,jacobssusan@example.org,Germany,Finance,Enterprise,2025-06-01
3040,Melanie Foster,ryan37@example.org,UK,Healthcare,Enterprise,2025-06-18
3041,Shelley Harper,tlopez@example.org,Germany,Healthcare,Small,2025-03-25
3042,Meghan Hanson,mccormicktaylor@example.com,Germany,Retail,Medium,2026-02-02
3043,Richard Waller,tatechristopher@example.net,Germany,Education,Enterprise,2025-05-16
3044,Jessica Simmons,ubush@example.org,India,SaaS,Medium,2026-04-30
3045,Courtney Anthony,robert99@example.net,UK,SaaS,Enterprise,2025-04-16
3046,Ricardo Oneal,adamskatherine@example.com,Canada,SaaS,Small,2025-02-05
3047,Monica Strong,nicholsbilly@example.org,India,Finance,Medium,2025-01-07
3048,Shawn White,slyons@example.com,UK,Retail,Small,2025-08-22
3049,Virginia Dillon,grodriguez@example.com,Germany,SaaS,Enterprise,2025-06-21
3050,Dawn Simpson,justingardner@example.com,UK,Education,Small,2025-06-15
3051,Bianca Knapp,awheeler@example.net,Canada,Finance,Medium,2026-05-07
3052,Tracy Cook,danielle71@example.com,Germany,Education,Medium,2024-08-25
3053,Danielle Collier,armstrongamy@example.net,India,Finance,Small,2025-12-01
3054,Jennifer Johnson,xreed@example.net,India,Education,Enterprise,2024-09-25
3055,Spencer Cooper,millerlaura@example.net,UK,Retail,Medium,2025-09-13
3056,John Aguilar,joshua58@example.org,UK,Education,Enterprise,2025-01-26
3057,Kathleen White,ejackson@example.net,Canada,Retail,Enterprise,2024-11-03
3058,John Bishop,chanjeremiah@example.net,India,Retail,Small,2025-04-08
3059,Tyler Phillips,thall@example.org,India,SaaS,Small,2024-07-23
3060,Gary Mcdonald,kevinstrickland@example.org,Canada,Finance,Medium,2025-09-02
3061,Christopher Scott,moyerbradley@example.com,UK,Education,Enterprise,2026-04-01
3062,Jake Mooney MD,jmorales@example.org,India,Healthcare,Small,2024-07-18
3063,Robert Robinson,heatherowens@example.org,Canada,Education,Medium,2025-03-31
3064,Christian Reyes,lewisandrea@example.net,Canada,Finance,Enterprise,2026-04-09
3065,Lee Lloyd,jonesjacob@example.net,UK,SaaS,Small,2025-07-23
3066,Robert Hunt,jfletcher@example.net,Canada,Education,Medium,2024-08-14
3067,Roy Lozano,cbeasley@example.org,UK,Finance,Enterprise,2025-07-25
3068,Nichole Kennedy,scottsloan@example.com,Germany,Education,Small,2024-07-23
3069,James Douglas,ftaylor@example.org,USA,Finance,Medium,2025-12-27
3070,Ariana Davis,amandakent@example.org,Canada,Finance,Small,2024-06-19
3071,Ryan Douglas,mharrell@example.org,USA,SaaS,Medium,2024-11-21
3072,Daniel Flores,rogerstara@example.net,India,Education,Enterprise,2024-07-26
3073,Patricia Hicks,peterdavis@example.com,USA,Retail,Medium,2025-03-25
3074,Peter Robinson,bryanfinley@example.com,UK,Education,Enterprise,2024-09-08
3075,Marc Gregory,andreaespinoza@example.org,Canada,Education,Small,2025-05-20
3076,Carolyn Velasquez,sjenkins@example.org,India,Finance,Medium,2025-07-06
3077,Kristin Duran,bjohnson@example.net,Canada,Healthcare,Enterprise,2025-01-10
3078,Darius Wood,fishersharon@example.org,Germany,Education,Enterprise,2025-09-09
3079,Gary Sanders II,andersonashley@example.com,UK,SaaS,Medium,2024-05-18
3080,Tina Jones,riverashaun@example.com,Canada,Education,Small,2025-06-30
3081,Gregory Horton,angela22@example.net,India,Retail,Small,2026-04-18
3082,Steven Johnson,cynthia56@example.com,UK,Retail,Medium,2025-07-01
3083,Wendy Walker,holly10@example.org,USA,SaaS,Small,2024-11-27
3084,Tiffany Hughes,daniel96@example.net,Germany,Healthcare,Medium,2025-01-04
3085,Natalie Simpson,christinesanders@example.net,UK,Retail,Small,2024-05-30
3086,Jennifer Kemp,joshua88@example.org,India,Education,Medium,2025-04-25
3087,Hannah Garcia,rallen@example.org,Canada,Education,Enterprise,2025-11-01
3088,Michael Woods,fernando45@example.org,Germany,Finance,Enterprise,2024-06-20
3089,Valerie Gross PhD,ejones@example.com,Germany,Retail,Medium,2024-06-15
3090,Daniel Elliott,slyons@example.net,Germany,Retail,Small,2025-05-22
3091,Randall Little,virginialewis@example.org,UK,Education,Small,2024-10-08
3092,Molly Medina,gonzalezcynthia@example.com,Germany,Retail,Small,2024-12-29
3093,Jamie Lewis,gmorse@example.com,Canada,Education,Small,2024-08-21
3094,Joshua Reid,peter67@example.net,UK,Retail,Medium,2025-08-07
3095,Vincent Grant,krauserobert@example.com,USA,Healthcare,Enterprise,2025-02-19
3096,Megan Hughes,thomascassandra@example.org,India,SaaS,Enterprise,2026-01-20
3097,Michelle Stewart,strongkatherine@example.net,Germany,SaaS,Small,2025-05-26
3098,Ashley Zhang,larsonjeffery@example.com,India,Education,Medium,2024-06-06
3099,Holly Glover,pcastillo@example.com,USA,Education,Small,2025-10-24
3100,Shannon Williams,davisjennifer@example.com,USA,Finance,Medium,2024-08-19
3101,Jonathan Campbell,joycemeyer@example.com,India,Finance,Medium,2025-01-27
3102,Tracy Hogan,allenjacqueline@example.org,Germany,SaaS,Small,2026-04-21
3103,Karen Jacobs,yorkrichard@example.org,UK,Education,Medium,2026-05-17
3104,Karen Baird,michellewalker@example.net,USA,Finance,Medium,2024-06-05
3105,Joe Robertson,kyates@example.com,UK,Healthcare,Enterprise,2026-02-10
3106,Daniel Gonzales,mathiswilliam@example.com,Germany,SaaS,Small,2025-09-27
3107,Joseph Gordon,stephengarza@example.com,Canada,Finance,Small,2024-06-07
3108,Renee Holmes,caseyscott@example.com,USA,Retail,Medium,2026-05-02
3109,Lynn Benitez,melissaortiz@example.com,Canada,Finance,Enterprise,2024-09-28
3110,Andrew Sandoval,taylorapril@example.org,Germany,Finance,Medium,2024-09-04
3111,Jennifer Patel DDS,lisacook@example.org,Germany,Education,Small,2025-04-27
3112,Elizabeth Woods,lindalewis@example.org,UK,Education,Enterprise,2024-06-14
3113,Matthew Keller,jamie94@example.com,Germany,Retail,Enterprise,2024-11-10
3114,Megan Noble,erinwang@example.org,Germany,Healthcare,Enterprise,2026-03-19
3115,William Nichols,smithtonya@example.org,India,SaaS,Enterprise,2026-03-04
3116,Rebecca Powell,billy73@example.org,Canada,Retail,Medium,2025-05-14
3117,Mark Hansen,stonelaura@example.net,UK,Retail,Medium,2026-04-23
3118,April Martin,kramerkimberly@example.net,Canada,SaaS,Enterprise,2024-12-02
3119,Kathleen Cherry,igutierrez@example.com,Germany,Finance,Enterprise,2025-05-20
3120,Roger Richardson III,heather34@example.org,USA,Healthcare,Enterprise,2025-12-22
3121,Melinda Parker,sarah02@example.org,USA,Education,Enterprise,2025-01-15
3122,Cheryl Phillips,nelsonalicia@example.org,India,Education,Enterprise,2025-05-19
3123,Nicole Escobar,andrewroman@example.com,USA,Education,Small,2026-02-07
3124,Emma Benjamin,courtney31@example.org,UK,Education,Enterprise,2024-10-28
3125,Donald Williams,nicholasharris@example.org,Canada,SaaS,Enterprise,2026-04-07
3126,Melanie Francis,hannahford@example.net,Canada,Healthcare,Medium,2025-09-03
3127,Christopher Love,matthewmooney@example.org,Canada,SaaS,Small,2024-08-25
3128,Jacob Marks,tiffanymejia@example.org,Canada,Healthcare,Small,2025-04-10
3129,Carolyn Russell,carlos94@example.com,India,Healthcare,Small,2026-02-03
3130,Luis Cunningham,mckeephilip@example.com,Canada,Retail,Small,2025-09-07
3131,Melinda Smith,rosechristy@example.net,Canada,Education,Medium,2026-01-26
3132,Chelsey Stewart,cindymartinez@example.com,Germany,Education,Small,2026-01-26
3133,Derek Haynes,kathleenrich@example.com,Germany,SaaS,Medium,2025-03-15
3134,Kyle Zhang,emilyperez@example.com,Germany,Healthcare,Medium,2024-09-19
3135,Ashley Oliver,ohoffman@example.com,USA,Education,Medium,2025-03-26
3136,Danielle Fuller,bushjames@example.com,Germany,Finance,Small,2025-11-19
3137,Michael Simmons,wrosario@example.com,USA,SaaS,Enterprise,2026-04-20
3138,Paula Hernandez,amanda97@example.net,UK,Finance,Small,2025-05-15
3139,Michelle Mitchell,tatescott@example.net,UK,Finance,Small,2025-07-03
3140,Christine Johnson,glam@example.com,UK,Finance,Medium,2024-10-26
3141,Thomas Thompson,paynekevin@example.net,UK,SaaS,Enterprise,2024-07-22
3142,Olivia Walter,zrichards@example.org,India,Healthcare,Small,2025-08-07
3143,David Lee,anthonychambers@example.net,USA,Finance,Medium,2026-03-16
3144,David Bond,perezrachael@example.org,USA,Finance,Small,2024-11-08
3145,Amy Martinez,wle@example.com,Germany,Finance,Medium,2026-02-17
3146,Carly Sanders,judy55@example.com,Germany,SaaS,Small,2024-08-03
3147,Mary Richardson,greenecassidy@example.org,UK,Healthcare,Enterprise,2026-02-01
3148,Jason Williamson,michelle45@example.com,Canada,Healthcare,Medium,2025-10-08
3149,Derek Higgins,rstafford@example.net,Canada,Education,Medium,2025-02-17
3150,Denise Gregory,fjohnson@example.org,USA,Finance,Small,2026-03-14
3151,Sarah Martinez,nicole08@example.org,India,Retail,Enterprise,2025-11-10
3152,Melissa Frost,meghan45@example.com,Germany,SaaS,Medium,2026-01-31
3153,Andrew Duarte,michaelwillis@example.com,USA,Retail,Enterprise,2024-09-29
3154,Katrina Simmons,robert48@example.org,UK,SaaS,Medium,2025-08-31
3155,Allen Wagner,elizabeth39@example.com,Canada,Education,Enterprise,2026-05-16
3156,George Arias,mathewlogan@example.net,USA,Healthcare,Enterprise,2025-07-22
3157,Laura Simpson,ryanrivas@example.com,UK,Finance,Enterprise,2025-03-20
3158,Molly Young,michaelward@example.org,Germany,Retail,Small,2024-09-24
3159,Brandon Hansen,marie82@example.net,Canada,Healthcare,Small,2025-07-16
3160,Carlos Ibarra,hollyclark@example.net,India,Education,Small,2026-01-24
3161,Kathleen Bryant,sanderskimberly@example.com,UK,Education,Medium,2025-09-04
3162,Brendan Burton,summerstimothy@example.org,Canada,Retail,Small,2026-04-19
3163,Virginia Vaughan,jodigarrison@example.net,USA,Retail,Enterprise,2025-11-13
3164,David Rios,ian58@example.com,India,Healthcare,Small,2024-06-24
3165,Angela Allen,michaellee@example.org,USA,Retail,Medium,2024-09-05
3166,Penny Gomez,justin51@example.net,Canada,Finance,Enterprise,2025-02-10
3167,Hailey Ramirez,catherineperez@example.com,Germany,Finance,Enterprise,2026-05-17
3168,Keith Lee,amandajohnson@example.org,UK,Education,Enterprise,2024-10-26
3169,Jennifer Armstrong,julieharris@example.com,India,SaaS,Small,2024-12-31
3170,Mark Lyons,douglas64@example.net,Canada,Education,Small,2025-08-19
3171,Michael Luna,matthewbarrera@example.org,India,SaaS,Medium,2025-11-21
3172,Pamela Nash,william16@example.net,USA,Healthcare,Enterprise,2024-08-22
3173,Yesenia Brown MD,carolward@example.org,Canada,Finance,Medium,2025-12-10
3174,Timothy Oliver,iancox@example.net,UK,Education,Enterprise,2026-01-28
3175,Julie Hutchinson,julie86@example.net,India,Finance,Enterprise,2025-02-05
3176,Ruben Rollins,michaelrice@example.org,India,Retail,Medium,2024-08-02
3177,Travis Brown,susanthomas@example.org,UK,Finance,Medium,2024-11-22
3178,Deborah Clayton,millermichelle@example.com,UK,Retail,Enterprise,2026-05-09
3179,Thomas Boyd,shari63@example.net,India,SaaS,Enterprise,2025-11-24
3180,Deborah Barajas,eboone@example.net,UK,SaaS,Enterprise,2025-07-20
3181,Breanna Carlson,aho@example.net,Germany,SaaS,Small,2025-01-16
3182,Tina Kelly,christinapierce@example.net,UK,Retail,Enterprise,2025-10-27
3183,Jordan Wyatt,larry45@example.net,Germany,Retail,Enterprise,2024-08-17
3184,Eugene Lewis,scott62@example.org,USA,SaaS,Enterprise,2024-06-01
3185,Tamara Daniels,elizabethgray@example.org,USA,Retail,Enterprise,2025-10-25
3186,Andrew Waters,hendersonkelly@example.net,USA,Finance,Medium,2025-08-21
3187,Taylor Peterson,cardenasjeremy@example.org,Canada,Finance,Medium,2026-04-07
3188,Tiffany Gutierrez,lbrown@example.net,UK,SaaS,Small,2025-02-04
3189,Michael Richard,emily73@example.net,Germany,Finance,Small,2025-03-15
3190,Danielle Brown,ufranco@example.com,Germany,SaaS,Small,2024-07-05
3191,Marcus Fischer,erichoward@example.net,USA,Finance,Enterprise,2025-06-06
3192,Cameron Rivers,danielsuarez@example.net,India,Healthcare,Small,2024-12-21
3193,Jennifer Obrien,thomasbrian@example.com,Canada,Finance,Enterprise,2025-03-28
3194,Amber Maxwell,mejiachristopher@example.com,UK,Healthcare,Medium,2025-11-04
3195,Carlos Delgado,cooperphyllis@example.com,India,SaaS,Medium,2025-04-04
3196,Tyler Garcia,sarah63@example.net,Germany,Education,Small,2025-10-07
3197,Alejandro Cohen,amanda32@example.com,USA,Healthcare,Enterprise,2024-07-13
3198,Brandon Silva,rosejason@example.net,Germany,SaaS,Medium,2025-03-25
3199,Zachary Watson,wbishop@example.net,Canada,Education,Medium,2024-07-14
3200,Renee Wise,carterlisa@example.com,UK,Education,Small,2025-08-14
3201,Lance Webb,kristina92@example.net,Canada,Education,Enterprise,2025-01-14
3202,Joy Dawson,mckenzieedward@example.com,UK,SaaS,Enterprise,2025-02-11
3203,Jordan Nelson,jason81@example.com,UK,SaaS,Small,2024-09-08
3204,Charles Peck,lcarroll@example.com,India,Education,Small,2026-04-25
3205,Stacy Williams,debrastone@example.net,Canada,Finance,Small,2024-11-11
3206,Susan Williams,melissa69@example.net,USA,Education,Enterprise,2025-12-25
3207,Matthew Rivera,james67@example.org,India,Education,Medium,2024-07-27
3208,Bradley Sexton,vcurtis@example.com,USA,Retail,Enterprise,2026-02-08
3209,Kenneth Tate,mallory05@example.org,USA,Finance,Medium,2026-03-21
3210,Amy Maldonado,andrew46@example.net,Germany,Finance,Small,2025-02-14
3211,Cynthia Gutierrez,richardturner@example.net,Canada,Retail,Medium,2025-03-19
3212,Patricia Shepherd,richard14@example.com,India,Education,Small,2024-06-13
3213,Rebecca Nichols,smeyer@example.org,UK,SaaS,Medium,2026-01-10
3214,Robert Turner,corey07@example.org,Germany,Education,Medium,2024-08-09
3215,Jesse Maxwell,sherri39@example.com,India,SaaS,Medium,2024-09-14
3216,Jacob Kelly,james43@example.com,UK,Finance,Small,2024-10-20
3217,Brett Mitchell,joannekent@example.com,Canada,SaaS,Enterprise,2024-12-18
3218,Sean Sparks,donnasmith@example.net,UK,Retail,Small,2025-09-16
3219,Traci Mcdonald,crystal55@example.org,UK,Healthcare,Small,2026-02-07
3220,Michael Mcdonald,greenrobert@example.net,India,Finance,Small,2025-08-05
3221,Andrea Johnson,shane03@example.com,USA,SaaS,Medium,2024-12-21
3222,Sydney Mccoy,ashley86@example.org,Germany,SaaS,Enterprise,2026-04-03
3223,Eric Frank,watsontina@example.org,India,Finance,Small,2025-12-14
3224,Michael Miller,oconnellkimberly@example.net,USA,Retail,Small,2025-12-06
3225,Danielle Davila,dereksimon@example.com,India,SaaS,Medium,2025-03-07
3226,Jacob White,ashley95@example.org,Canada,Healthcare,Small,2024-09-16
3227,Christopher Maldonado,codygardner@example.com,Canada,Education,Medium,2024-09-19
3228,Michele Riley,grantphillip@example.org,USA,Retail,Enterprise,2026-01-15
3229,Stephanie Cooper,harrisonsherry@example.org,USA,SaaS,Small,2025-12-28
3230,David Foley,christinamartinez@example.net,USA,Retail,Medium,2026-01-03
3231,Andrea Allen,walkerchristopher@example.org,USA,Healthcare,Small,2025-10-19
3232,Amanda Woodward,mark89@example.org,Germany,SaaS,Medium,2025-07-21
3233,Wayne Beck,milesmatthew@example.net,Canada,Retail,Small,2025-04-11
3234,Margaret Adams,ovaughan@example.com,USA,SaaS,Enterprise,2026-01-20
3235,Thomas Wilson,murraynicole@example.org,USA,Finance,Medium,2024-08-05
3236,Emily Vasquez,lisaday@example.com,Germany,SaaS,Enterprise,2024-08-27
3237,Michael Wyatt,nunezmichael@example.org,Germany,Healthcare,Enterprise,2025-12-10
3238,James Williams,samanthashannon@example.com,Canada,SaaS,Medium,2024-08-19
3239,Brian Bass,zschneider@example.com,Germany,Retail,Medium,2026-04-10
3240,Ashley Jones,torresjennifer@example.com,Canada,Education,Small,2025-02-09
3241,Mike Torres,sandyrogers@example.org,India,SaaS,Medium,2024-12-16
3242,Alexandria Hernandez,lancetucker@example.com,Canada,Finance,Enterprise,2024-10-05
3243,Timothy Hawkins,uadams@example.org,UK,SaaS,Small,2026-01-12
3244,Sarah Newman,rramirez@example.org,USA,Education,Enterprise,2024-08-02
3245,Monique Brown,daniel47@example.org,USA,Education,Small,2025-11-12
3246,William Hernandez,camachotodd@example.org,Canada,Healthcare,Enterprise,2025-01-05
3247,Debra Grant,ifitzgerald@example.net,Canada,Finance,Medium,2024-06-25
3248,Alexander Smith,urice@example.com,Germany,Retail,Enterprise,2025-04-20
3249,Sheila Hawkins,amy91@example.org,Canada,Retail,Small,2025-08-26
3250,Clayton Carter,brandonwest@example.org,UK,Healthcare,Small,2024-05-25
3251,Christopher Proctor,blackwilliam@example.com,USA,Healthcare,Medium,2025-06-24
3252,Sharon Sims,cindyperry@example.net,Canada,Retail,Enterprise,2025-08-06
3253,Jeremy Benson,david27@example.net,India,Finance,Enterprise,2025-07-10
3254,Amy Diaz,cnelson@example.com,Canada,Healthcare,Small,2025-10-09
3255,Erica Casey,floresjose@example.org,Germany,Finance,Enterprise,2024-12-11
3256,Jason Maynard,nbeck@example.org,India,Finance,Medium,2025-12-24
3257,Austin Ortiz,anna19@example.net,USA,Education,Enterprise,2024-07-01
3258,Lindsay Cox,obrienjoy@example.org,UK,SaaS,Small,2025-02-20
3259,Thomas Sims,nkemp@example.org,Canada,Education,Small,2026-03-18
3260,Glenn Lynn,aliciarhodes@example.net,Germany,Finance,Small,2025-11-09
3261,April Hughes,williamsfrank@example.org,UK,Healthcare,Small,2024-08-15
3262,Ashley Stevenson,mike54@example.net,India,Healthcare,Enterprise,2025-01-12
3263,Austin Johnson,autumnsullivan@example.com,Germany,Retail,Enterprise,2025-06-15
3264,Justin Washington,davisshannon@example.net,India,Education,Enterprise,2025-06-09
3265,Ryan Lopez,jaredsosa@example.net,India,Education,Medium,2024-10-31
3266,Kathryn Mayo,katherinebates@example.net,Germany,Finance,Small,2026-03-04
3267,Latoya Mendoza,ucannon@example.net,USA,Retail,Small,2024-08-28
3268,Sarah Lambert,redwards@example.com,Germany,Healthcare,Small,2026-03-29
3269,Stuart Woods,thompsonmark@example.net,UK,Healthcare,Medium,2025-11-14
3270,Steve Diaz,vhuffman@example.net,Canada,Healthcare,Small,2025-05-31
3271,Amy Zimmerman,wwalls@example.com,Germany,Finance,Enterprise,2026-01-05
3272,Melissa Santos,jessica06@example.com,Germany,Healthcare,Medium,2024-11-08
3273,Jennifer Hammond,theresa43@example.org,UK,SaaS,Medium,2025-10-04
3274,Ryan Lee,ujordan@example.net,USA,SaaS,Medium,2024-10-28
3275,Angela Cruz,connorenglish@example.net,USA,Education,Small,2025-03-27
3276,Carl Stewart,robert77@example.com,UK,Finance,Medium,2025-04-01
3277,Allen Johnson,lferguson@example.net,UK,Education,Medium,2026-05-03
3278,Stuart Ray,nicole46@example.net,USA,SaaS,Small,2025-03-12
3279,Glenn Cabrera,edean@example.net,UK,Finance,Small,2025-08-05
3280,Peter Reyes,carpentersara@example.com,UK,Finance,Enterprise,2026-05-15
3281,Mr. Stephen Thomas,twatson@example.com,UK,Finance,Enterprise,2024-09-12
3282,William Norton,hedwards@example.org,UK,Healthcare,Small,2025-12-22
3283,Laura Maynard,markwalter@example.org,USA,Healthcare,Medium,2025-07-02
3284,Lance Tate,lauren87@example.com,USA,SaaS,Enterprise,2024-12-04
3285,Ronald Campos,brianna69@example.org,UK,Retail,Enterprise,2024-08-05
3286,Christian Powers,vjones@example.com,USA,Finance,Small,2025-04-27
3287,Michael Romero,michaelsalazar@example.net,India,Retail,Small,2025-05-24
3288,Mary Steele,burnskathleen@example.com,India,Finance,Enterprise,2024-10-28
3289,Lori Lucas,vnicholson@example.net,UK,Education,Enterprise,2026-03-08
3290,James Brown,njenkins@example.org,Germany,SaaS,Small,2024-05-27
3291,Jennifer Ford,monicabenton@example.com,UK,Healthcare,Small,2025-05-21
3292,Kimberly Hawkins,sparker@example.org,UK,Education,Medium,2025-01-28
3293,Breanna Vargas,gcortez@example.net,India,Finance,Enterprise,2025-04-13
3294,Antonio Eaton,gutierrezdenise@example.com,Germany,Healthcare,Small,2024-10-21
3295,Pamela Mcpherson,bryantjennifer@example.net,Canada,Education,Small,2024-12-11
3296,Michael Parker,lindahicks@example.net,Canada,Finance,Small,2025-11-24
3297,Bethany Burnett,michael11@example.com,India,Healthcare,Small,2024-11-27
3298,Amy Fry,christopherlucas@example.com,India,Healthcare,Enterprise,2025-11-08
3299,Diana Miller,robert63@example.net,Canada,Retail,Small,2025-05-01
3300,Amanda Diaz,nvillegas@example.com,USA,Retail,Enterprise,2024-12-06
3301,Caleb Yates,jonathan72@example.com,Canada,SaaS,Small,2025-08-11
3302,Brian Dunn,martintrevor@example.net,Canada,Retail,Enterprise,2025-08-02
3303,Anthony Alexander,nicole88@example.net,Canada,Finance,Medium,2024-07-28
3304,Joshua Williams,sherigraham@example.org,Canada,Retail,Small,2026-03-29
3305,Alexandra Simpson,danielsbrittney@example.com,India,Finance,Enterprise,2025-10-15
3306,Maria Harris,dmitchell@example.net,Germany,Retail,Medium,2026-01-27
3307,Laura Rodriguez,aprilryan@example.net,India,Education,Medium,2026-02-14
3308,Raymond Harmon,fmccall@example.org,Canada,SaaS,Small,2024-08-27
3309,Christopher Patterson,jacobpeters@example.org,UK,Healthcare,Medium,2026-02-14
3310,Jesse Bell,phyllisross@example.com,UK,Retail,Small,2025-05-14
3311,Jared Potter,leeclinton@example.net,India,Retail,Medium,2026-01-21
3312,Harry Parks,katherine70@example.com,Canada,Healthcare,Medium,2026-04-22
3313,David White,codyprice@example.net,India,Education,Small,2025-05-24
3314,Tammy Wood,ejones@example.org,UK,SaaS,Medium,2024-08-05
3315,Kristin Moore,dmoore@example.com,Germany,Education,Medium,2024-10-13
3316,Patrick Avila,davismark@example.net,UK,Education,Small,2025-11-12
3317,Shawn Frederick,henrymelton@example.com,Germany,Education,Enterprise,2024-09-02
3318,Katherine Weber MD,dsanchez@example.org,India,Retail,Medium,2025-04-09
3319,Mark Rasmussen,guerrajason@example.com,Germany,Retail,Medium,2025-03-24
3320,Lacey Wall,malonekathryn@example.com,India,Retail,Medium,2025-07-02
3321,Nicole Gonzales,daniel42@example.net,India,Retail,Small,2024-12-19
3322,Elizabeth Grimes,christina71@example.org,UK,Retail,Small,2025-09-11
3323,Dr. Gina Velazquez,timothywilliams@example.org,India,SaaS,Medium,2025-05-23
3324,Karen Miller,katherinetaylor@example.net,USA,Finance,Enterprise,2025-06-09
3325,Eric Sanders,elizabeth52@example.org,Canada,Education,Enterprise,2025-02-26
3326,Casey Erickson,ianderson@example.com,USA,Finance,Small,2024-10-29
3327,William Brown IV,rwilkerson@example.com,USA,SaaS,Small,2025-07-24
3328,Sherry Maxwell,derek78@example.net,India,SaaS,Enterprise,2024-11-16
3329,Jason Matthews,rmorales@example.org,UK,Finance,Small,2025-07-02
3330,Scott Morrison,jasondavis@example.net,India,Finance,Medium,2026-04-24
3331,Mary Ellis,denniskristin@example.com,India,Healthcare,Enterprise,2025-03-05
3332,Gregory Shaw,rjohnson@example.org,Canada,Healthcare,Enterprise,2026-01-22
3333,Pamela Jones,gutierrezbrittany@example.net,Canada,Finance,Small,2025-12-09
3334,Stephanie Miller,tbailey@example.com,India,Finance,Medium,2024-08-14
3335,Justin Mccarthy,angelaenglish@example.net,Germany,Retail,Enterprise,2024-08-19
3336,Lee Osborne,latasha55@example.com,USA,Retail,Enterprise,2024-06-07
3337,Mrs. Kelsey Cunningham MD,betty61@example.org,Canada,Healthcare,Medium,2024-12-11
3338,Angela Nelson,brittney97@example.org,UK,Healthcare,Enterprise,2026-05-03
3339,Christine Perry,christophermoran@example.net,UK,Retail,Small,2025-08-29
3340,Craig Park,valenzuelachristopher@example.com,Canada,Education,Enterprise,2026-03-24
3341,Debra Myers,amyhutchinson@example.com,Germany,Retail,Medium,2025-06-23
3342,Holly Kelley,ramosclayton@example.org,USA,Finance,Small,2026-01-04
3343,Chad Pierce,michael51@example.org,Germany,Retail,Small,2024-10-09
3344,Megan Tate,dfriedman@example.org,Germany,Retail,Enterprise,2024-12-10
3345,Mary Castillo,lturner@example.org,USA,Finance,Small,2024-07-11
3346,Isaac Valdez,khernandez@example.net,Canada,Healthcare,Medium,2026-01-17
3347,Charles Jones,kellyrussell@example.net,USA,Retail,Enterprise,2024-11-11
3348,Jonathon Franklin,jamessmall@example.org,India,Finance,Small,2024-06-01
3349,Ashley Davis,rickydixon@example.net,Germany,Retail,Enterprise,2024-06-12
3350,Jacob Dawson,mariejames@example.com,Germany,Education,Medium,2024-06-12
3351,Phillip Davis MD,dianalarson@example.net,India,Education,Small,2026-03-26
3352,Veronica Perkins,smelendez@example.com,Canada,SaaS,Small,2025-03-21
3353,Brian Johnson,lauren46@example.net,UK,Finance,Enterprise,2026-04-15
3354,Christine Mahoney,shane09@example.org,Canada,Education,Enterprise,2025-11-01
3355,Albert Bailey,jamesrogers@example.net,Germany,Retail,Small,2026-01-21
3356,Michael Clarke,jessicajames@example.com,Germany,SaaS,Enterprise,2024-07-19
3357,Edward Hancock,pgonzalez@example.org,Germany,Healthcare,Medium,2025-11-07
3358,John Price,ijones@example.net,USA,Finance,Enterprise,2026-05-01
3359,Cheryl Gomez,combsjoshua@example.com,Germany,Finance,Small,2025-12-26
3360,Cindy Swanson,williamsonshannon@example.net,UK,SaaS,Enterprise,2025-02-01
3361,Anne Lyons,duncandaniel@example.net,Canada,Healthcare,Small,2025-09-30
3362,Jonathan Dyer,rachaellara@example.org,Canada,Retail,Small,2024-10-22
3363,Gary Watkins,sstevens@example.com,UK,Healthcare,Small,2025-07-05
3364,Melissa Zamora,iperez@example.org,Germany,Finance,Small,2025-08-26
3365,Rebecca Gonzales,ricekaren@example.org,UK,Finance,Enterprise,2026-01-12
3366,Scott Charles,hannah28@example.com,Canada,SaaS,Medium,2024-06-06
3367,Christina Anderson,brownandre@example.org,USA,Finance,Enterprise,2024-05-18
3368,Jacqueline Munoz,davidarnold@example.com,USA,Healthcare,Medium,2024-10-22
3369,Veronica Cox,knightjeffrey@example.net,Germany,Retail,Small,2024-11-07
3370,Mark Brown,yscott@example.com,USA,Healthcare,Enterprise,2026-04-15
3371,Kimberly Bird,meyertimothy@example.com,Germany,Retail,Enterprise,2025-11-01
3372,Pamela Carson,frank19@example.com,USA,Retail,Small,2024-09-10
3373,Elizabeth Watkins,yscott@example.org,UK,Healthcare,Medium,2025-07-08
3374,Nicole Ramos,raymond41@example.org,Germany,Retail,Small,2025-09-24
3375,Regina Taylor,tmcdonald@example.com,Canada,Education,Medium,2025-11-27
3376,Victoria Ramirez,christinemccarthy@example.org,Canada,Healthcare,Enterprise,2026-05-03
3377,Joshua Padilla,award@example.net,Germany,Finance,Small,2026-03-25
3378,David Hooper,madelinemcfarland@example.com,USA,Healthcare,Medium,2026-05-12
3379,Shannon Kim,nathaniel84@example.net,USA,Retail,Enterprise,2026-01-20
3380,Jennifer Solomon,patrickmiller@example.net,UK,Education,Medium,2025-10-03
3381,Joshua Jacobs,hmcdonald@example.com,Canada,Retail,Medium,2025-01-31
3382,Timothy Huang,michaelvaldez@example.com,Germany,Education,Small,2025-09-18
3383,Kenneth Bryant,copelandkatherine@example.org,USA,Finance,Enterprise,2025-12-02
3384,Kelly Campbell,randyharvey@example.com,Germany,Finance,Enterprise,2026-02-27
3385,John Kelley,teresasanders@example.com,India,Retail,Enterprise,2024-06-03
3386,Gregory Jones,rwalton@example.com,UK,Retail,Small,2024-08-17
3387,James Reyes,linda42@example.net,UK,Education,Enterprise,2026-04-19
3388,Eric Ryan,kristinpotts@example.com,Germany,Retail,Medium,2025-12-23
3389,Brian Carlson,toni04@example.org,UK,Education,Small,2025-01-26
3390,Anita Hughes,holtgrant@example.org,Germany,SaaS,Small,2024-10-14
3391,Jennifer Nelson,margaretwilson@example.net,UK,Finance,Enterprise,2025-03-13
3392,Heather Beck,stevensonryan@example.net,Canada,Finance,Enterprise,2024-11-17
3393,Kevin Jones,bentonautumn@example.com,USA,Healthcare,Medium,2024-12-12
3394,John Wright,tvargas@example.org,Germany,Education,Small,2024-10-07
3395,Veronica Thomas,vreilly@example.com,India,SaaS,Small,2025-08-15
3396,Gavin Cherry,tshaw@example.com,Canada,Finance,Medium,2025-12-25
3397,Michelle Suarez,dbrown@example.org,Germany,Healthcare,Medium,2025-09-18
3398,Robert Smith,higginsjasmine@example.net,UK,Education,Small,2026-05-13
3399,Caleb Mckenzie,cainjennifer@example.com,Germany,SaaS,Small,2024-11-08
3400,Robert Mays,steeletammy@example.net,Germany,Retail,Medium,2026-03-15
3401,Kaitlin Perez,maria10@example.net,Germany,Healthcare,Medium,2026-02-08
3402,Donald Frye,ericamoyer@example.com,USA,SaaS,Medium,2025-08-02
3403,Joan Stewart DDS,lorimcneil@example.com,USA,Healthcare,Medium,2025-11-23
3404,Christopher Williams,angeladavis@example.net,Germany,Retail,Medium,2025-01-15
3405,Susan Green,kimberlymcmahon@example.net,USA,SaaS,Enterprise,2026-03-04
3406,Dr. Glenn Vasquez Jr.,zrogers@example.com,UK,Retail,Small,2024-08-22
3407,Jennifer Murphy,sweeneykimberly@example.com,Germany,Finance,Small,2026-04-15
3408,Amy George,lisa69@example.org,UK,SaaS,Enterprise,2025-07-21
3409,Victoria Brock,murphymegan@example.org,USA,Healthcare,Medium,2025-08-26
3410,Bill Schneider,djackson@example.org,USA,Education,Enterprise,2026-01-12
3411,Sherry Clark,cooperbobby@example.com,Germany,Healthcare,Small,2025-07-17
3412,Luis Miller,williamhill@example.net,USA,Finance,Small,2025-06-12
3413,Katrina Johnson,ashleyrose@example.com,Germany,Finance,Small,2026-02-26
3414,Carrie Mitchell,mhuff@example.org,UK,SaaS,Enterprise,2024-09-23
3415,Laura Bailey,boydclaire@example.net,Canada,Healthcare,Medium,2025-01-09
3416,Emily Martinez,brooksmatthew@example.org,USA,Education,Enterprise,2026-01-18
3417,David Friedman,craig71@example.org,USA,Retail,Enterprise,2025-09-13
3418,Angel Dunlap,jennifer88@example.com,India,Retail,Small,2026-03-27
3419,Brian Mcfarland,qrichardson@example.net,Canada,SaaS,Small,2025-08-21
3420,Richard Zamora,christine07@example.com,Germany,Healthcare,Small,2025-03-06
3421,Melissa Robles,jonesryan@example.org,India,Healthcare,Small,2026-03-27
3422,Linda Robinson,pateljoseph@example.net,USA,SaaS,Medium,2025-10-07
3423,Michael Bray,robertdavis@example.org,USA,SaaS,Medium,2026-03-08
3424,Keith Clark,julieford@example.com,UK,SaaS,Small,2025-07-12
3425,Jason Lee,qlawrence@example.org,USA,Healthcare,Enterprise,2026-02-26
3426,Mary Levy,fitzgeraldmonica@example.org,UK,SaaS,Medium,2026-02-22
3427,Lori Jimenez,vanessadavis@example.com,Canada,SaaS,Medium,2025-09-22
3428,William Maddox,michaelahenry@example.org,India,Education,Enterprise,2024-05-18
3429,Jesse Bates,sanderstricia@example.com,UK,Education,Small,2025-02-15
3430,Judy Johnson,millerjessica@example.org,Canada,Retail,Medium,2024-10-26
3431,Emily Brown,smithsheri@example.com,USA,Healthcare,Small,2025-01-14
3432,Allen Lester,qromero@example.org,USA,Finance,Medium,2024-08-12
3433,Tina Green,hernandezsara@example.net,UK,SaaS,Medium,2025-03-22
3434,Ms. Amy Williams MD,wfox@example.com,India,SaaS,Medium,2025-10-03
3435,Mark Mueller,pberry@example.net,UK,Retail,Small,2026-02-14
3436,Joseph Adams,julie61@example.com,USA,Finance,Enterprise,2025-01-09
3437,Sandy Lewis,sshaw@example.net,Canada,Finance,Small,2024-11-02
3438,Chelsea Navarro,bsmith@example.org,USA,Healthcare,Medium,2025-01-03
3439,Luis Mccoy,nolanjohn@example.org,India,Education,Medium,2024-07-27
3440,Matthew Thompson,robert11@example.com,USA,Education,Enterprise,2025-07-16
3441,Robert Adams,anthonyking@example.net,UK,Finance,Small,2025-09-12
3442,Elizabeth Nelson,danielmatthews@example.net,Canada,Finance,Enterprise,2024-12-18
3443,Lisa Perkins,edwardskaren@example.net,Germany,Healthcare,Medium,2024-06-09
3444,Steven Hall,schultzjustin@example.org,UK,Finance,Enterprise,2026-04-09
3445,Todd Leach,baileyjames@example.net,Germany,SaaS,Medium,2024-07-01
3446,Johnny Gray,andrewjenkins@example.org,USA,Education,Enterprise,2025-06-22
3447,Joshua Price,xprice@example.org,Germany,Retail,Enterprise,2026-04-01
3448,Justin King,karennorman@example.net,UK,Education,Enterprise,2024-06-27
3449,Shawn Barker,sarah83@example.net,USA,Healthcare,Small,2025-09-17
3450,Logan Curtis,michael42@example.org,Canada,SaaS,Medium,2024-11-06
3451,Shaun Allison,fwatson@example.com,UK,Retail,Small,2026-04-26
3452,Elizabeth Davis,annaewing@example.com,Canada,SaaS,Small,2024-10-12
3453,Sandra Olson,farrellapril@example.org,UK,Finance,Medium,2025-11-06
3454,Matthew Waters,moniqueschmidt@example.com,India,Healthcare,Small,2025-02-15
3455,David Miller,belljames@example.org,Germany,Healthcare,Enterprise,2024-11-16
3456,Ronald Dickerson,morganmeagan@example.net,USA,Healthcare,Enterprise,2024-10-19
3457,Adam Johnson,pestrada@example.net,Canada,Retail,Enterprise,2024-12-11
3458,Patricia Lee,tracyhardin@example.net,India,Healthcare,Medium,2025-12-17
3459,Paul Martinez,otorres@example.net,India,SaaS,Enterprise,2024-08-15
3460,Kathryn Wagner,wbrown@example.org,Germany,Finance,Small,2024-07-20
3461,Luis Callahan,walkerricky@example.org,UK,Finance,Medium,2025-02-26
3462,David Yoder,psmith@example.com,UK,Healthcare,Enterprise,2025-01-22
3463,Keith Conner,gferguson@example.net,USA,Healthcare,Enterprise,2026-05-17
3464,Emily Davis,uturner@example.net,UK,Education,Medium,2024-07-12
3465,Cristina Mitchell,lisabeck@example.com,Canada,Finance,Small,2024-09-05
3466,Michael Willis,vclayton@example.com,Germany,SaaS,Small,2024-10-11
3467,Holly Lawrence,bradley95@example.com,Germany,SaaS,Small,2024-11-09
3468,Martha Jacobs,tylerjimenez@example.net,USA,Healthcare,Small,2025-06-03
3469,Bruce Adams,davidbryant@example.net,UK,SaaS,Small,2025-12-27
3470,Timothy Simon,urodriguez@example.net,Canada,Education,Small,2025-10-31
3471,Krystal Hampton,carolynmitchell@example.org,UK,Education,Small,2026-04-02
3472,Michael Garcia,rachel88@example.org,Germany,Retail,Medium,2025-06-03
3473,Terry Yoder,sara03@example.com,UK,Healthcare,Small,2026-02-17
3474,Christopher Bradley,teresaross@example.com,Germany,Healthcare,Enterprise,2024-10-19
3475,Karen Stephens,xsantos@example.net,UK,Finance,Medium,2025-01-13
3476,Stephanie Williams,michaelharvey@example.net,Canada,Retail,Enterprise,2025-07-08
3477,Tasha Elliott,ambermack@example.net,UK,Finance,Medium,2025-08-28
3478,Antonio Walker,alyssabradford@example.net,USA,Finance,Medium,2024-10-03
3479,Joshua Best,joel03@example.org,Germany,Healthcare,Medium,2026-02-09
3480,Bethany Snow,millermegan@example.net,Germany,Retail,Enterprise,2025-08-14
3481,Paul Benson,courtney24@example.net,Canada,Retail,Small,2024-10-30
3482,James Carrillo,osborntimothy@example.com,Germany,SaaS,Medium,2025-03-10
3483,Jose Lopez,devonguerrero@example.net,Germany,SaaS,Medium,2025-06-10
3484,Amy Newton,myersstephen@example.net,Canada,Education,Small,2024-06-25
3485,James Ruiz,stevenmayo@example.com,Canada,Healthcare,Medium,2025-10-12
3486,Tina Oneal,michael26@example.org,Germany,Retail,Medium,2024-07-02
3487,Nicole Henry,vicki40@example.net,Germany,Finance,Medium,2024-09-01
3488,Jonathan Smith,michaelcampbell@example.org,Canada,Education,Medium,2024-07-15
3489,Brian Hunter,amathis@example.net,USA,Finance,Small,2024-05-29
3490,Barbara Gilbert,karen40@example.com,Germany,Healthcare,Small,2025-10-02
3491,Rachel Graves,bryanjones@example.org,UK,SaaS,Small,2026-02-13
3492,Ashley Jackson,brownmichael@example.org,Canada,Finance,Medium,2025-06-09
3493,William Mccann,dlee@example.org,Germany,Retail,Medium,2024-07-28
3494,Frank Meyer,ashley61@example.org,India,Retail,Medium,2025-09-07
3495,Allison Mann,tiffany33@example.net,India,Education,Small,2025-10-25
3496,Karen Rogers,usloan@example.net,Germany,SaaS,Small,2026-03-13
3497,John Lopez,martinezdiana@example.com,Germany,Education,Small,2025-12-15
3498,Sheryl Foster,megan44@example.org,UK,Retail,Medium,2025-06-06
3499,Paul Munoz,waltermurray@example.com,India,Education,Enterprise,2026-04-19
3500,Kathryn Thompson,bobby70@example.com,Germany,Finance,Enterprise,2025-07-28
3501,William Miller,anna63@example.net,USA,Retail,Medium,2025-03-19
3502,Peter Hall,jerry63@example.org,UK,Healthcare,Medium,2025-05-13
3503,Victoria Carr,twagner@example.net,USA,Finance,Enterprise,2025-02-10
3504,Melinda Lloyd,greencarol@example.net,USA,Healthcare,Medium,2024-07-16
3505,Catherine Dixon,stoneshirley@example.org,Canada,Retail,Enterprise,2026-04-21
3506,Patrick Welch,wattschristopher@example.net,UK,Finance,Small,2024-07-03
3507,Martin Gardner,jennyjohnson@example.org,Canada,Education,Enterprise,2025-07-17
3508,Mark Adams,hcastillo@example.org,UK,SaaS,Small,2026-04-14
3509,Joseph Thomas,lstrong@example.net,USA,Retail,Medium,2024-10-04
3510,Dawn Valentine,johnsonrachel@example.com,Canada,SaaS,Enterprise,2024-07-08
3511,Nicole Mooney,wcastillo@example.net,UK,Retail,Small,2024-10-19
3512,James Rivera,lawsonvicki@example.net,Germany,Finance,Enterprise,2025-09-02
3513,Mrs. Stephanie Martinez,jhuber@example.net,India,Education,Enterprise,2025-04-11
3514,Nancy Sherman,bryanjensen@example.org,Germany,Education,Medium,2025-07-10
3515,Shirley House DDS,abowers@example.org,Germany,SaaS,Small,2024-08-23
3516,Chelsea Ballard,smithkathleen@example.com,Canada,Finance,Small,2026-03-25
3517,Austin Walker,keith85@example.com,India,Healthcare,Enterprise,2025-08-16
3518,Heather Jones,steven07@example.com,Germany,Finance,Small,2026-03-16
3519,Ricardo Miller,joseph29@example.net,UK,Retail,Small,2026-01-22
3520,Victoria Smith,kferguson@example.com,USA,SaaS,Enterprise,2024-06-11
3521,Paul Marks,kevin57@example.net,Germany,Education,Medium,2025-10-08
3522,Ashley Ruiz,sampsonrichard@example.net,India,Retail,Small,2024-06-16
3523,Geoffrey Mueller,halejimmy@example.net,UK,Finance,Small,2024-06-06
3524,Stanley Williams,danielhoffman@example.net,UK,Healthcare,Medium,2024-07-31
3525,Kelsey Jensen,karenhoffman@example.net,UK,Education,Small,2025-10-10
3526,Rachael Park,vmckinney@example.com,Germany,Education,Small,2024-12-06
3527,Kayla Mejia,johndaniels@example.com,UK,Healthcare,Small,2024-08-08
3528,Paul Harris,adamsbrian@example.org,UK,Healthcare,Medium,2026-01-02
3529,Brett Smith,jennifer96@example.net,Germany,Retail,Enterprise,2024-08-27
3530,Mary Porter,charlotte90@example.com,Canada,SaaS,Enterprise,2026-01-22
3531,Tracy Barr,annawarren@example.org,UK,SaaS,Medium,2026-04-27
3532,Lori Jimenez,darylmoran@example.org,USA,Retail,Small,2024-07-23
3533,Gabriel Hubbard,moranerin@example.com,India,SaaS,Medium,2024-09-04
3534,Nicholas Williams,wmedina@example.org,USA,Education,Small,2025-11-22
3535,Suzanne Williams,dcook@example.org,Germany,Retail,Enterprise,2024-07-13
3536,Doris Ferguson,david66@example.com,USA,SaaS,Small,2024-07-21
3537,Thomas Ferguson,robin69@example.net,India,SaaS,Enterprise,2025-03-20
3538,Barbara Black,narellano@example.com,Canada,SaaS,Small,2025-03-25
3539,Blake Frank,jonathan00@example.net,UK,Education,Small,2024-07-07
3540,Timothy Morris,maria31@example.net,Germany,Education,Enterprise,2025-07-26
3541,Christopher Garcia,hendersonvalerie@example.net,India,Retail,Medium,2026-03-24
3542,Ryan Gonzalez,suzanneconrad@example.net,India,Education,Medium,2025-08-21
3543,Rachel Hernandez,stacy73@example.net,India,Finance,Enterprise,2025-05-30
3544,Brittany Decker,pamelasherman@example.net,India,Finance,Small,2025-03-03
3545,Amanda Dunlap,hcuevas@example.com,India,Retail,Medium,2024-07-01
3546,Diana Johnson,robertnguyen@example.com,Canada,SaaS,Medium,2024-08-19
3547,Daniel Howell,goulddeborah@example.net,India,SaaS,Small,2025-03-03
3548,Michael Jones,nmiller@example.net,Germany,Retail,Enterprise,2026-01-31
3549,Holly Braun,vhorne@example.com,UK,SaaS,Enterprise,2025-03-19
3550,Anthony Carter,handerson@example.org,USA,Education,Medium,2024-07-07
3551,Jeffery English,uhendricks@example.net,UK,Finance,Medium,2025-02-19
3552,Catherine Hernandez,carolcallahan@example.com,Canada,Retail,Enterprise,2025-05-26
3553,Shane Andrews,seth50@example.org,Germany,Healthcare,Small,2025-04-01
3554,Mary Tucker,alexandersimpson@example.com,India,SaaS,Enterprise,2026-04-02
3555,Mason Guerrero,ricardo16@example.net,India,SaaS,Enterprise,2025-09-03
3556,Micheal Solis,xperry@example.com,India,Retail,Small,2026-02-22
3557,Erin Henry,uchung@example.net,Canada,Retail,Medium,2025-02-09
3558,Monique Young,douglas15@example.com,Canada,SaaS,Medium,2025-01-23
3559,Randall Mills,cpatel@example.net,Germany,Retail,Enterprise,2025-01-31
3560,Jeffrey Dunlap,feliciagraham@example.com,USA,Retail,Medium,2025-11-09
3561,Jill Ortiz,melanierogers@example.com,Canada,Healthcare,Enterprise,2025-07-07
3562,Matthew Baker,christina11@example.com,UK,Education,Enterprise,2025-12-18
3563,Matthew Adams,ronaldhampton@example.org,Canada,SaaS,Small,2024-08-24
3564,Chelsea Bruce,bbrooks@example.org,Germany,SaaS,Medium,2025-08-14
3565,Sarah Rogers,kenneth68@example.org,Canada,Retail,Small,2024-09-20
3566,Tammie Lane,tracey52@example.org,Germany,SaaS,Medium,2025-04-20
3567,Stephanie Guerrero,craigchris@example.org,Canada,Healthcare,Small,2024-05-22
3568,Michael Nolan,trusso@example.org,UK,Healthcare,Enterprise,2025-07-23
3569,Teresa Brown,istafford@example.net,USA,SaaS,Medium,2024-09-18
3570,Margaret Meyer,harry63@example.com,USA,Healthcare,Medium,2025-05-11
3571,Mrs. Crystal Adams,ywilson@example.net,Germany,Finance,Small,2026-03-13
3572,Lori Higgins,calvinwallace@example.com,India,Retail,Enterprise,2025-02-08
3573,Denise Rojas,udickson@example.org,USA,Healthcare,Enterprise,2026-04-17
3574,Eric Sutton,randall61@example.org,Germany,SaaS,Enterprise,2025-04-10
3575,Adriana Combs,trankelly@example.com,India,Healthcare,Enterprise,2024-12-23
3576,Teresa Raymond,richardsjonathan@example.net,Canada,SaaS,Enterprise,2025-09-20
3577,Shelby Rangel,nmartinez@example.net,India,Retail,Enterprise,2025-07-12
3578,Andrea Cooper,charlenewallace@example.com,Germany,Education,Medium,2026-02-20
3579,Julia Farmer,markmartinez@example.org,UK,Healthcare,Medium,2025-09-26
3580,Kimberly Rodriguez,thomas32@example.com,USA,Finance,Small,2026-01-18
3581,Jason Martinez,anthony63@example.com,USA,SaaS,Medium,2025-04-19
3582,Steven Fox,elizabethbrown@example.net,Canada,Healthcare,Enterprise,2025-05-11
3583,Erica Jones,wmichael@example.com,USA,Education,Medium,2026-04-11
3584,Monica Nguyen,melissathompson@example.org,UK,Finance,Medium,2025-06-22
3585,Mr. Edward Frank,jedwards@example.net,Canada,SaaS,Medium,2024-10-12
3586,Lori Stone,vgray@example.org,USA,Education,Enterprise,2025-01-11
3587,Amanda Sweeney,kelseydavila@example.com,UK,Retail,Medium,2025-05-06
3588,Jennifer Perry,awiley@example.org,India,Finance,Enterprise,2025-12-21
3589,Thomas Jackson,gonzalezchristian@example.org,UK,Education,Enterprise,2026-05-16
3590,Andrew Murphy,daniel09@example.net,Canada,Education,Small,2024-09-22
3591,Gregory Graham,rdavenport@example.net,USA,Retail,Small,2026-03-25
3592,Lee Fry,brentdawson@example.net,Canada,Retail,Medium,2025-05-09
3593,James Avila,vharvey@example.net,UK,Finance,Small,2025-02-13
3594,Karen Gray,jewing@example.org,Germany,Retail,Small,2024-12-23
3595,Justin Arias,alexandrialevine@example.com,Canada,Finance,Small,2026-03-18
3596,Bruce Ramirez,upeters@example.net,USA,Education,Medium,2026-03-19
3597,Beverly Massey,hollyritter@example.net,India,Education,Enterprise,2025-07-28
3598,John Ortiz,snyderbarry@example.org,USA,Finance,Enterprise,2025-06-15
3599,Douglas Clark,herringjoseph@example.com,Canada,Retail,Enterprise,2026-02-01
3600,Richard Chavez,pattersonmegan@example.org,UK,Retail,Medium,2024-10-26
3601,Rebecca Johnson,erinbryant@example.org,Germany,SaaS,Medium,2025-01-09
3602,Dr. Carla White,nicholasknight@example.com,UK,Healthcare,Enterprise,2026-05-03
3603,Timothy Valencia,swest@example.com,UK,SaaS,Small,2024-12-18
3604,Ashley Huffman,scottashley@example.com,Germany,Retail,Medium,2025-11-23
3605,Thomas Wilson,omullen@example.org,UK,SaaS,Enterprise,2025-07-29
3606,Katherine Smith,stephaniejackson@example.org,Germany,Finance,Medium,2024-09-02
3607,Stephen King,velasquezrobert@example.net,Germany,Finance,Medium,2025-04-04
3608,Jesse Williams,changkelsey@example.com,Germany,SaaS,Enterprise,2025-07-11
3609,Jessica Holmes,megan79@example.com,India,Finance,Enterprise,2025-07-08
3610,Cynthia Holmes,lwhite@example.net,UK,Education,Medium,2025-03-12
3611,Janet Wright,dlowery@example.org,USA,Healthcare,Medium,2024-06-11
3612,Randy Carter,susan89@example.com,Canada,SaaS,Enterprise,2025-09-17
3613,Brian Hampton,haynesmark@example.com,India,Retail,Enterprise,2024-11-01
3614,Drew Cruz,tcooper@example.org,UK,Education,Small,2024-08-10
3615,Richard Martin,wrightcurtis@example.net,Germany,Retail,Medium,2024-09-06
3616,Jessica Dickson,jacob43@example.net,UK,Healthcare,Small,2026-02-28
3617,Jennifer Garcia,simmonsronnie@example.net,UK,SaaS,Medium,2026-04-04
3618,Elizabeth Gibson,mayoblake@example.net,Canada,SaaS,Enterprise,2024-10-09
3619,Mr. Todd Martinez,christopher64@example.com,UK,Retail,Medium,2024-11-11
3620,Brett Jones,shieldswilliam@example.net,UK,SaaS,Small,2024-09-17
3621,Jamie Dominguez,anna83@example.net,India,Retail,Small,2024-09-19
3622,Lindsey Ward,mckinneytracy@example.org,USA,SaaS,Enterprise,2025-09-23
3623,William Price,kathryn81@example.com,India,Education,Medium,2024-09-20
3624,Amanda Williams,grobinson@example.com,UK,Retail,Small,2026-04-29
3625,Jeffrey Robinson,joy40@example.net,USA,SaaS,Small,2024-09-26
3626,Katie Glover,gbates@example.net,Germany,Retail,Medium,2024-09-25
3627,Cathy Diaz,frazierjoseph@example.net,Canada,Healthcare,Enterprise,2025-05-12
3628,Amber Walker,martinlinda@example.net,Germany,SaaS,Medium,2025-03-02
3629,Ashley Mcconnell,richard79@example.org,Germany,Finance,Enterprise,2026-04-25
3630,Robert Hudson,johnsondouglas@example.org,Germany,Finance,Small,2025-12-22
3631,Jonathan Garrett,wilkinsonkristen@example.com,USA,SaaS,Small,2025-04-29
3632,Brandon Moreno,donaldjohnston@example.com,USA,Retail,Enterprise,2024-09-09
3633,Benjamin Kline,sreynolds@example.net,Canada,Healthcare,Small,2024-09-29
3634,Matthew Daniels,samanthavasquez@example.com,Canada,Education,Enterprise,2025-09-03
3635,Michael Mayo,lisaatkinson@example.org,Germany,Finance,Enterprise,2024-05-25
3636,Vincent Turner,matthewwilliams@example.net,USA,Education,Small,2025-05-06
3637,Matthew Nash,lori18@example.org,Germany,Retail,Enterprise,2024-12-18
3638,Ms. Felicia Barnes,eberg@example.net,Germany,Finance,Enterprise,2024-09-17
3639,Erin Livingston,iperry@example.net,UK,SaaS,Medium,2026-05-04
3640,Mr. Larry Ford,mitchelllittle@example.com,USA,Education,Small,2025-02-24
3641,Dustin Collins,fmann@example.com,Germany,SaaS,Medium,2026-02-24
3642,Natalie Paul,todd26@example.org,Canada,Education,Enterprise,2026-01-20
3643,Arthur Johnson,yweaver@example.net,Germany,SaaS,Enterprise,2024-12-17
3644,Shawn Clay,dblevins@example.com,Canada,Education,Enterprise,2024-12-12
3645,Diana Hernandez MD,raymondmccoy@example.net,USA,Healthcare,Enterprise,2025-07-28
3646,Richard Harvey II,lewisronald@example.org,USA,Healthcare,Enterprise,2024-11-17
3647,Nicholas Scott,pcarter@example.org,UK,SaaS,Enterprise,2024-07-17
3648,Stephen Myers,carla26@example.net,Germany,Finance,Small,2025-02-21
3649,Shawn Gomez,heather33@example.org,USA,Healthcare,Enterprise,2024-07-21
3650,Kristopher Lucas,xhamilton@example.net,UK,Healthcare,Small,2026-01-26
3651,Anna Collins,nathanmoore@example.org,Canada,Finance,Small,2025-08-19
3652,James Morgan,droberts@example.com,USA,SaaS,Enterprise,2024-05-18
3653,Barbara Stark,krystal83@example.org,India,Finance,Enterprise,2025-10-06
3654,Angela Bennett,flin@example.com,UK,Retail,Enterprise,2024-06-16
3655,Philip Wilson,garrettkimberly@example.net,USA,Healthcare,Medium,2025-06-03
3656,Martha Stokes,psmith@example.org,USA,Education,Medium,2025-01-28
3657,Stephanie Haas,lori42@example.net,Canada,Retail,Small,2025-07-21
3658,Rebecca Johnston,justinking@example.net,Canada,Retail,Enterprise,2024-12-08
3659,Hannah Lewis,matthewscaitlin@example.net,India,Education,Medium,2026-02-02
3660,Debra Riggs,gayangela@example.com,Canada,Education,Enterprise,2024-09-15
3661,Mark Wright,larrymendoza@example.org,UK,SaaS,Enterprise,2025-09-17
3662,Matthew Schneider,julia93@example.org,USA,Healthcare,Small,2026-03-16
3663,Chad Perez,mthompson@example.net,UK,Healthcare,Medium,2024-06-04
3664,Charles Salinas,whitelaura@example.org,UK,Healthcare,Enterprise,2024-12-26
3665,Robin Brown,jonathantaylor@example.com,Canada,Healthcare,Enterprise,2025-11-04
3666,Thomas Ramirez,slyons@example.com,India,Finance,Small,2025-07-08
3667,Jay Williams,danielsmith@example.com,Canada,Retail,Small,2025-06-30
3668,Tracy Carter,christinereyes@example.net,Canada,Finance,Medium,2025-07-19
3669,Christine Crosby,ssmith@example.com,Germany,Healthcare,Medium,2025-03-15
3670,Devin Benson,jeffrey41@example.org,Germany,SaaS,Medium,2024-10-11
3671,Jason Williams,stevenfriedman@example.org,Germany,Healthcare,Enterprise,2024-11-27
3672,Elizabeth Wright,dustinmalone@example.com,UK,SaaS,Enterprise,2026-05-18
3673,Sylvia Tyler,daniellecobb@example.com,India,Healthcare,Enterprise,2025-03-03
3674,Debbie West,kelly19@example.net,India,Education,Enterprise,2025-09-24
3675,Kent Burns,wilsonbradley@example.net,Canada,Education,Small,2025-05-31
3676,Jason Green,veronicarivera@example.org,Germany,Healthcare,Medium,2024-06-02
3677,Steven Warner,karen96@example.org,Germany,Retail,Small,2026-02-22
3678,Laura Davis,eric93@example.com,Canada,Healthcare,Small,2025-04-03
3679,Robert King,laurencontreras@example.com,India,SaaS,Enterprise,2025-12-21
3680,John Atkinson,jonathan01@example.org,USA,Education,Medium,2025-09-13
3681,Larry Rivera,rchandler@example.net,USA,Finance,Enterprise,2025-08-21
3682,Ruben Watson,schultzmichael@example.net,USA,Finance,Medium,2025-07-10
3683,Mark Bright,ewilkins@example.net,India,Healthcare,Small,2024-11-22
3684,Sarah Hernandez,cdixon@example.org,India,SaaS,Small,2024-06-26
3685,Reginald Davenport,waynehill@example.org,Germany,Healthcare,Medium,2025-10-13
3686,Dwayne Hurst,colewilkins@example.com,USA,SaaS,Small,2025-04-25
3687,Jeremy Bowman,smithjustin@example.org,Canada,Finance,Enterprise,2025-06-12
3688,Jeffrey Hughes,obailey@example.net,Germany,SaaS,Enterprise,2025-11-20
3689,Jonathan Hall,lorijohnson@example.net,India,Education,Medium,2025-03-29
3690,Amy Mcfarland,qarnold@example.org,Canada,Finance,Enterprise,2026-02-17
3691,Dr. Deanna Cross,markjones@example.net,USA,SaaS,Small,2024-12-21
3692,Nicole Maldonado,conradjames@example.com,India,Retail,Small,2025-01-02
3693,Denise Oliver DVM,vmorrison@example.org,India,Education,Enterprise,2024-06-29
3694,Ricky Moore,joyce53@example.net,Canada,Retail,Medium,2025-04-25
3695,David Porter,randolphlaura@example.org,Canada,Healthcare,Medium,2024-12-07
3696,Melissa Duncan,hensonstephen@example.net,USA,Education,Enterprise,2025-08-07
3697,Misty Cowan,ecox@example.org,UK,Healthcare,Small,2025-10-05
3698,Hannah Chavez,joshuaturner@example.com,Germany,Education,Enterprise,2025-01-22
3699,Karen Dickerson,reidjessica@example.com,India,SaaS,Enterprise,2024-12-17
3700,Miranda Flores,henryrichard@example.org,India,Healthcare,Enterprise,2025-06-07
3701,Tracey Holt,davidmurphy@example.com,Canada,Retail,Enterprise,2025-04-20
3702,Michael Avila,ijones@example.com,Germany,Healthcare,Medium,2024-09-20
3703,Wayne David,tinafrench@example.org,India,Retail,Enterprise,2024-10-19
3704,Zachary Hester,velliott@example.com,India,Finance,Medium,2025-05-04
3705,Thomas Moran,jenniferfranklin@example.net,Canada,Healthcare,Medium,2024-07-05
3706,Laurie Murphy,karen37@example.com,USA,Finance,Medium,2024-12-26
3707,Nicole Jackson,tshort@example.net,India,SaaS,Enterprise,2025-02-23
3708,Cassandra Salinas,jessicagonzalez@example.net,USA,SaaS,Enterprise,2025-09-24
3709,Robert Miranda,terri35@example.org,UK,SaaS,Small,2024-07-27
3710,Jamie Simmons,adamsdeborah@example.com,Canada,SaaS,Small,2025-03-10
3711,Larry Davis Jr.,ntaylor@example.com,India,Education,Medium,2025-11-24
3712,Vincent Brown,bherrera@example.org,USA,Retail,Enterprise,2025-04-29
3713,Whitney Kennedy,qoneill@example.org,Canada,Healthcare,Medium,2026-01-21
3714,Ashley Kelly,browntammy@example.com,Germany,Education,Enterprise,2025-04-28
3715,Marie Cochran,olsonheather@example.org,Canada,SaaS,Medium,2025-11-09
3716,Benjamin Flynn,cdixon@example.net,USA,Education,Small,2024-06-28
3717,Zachary Cline,matthewwallace@example.net,USA,Retail,Enterprise,2024-09-07
3718,Michael Campos,bgarcia@example.net,Canada,Finance,Small,2024-09-13
3719,Ryan Medina,peckgabrielle@example.com,Canada,Education,Small,2025-03-20
3720,Rachel Hart,bmartinez@example.com,Canada,Retail,Small,2025-05-19
3721,Devon Peterson,noblecharles@example.com,Canada,Healthcare,Small,2024-12-12
3722,Claudia Singleton,julie38@example.com,USA,Finance,Small,2026-03-21
3723,Johnny Hughes,pmartinez@example.net,Canada,Finance,Small,2025-11-18
3724,Allen Wood,olivia48@example.org,Germany,Retail,Medium,2025-07-31
3725,Meredith Taylor,reesemark@example.org,UK,Finance,Small,2024-06-17
3726,Francisco Dillon,adam38@example.org,India,Healthcare,Enterprise,2026-03-21
3727,Carol Parker,james05@example.com,USA,Finance,Medium,2025-02-23
3728,Karen Weaver,jessica12@example.net,Germany,Finance,Medium,2026-05-02
3729,Jessica Acevedo,zlewis@example.org,UK,SaaS,Enterprise,2025-12-08
3730,Erin Chapman,valerie13@example.net,Canada,Retail,Small,2025-09-11
3731,Joy Mann,melissacraig@example.com,India,Education,Small,2025-11-21
3732,Jasmine Howell,rachaelsantiago@example.net,Germany,Education,Medium,2025-05-24
3733,Dustin Lopez,rklein@example.com,USA,Finance,Small,2026-01-13
3734,Ryan Martin,rebecca55@example.org,Canada,Retail,Medium,2024-05-31
3735,Lisa Wallace,diane27@example.net,India,Finance,Small,2025-08-15
3736,Charles Parker,tylerreynolds@example.org,USA,Finance,Enterprise,2025-07-06
3737,Jay Stanley,mercadodavid@example.net,UK,Retail,Medium,2025-08-02
3738,Misty Rojas,gomezjessica@example.net,USA,SaaS,Medium,2024-12-17
3739,David Valdez,valentinecharles@example.com,Germany,Healthcare,Small,2025-11-28
3740,Christopher Barrett,courtney64@example.com,Canada,Education,Small,2026-03-29
3741,Troy Hatfield,bparks@example.com,Germany,SaaS,Medium,2024-12-06
3742,Jose Campbell,gilbertjulie@example.net,USA,Healthcare,Enterprise,2024-06-26
3743,Jordan Smith,katiepage@example.net,India,Healthcare,Medium,2024-09-12
3744,Amanda Perry,carlahicks@example.com,Germany,Finance,Medium,2024-09-02
3745,Dr. Erin Stuart,rachel04@example.com,India,Retail,Small,2025-11-29
3746,Patrick Ramirez,jessicathomas@example.com,Canada,Finance,Small,2026-02-10
3747,Jeffrey Newman,elainefranklin@example.org,Germany,Retail,Small,2025-12-02
3748,Kathy Kemp,boydsteven@example.org,UK,Finance,Enterprise,2026-03-06
3749,Andrew Miller,dmontgomery@example.org,Germany,SaaS,Medium,2025-08-09
3750,Julie Walker,hayestonya@example.com,UK,SaaS,Small,2025-07-19
3751,Crystal Campbell,hannah29@example.net,India,SaaS,Small,2025-10-14
3752,Jerry Spencer,kellercarrie@example.net,Germany,Retail,Enterprise,2025-05-30
3753,Reginald Perry,moorecharles@example.net,India,SaaS,Small,2025-05-10
3754,Andrea Yang,weeksjulie@example.com,UK,Retail,Enterprise,2024-09-14
3755,Dominic Mays,ewest@example.org,India,SaaS,Medium,2024-07-27
3756,Krystal Orozco,isaactaylor@example.com,Germany,Education,Medium,2026-05-04
3757,Amanda Boyle,njones@example.org,UK,Finance,Medium,2025-03-30
3758,Corey Kidd,zmichael@example.org,Canada,Retail,Small,2025-05-06
3759,Michael Black,ijones@example.net,USA,SaaS,Small,2025-09-26
3760,Laura Barker,ewood@example.net,UK,Healthcare,Medium,2025-07-14
3761,Daniel Bell,michellemullins@example.org,Canada,SaaS,Enterprise,2025-10-22
3762,John Palmer,michael94@example.com,UK,SaaS,Enterprise,2025-08-09
3763,Carrie Lewis,mariawilliams@example.com,India,Retail,Enterprise,2026-02-16
3764,Tina Moore,ellisonamanda@example.net,USA,Retail,Medium,2025-11-21
3765,Dean Flores,mdunn@example.com,India,Finance,Medium,2024-11-25
3766,Deborah Ryan,morrisonandrea@example.org,USA,Retail,Small,2025-03-24
3767,Jesse Allen,hflores@example.com,Canada,Healthcare,Enterprise,2024-09-17
3768,Christopher Wu,boyernancy@example.com,Canada,Healthcare,Small,2025-01-14
3769,Erin Nichols,youngmichael@example.net,India,SaaS,Medium,2024-12-31
3770,Andre Freeman,riverakelly@example.net,UK,Retail,Small,2024-06-20
3771,Stacy Middleton,deandiane@example.org,Germany,SaaS,Enterprise,2024-10-06
3772,Tracy Rios,brittany94@example.com,Canada,Education,Small,2025-06-24
3773,Joshua Davis,lhood@example.net,UK,Education,Enterprise,2025-09-26
3774,Scott Jenkins,bradley91@example.net,UK,Healthcare,Small,2026-05-10
3775,Jaime Thomas,jking@example.org,UK,Retail,Small,2026-03-14
3776,Edwin Wilson,yburns@example.com,India,Healthcare,Small,2025-07-12
3777,Kevin Morgan,garciaholly@example.net,Germany,SaaS,Enterprise,2026-01-01
3778,Wendy Banks,hnguyen@example.com,UK,SaaS,Small,2025-07-07
3779,Richard Herrera,anthony14@example.net,Germany,Retail,Enterprise,2026-01-29
3780,Rachel Hensley,rebecca52@example.net,India,Healthcare,Small,2026-02-22
3781,John Nelson,stacybrown@example.org,India,Retail,Medium,2025-09-27
3782,Wesley Bryant DDS,phillipsjessica@example.org,USA,Education,Medium,2024-05-27
3783,Billy Barrett,wilcoxchristina@example.net,USA,Finance,Small,2024-12-12
3784,Michael Callahan,maxwellcarla@example.org,India,Finance,Medium,2025-04-01
3785,Sarah Smith,josephnewman@example.net,India,Retail,Small,2025-04-27
3786,Elaine King,jessicajohnson@example.org,India,SaaS,Small,2024-05-30
3787,Meghan Diaz,sanderson@example.org,USA,SaaS,Small,2024-06-20
3788,Alejandra French,whitediana@example.org,India,Healthcare,Medium,2025-05-24
3789,Daniel Knox,donna03@example.com,Germany,Finance,Enterprise,2024-10-08
3790,Kristen Skinner,scottbrown@example.org,USA,Retail,Small,2025-08-21
3791,James Wright,cindycunningham@example.net,India,Retail,Medium,2024-06-20
3792,John May,steven14@example.com,India,Finance,Small,2024-11-10
3793,Lisa Hall,amanda92@example.com,USA,SaaS,Enterprise,2024-09-02
3794,Shawn Knight,juarezjeremy@example.org,Canada,Healthcare,Medium,2025-12-28
3795,Justin Moran,erichards@example.org,India,Finance,Enterprise,2025-02-05
3796,Brandy Barron,ajames@example.org,Canada,Education,Enterprise,2025-09-27
3797,Christopher Barton,miguel71@example.org,India,Healthcare,Enterprise,2025-11-20
3798,Lucas Newton,udrake@example.com,India,Healthcare,Enterprise,2026-01-22
3799,Pamela Green,tmiller@example.org,Germany,SaaS,Small,2024-07-31
3800,Tyler Becker,charlenewalker@example.com,UK,Education,Small,2025-06-08
3801,Kelly Espinoza,hannahjones@example.com,USA,Education,Enterprise,2025-06-13
3802,James Peters,martinveronica@example.org,UK,Healthcare,Enterprise,2025-03-27
3803,Daniel Kirby,thomascarr@example.net,Germany,SaaS,Small,2024-10-02
3804,Melissa Williamson,cobbalexandra@example.org,Canada,Education,Medium,2025-11-20
3805,Joseph Moore,david22@example.org,India,Retail,Small,2025-06-25
3806,Richard Scott,adrian87@example.net,Canada,Healthcare,Small,2025-06-20
3807,Samantha Jacobs,elizabeth98@example.org,UK,Healthcare,Medium,2026-03-04
3808,Tammy Cline,ijimenez@example.net,Canada,Finance,Enterprise,2025-03-27
3809,Mary Robbins,moraemily@example.com,India,Finance,Medium,2026-05-10
3810,John Rodriguez,hannahyang@example.com,USA,Retail,Small,2024-06-04
3811,Caroline Johnson,carrie31@example.net,Germany,Retail,Enterprise,2025-07-03
3812,Tracy Warren,bgonzalez@example.com,Canada,SaaS,Small,2024-09-07
3813,George Cooper,emilyhall@example.com,Canada,Finance,Enterprise,2025-03-05
3814,Vincent Wilson,forr@example.com,UK,Finance,Small,2024-08-05
3815,Victoria Gay,echavez@example.org,Canada,SaaS,Enterprise,2025-09-13
3816,Heather Hernandez,weberpatricia@example.org,UK,Retail,Medium,2026-03-18
3817,Cole Dixon,nicholasgreen@example.org,Canada,Education,Small,2025-03-15
3818,Jeffrey Mcdaniel,stephaniebright@example.org,UK,Retail,Enterprise,2026-01-16
3819,Kathleen Lloyd,aperez@example.net,Germany,Education,Medium,2026-04-01
3820,Jacob Summers,ashleykelley@example.net,Germany,Education,Medium,2026-05-15
3821,Michael Simmons,robert54@example.net,UK,Healthcare,Small,2026-02-03
3822,Robert Wheeler DVM,vwilson@example.org,UK,Education,Small,2024-07-06
3823,Virginia Johnson,gerald83@example.net,Canada,SaaS,Enterprise,2025-12-02
3824,Patricia Andrade,kristy54@example.org,Germany,Education,Enterprise,2024-08-23
3825,Alejandro Adams,costajennifer@example.org,Canada,Finance,Medium,2024-07-11
3826,Julia Morales,jmathis@example.net,UK,Finance,Enterprise,2026-02-03
3827,Shane Wade,dana82@example.com,India,Education,Small,2024-11-26
3828,James Reynolds,bennettjohn@example.net,UK,Healthcare,Small,2025-04-20
3829,Scott Smith,jwade@example.com,Canada,Healthcare,Medium,2025-11-28
3830,Melanie Williams,charles92@example.org,USA,Healthcare,Medium,2025-07-08
3831,Jermaine Davis,blakemichael@example.com,UK,Finance,Small,2026-03-01
3832,Meghan Phillips,umcgee@example.net,UK,Healthcare,Enterprise,2024-11-26
3833,Shannon Welch,allisonhiggins@example.org,USA,SaaS,Enterprise,2025-01-15
3834,Mr. Philip Smith,kimberly94@example.net,India,Education,Medium,2025-05-03
3835,Jennifer Stewart PhD,raymichael@example.net,India,SaaS,Enterprise,2025-02-18
3836,Nicholas Mccall,rkirby@example.com,Canada,Finance,Enterprise,2024-05-30
3837,George Hall,moralescarrie@example.com,UK,Retail,Enterprise,2024-08-11
3838,Jeremiah Flores,danielsmelissa@example.org,India,Finance,Small,2025-04-29
3839,Heather Ray,lcarney@example.net,USA,Finance,Small,2025-03-09
3840,Katherine Richardson,rogernewton@example.org,India,Healthcare,Medium,2024-08-30
3841,Alexandria Thornton,jason27@example.org,USA,Education,Enterprise,2025-03-19
3842,Cristian Escobar,tammy22@example.net,Canada,SaaS,Enterprise,2024-06-17
3843,Susan Gallagher,dgaines@example.org,Germany,Finance,Enterprise,2025-01-09
3844,Dawn Pope,davidgomez@example.org,Canada,Education,Small,2025-08-30
3845,Christine Rowe,qyoder@example.org,Germany,Healthcare,Medium,2024-11-11
3846,Teresa Wheeler,tristan19@example.net,India,Healthcare,Enterprise,2024-10-19
3847,Ruben Moore,stephenrodriguez@example.com,Germany,Healthcare,Medium,2025-01-02
3848,Linda Robinson,aperkins@example.net,UK,Retail,Medium,2024-05-24
3849,Michael Porter,ginajohnson@example.net,UK,Retail,Small,2025-02-17
3850,Nicole Clark,ocooper@example.com,Germany,Healthcare,Medium,2026-04-06
3851,Mary Newton,debra58@example.org,UK,Healthcare,Small,2025-10-26
3852,Brooke Foster,morganadam@example.org,Canada,Retail,Enterprise,2025-12-14
3853,Thomas Griffith,jennifer47@example.org,UK,Finance,Small,2026-03-21
3854,Ashley Douglas MD,jamesjones@example.com,India,Healthcare,Small,2026-02-16
3855,Brooke Garcia,kharris@example.org,Germany,Education,Small,2025-11-28
3856,Scott Larsen DDS,tfernandez@example.net,USA,Healthcare,Small,2026-02-25
3857,Victor Perez PhD,josephcraig@example.net,Germany,Healthcare,Medium,2025-05-26
3858,Jacob Williams,tina82@example.org,Germany,SaaS,Enterprise,2024-05-21
3859,Michael Wagner,moniquedavis@example.com,Canada,Healthcare,Enterprise,2024-09-22
3860,Jermaine Young,david62@example.com,USA,Education,Small,2024-10-07
3861,Brian Thomas,gcruz@example.com,Germany,Retail,Small,2024-12-07
3862,William Griffith,taylorlarry@example.org,USA,SaaS,Enterprise,2025-06-11
3863,Jill Maddox,espinozalaura@example.net,USA,Healthcare,Small,2026-03-20
3864,Bryan Alvarado,hwright@example.org,USA,Finance,Small,2024-06-08
3865,Melissa Nichols,ybrown@example.org,Canada,SaaS,Small,2024-08-11
3866,Anne Baxter,vmcdonald@example.com,USA,Education,Enterprise,2025-01-11
3867,Robert Lopez,jennifer29@example.net,India,SaaS,Small,2024-10-08
3868,Nicole Hicks,henrycampbell@example.com,UK,Retail,Enterprise,2025-06-24
3869,Richard Sanchez,keithgraham@example.com,Germany,Healthcare,Medium,2025-11-12
3870,Jessica Fisher,megan90@example.org,India,Retail,Small,2024-06-21
3871,Gregory Ibarra,kelsey01@example.com,UK,SaaS,Enterprise,2025-10-05
3872,Marc Bowman,mariegreen@example.org,India,Education,Small,2025-04-28
3873,Daniel Lindsey,myerscharles@example.com,USA,SaaS,Small,2025-07-09
3874,Anna Smith,jessicaleach@example.org,Canada,Finance,Small,2024-08-14
3875,Ann Drake,edward25@example.com,Canada,Retail,Small,2024-08-23
3876,Justin Lindsey,christopher01@example.com,USA,Healthcare,Small,2025-11-30
3877,Kerry Webster,michelle61@example.org,UK,Retail,Medium,2025-08-21
3878,Jenna Weaver,diane63@example.net,UK,Finance,Enterprise,2026-04-18
3879,Michael Webster,stephaniebaker@example.com,India,Healthcare,Enterprise,2025-04-21
3880,Chase Marquez,ichavez@example.com,Germany,SaaS,Medium,2026-02-18
3881,Elizabeth Browning,qdavis@example.com,UK,SaaS,Small,2026-04-20
3882,Eric Travis,pruittlisa@example.com,USA,Finance,Medium,2024-06-25
3883,Kelly Lewis,cnguyen@example.org,USA,Education,Medium,2026-01-29
3884,Daniel Gates,vzhang@example.com,USA,Finance,Small,2026-02-14
3885,Christina Cunningham,davidmorgan@example.net,USA,Education,Small,2025-06-16
3886,David Scott,sheilajones@example.com,UK,Retail,Enterprise,2024-09-26
3887,Rachel Scott,rrasmussen@example.net,India,Education,Small,2026-02-04
3888,Mr. John Watkins DDS,micheal53@example.com,Germany,Healthcare,Enterprise,2025-12-02
3889,Patty Cameron DVM,donaldmercado@example.com,India,Education,Medium,2024-05-28
3890,Laura Rogers,kburns@example.com,India,SaaS,Medium,2024-11-11
3891,Joseph Davis,parkermatthew@example.net,Germany,Finance,Medium,2025-01-18
3892,Lisa Martin,qclark@example.net,USA,SaaS,Small,2024-10-17
3893,Anthony Davila,kristinamurray@example.net,UK,Finance,Small,2025-07-05
3894,Emily Atkinson,karen58@example.com,Germany,Retail,Enterprise,2025-05-27
3895,Michael Hess,charleslyons@example.net,Germany,SaaS,Small,2025-02-19
3896,William Franco,kimberlyandersen@example.com,Canada,Retail,Enterprise,2026-04-07
3897,Jared Cisneros,ramseyjoseph@example.com,India,Healthcare,Small,2025-05-29
3898,Kathryn Brown,hernandeztheresa@example.net,India,Healthcare,Small,2025-10-26
3899,Shaun Rodriguez,thomaskathleen@example.net,Germany,Finance,Medium,2024-12-21
3900,Evan Rogers,sross@example.org,Germany,Retail,Medium,2025-04-18
3901,Johnny Gilmore,kconrad@example.com,Germany,Education,Enterprise,2024-09-12
3902,Tammy Powell,dunnjuan@example.net,India,Healthcare,Enterprise,2025-12-29
3903,Amy Mccarthy,aaron20@example.org,UK,Retail,Medium,2026-03-03
3904,Katherine Estes,changjuan@example.org,Canada,Retail,Enterprise,2025-05-02
3905,Amy Graham,hannah98@example.com,Canada,Retail,Enterprise,2026-04-22
3906,Nicholas Marshall,deborahgoodman@example.org,Canada,Healthcare,Medium,2025-12-14
3907,Daniel Baird,jacob56@example.net,USA,Education,Enterprise,2026-03-02
3908,Jessica Burton,david19@example.net,Germany,Education,Enterprise,2025-12-13
3909,Lindsay Parker,thomaswells@example.com,UK,SaaS,Small,2025-04-21
3910,Elizabeth Mendez,vfranklin@example.com,India,SaaS,Small,2025-04-11
3911,Terri Wells,edwardsemily@example.org,USA,Finance,Enterprise,2025-03-30
3912,David Hernandez,millerhunter@example.org,Germany,Healthcare,Small,2026-01-27
3913,Pamela Henderson,zclayton@example.net,USA,Finance,Medium,2024-10-10
3914,Sarah Wilson,kristyphillips@example.net,UK,Finance,Medium,2024-12-27
3915,Maria Hamilton,qcortez@example.net,UK,Education,Medium,2025-08-23
3916,Michael Gonzalez,uowens@example.org,UK,Healthcare,Small,2024-05-25
3917,Suzanne Williams,usheppard@example.com,USA,Healthcare,Small,2026-04-27
3918,Maria Jackson,kennethfinley@example.net,UK,Retail,Enterprise,2024-06-07
3919,Dawn Rodriguez,donaldrivera@example.net,USA,Retail,Medium,2025-10-14
3920,Omar Harris,nathaniellewis@example.com,USA,SaaS,Enterprise,2024-09-23
3921,Eduardo Smith,ksmith@example.org,Canada,SaaS,Medium,2024-10-11
3922,Samuel Townsend,travisjacob@example.net,Canada,Healthcare,Small,2024-10-25
3923,Nicholas Day,andrea82@example.org,UK,Finance,Small,2026-03-26
3924,Jennifer Soto,lbailey@example.net,USA,Healthcare,Small,2025-07-21
3925,Katherine Mills,jshelton@example.net,USA,Education,Medium,2024-08-08
3926,Carrie Gonzales,fswanson@example.net,UK,Healthcare,Medium,2024-07-19
3927,Cynthia Davis,carterdaniel@example.net,UK,Education,Enterprise,2025-08-31
3928,Cynthia Walker,goodwinricky@example.com,India,Retail,Medium,2025-04-29
3929,Deanna Ramirez,nathanbrooks@example.org,India,Retail,Enterprise,2025-08-25
3930,Terry Alexander,patrickamy@example.com,USA,Finance,Small,2025-02-18
3931,Allen Diaz,walkerjoshua@example.org,UK,SaaS,Enterprise,2025-03-08
3932,Jennifer Davis,cross@example.org,USA,Education,Small,2026-01-21
3933,Danielle Stuart,wtorres@example.org,Canada,Healthcare,Small,2024-10-05
3934,Amy Taylor,craig76@example.com,Germany,Retail,Enterprise,2025-08-07
3935,Erin Singleton,rsmith@example.com,Germany,Education,Enterprise,2025-05-11
3936,Casey Turner,mollysmith@example.com,India,Education,Enterprise,2025-12-07
3937,Nathan Luna,dstephens@example.com,India,Healthcare,Medium,2025-03-30
3938,Laura Mcguire,gillkimberly@example.net,UK,Finance,Small,2024-05-28
3939,Matthew Howell,craig56@example.net,Canada,Retail,Small,2026-01-16
3940,Stephanie Myers,penaamy@example.net,UK,Retail,Enterprise,2024-11-16
3941,Steven Ruiz,barbaraburgess@example.org,USA,Healthcare,Medium,2024-12-03
3942,Laura Murphy,michellepreston@example.org,UK,Education,Enterprise,2024-07-02
3943,Michael Brown,holly72@example.net,USA,Retail,Medium,2025-01-27
3944,Christian Hart,antonio55@example.com,India,Retail,Medium,2025-05-01
3945,Kelly Sawyer,obarrett@example.net,UK,SaaS,Medium,2025-11-16
3946,Christina Snyder,angelaallen@example.com,Germany,Healthcare,Medium,2025-08-12
3947,Sarah Davis,ericlloyd@example.org,USA,SaaS,Small,2025-03-26
3948,Kevin Fisher,lindabryan@example.com,India,Education,Medium,2024-11-02
3949,Oscar Mosley,charles89@example.com,USA,Healthcare,Medium,2024-09-11
3950,Darlene Doyle,nicholasbaker@example.net,UK,Education,Small,2025-02-02
3951,Austin Castaneda,kurtcrane@example.net,USA,Healthcare,Enterprise,2026-05-06
3952,Lindsey King,henrymoran@example.org,USA,Finance,Small,2024-11-30
3953,Brian Anderson,brittanychang@example.org,Canada,Healthcare,Enterprise,2026-03-25
3954,Vickie Ward,waltersshawn@example.com,USA,Healthcare,Medium,2026-05-10
3955,Jesse Hunter,kyle36@example.net,USA,Education,Enterprise,2025-06-22
3956,Chad Jackson,barrettalec@example.net,USA,Education,Medium,2026-02-05
3957,Wendy Shannon,sullivandouglas@example.net,USA,SaaS,Medium,2024-07-14
3958,Robert Estes,parrishaudrey@example.net,USA,Finance,Small,2025-01-13
3959,Kelsey Morse,christine79@example.com,India,Finance,Medium,2025-06-13
3960,James Hernandez,operkins@example.org,Canada,Healthcare,Medium,2024-12-15
3961,Mark Spencer,jeanettepeterson@example.net,Germany,Finance,Small,2025-06-26
3962,Linda Wilson,jerrysmith@example.net,USA,Finance,Medium,2025-06-16
3963,Nicole Brown,fgarcia@example.org,Canada,SaaS,Enterprise,2025-12-05
3964,Michael Gregory,richarddavis@example.com,UK,SaaS,Enterprise,2025-04-30
3965,Kurt Hernandez,zcurtis@example.net,Germany,Retail,Enterprise,2025-06-28
3966,William Nunez,mfranco@example.org,USA,Finance,Small,2025-11-08
3967,Juan Russo,dgraham@example.com,UK,Retail,Small,2025-05-01
3968,Jacob Hardy,jonathandavidson@example.net,USA,Healthcare,Small,2024-11-11
3969,Mr. Nicholas Matthews Jr.,phelpspatrick@example.com,UK,Healthcare,Enterprise,2025-12-25
3970,Jason Wagner,williamhines@example.net,Canada,Education,Enterprise,2025-10-03
3971,Jason Sanchez,michellerobbins@example.com,Canada,Finance,Medium,2025-08-12
3972,Monique Hanna,swansonvincent@example.org,UK,Finance,Medium,2024-10-05
3973,James Hernandez,ann97@example.org,India,Education,Medium,2025-06-06
3974,Angie Curry,tiffany60@example.net,USA,Retail,Small,2025-01-15
3975,Angela Harris,andreasanders@example.net,UK,Education,Enterprise,2025-05-19
3976,Jacob Cain,johnsonevan@example.com,USA,Healthcare,Enterprise,2025-03-22
3977,Sarah Sims,jprice@example.org,Germany,SaaS,Small,2025-09-05
3978,Shane Small,bryanjacobs@example.net,UK,Finance,Enterprise,2024-11-26
3979,Lauren Joyce,lbailey@example.com,USA,Retail,Small,2025-01-10
3980,Monica Taylor,maria23@example.com,Germany,Finance,Small,2025-02-27
3981,Kelly Odonnell,bradytina@example.org,India,Healthcare,Small,2025-06-23
3982,Cynthia Merritt,michael13@example.com,India,Education,Medium,2025-04-24
3983,Steven Lang,ihunt@example.net,India,SaaS,Small,2025-10-11
3984,Mrs. Bonnie Knapp,rogerserika@example.org,UK,Retail,Medium,2024-08-09
3985,Robert Hunter,parkerjames@example.com,Germany,Finance,Medium,2025-12-01
3986,Victoria Davis,taguilar@example.net,UK,SaaS,Enterprise,2025-09-08
3987,Candice Clay,cynthiadavis@example.net,Germany,SaaS,Medium,2026-04-24
3988,Katelyn Adams,joshuawilliams@example.net,India,Retail,Medium,2026-03-26
3989,Valerie Fitzpatrick,jenniferherman@example.org,Canada,Healthcare,Medium,2024-08-30
3990,Lisa Mason,kking@example.net,India,Education,Enterprise,2024-08-28
3991,Jessica Foster,anthony87@example.com,India,Finance,Small,2026-03-27
3992,Emily Wall,reedjill@example.com,Germany,Education,Medium,2026-05-02
3993,Carmen Bullock,allenkatherine@example.com,India,SaaS,Enterprise,2024-10-08
3994,Ellen Andrews,freemanholly@example.org,USA,Healthcare,Enterprise,2024-09-03
3995,Vincent Noble,wilsonjames@example.org,Canada,SaaS,Small,2026-02-22
3996,Mitchell Wilkins,wallaceallison@example.com,USA,Finance,Medium,2024-11-12
3997,Kyle Douglas,kaitlin94@example.com,UK,Education,Medium,2025-01-03
3998,Peter Johns,wdavis@example.com,USA,Healthcare,Medium,2025-11-18
3999,Michael Harris,jack15@example.net,Germany,SaaS,Medium,2025-02-25
4000,Jacob Carter,scott12@example.com,Germany,Retail,Enterprise,2025-05-11
4001,Edgar Sandoval,bguzman@example.org,Canada,Retail,Small,2024-08-20
4002,Jennifer Clark,elliottdenise@example.org,USA,Healthcare,Enterprise,2025-06-10
4003,Leonard Butler,josephthompson@example.org,USA,Retail,Medium,2025-05-14
4004,Curtis Herman,snunez@example.com,UK,Retail,Medium,2026-01-31
4005,Thomas Baker,smithconnor@example.org,USA,Finance,Medium,2024-11-06
4006,Erik Martin,drewstanley@example.com,Canada,Retail,Small,2024-09-30
4007,Amanda Vega,richardwoodward@example.org,Germany,SaaS,Medium,2025-02-01
4008,Rachel Hall,wjackson@example.net,Germany,SaaS,Enterprise,2025-02-02
4009,Timothy Carter,xgrant@example.org,UK,Retail,Small,2025-01-09
4010,Joshua Rios,tyler69@example.net,UK,Finance,Enterprise,2025-01-09
4011,Paul Cook,richardsonkristen@example.net,USA,Education,Medium,2025-11-26
4012,Sean Cortez,sarah64@example.net,USA,Finance,Medium,2025-05-24
4013,Bianca Christian,chad61@example.org,Germany,Healthcare,Small,2024-09-13
4014,Amy Giles,vscott@example.com,UK,SaaS,Enterprise,2026-04-07
4015,John Anderson,lewisronald@example.net,Germany,Finance,Medium,2024-12-20
4016,Brett Daugherty,travis23@example.org,UK,SaaS,Small,2024-06-04
4017,Valerie Turner,summer49@example.net,USA,Finance,Medium,2025-11-06
4018,Spencer Evans,aaron68@example.com,USA,Finance,Enterprise,2026-05-17
4019,Joshua Watson,callen@example.net,Germany,Retail,Enterprise,2026-02-19
4020,Bradley Pearson,jamessanders@example.org,UK,Finance,Small,2025-09-11
4021,Jessica Ford,vwebb@example.com,USA,SaaS,Medium,2025-12-25
4022,Charles Velazquez,russellashley@example.org,India,Finance,Small,2025-12-10
4023,Maria Floyd,mark98@example.com,UK,Finance,Medium,2025-10-30
4024,Christine Becker,hatfieldcynthia@example.org,Germany,Retail,Enterprise,2026-02-28
4025,Rachel Hernandez,smithpatricia@example.com,UK,Retail,Medium,2026-04-23
4026,Madeline Bradley,colemanjesus@example.com,Canada,Retail,Small,2025-11-30
4027,Jennifer Mckenzie,juliebrandt@example.net,Canada,Education,Small,2024-10-30
4028,Clayton Gomez DDS,garnervanessa@example.com,USA,Education,Enterprise,2026-01-01
4029,Jim Reese,elizabeth66@example.net,UK,Finance,Enterprise,2025-05-20
4030,Anthony Mcdonald,ischwartz@example.com,India,SaaS,Small,2025-08-02
4031,Tonya Melendez,xperry@example.net,Germany,Healthcare,Medium,2024-10-04
4032,Lauren Page,dominguezgabriel@example.org,India,SaaS,Enterprise,2024-09-04
4033,Christopher Burgess,harrisontodd@example.org,Germany,Finance,Enterprise,2025-05-02
4034,Jerry Kramer,oliviapeters@example.com,USA,Retail,Small,2025-10-18
4035,Joseph Harris,kellypaul@example.org,Germany,Education,Small,2024-06-29
4036,Alexandra Serrano,ingramjeremy@example.net,USA,Healthcare,Enterprise,2026-04-07
4037,Julia Haynes,victorstuart@example.com,UK,Retail,Enterprise,2024-05-18
4038,James Marquez,aheath@example.net,Canada,Healthcare,Enterprise,2026-04-18
4039,Sharon Johnson,mosleyjustin@example.com,Germany,Healthcare,Medium,2024-12-25
4040,Jessica Pittman,elizabethkeith@example.org,UK,Healthcare,Enterprise,2025-07-22
4041,Pamela Payne,melissawilliams@example.com,Canada,SaaS,Medium,2026-03-24
4042,Christine Dennis,davidnorman@example.org,India,SaaS,Medium,2025-08-12
4043,Sandra Cardenas,josephsmith@example.com,India,Education,Small,2025-10-13
4044,Vincent King,rhammond@example.com,Germany,Retail,Medium,2026-03-11
4045,Kathryn Smith,coffeymelanie@example.org,Germany,Finance,Medium,2026-01-28
4046,William Shah,barrycameron@example.net,Canada,Retail,Enterprise,2026-01-23
4047,Hunter Sanchez,james51@example.net,India,SaaS,Small,2026-03-13
4048,Stacy Meadows,misty29@example.net,Germany,Retail,Medium,2024-07-20
4049,Ashley Garcia,vrobles@example.net,UK,Education,Enterprise,2025-02-04
4050,Mary York,ejames@example.org,UK,Education,Medium,2026-01-12
4051,Joan Williams,dwheeler@example.com,Germany,Finance,Enterprise,2025-05-07
4052,Jason Rodriguez,sergioedwards@example.com,Germany,Finance,Enterprise,2024-09-07
4053,Tommy Velazquez,scottjean@example.com,Canada,SaaS,Small,2024-08-01
4054,Johnny Herrera,gallegosmary@example.net,USA,SaaS,Enterprise,2024-10-23
4055,Stephen Alexander,lkey@example.net,USA,Education,Medium,2026-01-22
4056,Jermaine Rivera,stacy73@example.org,USA,Retail,Enterprise,2025-08-19
4057,Lisa Martinez,thomasbowman@example.net,Canada,Education,Small,2024-11-24
4058,Bethany Jackson,garciawilliam@example.org,Germany,Education,Enterprise,2025-08-19
4059,Stephanie Harris,william78@example.com,USA,Finance,Medium,2026-01-26
4060,Michaela Edwards DDS,thomasjames@example.com,UK,Healthcare,Medium,2025-12-27
4061,Rebecca Anderson,ryan66@example.org,Canada,Retail,Small,2024-06-19
4062,Scott Sellers,vargasmary@example.net,UK,Retail,Small,2025-05-23
4063,James Martinez,zfox@example.org,India,Retail,Medium,2025-04-13
4064,Jose Lucero,hollyfranklin@example.org,Germany,SaaS,Medium,2026-04-07
4065,Rebecca Houston,lynngarcia@example.net,UK,Education,Medium,2025-11-29
4066,Jennifer Perez,roy62@example.net,India,Finance,Medium,2025-08-29
4067,Andrea Cole,diane60@example.org,Germany,Healthcare,Small,2024-11-15
4068,Alisha Williams,hlewis@example.org,Germany,SaaS,Small,2024-07-22
4069,Matthew Castaneda MD,carolrobinson@example.net,USA,Healthcare,Medium,2025-05-30
4070,Daniel Wong,esharp@example.net,Canada,Education,Medium,2025-04-04
4071,Erik Miller,timothywong@example.com,India,Healthcare,Enterprise,2026-04-12
4072,Amanda Wright,williamscynthia@example.com,Germany,Healthcare,Enterprise,2024-11-25
4073,Rebecca Cardenas MD,brooksgeorge@example.com,Germany,Healthcare,Enterprise,2026-02-12
4074,Vicki Williams,lisa87@example.org,Germany,SaaS,Enterprise,2025-07-18
4075,Mitchell Hart,dianebaker@example.net,Germany,Healthcare,Enterprise,2025-10-17
4076,Mason Johnson,millerjessica@example.com,Germany,Healthcare,Medium,2024-12-21
4077,Christina Walker,kristendougherty@example.net,India,Education,Small,2024-05-21
4078,Jeffery Davis,markjames@example.org,Germany,Healthcare,Small,2026-03-15
4079,Carlos Harris,whunt@example.net,UK,Education,Small,2025-09-28
4080,Heather Byrd,mcneiljason@example.org,Canada,Retail,Enterprise,2025-05-20
4081,Robert Baxter,kaitlin61@example.com,India,Education,Small,2025-07-04
4082,Ralph Carter DVM,john57@example.org,India,Healthcare,Small,2026-05-14
4083,Jessica Phillips,bellkirsten@example.org,USA,SaaS,Medium,2024-07-15
4084,Jacob Oconnell,tamara30@example.net,USA,Education,Small,2024-06-08
4085,Brent Sanchez,sherry48@example.com,USA,Education,Enterprise,2025-03-23
4086,Ronald Rodriguez,christopherallen@example.net,Canada,SaaS,Enterprise,2025-08-05
4087,Angela Rodriguez,pvaldez@example.org,Germany,SaaS,Enterprise,2025-03-31
4088,Shannon Johnson,austinfernandez@example.com,UK,Retail,Enterprise,2026-03-28
4089,Daniel Liu,kristen17@example.org,India,Healthcare,Small,2024-11-01
4090,Steve Garrett,emily38@example.org,UK,Finance,Small,2024-12-27
4091,Mariah Miles,courtneydonovan@example.org,Canada,Healthcare,Enterprise,2025-10-28
4092,Jeffrey Davis,tammy84@example.com,Germany,Finance,Enterprise,2025-10-05
4093,Bobby Huerta,valeriegreer@example.net,USA,Finance,Small,2024-12-26
4094,Brian Estrada,bsmith@example.com,UK,SaaS,Enterprise,2025-12-02
4095,Craig Miranda,heather89@example.org,Canada,SaaS,Small,2025-07-03
4096,Belinda Chan,sancheznicolas@example.org,Germany,Education,Small,2025-12-01
4097,Christopher Palmer,irogers@example.net,USA,Healthcare,Medium,2025-09-20
4098,Kimberly Curtis MD,czhang@example.org,India,Healthcare,Small,2026-03-26
4099,Molly Pruitt,alexandriahopkins@example.net,USA,Retail,Medium,2024-08-17
4100,Tara Kent,melanieweeks@example.net,UK,Retail,Small,2025-06-14
4101,Ernest Hernandez,melissa46@example.com,Germany,SaaS,Medium,2025-10-24
4102,William Long,qorr@example.com,USA,Retail,Enterprise,2025-10-14
4103,James Delacruz,dfields@example.com,USA,Healthcare,Enterprise,2026-03-31
4104,Elizabeth Medina,calvin00@example.net,Germany,Retail,Medium,2025-06-07
4105,Tracy Dixon,gnolan@example.com,Germany,Healthcare,Small,2024-05-28
4106,Katherine Anderson,bonnie19@example.net,India,SaaS,Small,2025-09-06
4107,Richard Lewis,christophermoore@example.net,Canada,Education,Small,2025-03-01
4108,Laura Lane,rzuniga@example.net,USA,Finance,Medium,2026-04-02
4109,Joshua Johnson,hannahking@example.org,Germany,Education,Enterprise,2025-03-08
4110,Kevin Atkinson,javier39@example.com,Canada,SaaS,Small,2025-07-25
4111,Johnny Reynolds,gentrysara@example.com,Canada,Finance,Small,2024-11-29
4112,Samantha Ray,juliebrown@example.net,UK,Education,Small,2026-01-13
4113,Douglas Baker,huangadam@example.com,Canada,SaaS,Enterprise,2024-11-10
4114,Carolyn Jones,zreilly@example.com,Canada,Healthcare,Small,2026-01-03
4115,Jason Johnson,penaderek@example.org,India,SaaS,Small,2025-05-19
4116,Megan Snyder,shawnajensen@example.com,USA,Finance,Small,2025-04-10
4117,Jillian Sherman,dudleyconnie@example.com,UK,SaaS,Enterprise,2025-09-04
4118,Joanna Kerr,sonya21@example.org,UK,Finance,Medium,2025-05-18
4119,Jesse Jones,cedwards@example.net,Germany,Healthcare,Small,2025-02-26
4120,Kayla Thomas MD,brookeanderson@example.com,India,Education,Enterprise,2025-06-02
4121,Samantha Copeland,adam35@example.org,India,Retail,Enterprise,2024-11-11
4122,Tommy Jacobs,ngreen@example.net,Germany,Retail,Enterprise,2026-04-15
4123,Jared Daniels,fordmaria@example.com,Germany,Healthcare,Medium,2024-10-24
4124,Ana Harmon,schultzcarrie@example.com,UK,Healthcare,Enterprise,2024-12-15
4125,Christopher Hernandez,suzanneruiz@example.net,India,Retail,Small,2025-01-21
4126,Dwayne Nunez,garciacasey@example.org,Canada,Education,Medium,2024-12-01
4127,Tyler Guzman,ecook@example.net,UK,Healthcare,Enterprise,2024-12-18
4128,Taylor Williams,robertsjoshua@example.com,Germany,Retail,Medium,2024-12-14
4129,Kathleen Bailey,montoyakarina@example.org,Germany,Education,Enterprise,2024-10-28
4130,Lindsey Williams,epaul@example.net,India,Finance,Enterprise,2026-03-16
4131,Gabriel Moore,patriciamueller@example.org,USA,Education,Medium,2025-07-24
4132,Keith White DVM,annediaz@example.com,Germany,Healthcare,Enterprise,2025-03-15
4133,Spencer Hancock,tylerjordan@example.com,India,Finance,Enterprise,2024-08-29
4134,Phillip Lawrence,bradleypeter@example.org,USA,Retail,Small,2025-03-28
4135,Ryan Johnston,imills@example.net,USA,Education,Medium,2025-04-30
4136,Catherine Delacruz,andersonmichael@example.com,Canada,Retail,Medium,2026-03-22
4137,George Gonzalez,kelleysarah@example.org,Canada,Education,Medium,2024-09-24
4138,Lisa Miller,carlwilson@example.com,Germany,SaaS,Small,2025-11-17
4139,Paul Rowe,cscott@example.com,UK,Finance,Medium,2024-08-15
4140,Jennifer Sparks,osims@example.net,UK,Finance,Small,2025-08-06
4141,Sarah Black,kingkayla@example.net,USA,Healthcare,Enterprise,2025-11-26
4142,Stephanie Larson,philipdalton@example.org,India,Finance,Small,2024-12-26
4143,Joseph Perez,perrykyle@example.net,India,SaaS,Small,2024-07-17
4144,Daniel Hogan,romanerika@example.com,India,SaaS,Enterprise,2024-10-17
4145,Stephen Jennings,james96@example.com,India,Healthcare,Medium,2025-02-06
4146,Matthew Walton,michellelee@example.org,Canada,Finance,Small,2025-06-14
4147,Elaine Mcfarland,james70@example.net,Canada,SaaS,Medium,2024-11-20
4148,James Lucas,cward@example.com,India,Education,Small,2024-09-27
4149,Sydney Chang,barnesamanda@example.com,Canada,Healthcare,Small,2024-08-11
4150,Catherine Vasquez,juliabrooks@example.org,Canada,Finance,Enterprise,2025-04-06
4151,Joshua Ramirez,sheri79@example.net,Canada,SaaS,Enterprise,2025-08-25
4152,Jacob Calhoun,simssamuel@example.net,Germany,Retail,Medium,2025-12-13
4153,Julia Nelson,pdavis@example.org,India,Healthcare,Small,2026-05-06
4154,Leroy Alvarez,arogers@example.org,USA,Retail,Medium,2025-08-30
4155,Eric Burke,ambercollier@example.com,USA,Finance,Medium,2025-10-10
4156,Mrs. Jennifer Lopez,roy73@example.net,USA,SaaS,Medium,2026-05-04
4157,Jessica Carey,hgreen@example.org,UK,Education,Medium,2024-08-08
4158,Brent Miller,elizabeth97@example.net,Canada,Retail,Small,2025-04-10
4159,Brittany Thomas,shepherdebony@example.net,Canada,SaaS,Medium,2024-08-21
4160,Monique Scott,alexisfoster@example.org,USA,Education,Small,2024-07-12
4161,Richard Salazar,gmcmillan@example.com,Germany,Finance,Small,2025-04-02
4162,Dawn Porter,tiffany30@example.net,Germany,SaaS,Enterprise,2025-08-14
4163,Christopher Mason,gjohnson@example.com,Canada,SaaS,Medium,2025-05-14
4164,Shelia Mcdonald,shahmatthew@example.com,USA,SaaS,Medium,2025-04-19
4165,Veronica Best,msilva@example.net,USA,Retail,Enterprise,2025-02-06
4166,Monica Phillips,wrightrebecca@example.net,India,Finance,Medium,2024-05-27
4167,Barbara Cole,gbenton@example.com,India,Retail,Small,2026-04-28
4168,John Lopez,wstrong@example.com,Canada,Finance,Medium,2024-12-23
4169,Richard Bell,barrerajohn@example.net,Canada,SaaS,Medium,2024-05-28
4170,Denise Williams,christina54@example.net,India,Retail,Medium,2025-02-01
4171,Alex Kim,richardsnyder@example.com,USA,Finance,Enterprise,2025-10-20
4172,Tracy White,timothy56@example.com,USA,SaaS,Small,2026-03-06
4173,Matthew White,anthony49@example.org,USA,SaaS,Small,2026-03-04
4174,Jonathan Ware,qgill@example.net,USA,Finance,Enterprise,2024-10-01
4175,Jonathan Diaz,harrisrita@example.org,Germany,Healthcare,Small,2026-01-14
4176,Tricia Sanchez,xlee@example.org,USA,Healthcare,Enterprise,2025-03-09
4177,Gabriel Young DDS,stevenpace@example.com,India,Education,Small,2025-06-19
4178,Cameron Ingram,ashleygreen@example.net,USA,Finance,Small,2025-08-22
4179,Shannon Moody,stephanie36@example.com,USA,SaaS,Medium,2024-09-17
4180,Jeremy Sutton,brittanycruz@example.net,USA,Finance,Medium,2025-09-25
4181,Erin Johnson,josephmartin@example.net,Canada,Retail,Medium,2026-01-17
4182,Lori Leon,priscilla14@example.org,UK,Healthcare,Enterprise,2025-07-17
4183,Deborah Clements,faithgarcia@example.net,Germany,SaaS,Small,2025-01-07
4184,Monica Holt,andrewalvarez@example.com,India,Healthcare,Enterprise,2025-06-16
4185,Timothy Davis,kendra26@example.net,Germany,Retail,Enterprise,2025-04-29
4186,Erin Lopez,moorecatherine@example.org,USA,Education,Enterprise,2026-01-09
4187,Mary Lopez,rgarcia@example.net,UK,Education,Medium,2025-04-17
4188,Mark Alexander,vincentmcmahon@example.com,Germany,Finance,Medium,2024-07-03
4189,Kathleen Young,williamstony@example.com,Germany,Healthcare,Small,2024-07-29
4190,Tracy Nicholson,margarethoover@example.com,India,Finance,Enterprise,2025-08-26
4191,Roberto Garcia,rachelryan@example.org,USA,Finance,Enterprise,2024-11-26
4192,Corey Floyd,urogers@example.com,UK,Healthcare,Enterprise,2024-06-17
4193,Christina Hubbard,samantha38@example.com,USA,SaaS,Medium,2025-10-26
4194,Marissa Barnes,edwin23@example.net,USA,Healthcare,Small,2024-08-02
4195,Mandy Singleton,ataylor@example.com,UK,Retail,Medium,2025-11-17
4196,Rita Ward,powelljay@example.net,UK,Retail,Small,2025-05-07
4197,Joshua Sims,llawson@example.com,India,Healthcare,Enterprise,2026-01-26
4198,Jessica Patterson,mallorysaunders@example.org,Canada,Education,Medium,2026-04-04
4199,Terri Garcia,gregoryhoward@example.net,India,Retail,Enterprise,2025-07-01
4200,Mrs. Deborah Gardner MD,hcline@example.net,UK,Education,Small,2025-12-21
4201,Isabella Scott,jerry44@example.com,UK,Healthcare,Medium,2025-01-10
4202,Shannon Baker,kirktimothy@example.com,Germany,Retail,Enterprise,2026-04-07
4203,Adam Castillo,zvargas@example.net,Canada,Healthcare,Medium,2026-05-17
4204,Heather Peterson,bpowell@example.net,UK,SaaS,Medium,2026-04-07
4205,Max Brown,scottporter@example.com,Germany,Healthcare,Enterprise,2025-08-26
4206,Shelly Stevens,daisy45@example.com,India,Education,Enterprise,2025-03-13
4207,Raymond Gardner,danajones@example.com,USA,Healthcare,Medium,2025-05-21
4208,Christopher Richardson,ambermccall@example.net,USA,SaaS,Small,2025-12-30
4209,David Downs,whickman@example.org,USA,Retail,Small,2026-03-07
4210,Daniel Bailey,ustevens@example.com,India,SaaS,Medium,2025-10-15
4211,Anna Hall,lisadunn@example.com,Canada,Retail,Medium,2026-03-30
4212,Jessica Stewart,jonathansmith@example.org,India,SaaS,Enterprise,2025-07-04
4213,Mr. John Goodman,joshua57@example.net,USA,Finance,Medium,2025-01-13
4214,Jeremy Martin,michellemartinez@example.com,UK,Healthcare,Medium,2026-01-27
4215,John Winters,wharrison@example.com,Canada,Retail,Enterprise,2024-08-21
4216,Sandra Williams,hillpaul@example.net,India,SaaS,Medium,2025-11-26
4217,Laura Hines,christinawatkins@example.org,India,Finance,Small,2024-11-06
4218,Katelyn Montgomery,garciarobert@example.org,USA,Retail,Enterprise,2024-10-29
4219,Gary Raymond,taylor94@example.org,Germany,Healthcare,Medium,2026-04-23
4220,Terri Mccormick,margaretharvey@example.com,UK,Retail,Small,2024-06-24
4221,Nicole Butler,vclark@example.org,Canada,Finance,Enterprise,2024-07-15
4222,Monique Valenzuela,leslie75@example.org,Canada,Retail,Enterprise,2025-09-26
4223,Robin Bautista,willisrobert@example.com,Germany,SaaS,Enterprise,2026-05-01
4224,Michael Weiss,kimjose@example.com,USA,Healthcare,Small,2024-10-19
4225,Miranda Knight DDS,gsharp@example.com,UK,SaaS,Small,2024-11-03
4226,Scott Miller,richard21@example.com,USA,Education,Medium,2025-05-23
4227,Patricia Carpenter,vlogan@example.org,UK,SaaS,Enterprise,2024-12-09
4228,Savannah Hansen,gomezmichelle@example.org,USA,Finance,Small,2025-08-13
4229,Erika Acosta,shawnjohnson@example.org,Canada,Retail,Medium,2025-06-19
4230,Lori Anderson,olsonkathryn@example.com,Germany,SaaS,Small,2025-02-15
4231,Paula Villanueva,robertsonjulie@example.net,India,Retail,Small,2025-02-11
4232,Jacob Garza,wilsonryan@example.net,UK,Healthcare,Medium,2026-01-17
4233,Daniel Lee,heather62@example.com,India,Education,Medium,2025-10-04
4234,Samantha Nguyen,apacheco@example.org,USA,SaaS,Small,2025-12-29
4235,Kyle Ortiz,contrerasjessica@example.org,Canada,Education,Medium,2025-04-09
4236,Gerald Oliver,susan36@example.com,India,Healthcare,Small,2025-12-22
4237,Lisa King,hansonamber@example.net,India,SaaS,Small,2026-02-27
4238,Katherine Shah,peter83@example.net,UK,Finance,Medium,2026-02-05
4239,Ms. Abigail Gallegos,dbrown@example.com,UK,SaaS,Enterprise,2024-12-24
4240,Anthony Franklin,ihoward@example.net,Germany,Retail,Medium,2026-01-25
4241,Alexander Peterson,riverakevin@example.org,USA,Healthcare,Medium,2026-02-10
4242,Ronald Wallace,davisryan@example.org,USA,Healthcare,Enterprise,2026-04-01
4243,Karen Johnson,cmartinez@example.net,USA,Education,Medium,2025-04-13
4244,Dylan Taylor,ericaguilar@example.org,Germany,Education,Small,2026-05-04
4245,David Hood,graysonia@example.org,Germany,Healthcare,Medium,2025-02-18
4246,Richard Mcintyre,rossryan@example.org,USA,SaaS,Small,2026-02-11
4247,Christina Williams,ncarpenter@example.org,Canada,Finance,Small,2025-03-05
4248,Erica Sandoval DVM,adam83@example.com,Canada,Education,Small,2024-07-04
4249,Cody Jacobs,tammiewhite@example.com,UK,SaaS,Small,2025-11-23
4250,James Harris,eturner@example.com,India,Finance,Medium,2024-07-11
4251,Sarah Watkins,dvillanueva@example.com,Germany,Finance,Enterprise,2025-07-01
4252,John Vasquez,owenslinda@example.com,India,Retail,Medium,2024-08-26
4253,Robert Watson,elizabethlopez@example.org,India,Retail,Small,2026-01-08
4254,Amanda Khan,hollybrown@example.com,India,Finance,Enterprise,2025-07-04
4255,Rebecca Frye,nmyers@example.org,India,Education,Enterprise,2025-10-02
4256,Derek Tran,anthony85@example.org,Canada,Retail,Small,2025-01-17
4257,John Woods,andrew70@example.org,India,Education,Enterprise,2025-03-04
4258,Rebecca Simmons,lopeztodd@example.com,USA,Healthcare,Medium,2025-02-26
4259,Anna Dickerson,qgray@example.net,UK,Healthcare,Medium,2025-05-12
4260,Stephanie Oconnell,medinaryan@example.org,Germany,SaaS,Small,2024-10-21
4261,Victoria Perkins,timothyhood@example.net,Canada,Retail,Medium,2026-02-12
4262,Ellen Irwin,wongkristi@example.org,UK,SaaS,Small,2024-09-27
4263,Donald Johnston,jjoseph@example.org,Germany,SaaS,Medium,2025-09-10
4264,Michelle Vasquez,isaac58@example.com,Canada,Retail,Enterprise,2025-06-09
4265,Brian Maxwell,silvajohn@example.com,UK,Finance,Enterprise,2025-10-22
4266,Marissa Mcfarland,hickmanaustin@example.com,India,Finance,Medium,2026-03-21
4267,Jody Villarreal,onunez@example.com,Canada,Retail,Medium,2024-11-11
4268,Laura White,rbutler@example.org,India,Healthcare,Small,2024-11-22
4269,Matthew Fleming,qfoley@example.net,Canada,Education,Enterprise,2025-06-29
4270,Taylor Lee,thomasjerry@example.com,India,Education,Small,2024-08-01
4271,Sean Rich,rossryan@example.org,Germany,Retail,Enterprise,2025-09-12
4272,Rhonda Thomas,jamesward@example.org,India,Finance,Small,2024-07-01
4273,Daniel Thompson,epatel@example.com,USA,Retail,Enterprise,2025-12-15
4274,Mark Hoover,reynoldskirsten@example.net,UK,Retail,Enterprise,2024-07-02
4275,Dean Wood,kevin58@example.com,UK,Education,Medium,2025-04-13
4276,Monica Green,millertiffany@example.net,Canada,Education,Enterprise,2026-01-30
4277,Todd Lindsey,nanderson@example.net,UK,Finance,Medium,2025-05-17
4278,Jonathan Landry,ryan75@example.net,India,SaaS,Medium,2026-05-12
4279,Henry Ross,scott29@example.org,USA,Retail,Small,2026-04-21
4280,Brett Ross,matthew50@example.com,UK,Finance,Enterprise,2024-08-29
4281,Raymond Nelson,stephanie77@example.net,USA,SaaS,Medium,2025-02-25
4282,Kelly Brown,bhiggins@example.org,India,SaaS,Medium,2025-07-04
4283,Latasha Crawford,lewisdavid@example.org,India,SaaS,Small,2026-02-04
4284,Brandon Robinson,orodriguez@example.org,India,Healthcare,Medium,2025-05-19
4285,Tracy Marshall,paul99@example.org,India,Education,Enterprise,2024-06-09
4286,Elizabeth Castro,terryromero@example.net,Canada,Healthcare,Small,2024-06-28
4287,Ashley Hughes,edorsey@example.com,India,Healthcare,Enterprise,2026-03-28
4288,Dr. Andre Arnold,gbean@example.net,UK,Retail,Enterprise,2024-09-10
4289,Pamela Brown,geraldnichols@example.net,USA,Finance,Small,2025-04-03
4290,Jack Gilbert,uevans@example.net,USA,Retail,Medium,2025-03-01
4291,Amanda Mitchell,omarquez@example.net,UK,Retail,Medium,2024-08-17
4292,Chad Reyes,williambuckley@example.org,Germany,SaaS,Medium,2025-02-08
4293,Paige Turner,gpatterson@example.net,India,Education,Medium,2024-05-29
4294,Jessica Lester,thomasrose@example.org,UK,Education,Medium,2025-09-02
4295,Marie Anderson,ereyes@example.com,India,Education,Small,2024-11-28
4296,Billy Schroeder,brucehodges@example.com,UK,Finance,Small,2025-06-25
4297,Katherine Williams,hayley41@example.net,Germany,Education,Small,2026-04-16
4298,Susan Murray,gwagner@example.net,India,Finance,Small,2026-02-01
4299,Christina Krueger,brownkatherine@example.com,India,Education,Enterprise,2024-11-09
4300,Jessica Miller,lucasstuart@example.net,Germany,Education,Small,2026-05-16
4301,Jennifer Richardson,vsmith@example.com,Germany,Retail,Small,2024-08-20
4302,Ryan Nelson,gfritz@example.net,UK,Education,Medium,2025-09-30
4303,Linda Tanner,yesparza@example.org,India,Education,Enterprise,2026-03-19
4304,Kathryn Carrillo,kathleensanchez@example.org,India,Retail,Medium,2024-10-08
4305,Mark Brown,christopherruiz@example.net,Germany,Retail,Medium,2024-07-19
4306,Eric Lopez,mclaughlinbrenda@example.com,Germany,Retail,Small,2025-09-17
4307,Laura Wilson MD,campbellchristopher@example.org,Canada,SaaS,Medium,2026-03-29
4308,Colleen Miles,fernando05@example.org,USA,Healthcare,Enterprise,2025-07-25
4309,Dwayne Chavez,holmessarah@example.org,India,Healthcare,Enterprise,2024-09-13
4310,Allison Ware,kelseycarter@example.org,Canada,Finance,Small,2024-10-23
4311,Latoya Henderson,tvazquez@example.net,Canada,Education,Enterprise,2025-10-10
4312,Mark Evans,toddsutton@example.org,India,SaaS,Medium,2025-07-24
4313,John Dixon,krivera@example.com,UK,Retail,Enterprise,2024-08-15
4314,Craig Jackson,ywashington@example.net,USA,Retail,Enterprise,2026-02-05
4315,Angela Hebert,taylorwilson@example.com,Germany,SaaS,Small,2024-12-10
4316,Kelsey Combs,marywood@example.net,USA,Finance,Enterprise,2025-04-22
4317,Katrina Norris,angela29@example.com,USA,Finance,Enterprise,2024-10-28
4318,Matthew Brown,theodorejohnson@example.com,USA,Finance,Enterprise,2025-07-18
4319,Blake Walters,navarrokevin@example.com,Germany,Finance,Small,2024-12-17
4320,Eric Madden,obriennathan@example.net,USA,Education,Enterprise,2025-02-09
4321,Frank Collins,martin43@example.org,Canada,SaaS,Enterprise,2025-02-20
4322,Eric Lewis,sgonzalez@example.net,UK,Education,Small,2025-10-07
4323,Edward Craig,whorton@example.net,Canada,Retail,Small,2024-08-02
4324,Jeremy Brown,bushcindy@example.net,UK,Healthcare,Medium,2025-05-16
4325,Ashley Robinson,haneymichael@example.com,India,SaaS,Medium,2026-01-18
4326,Kevin Daniel,juliemendoza@example.org,Canada,Healthcare,Small,2024-09-21
4327,Carlos Gentry,gregorysims@example.com,USA,SaaS,Small,2026-04-09
4328,Brittany Saunders,tara27@example.com,Canada,SaaS,Enterprise,2026-02-10
4329,Kristin Coleman,loganjill@example.com,USA,Healthcare,Small,2025-12-31
4330,Timothy Johnson,audreybrady@example.com,USA,Retail,Small,2025-05-16
4331,Michael Mitchell,mirandabooth@example.net,Canada,Retail,Medium,2024-11-22
4332,Diane Taylor,ericowens@example.com,USA,SaaS,Medium,2026-04-02
4333,Joanne Russell,hardykimberly@example.net,Germany,Retail,Small,2025-08-09
4334,Richard Hayes,ryan75@example.org,UK,Education,Medium,2025-04-16
4335,Paula Miranda,stephaniepratt@example.com,Canada,Retail,Enterprise,2024-06-23
4336,Joseph Johnson,michaellopez@example.com,Canada,SaaS,Medium,2024-08-24
4337,John Farley,victoria40@example.net,UK,SaaS,Small,2024-09-23
4338,Felicia Buck,troy72@example.net,UK,Healthcare,Small,2026-05-17
4339,Timothy Thomas,campbellshirley@example.net,Canada,Education,Small,2024-05-24
4340,Lindsey Riggs,katherine25@example.org,Germany,Retail,Medium,2024-09-21
4341,Jessica Underwood,diazkaren@example.com,India,SaaS,Enterprise,2026-04-18
4342,Michael Dixon,isilva@example.org,Germany,Finance,Enterprise,2025-04-25
4343,Vincent Moore,navarrojill@example.com,India,Retail,Medium,2025-07-05
4344,James Gomez,kennethpowell@example.net,USA,Retail,Medium,2026-02-22
4345,Ms. Theresa Ross,martinpearson@example.org,Germany,Healthcare,Small,2024-06-05
4346,Charles Sullivan,cwatson@example.net,India,Retail,Small,2025-11-04
4347,Anthony Johnson,brittney89@example.org,Canada,Retail,Small,2024-09-03
4348,Zoe Harris,ljuarez@example.org,Canada,Finance,Small,2024-12-02
4349,Eric Ray,emmatorres@example.com,Canada,Retail,Small,2025-05-31
4350,Melissa Blevins,aaronfreeman@example.net,India,Healthcare,Medium,2025-01-05
4351,Dave Murphy,laura46@example.org,Germany,Finance,Small,2026-05-13
4352,Pamela Washington,alan53@example.com,UK,Finance,Enterprise,2025-04-28
4353,Joshua Koch,lauren86@example.net,Canada,Healthcare,Medium,2026-04-10
4354,Shelby White,paynebrian@example.org,Canada,Retail,Enterprise,2024-07-10
4355,Adam Jordan,martindonna@example.com,USA,Healthcare,Enterprise,2026-05-17
4356,Lisa Dawson,amandalong@example.com,UK,Finance,Enterprise,2026-01-25
4357,Kaitlin Medina,ywilson@example.com,Canada,Finance,Medium,2025-02-20
4358,Christina Greene,swilliams@example.com,UK,Finance,Enterprise,2024-06-28
4359,William Cook,annewilliams@example.com,India,Retail,Small,2026-01-28
4360,Chad Dominguez PhD,krhodes@example.org,Germany,Retail,Medium,2024-12-09
4361,Edward Palmer,valerie69@example.com,Canada,Healthcare,Enterprise,2026-03-06
4362,Henry Aguilar,jacqueline67@example.org,Canada,Education,Medium,2025-04-25
4363,Nathan Garrett,andrew09@example.net,UK,Finance,Enterprise,2025-02-16
4364,Austin Mcmillan,hollandrobert@example.net,Canada,Finance,Enterprise,2025-02-08
4365,Henry Carrillo,dberger@example.org,Canada,Retail,Small,2025-03-28
4366,Jasmine Nguyen,christinabeck@example.net,USA,SaaS,Enterprise,2024-06-24
4367,Jessica Cook,venglish@example.com,UK,Healthcare,Small,2026-02-23
4368,Kimberly Marshall,mitchellbaldwin@example.net,USA,Retail,Enterprise,2024-11-05
4369,Dominique Cook,peter64@example.org,Germany,Finance,Small,2024-12-12
4370,Monique Golden,carpenterbobby@example.org,UK,SaaS,Small,2025-08-28
4371,Cynthia Watson,allenbrown@example.net,Germany,Retail,Small,2026-03-10
4372,Gail Huff,melendezsandra@example.org,USA,Education,Medium,2025-05-18
4373,Teresa Cook,nicholas18@example.org,USA,SaaS,Enterprise,2024-07-02
4374,Pamela Francis,tiffany60@example.net,USA,Retail,Medium,2024-10-25
4375,Allison Juarez,isaacramirez@example.net,Canada,SaaS,Small,2025-03-13
4376,William Zimmerman,patriciadavis@example.org,India,SaaS,Enterprise,2025-05-25
4377,Christopher Simmons,acostarobert@example.com,Germany,Retail,Small,2025-10-20
4378,Rachel Lewis,sbutler@example.net,Canada,Education,Small,2025-03-22
4379,Angelica Payne,gregoryharrison@example.net,UK,Finance,Medium,2024-08-29
4380,Christopher Payne,smithkimberly@example.org,Germany,Finance,Small,2025-05-10
4381,Robin Jones,erikastanton@example.org,UK,Healthcare,Medium,2026-03-28
4382,Sabrina Thompson,cpeterson@example.org,Canada,Healthcare,Small,2025-10-18
4383,Wayne Velez,herrerastacie@example.org,Canada,SaaS,Enterprise,2024-11-13
4384,Mrs. Becky Smith,natasha98@example.com,USA,Healthcare,Small,2025-11-22
4385,Jay Byrd,dawn27@example.net,UK,SaaS,Medium,2025-06-22
4386,Alicia Taylor,noahrodriguez@example.com,Germany,Education,Enterprise,2026-02-26
4387,Mr. Joseph Merritt MD,kestrada@example.com,USA,Finance,Small,2024-09-06
4388,Samantha Chapman,salinasjoe@example.net,Canada,Retail,Small,2025-01-25
4389,Kristy Jones,gillespieamy@example.com,UK,Education,Medium,2024-08-28
4390,Barbara Hodges,lauraharris@example.com,Canada,Finance,Medium,2025-10-04
4391,Tyler Gilbert,christine92@example.com,Canada,Education,Small,2025-01-23
4392,Richard Gutierrez,michaelrichardson@example.org,USA,Retail,Medium,2024-06-05
4393,Christopher Parker,thomasmartin@example.com,Germany,SaaS,Enterprise,2024-05-21
4394,Bobby Thomas,uphillips@example.net,USA,Healthcare,Enterprise,2025-01-21
4395,Vicki Stout,kennedyheather@example.com,India,SaaS,Small,2026-05-07
4396,Derek Spencer,saundersraymond@example.net,Germany,Healthcare,Small,2025-07-15
4397,David Perez,lclark@example.org,Canada,Education,Medium,2025-04-16
4398,Linda Salas,fjohnson@example.org,USA,Healthcare,Medium,2025-05-06
4399,Darrell Blair,john94@example.net,India,Retail,Enterprise,2026-05-18
4400,Calvin Newton,bennettmelissa@example.com,India,SaaS,Small,2026-01-05
4401,Zachary Mays,sallyschwartz@example.org,India,SaaS,Enterprise,2026-01-01
4402,Caitlyn Caldwell,lcollins@example.org,Canada,Healthcare,Enterprise,2026-01-10
4403,Casey Morgan,andersonpaula@example.com,Canada,Education,Medium,2025-03-20
4404,Zachary Martinez,levinenicole@example.com,Germany,Education,Small,2025-11-30
4405,Michael Wright,erika40@example.org,Canada,SaaS,Enterprise,2024-10-04
4406,George Short,simmonsjohn@example.com,Germany,Finance,Enterprise,2025-08-07
4407,Cindy Gibson,tami81@example.com,USA,SaaS,Medium,2026-04-29
4408,Jason Miller,kennethbraun@example.org,Germany,Finance,Small,2024-05-19
4409,Robin Townsend,lorrainebailey@example.net,India,SaaS,Small,2024-07-03
4410,Kelly Tran,madison79@example.org,UK,Education,Enterprise,2024-06-04
4411,Carl Weiss,ramirezraymond@example.net,India,SaaS,Small,2026-02-19
4412,Katherine George MD,qadams@example.net,Germany,SaaS,Enterprise,2025-12-11
4413,Kimberly Miller,christopher48@example.com,Canada,SaaS,Medium,2025-12-29
4414,Chase Wagner,samanthabush@example.net,USA,Retail,Enterprise,2025-01-05
4415,Timothy Powers,andrealyons@example.org,Canada,SaaS,Enterprise,2025-12-06
4416,Beverly Ross,rflores@example.com,Germany,Healthcare,Medium,2025-12-19
4417,Terry Duarte,jennifer14@example.org,USA,SaaS,Small,2026-01-10
4418,Leah Bishop,wilsonjessica@example.net,Germany,Education,Small,2025-01-28
4419,Alejandra Hall,tjones@example.com,India,Retail,Medium,2026-03-03
4420,Hunter Raymond,jodonnell@example.net,India,Healthcare,Small,2026-03-15
4421,Adam Burke,russelladams@example.org,USA,SaaS,Small,2025-08-17
4422,Cheryl Mccarty,stevenhernandez@example.net,Canada,Education,Medium,2025-09-03
4423,Michael Davenport,serickson@example.org,USA,Education,Medium,2025-10-23
4424,Nicholas Norton,esparzasamuel@example.net,USA,Retail,Medium,2024-12-01
4425,Karl Mendoza,michaelwalker@example.com,UK,Retail,Enterprise,2024-12-19
4426,Melissa Hernandez,cory87@example.org,Germany,Education,Small,2026-04-06
4427,Adrienne Walker,epayne@example.net,USA,Retail,Small,2024-12-04
4428,Henry Robinson,kleinangela@example.org,Canada,Finance,Medium,2026-04-13
4429,Russell Peterson,joshua48@example.net,UK,Finance,Medium,2025-09-03
4430,Blake Morris,lorettahamilton@example.org,USA,Healthcare,Small,2024-11-09
4431,Lindsey Stuart,yreeves@example.org,USA,Education,Small,2026-05-03
4432,Tim Edwards,emily93@example.org,UK,Retail,Enterprise,2025-05-15
4433,Michael Carter,patricia32@example.org,Canada,Education,Small,2026-02-11
4434,Michaela Chavez,arnoldkristi@example.net,USA,Healthcare,Small,2026-04-05
4435,Miranda Rodriguez,lstein@example.org,USA,SaaS,Small,2026-02-08
4436,Charles Maxwell,peterlarson@example.com,Germany,Healthcare,Medium,2025-08-01
4437,Christopher Phillips,dvang@example.org,USA,Finance,Medium,2024-12-22
4438,Mark Delgado PhD,martin46@example.net,Canada,Healthcare,Medium,2024-06-09
4439,David Burns,wesleynelson@example.net,UK,Education,Medium,2025-08-30
4440,Cynthia Robinson,amandatyler@example.org,Germany,SaaS,Enterprise,2026-01-09
4441,Karen King,darlene99@example.net,USA,SaaS,Medium,2025-07-19
4442,Alyssa Walker,sspears@example.com,Canada,Healthcare,Medium,2025-05-09
4443,Andrea Edwards,alexandra07@example.com,India,Healthcare,Medium,2024-07-31
4444,Antonio Pratt,owilliamson@example.org,India,Finance,Enterprise,2025-03-17
4445,William Christian,jessicariggs@example.net,India,Healthcare,Enterprise,2024-09-23
4446,Tyler Chavez,barbara62@example.com,India,Finance,Enterprise,2025-04-10
4447,Chase Benitez,brianbarnett@example.com,Canada,Education,Small,2025-03-24
4448,Jill Wolf,shericasey@example.org,USA,Finance,Medium,2024-07-21
4449,Stacey Dean,mark26@example.net,Canada,Retail,Medium,2025-03-17
4450,Nancy Walker,qmeyer@example.net,USA,Healthcare,Small,2025-10-18
4451,Joseph Byrd,ibarrashawn@example.com,Canada,Healthcare,Medium,2025-09-29
4452,Andrew Riley,johnsonariana@example.com,Canada,Healthcare,Small,2025-10-01
4453,John Powell,jmurray@example.com,India,Healthcare,Small,2024-08-20
4454,Luke Watts,donna88@example.net,UK,Retail,Enterprise,2025-07-28
4455,Craig Moreno,angela32@example.org,Germany,SaaS,Small,2025-10-23
4456,Elizabeth Jordan,garciawilliam@example.org,Germany,SaaS,Medium,2026-03-03
4457,Christian Walker,john25@example.com,India,Education,Medium,2025-06-28
4458,David Roberts,rsanders@example.org,India,SaaS,Small,2026-03-22
4459,Jonathan Anderson,elizabeth78@example.net,India,Education,Medium,2025-06-20
4460,Erica Cross,allisonfritz@example.org,Germany,SaaS,Medium,2025-09-30
4461,Brittany Walker,stewartanne@example.net,Germany,Retail,Small,2025-06-30
4462,Kelly Phillips,crystal68@example.org,UK,Healthcare,Medium,2025-08-06
4463,John Lee,andrewsjohnathan@example.org,UK,Retail,Enterprise,2026-02-20
4464,Patricia Reynolds,shunter@example.com,USA,Finance,Small,2025-06-02
4465,Amber Leach,perkinsjerry@example.org,Canada,Finance,Small,2025-07-14
4466,Madison Simmons,kmcbride@example.net,Canada,Finance,Medium,2025-08-24
4467,Gabrielle Evans,hawkinsdenise@example.com,Canada,Healthcare,Small,2025-04-01
4468,Brittany Holmes,johnsonedward@example.net,India,Education,Medium,2025-02-23
4469,Tammy Wilson,kingmichael@example.net,Germany,SaaS,Small,2026-03-06
4470,Dakota Donovan,clifford18@example.net,Canada,Retail,Enterprise,2025-08-05
4471,Nicole King,kimberly96@example.com,India,Education,Medium,2025-03-17
4472,Lindsey Jenkins,tammyflores@example.com,Germany,Education,Enterprise,2024-09-26
4473,Jason Mullins,ayerskarina@example.net,Canada,Education,Medium,2026-02-06
4474,Richard Smith,frank93@example.com,UK,Retail,Medium,2024-09-18
4475,Amy Vance,catherinerichardson@example.net,UK,Healthcare,Small,2025-12-10
4476,Ricky Molina,vancedaniel@example.net,India,Finance,Small,2026-02-20
4477,Lindsay Montoya,pgreen@example.org,UK,Education,Medium,2025-02-22
4478,Dr. Lisa Smith,hendersonmatthew@example.com,India,Education,Medium,2025-03-17
4479,Charles Martinez,garciajoseph@example.org,USA,Education,Medium,2026-02-04
4480,Jessica Jackson,taylorerica@example.net,India,Finance,Enterprise,2025-05-05
4481,Darius Morgan,stephenlindsey@example.net,India,Education,Small,2026-04-11
4482,Wayne Walker,karenwoodward@example.net,USA,Finance,Enterprise,2024-10-25
4483,Logan Drake,herbert26@example.net,India,Finance,Small,2025-03-26
4484,Lori Love,walkerkelsey@example.net,Germany,Retail,Small,2025-06-21
4485,Adam Mitchell,benjamin38@example.com,Germany,SaaS,Medium,2024-07-03
4486,Andrew Gomez,holly32@example.org,USA,Finance,Medium,2026-01-24
4487,Maria Ochoa,hrosales@example.org,Canada,Healthcare,Medium,2024-08-05
4488,Jocelyn Webb,justin63@example.org,USA,Education,Small,2024-12-02
4489,Matthew Smith,krista18@example.com,India,Education,Enterprise,2025-05-28
4490,Whitney Bradley,lindseyrhodes@example.com,India,SaaS,Medium,2024-11-17
4491,Nathan Velazquez,jhill@example.com,UK,Finance,Medium,2025-03-21
4492,Dr. Robin Brown,benjaminsalinas@example.org,India,Retail,Small,2024-12-02
4493,Hunter Adams,kristi18@example.org,UK,Healthcare,Small,2025-02-19
4494,Tammy Black,robertmaldonado@example.com,Canada,SaaS,Small,2026-03-21
4495,Ryan Long,james24@example.com,USA,SaaS,Small,2025-12-04
4496,Sierra Harmon,elizabeth47@example.org,Canada,Retail,Enterprise,2025-01-09
4497,Charles Adams,cynthiahenson@example.com,India,SaaS,Enterprise,2024-10-07
4498,Ryan Eaton,pamela60@example.com,UK,SaaS,Enterprise,2025-09-21
4499,Terri Jarvis,martinezelizabeth@example.net,India,Finance,Small,2025-11-17
4500,Mrs. Deborah Meyers,kellysean@example.net,India,Education,Enterprise,2024-10-15
4501,Tonya King,laura31@example.net,USA,Education,Small,2024-06-24
4502,Nicole Gregory,olsenapril@example.org,India,SaaS,Small,2025-01-05
4503,Tara Koch,michellescott@example.net,Canada,Retail,Small,2025-07-17
4504,Ernest Davis,johnsonmadison@example.net,Canada,SaaS,Small,2024-10-27
4505,Donna Johnson,cguzman@example.org,UK,Finance,Enterprise,2025-10-18
4506,Rachel Reed,qdiaz@example.org,India,Retail,Small,2024-12-19
4507,Aaron Johnson,heidi35@example.net,Germany,Finance,Small,2026-04-09
4508,Thomas Stewart,jerrycoleman@example.com,USA,Finance,Enterprise,2026-03-21
4509,Stephanie Washington,longfrancisco@example.net,India,Finance,Medium,2025-07-17
4510,Jeffrey Cohen,caitlinlamb@example.org,India,Retail,Medium,2024-11-23
4511,Stephanie Griffin,vanessa87@example.org,Canada,SaaS,Small,2025-08-01
4512,Adam Rodriguez,melaniegomez@example.com,India,SaaS,Medium,2025-06-19
4513,Jonathan Ramos,david02@example.net,UK,Education,Small,2024-12-19
4514,Richard Williams,nhall@example.net,USA,Education,Small,2025-05-09
4515,Casey Wood,mitchellcory@example.net,India,Education,Enterprise,2026-02-13
4516,William Anderson,wattsheather@example.com,Canada,Education,Enterprise,2024-06-20
4517,Alexis Porter,christophernelson@example.net,India,Healthcare,Medium,2025-05-13
4518,Krista Ferguson,adudley@example.com,Canada,SaaS,Enterprise,2026-03-09
4519,Tiffany Tran,willie61@example.org,UK,Retail,Enterprise,2025-08-29
4520,Marilyn Braun,vgraves@example.org,USA,SaaS,Small,2026-03-23
4521,Amy Johnson,stephaniespence@example.org,Canada,Education,Enterprise,2025-06-23
4522,Dr. Amber Alvarez,bfisher@example.com,Canada,Retail,Enterprise,2025-12-10
4523,Jessica Mcguire,georgelewis@example.org,USA,Education,Small,2025-08-07
4524,Mary Noble,brian24@example.com,Canada,Retail,Enterprise,2026-04-04
4525,Kendra Potts,proctorsara@example.org,Canada,Education,Medium,2025-07-19
4526,Samuel Johnson,ortizwesley@example.org,India,Finance,Small,2025-11-02
4527,Katie Smith,rthompson@example.com,Canada,Finance,Small,2025-07-02
4528,Jason Richards DVM,jonestroy@example.org,India,Healthcare,Medium,2024-12-27
4529,Timothy Jackson,twalker@example.net,UK,Retail,Medium,2024-08-06
4530,Cole Thomas,seanharris@example.net,USA,Healthcare,Medium,2025-11-16
4531,Marcus Gibson,uanderson@example.net,Germany,Finance,Small,2025-04-08
4532,Sean Harris,dcohen@example.com,India,Education,Enterprise,2025-04-23
4533,Sarah Flores,megan83@example.com,USA,Finance,Enterprise,2024-08-27
4534,Mary Solomon,marksrobin@example.org,Germany,Education,Small,2024-09-30
4535,Gregory Grimes,john56@example.org,Germany,Retail,Small,2024-10-29
4536,Laura Harris,jennifersmith@example.net,Canada,Healthcare,Enterprise,2024-08-29
4537,Diana Holder,maynarddaniel@example.net,UK,Retail,Enterprise,2025-11-22
4538,Justin Grant,owensrachel@example.org,Canada,Healthcare,Enterprise,2024-12-14
4539,Richard Rodriguez,torresjamie@example.com,India,Finance,Medium,2025-11-16
4540,Johnathan Grant,davisdanielle@example.org,India,SaaS,Small,2025-05-14
4541,Matthew Mcintosh,stacyjackson@example.org,Germany,Retail,Enterprise,2025-06-10
4542,Anna Wilson,darrell19@example.net,UK,Education,Medium,2024-11-28
4543,Ashley Wilcox,nicholashale@example.org,UK,Healthcare,Medium,2024-05-28
4544,Brian Carter,lle@example.org,USA,Healthcare,Small,2024-12-04
4545,Ruben Koch,amytravis@example.org,Germany,Finance,Enterprise,2025-06-13
4546,Sandra Stevens,marshallashlee@example.com,Germany,SaaS,Small,2024-10-28
4547,Daniel Adams,buckbrian@example.net,USA,Retail,Small,2025-09-05
4548,Robert Miller,vbrown@example.org,UK,SaaS,Small,2025-06-29
4549,Mrs. Andrea Donaldson,qbeck@example.net,Canada,Education,Medium,2024-10-24
4550,Nicholas Henderson,dustin40@example.org,Germany,Finance,Small,2025-05-12
4551,Daniel Chapman,michael50@example.net,Germany,Education,Small,2026-02-08
4552,Diamond Anderson,angela56@example.com,India,SaaS,Medium,2025-05-06
4553,Mr. James Robinson,carol98@example.net,India,Education,Enterprise,2025-09-09
4554,Danny Taylor,qpadilla@example.net,Canada,SaaS,Enterprise,2026-02-27
4555,Gary Cochran,kenneth63@example.com,USA,SaaS,Enterprise,2025-06-24
4556,Darren Jackson,jacqueline51@example.net,India,Retail,Medium,2024-08-14
4557,Brittany Miller,vdonovan@example.org,Germany,Retail,Medium,2026-03-25
4558,William Baker,woodsjennifer@example.org,Germany,Healthcare,Enterprise,2025-11-22
4559,Kristina Ortiz,taylorleah@example.net,UK,Education,Enterprise,2024-09-23
4560,Kimberly Curry,rrangel@example.org,USA,Healthcare,Small,2025-08-22
4561,William Bell,ericblackwell@example.org,Canada,Education,Medium,2026-02-08
4562,Dylan Wilson,leslie68@example.net,Germany,Retail,Medium,2026-01-01
4563,Kevin Walsh,allenkevin@example.net,Germany,Healthcare,Enterprise,2025-04-17
4564,Joseph Nguyen,bsaunders@example.net,Canada,Finance,Small,2025-05-03
4565,William Aguilar,veronica13@example.com,UK,Finance,Medium,2026-02-20
4566,Cynthia Hall,williamsdebbie@example.org,India,SaaS,Enterprise,2026-03-06
4567,Jesse Bell,dwayne26@example.net,Canada,Education,Enterprise,2024-12-18
4568,Christian Glover,fwilson@example.com,Canada,Retail,Medium,2025-11-29
4569,John Jones,sparksdaniel@example.com,India,Retail,Medium,2026-05-03
4570,Amy Ross,huangkyle@example.net,UK,Healthcare,Small,2026-05-16
4571,William Fox,steven01@example.com,UK,Retail,Enterprise,2025-04-22
4572,Teresa Howell,wendydaugherty@example.com,India,Education,Enterprise,2026-01-11
4573,Jennifer Carter,tbeck@example.org,India,SaaS,Medium,2025-06-03
4574,Christine Wheeler DDS,stephaniepena@example.com,India,Healthcare,Small,2024-09-07
4575,Kara Goodman,randyjoseph@example.org,India,Finance,Medium,2025-06-02
4576,Sue Hogan MD,dwright@example.com,Germany,Healthcare,Small,2025-02-12
4577,Tyler Sandoval,psmith@example.net,India,Finance,Enterprise,2026-02-17
4578,Paul Edwards,michaelgarcia@example.net,USA,Healthcare,Enterprise,2025-09-07
4579,David Blair,eduardosmith@example.net,India,Healthcare,Small,2024-12-16
4580,Sean Randolph,joshuathomas@example.net,UK,Education,Enterprise,2024-11-02
4581,Robert Larson,nlynch@example.net,UK,SaaS,Enterprise,2024-07-26
4582,Dr. Chase Thompson,hillgabriel@example.org,USA,Education,Enterprise,2024-10-23
4583,Thomas Young,justin53@example.net,UK,SaaS,Medium,2025-01-22
4584,Zachary Beasley,aprildixon@example.com,USA,Finance,Small,2025-07-28
4585,Michelle Lara,wadams@example.com,India,Education,Medium,2025-01-11
4586,Carrie Torres,jennifer63@example.com,Germany,Education,Small,2024-09-06
4587,Kristin Knight,cherylbrewer@example.org,Germany,Finance,Small,2026-01-30
4588,Maria Coleman,jessica49@example.net,USA,Retail,Medium,2024-08-25
4589,Melissa Woodward,garnerchristine@example.org,Germany,Finance,Small,2024-11-18
4590,Kimberly Stevens DVM,caitlin51@example.com,UK,Finance,Enterprise,2026-03-30
4591,Jacob Wells,branchdiane@example.org,USA,Finance,Small,2025-06-16
4592,Brianna Rhodes,rjohnson@example.com,UK,SaaS,Medium,2024-09-19
4593,Joseph Johnson,xwhite@example.net,UK,Education,Medium,2024-08-14
4594,Emma Adams,johnsonkimberly@example.com,India,Retail,Enterprise,2024-12-02
4595,Bradley Smith,hmartin@example.com,Canada,SaaS,Enterprise,2024-12-01
4596,Ashley Martinez,ryanserrano@example.com,India,SaaS,Medium,2026-01-13
4597,Jesse Martinez,elizabeth38@example.net,USA,Education,Medium,2025-02-22
4598,Shane Miranda,lopezbryce@example.com,UK,Education,Enterprise,2024-09-30
4599,Candice Shelton,kprice@example.com,USA,SaaS,Small,2025-07-27
4600,Jessica Perkins,blackwellvicki@example.org,UK,Education,Medium,2026-01-03
4601,Dr. Philip Clark,raymondlewis@example.org,UK,Healthcare,Medium,2024-08-09
4602,Nancy Smith,gschmidt@example.com,Germany,Healthcare,Medium,2024-12-30
4603,Rhonda Cantu,millerrenee@example.org,UK,Retail,Medium,2025-09-26
4604,David Moore,nvillarreal@example.com,UK,Healthcare,Enterprise,2025-01-25
4605,Kristopher Robinson,jberger@example.net,USA,Education,Enterprise,2025-05-21
4606,Leroy Dickerson,figueroadouglas@example.org,UK,SaaS,Medium,2025-11-04
4607,Samuel Phelps,anthony67@example.com,USA,Retail,Enterprise,2026-03-26
4608,Daniel Velazquez,nharrison@example.com,Canada,Healthcare,Enterprise,2024-09-26
4609,Kenneth Ward,sarah71@example.org,UK,SaaS,Medium,2026-03-03
4610,Jose Fisher,zswanson@example.com,India,Education,Medium,2025-09-20
4611,Lisa Anderson,daryl54@example.org,Canada,Healthcare,Enterprise,2024-08-16
4612,Tyler Jackson,gmccarty@example.net,India,Retail,Enterprise,2026-04-05
4613,Jennifer Porter,drussell@example.org,UK,Finance,Small,2026-04-09
4614,Brian Caldwell,scottavila@example.net,India,Retail,Medium,2025-02-06
4615,Carolyn Jones,stevensanna@example.org,Germany,Education,Medium,2025-02-07
4616,Grant Gibbs,janetgraham@example.com,Canada,Retail,Medium,2025-04-12
4617,Nicholas Blackburn,solomoncatherine@example.net,USA,Healthcare,Small,2025-01-10
4618,Deborah Smith,andrew98@example.com,India,Retail,Medium,2024-11-22
4619,Edward Mason PhD,tuckercharles@example.net,India,Healthcare,Enterprise,2024-09-03
4620,Joshua Park,ethompson@example.net,Germany,SaaS,Small,2025-09-23
4621,Mr. Michael Perez MD,jduarte@example.com,Germany,Finance,Enterprise,2024-11-24
4622,Sarah Carter,alexandrajones@example.net,USA,Finance,Enterprise,2025-01-18
4623,Anthony Anderson,lukeschultz@example.net,Germany,Healthcare,Medium,2025-02-05
4624,Haley Lee,jeanette91@example.org,Germany,Education,Medium,2026-04-08
4625,Karen Cook,proctorsean@example.com,UK,SaaS,Medium,2024-06-17
4626,Rebecca Sims,melissa16@example.com,India,Education,Small,2025-10-30
4627,Barbara Oliver,anitarichardson@example.com,Germany,SaaS,Enterprise,2025-03-25
4628,Ms. Jessica Schultz MD,dawn54@example.net,India,Finance,Enterprise,2025-05-18
4629,Gabriel Jackson,kayla28@example.com,India,Retail,Medium,2025-09-18
4630,Kristin Gregory,justinmoore@example.com,Germany,Retail,Medium,2024-09-15
4631,Brandon Velasquez,john37@example.net,India,SaaS,Medium,2025-04-12
4632,Julie Stevenson,uarmstrong@example.org,Germany,Healthcare,Medium,2024-12-11
4633,Karen Moran,douglas93@example.net,USA,Finance,Medium,2024-09-12
4634,Jacqueline Chavez,hannah21@example.net,Germany,Healthcare,Enterprise,2025-12-04
4635,Sabrina Hickman,rnichols@example.com,UK,Education,Small,2025-03-13
4636,Spencer Suarez,walterslaura@example.net,USA,Education,Enterprise,2024-10-14
4637,Scott Campbell,michael83@example.org,India,Healthcare,Enterprise,2025-08-13
4638,Kevin Johnson,carlsonsherry@example.org,Canada,SaaS,Enterprise,2025-07-14
4639,Nicholas Sims,tshelton@example.com,USA,Retail,Small,2025-08-25
4640,Shane Hughes,smithelizabeth@example.net,India,Finance,Enterprise,2025-01-18
4641,Anthony Snyder,markford@example.org,USA,SaaS,Enterprise,2026-05-02
4642,Stephen Rodriguez,ymejia@example.org,UK,Finance,Enterprise,2024-09-21
4643,Samantha Turner,zgonzalez@example.com,UK,Healthcare,Enterprise,2025-01-01
4644,Kimberly Hurst,kimberlywalker@example.com,Germany,Healthcare,Medium,2024-09-26
4645,Alexander Duke,thomasperez@example.org,UK,Finance,Medium,2024-06-02
4646,Holly Carter,lauren94@example.com,Germany,Healthcare,Enterprise,2025-10-30
4647,Carrie Yoder,kennedysabrina@example.net,UK,SaaS,Small,2025-01-29
4648,Sarah Small,joshua55@example.net,USA,Education,Small,2025-10-07
4649,Gwendolyn Terrell,ppierce@example.net,Canada,Retail,Medium,2025-08-22
4650,Mckenzie Grant,erhodes@example.com,USA,Healthcare,Medium,2025-07-23
4651,John Mitchell,torresdavid@example.com,India,SaaS,Small,2026-05-07
4652,Matthew Martinez,susanlee@example.net,UK,SaaS,Medium,2025-01-12
4653,Christopher Garza,hudsonscott@example.com,USA,Retail,Enterprise,2024-12-15
4654,Jason Greene,michael07@example.com,Germany,Healthcare,Enterprise,2024-11-01
4655,Madison Beasley,pbraun@example.com,India,SaaS,Small,2025-12-11
4656,Anna Morrow,margaretfernandez@example.com,USA,Education,Enterprise,2026-05-04
4657,Erika Alexander,angela71@example.com,Germany,SaaS,Small,2025-11-08
4658,Timothy Vincent,alexisespinoza@example.org,Canada,Education,Small,2026-04-28
4659,Jessica Howard,warrencharles@example.com,USA,Education,Medium,2024-11-25
4660,Jamie Goodman,rscott@example.com,UK,Education,Medium,2025-10-05
4661,Travis Bishop,cassandraboone@example.org,India,Retail,Enterprise,2025-07-14
4662,Jessica Spencer,lauragalloway@example.com,USA,Finance,Medium,2026-03-03
4663,Melanie Taylor,halljames@example.net,Germany,Healthcare,Small,2025-04-01
4664,April Brooks,heatherthomas@example.net,India,Education,Medium,2026-03-07
4665,Douglas Long,wzavala@example.org,Germany,Finance,Medium,2026-03-02
4666,Marcus Clark,lauren38@example.org,USA,Healthcare,Medium,2025-02-25
4667,Julie Webster,leeaudrey@example.net,Canada,Finance,Medium,2025-04-27
4668,Daniel Martinez,matthew77@example.net,India,Education,Enterprise,2024-06-10
4669,Rebecca Gomez,jacquelinehenry@example.org,UK,Retail,Small,2026-04-29
4670,Leah Vasquez,samuel77@example.org,Germany,Retail,Medium,2026-01-12
4671,Cassandra Logan,hcannon@example.net,Canada,SaaS,Medium,2024-07-16
4672,Chris Ford,paula34@example.com,UK,Education,Small,2026-02-12
4673,Edward Edwards,jonathanalvarez@example.com,Germany,Healthcare,Medium,2026-04-02
4674,Isaiah Williams,hgarrett@example.net,India,Retail,Enterprise,2026-03-21
4675,Ronald Davis,kenneth43@example.com,USA,Finance,Medium,2024-12-20
4676,Michelle Walker,kramerallison@example.com,UK,SaaS,Small,2025-04-08
4677,Sandra Reed,howardmorgan@example.com,Canada,Healthcare,Small,2026-02-20
4678,Kara Carter,elittle@example.org,Germany,Education,Small,2026-01-19
4679,Amy Compton,stephaniebean@example.net,USA,Healthcare,Medium,2025-11-25
4680,Leah Edwards,masseyrobert@example.com,Canada,Retail,Enterprise,2026-05-08
4681,Melanie Wheeler,jfisher@example.com,Canada,Healthcare,Small,2025-02-23
4682,Maria Harrison,kcarney@example.org,Germany,Finance,Medium,2024-06-16
4683,Erin Taylor,weberjohnathan@example.org,India,Finance,Small,2025-07-20
4684,Allen Mckenzie,daleadams@example.net,USA,Finance,Enterprise,2026-05-06
4685,Charles Fields,gilmorematthew@example.org,Canada,Education,Medium,2025-09-16
4686,Darlene Gill,ashleymays@example.org,USA,Finance,Enterprise,2024-10-19
4687,Karen Cline,william70@example.com,UK,Education,Medium,2024-10-16
4688,Dustin Fowler,cpatterson@example.com,Canada,Retail,Medium,2024-12-19
4689,David Odonnell,joyce63@example.com,UK,Finance,Medium,2026-05-10
4690,Timothy Nichols,richardharris@example.org,Germany,Education,Enterprise,2025-01-07
4691,Diana Alexander,hclark@example.net,USA,SaaS,Medium,2025-04-23
4692,Leslie Hansen,nwatson@example.net,USA,Retail,Small,2026-04-16
4693,Kelly Wyatt,johnburton@example.org,USA,Healthcare,Enterprise,2026-02-13
4694,Tracy Miller,jonathanmiller@example.net,USA,Healthcare,Small,2024-12-15
4695,Alexander Mcconnell,kleintimothy@example.net,Germany,SaaS,Small,2025-05-25
4696,Gregory Hopkins,clarkkelly@example.com,Germany,Retail,Small,2025-10-18
4697,Victoria Horn,justin94@example.com,Canada,Retail,Small,2024-11-06
4698,Christine Contreras DDS,jasonhernandez@example.net,Canada,Retail,Medium,2024-11-20
4699,Miss Tiffany Hudson,jose56@example.org,USA,Finance,Small,2024-07-07
4700,Taylor Contreras,ashley17@example.org,Germany,Finance,Enterprise,2024-12-17
4701,Monique Ray DDS,owenssarah@example.net,India,Education,Medium,2024-10-06
4702,Stephanie Martinez,timsingh@example.net,Canada,Finance,Enterprise,2024-12-02
4703,Amanda Fields,grayrichard@example.org,UK,Healthcare,Medium,2024-11-14
4704,William Potts DDS,briansmith@example.net,Canada,Healthcare,Enterprise,2025-05-08
4705,Dorothy Wade,idavidson@example.org,India,Education,Enterprise,2025-07-08
4706,Christine Kirk,ldickerson@example.net,India,Retail,Medium,2026-01-06
4707,James Mason,maybrandy@example.com,UK,Finance,Enterprise,2024-09-21
4708,Danielle White,owheeler@example.net,UK,Healthcare,Enterprise,2025-05-22
4709,Cynthia Chase,eric90@example.net,Germany,SaaS,Medium,2026-04-07
4710,Sarah Taylor,deborahthomas@example.com,Germany,Healthcare,Small,2026-05-10
4711,Cynthia Norris,alyssa67@example.org,Germany,SaaS,Small,2025-03-17
4712,Rebecca Drake,christopherperry@example.org,India,Healthcare,Small,2025-03-13
4713,Jonathan Moss,jonathanwalker@example.com,USA,Education,Medium,2024-06-01
4714,Andrea Howard,urasmussen@example.org,India,SaaS,Small,2025-06-11
4715,Katherine Tran,anne17@example.net,Canada,Retail,Enterprise,2025-05-07
4716,Jordan Wang,ronald79@example.com,UK,SaaS,Medium,2026-01-07
4717,Brian Thomas,todd77@example.net,Canada,Healthcare,Medium,2025-10-20
4718,Nicole Hill,asanders@example.net,USA,Healthcare,Medium,2024-06-07
4719,Bobby Vincent,nicolepeterson@example.com,India,Retail,Enterprise,2024-07-01
4720,Dana Merritt,rsmith@example.net,India,Finance,Enterprise,2025-12-04
4721,Kayla Young,jacobgraham@example.net,Germany,Finance,Enterprise,2025-06-09
4722,Anthony Soto,glassjames@example.com,Canada,Healthcare,Small,2024-08-22
4723,Scott Adams,anngordon@example.com,Canada,Healthcare,Small,2024-05-22
4724,Evan Wilcox,flewis@example.net,UK,Finance,Small,2025-02-10
4725,Michael Reyes,jongutierrez@example.net,India,Education,Small,2025-08-26
4726,Steven Simon,taylordavid@example.com,UK,Education,Enterprise,2025-02-03
4727,Gerald Jones,jill20@example.com,Germany,Finance,Enterprise,2025-03-17
4728,Joseph Smith,rhondaharper@example.net,Canada,Education,Medium,2024-12-17
4729,Mary Fisher,awheeler@example.org,Canada,Retail,Small,2024-08-27
4730,Maria Sullivan,vharrison@example.com,UK,SaaS,Small,2025-05-09
4731,Steven Pena,adamstara@example.net,UK,SaaS,Enterprise,2024-06-03
4732,Nathan Warren,adam07@example.com,UK,Healthcare,Small,2024-10-26
4733,Paul Carpenter,nicole06@example.org,Germany,SaaS,Medium,2024-12-23
4734,Michael Harper,robert67@example.org,USA,SaaS,Small,2025-02-13
4735,Richard Baird,moorebarbara@example.org,Canada,Retail,Medium,2025-12-25
4736,Melissa Waller,taylor72@example.org,Germany,Finance,Medium,2025-02-03
4737,Jacqueline Sherman,fchan@example.net,Canada,SaaS,Small,2026-01-08
4738,Teresa Reed,kelleychristopher@example.com,Canada,Retail,Medium,2025-09-22
4739,Allen Evans,deandelacruz@example.org,Germany,Retail,Medium,2026-03-05
4740,Bernard Russell,jared20@example.net,India,Education,Medium,2024-09-28
4741,Kylie Middleton,loripeterson@example.org,Canada,SaaS,Enterprise,2024-06-10
4742,James Rogers,connor51@example.net,UK,Healthcare,Enterprise,2024-07-29
4743,Christopher Carr,heathercastro@example.net,India,Healthcare,Medium,2024-10-14
4744,Patrick Ramsey,nrodriguez@example.org,Canada,Retail,Medium,2025-02-07
4745,Amber Romero,figueroawilliam@example.net,India,SaaS,Enterprise,2024-07-26
4746,Casey Jacobs,garrett41@example.com,Germany,Finance,Small,2026-05-15
4747,Christopher Stevenson,david89@example.net,USA,Finance,Medium,2024-10-06
4748,Madison Hoover,melissaprice@example.net,India,Retail,Small,2024-12-29
4749,Robert Holland,joseph62@example.net,Canada,Education,Small,2025-11-12
4750,Vanessa Ferguson,rebekahharper@example.com,Germany,Finance,Small,2024-11-20
4751,Todd Hart,fbrock@example.com,USA,Healthcare,Medium,2024-08-27
4752,Andrea Smith,anthony49@example.net,India,Education,Small,2024-11-25
4753,Francisco Pruitt,zduran@example.com,USA,Education,Medium,2024-11-30
4754,Danielle Hill,brandtcarrie@example.net,India,SaaS,Medium,2025-01-25
4755,Nicholas Christensen,floresbrent@example.com,India,Education,Small,2024-07-01
4756,Whitney Mcclure,lauren83@example.com,Canada,Finance,Small,2026-05-15
4757,Jennifer Dixon MD,patricia18@example.org,India,Retail,Medium,2025-07-18
4758,Ruben Taylor,tommy68@example.com,USA,Finance,Medium,2024-07-11
4759,David Carpenter,qtorres@example.com,USA,Education,Small,2024-10-21
4760,Terri Williams,brandon57@example.net,Germany,Education,Enterprise,2025-03-07
4761,Zachary Aguilar,cbailey@example.net,Germany,Retail,Small,2025-07-20
4762,Tyler Mueller,antonioparker@example.org,Germany,Education,Small,2026-02-24
4763,Gregg Reed,adam81@example.com,USA,Finance,Small,2025-12-13
4764,Tammy Armstrong,patrickjasmine@example.net,Canada,Healthcare,Enterprise,2024-08-05
4765,Mark Watkins,harveyaustin@example.com,UK,Healthcare,Small,2024-12-25
4766,Carol Brown,howard03@example.net,Germany,SaaS,Small,2025-03-03
4767,Linda Robertson,jacobgonzalez@example.com,Germany,SaaS,Medium,2025-11-14
4768,Daniel Rhodes,edgar82@example.net,USA,Education,Medium,2024-07-20
4769,Brandon Reed,simonralph@example.com,UK,Education,Enterprise,2025-07-21
4770,Brenda Woodard,pamela70@example.net,USA,Finance,Enterprise,2025-10-10
4771,Lauren Lewis,christopheranderson@example.org,India,Healthcare,Enterprise,2026-02-03
4772,Mr. Douglas Jordan,bpalmer@example.org,India,Education,Small,2024-06-23
4773,Tina Rodgers,jocelyncampos@example.com,Germany,Retail,Enterprise,2025-06-17
4774,Julie Diaz,millerpatricia@example.net,USA,SaaS,Small,2026-03-31
4775,Thomas Murray,umartin@example.org,Canada,Healthcare,Enterprise,2024-11-25
4776,Melissa Short,zolson@example.org,India,SaaS,Small,2024-10-30
4777,Kathryn Owens,kevinmeyer@example.net,Germany,SaaS,Medium,2024-10-25
4778,Nicole Anthony,parkdave@example.net,Canada,Healthcare,Enterprise,2024-08-22
4779,Shannon Walker,dixonchristine@example.org,Canada,Retail,Small,2024-07-15
4780,Michele Tucker,brittney70@example.com,USA,Finance,Medium,2025-04-12
4781,James Lee Jr.,brandon38@example.net,Canada,Finance,Small,2025-05-25
4782,Luke Williams,williamslauren@example.com,India,Retail,Enterprise,2026-05-06
4783,Eric Sims,floresalbert@example.com,USA,Education,Medium,2026-04-01
4784,Andres Baker,cwatson@example.net,USA,SaaS,Small,2025-05-13
4785,Stacey Chang,randallreynolds@example.net,UK,SaaS,Small,2025-04-26
4786,Candace Roberts,housepaul@example.com,India,Education,Enterprise,2026-03-03
4787,Lauren Williams,lindathompson@example.net,USA,Healthcare,Small,2024-12-05
4788,Tanya Montoya,yhill@example.net,UK,Finance,Medium,2025-05-13
4789,Sara Burke,rileytaylor@example.net,USA,Healthcare,Medium,2024-06-27
4790,Randall Cline,danielle14@example.org,UK,Healthcare,Medium,2025-09-19
4791,Jack Braun,ronnie74@example.net,USA,Retail,Enterprise,2024-11-22
4792,Chad Davis,nbailey@example.org,India,Healthcare,Medium,2025-04-01
4793,Jamie Hensley,gordongeorge@example.net,UK,Education,Medium,2026-01-02
4794,James Weber,christopher31@example.net,Germany,Healthcare,Small,2024-05-29
4795,Lisa Jennings,jacobramos@example.org,India,Healthcare,Small,2026-01-30
4796,Erin Kane,sandersanita@example.net,India,Finance,Enterprise,2025-11-28
4797,Drew Flynn,hdalton@example.org,Germany,Finance,Small,2025-07-31
4798,Kimberly Miller,barbersharon@example.net,Germany,Finance,Enterprise,2024-06-19
4799,Tammy Brown,christinascott@example.org,India,Finance,Enterprise,2024-09-25
4800,William Stewart,ygutierrez@example.com,Canada,Retail,Enterprise,2026-04-13
4801,Sean Roach,pinedaryan@example.com,UK,SaaS,Enterprise,2025-10-28
4802,Joseph Edwards,saracunningham@example.com,Germany,Healthcare,Enterprise,2025-07-30
4803,Elizabeth Bass,browntimothy@example.com,Canada,Healthcare,Enterprise,2025-08-07
4804,Kevin Perez,michaelwhite@example.net,Germany,Finance,Enterprise,2026-01-22
4805,Amanda Owens,wortega@example.com,India,Healthcare,Medium,2025-07-28
4806,Kelsey Thomas,rodriguezmichael@example.com,Canada,Education,Enterprise,2026-04-09
4807,Curtis Benson,joseph16@example.net,India,SaaS,Enterprise,2025-12-21
4808,Anna White,christopher27@example.net,UK,Finance,Small,2025-04-05
4809,Melanie Wilkinson,michelle41@example.org,Germany,Finance,Small,2025-10-31
4810,Dr. Natalie Martinez DDS,rebeccaallen@example.com,USA,Education,Enterprise,2025-12-17
4811,Nancy Gay,connor68@example.org,UK,Retail,Small,2026-02-13
4812,Helen Jordan,sandrawatts@example.org,Germany,Education,Medium,2026-03-25
4813,Brendan Gardner,antonioortiz@example.net,India,Education,Medium,2026-04-10
4814,Justin Scott,janice14@example.org,Canada,SaaS,Medium,2025-11-15
4815,Amber Marshall,jacobmoreno@example.net,USA,Finance,Small,2024-07-02
4816,Brianna Wilson,wilsonhaley@example.net,UK,Retail,Medium,2025-04-03
4817,Michele Spencer,trevorlivingston@example.net,India,Finance,Enterprise,2026-01-20
4818,Raymond Hardy,nathantrevino@example.net,USA,Healthcare,Medium,2024-11-27
4819,Michael Vasquez,johnpeters@example.com,India,Healthcare,Medium,2025-12-04
4820,Victor Moore,derek08@example.net,Canada,Healthcare,Small,2025-05-22
4821,John Moreno,yparker@example.com,Germany,Education,Medium,2025-07-31
4822,Spencer Cunningham,perryluke@example.org,Canada,Education,Enterprise,2026-05-02
4823,Michelle Tapia,aaroncollins@example.net,Germany,Retail,Medium,2026-05-18
4824,Anthony Barry,fitzgeraldanthony@example.org,UK,Finance,Enterprise,2024-11-03
4825,Lindsay Smith,jacksonjeremy@example.org,India,Education,Medium,2025-09-07
4826,Billy Stephens,charlesfoster@example.org,Germany,Retail,Medium,2025-12-26
4827,Charlene Evans,macdonaldvictor@example.org,USA,Healthcare,Enterprise,2024-10-11
4828,Anthony Garcia,gregoryrobertson@example.org,USA,Retail,Medium,2024-09-03
4829,Elizabeth Johnson,lindseyrivera@example.org,India,Education,Medium,2024-10-09
4830,Eric Horton,felicialeblanc@example.org,Canada,SaaS,Small,2024-05-31
4831,Mary Williams,linda30@example.org,Canada,Healthcare,Medium,2025-11-30
4832,Jamie Christensen,turnerpaul@example.net,Canada,Education,Small,2025-03-19
4833,Kevin Robinson,owenschristopher@example.com,Canada,Healthcare,Small,2025-10-01
4834,Morgan Hall,samanthablack@example.net,India,SaaS,Small,2025-10-12
4835,Elizabeth Martinez,heidi09@example.org,India,Healthcare,Medium,2024-05-28
4836,Brittney Barrett,jennifermorris@example.com,Germany,Retail,Small,2024-12-19
4837,Seth Avila,mcgeemadison@example.net,Germany,SaaS,Enterprise,2024-11-09
4838,Caleb Lee,jacob47@example.com,UK,Healthcare,Small,2026-03-27
4839,Jose Patterson,hudsonandrew@example.com,India,Finance,Small,2025-05-23
4840,Joseph Guzman,gloriawright@example.com,UK,Healthcare,Small,2024-12-04
4841,Timothy Rogers,linda68@example.net,Germany,SaaS,Enterprise,2024-08-06
4842,Patrick Kane,jon92@example.com,UK,Healthcare,Enterprise,2025-04-23
4843,Kathleen Valdez,tdiaz@example.net,Canada,Finance,Small,2026-02-17
4844,Kimberly Elliott,jordanamanda@example.net,Germany,Healthcare,Medium,2024-09-23
4845,Abigail Townsend,monica13@example.net,USA,Retail,Enterprise,2025-12-10
4846,Stacey Chang,amy17@example.net,Germany,Healthcare,Medium,2025-01-11
4847,Eduardo Guzman,heather20@example.net,Germany,Retail,Enterprise,2026-01-22
4848,Donna Jones,brandonprice@example.org,UK,SaaS,Medium,2024-10-24
4849,Christopher Moreno,rwilson@example.com,UK,Finance,Small,2025-07-11
4850,Laura Logan,judith52@example.com,Germany,Finance,Medium,2024-10-14
4851,Jennifer Oconnor,donvasquez@example.org,Germany,Education,Medium,2024-06-04
4852,Jesus Douglas,reillydaniel@example.org,Canada,SaaS,Medium,2025-04-24
4853,Margaret Martin,morandiana@example.net,Germany,Education,Small,2025-09-22
4854,Kelly Willis,alexanderhood@example.com,UK,Education,Small,2024-09-21
4855,Susan May,torresdavid@example.org,UK,Finance,Medium,2025-08-16
4856,Jeffery Brown,yhernandez@example.org,India,Education,Small,2024-08-02
4857,Sherry Kelly,bullockbrett@example.org,Canada,Education,Medium,2024-08-25
4858,Jerry Mcbride,linda09@example.com,USA,Healthcare,Small,2024-05-19
4859,Brian Stevens,hho@example.com,Germany,Healthcare,Small,2024-09-22
4860,Jennifer Lloyd,rwilliams@example.net,UK,Finance,Medium,2024-06-12
4861,Diana Brock,jeffrey79@example.org,USA,Finance,Medium,2026-05-07
4862,Steven Campbell,alexisstokes@example.net,UK,Retail,Small,2025-12-12
4863,Kimberly Medina,penny05@example.net,India,Finance,Medium,2024-10-09
4864,Maureen Robinson,christophergarza@example.org,Germany,SaaS,Medium,2025-01-24
4865,Thomas Townsend,bonniedorsey@example.org,Germany,Healthcare,Small,2025-05-26
4866,Raymond Phillips,christopher77@example.org,Germany,Education,Small,2024-07-28
4867,Karen Murray,samanthafowler@example.org,Germany,SaaS,Medium,2024-10-25
4868,Beth Lopez,taylormichelle@example.net,USA,Retail,Small,2024-07-25
4869,Jonathan Wilson,kelly56@example.com,UK,Finance,Small,2025-07-14
4870,Alyssa Roberts,powelltroy@example.com,Canada,Education,Medium,2025-08-26
4871,David Chang,ajacobs@example.com,Germany,SaaS,Medium,2025-06-04
4872,Kathleen Brown MD,lewisangela@example.net,Germany,Retail,Small,2025-12-13
4873,Stacie Walls,delacruzbenjamin@example.com,India,Retail,Medium,2024-08-16
4874,Michael Smith,garyrobertson@example.org,USA,Education,Medium,2025-01-23
4875,Emily Newton,gina50@example.org,Canada,Finance,Medium,2024-07-14
4876,Rebecca Reilly,campbellsharon@example.net,India,Education,Medium,2024-12-24
4877,Aaron Wilson,martinmarcus@example.org,USA,Healthcare,Medium,2024-05-27
4878,Heather Waters,curryjordan@example.org,Canada,Retail,Enterprise,2026-05-07
4879,Casey Johnson,david64@example.com,USA,Healthcare,Small,2026-01-13
4880,Ashley Harmon,jordanjustin@example.net,India,Education,Medium,2024-10-21
4881,Michael Evans,amy35@example.org,UK,Education,Enterprise,2025-08-12
4882,Francisco Kim,nweaver@example.net,Germany,Retail,Small,2024-08-11
4883,Travis Marsh,wmedina@example.org,Germany,Finance,Small,2025-02-07
4884,Joshua Martinez,walkerelizabeth@example.com,USA,Retail,Medium,2025-10-01
4885,Joshua Fritz,gabrielacooper@example.net,India,SaaS,Enterprise,2024-09-09
4886,Daniel Lester,kingtimothy@example.net,India,Finance,Medium,2024-12-26
4887,Meredith Booth,mark53@example.com,India,Finance,Small,2025-05-11
4888,Jasmine Walsh,collinsjanet@example.net,Canada,Finance,Small,2026-04-07
4889,John Lee,rsmith@example.com,India,Finance,Medium,2025-10-27
4890,Cheyenne Moore,christina98@example.org,USA,Retail,Medium,2025-05-23
4891,Kristen Kelly,goodmatthew@example.org,India,SaaS,Enterprise,2025-07-31
4892,Samantha Haas,juliepayne@example.net,USA,Finance,Enterprise,2025-11-28
4893,Deborah Burnett,jefferywebb@example.net,USA,Education,Enterprise,2025-03-02
4894,Noah Crawford,joseph88@example.com,Germany,Healthcare,Small,2026-02-15
4895,Timothy Sullivan,latasha63@example.net,USA,Education,Small,2026-03-06
4896,Faith Curry,melinda87@example.net,UK,Healthcare,Enterprise,2025-05-22
4897,James Levy,dbush@example.org,Germany,Retail,Medium,2025-02-03
4898,Brianna Thomas,nwilliams@example.org,India,Retail,Enterprise,2026-02-16
4899,Jorge White,heather71@example.com,Canada,Healthcare,Enterprise,2026-05-07
4900,Drew Walker,nholmes@example.com,Canada,Education,Medium,2025-04-13
4901,Kimberly Mcintosh,katherine47@example.com,USA,SaaS,Medium,2025-08-24
4902,Abigail Singh,kelli16@example.net,India,SaaS,Small,2025-07-01
4903,Eileen Copeland,lauren45@example.org,Canada,SaaS,Medium,2024-12-18
4904,Brenda Simmons,laguirre@example.com,Canada,SaaS,Medium,2025-08-04
4905,Douglas Long,alan09@example.net,India,Retail,Medium,2026-02-10
4906,Jennifer Brennan,gregory88@example.net,USA,Healthcare,Enterprise,2024-08-28
4907,Marcus Flynn,scottramirez@example.com,India,SaaS,Medium,2024-10-29
4908,Theresa Velazquez,qnichols@example.org,USA,Healthcare,Enterprise,2025-01-31
4909,Jon Smith,daniel52@example.org,India,Finance,Enterprise,2025-03-24
4910,Lindsey Koch,georgerobert@example.com,Canada,Education,Small,2024-12-02
4911,Alexander Page,kdrake@example.net,USA,Finance,Enterprise,2024-06-30
4912,Ethan Smith,jeremy66@example.org,Germany,Healthcare,Medium,2026-03-31
4913,Brooke Turner,julieward@example.org,India,Healthcare,Medium,2025-08-27
4914,Bryan Holloway,deborahdelgado@example.com,Canada,SaaS,Enterprise,2025-10-16
4915,Nathan Thompson,kevin64@example.com,Germany,Healthcare,Enterprise,2025-04-27
4916,Gregory Velasquez,joshua79@example.com,India,Finance,Small,2025-08-08
4917,Michelle Smith,pjohnson@example.org,Germany,Healthcare,Small,2024-11-04
4918,Kathy Reyes,jenniferwhitney@example.com,Germany,Healthcare,Medium,2025-11-22
4919,Sabrina Macias,brayjustin@example.net,India,Retail,Enterprise,2025-10-18
4920,Monique Johnson,dustinjordan@example.net,India,SaaS,Small,2024-11-05
4921,Ashley Lowe,millerdavid@example.org,UK,SaaS,Enterprise,2025-04-01
4922,Tanya Christian,rmelendez@example.com,India,Healthcare,Small,2026-01-24
4923,Mitchell Smith,timothy00@example.net,Canada,Finance,Enterprise,2025-03-19
4924,Dylan Lee,zvalentine@example.net,Canada,Retail,Enterprise,2024-07-30
4925,Derek Rodriguez,brookemason@example.net,Germany,Education,Medium,2025-03-29
4926,Angel Herrera,denise64@example.org,Canada,Retail,Medium,2025-04-19
4927,Karina Lowe,fmartin@example.com,Canada,SaaS,Medium,2025-10-12
4928,Matthew Mccoy,castrocharles@example.com,India,Finance,Medium,2024-09-01
4929,Amanda Davis,annklein@example.com,Germany,Healthcare,Medium,2025-08-27
4930,Hannah Miller,jason99@example.com,Germany,Healthcare,Enterprise,2026-02-16
4931,Mary Clay,davidhernandez@example.com,UK,Retail,Medium,2025-02-01
4932,Shannon Hill,mikeowens@example.com,Germany,SaaS,Enterprise,2025-11-28
4933,Lori Nelson,nancy07@example.com,Canada,SaaS,Enterprise,2026-04-19
4934,Katelyn Myers,iballard@example.org,Germany,Education,Medium,2025-08-19
4935,Matthew Johnson,yolanda85@example.net,USA,Healthcare,Enterprise,2025-10-27
4936,Selena Massey,gary88@example.org,Canada,Finance,Medium,2025-12-07
4937,Andrew Gray,ysmith@example.org,India,Finance,Medium,2025-06-18
4938,Gloria Briggs,olynch@example.org,Germany,SaaS,Small,2025-06-08
4939,Robert Carroll MD,wford@example.com,Canada,Education,Small,2024-12-27
4940,Joe Owens,farrellanna@example.com,Canada,Finance,Enterprise,2026-04-23
4941,Claire Jones,haydenashley@example.net,Germany,Retail,Small,2025-10-04
4942,Thomas Petty,qrobinson@example.com,India,Education,Enterprise,2024-09-06
4943,Daniel Gregory,ywoods@example.org,Germany,Healthcare,Medium,2026-04-18
4944,Luke Herrera,michael79@example.com,Canada,Healthcare,Medium,2024-05-20
4945,Kathleen Carter,ellisonshannon@example.org,Canada,SaaS,Small,2025-10-29
4946,Brandy Walker,johntrujillo@example.net,Germany,Healthcare,Small,2025-06-05
4947,Mark Reeves,olsenteresa@example.com,USA,Education,Medium,2025-01-13
4948,Danielle Johnson,lprince@example.net,UK,Healthcare,Enterprise,2026-05-02
4949,Mark Cannon,guerrajohn@example.org,Germany,Education,Medium,2026-04-14
4950,Stacey Kelly,ericarmstrong@example.org,India,Healthcare,Medium,2025-05-17
4951,Alice Stevens,jamesvargas@example.net,Canada,Finance,Medium,2025-01-18
4952,Shannon Dalton,williamsjodi@example.com,India,SaaS,Enterprise,2024-07-11
4953,Kelly Barber,kennedyemma@example.net,India,Education,Enterprise,2025-07-18
4954,David Jimenez,udawson@example.com,Canada,Retail,Small,2024-09-22
4955,Rebecca Wilson,williamgonzalez@example.net,Germany,Retail,Medium,2025-09-22
4956,Tyler Perez,kmoyer@example.net,India,Retail,Small,2025-02-08
4957,Morgan Johnson,zachary74@example.com,UK,Retail,Medium,2025-04-26
4958,Jenna Taylor,dennistimothy@example.net,USA,Education,Medium,2024-06-20
4959,Hunter Morris,michelle99@example.org,Germany,Healthcare,Enterprise,2025-12-21
4960,John King,njones@example.org,USA,Retail,Enterprise,2025-03-30
4961,James Johnson,orogers@example.net,Germany,Retail,Medium,2024-09-06
4962,Billy Peck,bcoleman@example.com,UK,SaaS,Enterprise,2024-06-02
4963,Crystal Smith,tammy10@example.org,UK,Healthcare,Enterprise,2026-04-26
4964,Mary Richardson,melissawebb@example.org,Canada,Education,Small,2025-06-16
4965,Heather Willis,richardsjacob@example.com,Canada,Education,Enterprise,2025-10-27
4966,Lisa Pope,mmendoza@example.com,Germany,SaaS,Medium,2025-09-17
4967,Amber Wells,jessicawhite@example.org,Canada,Healthcare,Small,2026-03-02
4968,Suzanne Turner,donna14@example.org,Canada,Retail,Enterprise,2025-06-24
4969,Maria Yates,bholland@example.net,USA,Finance,Small,2025-03-30
4970,John Thomas,paula48@example.com,Canada,Retail,Enterprise,2024-08-01
4971,Kristi Norton,roberto88@example.net,Canada,Healthcare,Small,2024-05-24
4972,Elizabeth Meyer,christina67@example.com,Germany,Finance,Enterprise,2026-02-25
4973,David Rodriguez,jennifer88@example.net,UK,Healthcare,Medium,2025-06-03
4974,Sara Bryant,taylorrichard@example.net,UK,Finance,Small,2024-10-07
4975,Joseph Alvarez,medinalindsey@example.org,India,SaaS,Small,2024-10-23
4976,Kenneth Phillips,charlescook@example.org,UK,Education,Medium,2025-10-22
4977,Shannon Morris,kevinwilcox@example.org,Germany,Healthcare,Enterprise,2026-04-24
4978,Billy Spencer,xrandolph@example.org,Canada,Retail,Small,2025-04-06
4979,Kevin Webster,perezraymond@example.com,UK,Retail,Enterprise,2024-08-04
4980,Matthew Sherman,michael70@example.com,USA,Education,Medium,2024-08-17
4981,Veronica Hunt,lewislisa@example.org,UK,Healthcare,Medium,2024-11-30
4982,Daniel Gill,juarezanthony@example.net,USA,SaaS,Enterprise,2024-09-25
4983,Richard Hoover,olsonjennifer@example.net,USA,Retail,Enterprise,2024-08-05
4984,Felicia Bailey,carlsonjustin@example.net,Germany,Retail,Small,2024-06-18
4985,Frances Landry,nicholas21@example.com,Germany,Finance,Enterprise,2025-04-30
4986,Cole Martin,tylernovak@example.com,Canada,SaaS,Enterprise,2024-09-08
4987,Kyle Ryan,yfrederick@example.com,Canada,Education,Enterprise,2025-04-21
4988,Allison May,eparker@example.net,USA,Retail,Medium,2024-11-06
4989,Ralph Hernandez,thomasphillip@example.com,USA,Finance,Medium,2026-02-21
4990,Darren Gonzales,hdunlap@example.org,USA,Finance,Medium,2025-01-24
4991,Barry Perry,katherinejones@example.org,Canada,Retail,Medium,2025-03-21
4992,Michael Rodriguez,jvargas@example.net,USA,SaaS,Small,2024-12-14
4993,Jeremy Chan,hwarren@example.com,India,Education,Small,2025-12-21
4994,James Jones,lisabarry@example.net,UK,Finance,Medium,2026-04-23
4995,Jeffrey Vega,michael99@example.com,India,Healthcare,Small,2024-11-06
4996,Jessica Gallegos,jalexander@example.org,Germany,Healthcare,Medium,2024-11-22
4997,Deborah Smith,iesparza@example.net,USA,Finance,Enterprise,2026-03-11
4998,Carmen Kelley,morrisphillip@example.net,USA,Retail,Enterprise,2025-03-04
4999,Matthew Sutton,johnjones@example.com,Germany,Healthcare,Medium,2026-03-18
5000,Cynthia Hernandez,ywebb@example.com,India,Finance,Enterprise,2024-10-02
